original_code,generated_code,iverilog_output,time(s),prompt_tkns,output_tkns
"module case_example1(input logic [1:0] a, output logic y);
    always_comb begin
        case(a)
            2'b00: y = 0;
            2'b01: y = 1;
            2'b10: y = 1;
            2'b11: y = 0;
            default: y = 0;
        endcase
    end
endmodule","module case_example1(input logic [1:0] a, output logic y);
    always_comb begin
        case(a)
            2'b00: y = 0;
            2'b01: y = 1;
            2'b10: y = 1;
            2'b11: y = 0;
            default: y = 0; // This default case is technically redundant since a is 2 bits wide
        endcase
    end

    // Property to check the output behavior for each input combination
    property p_case_behavior;
        @(posedge a) disable iff ($isunknown(a))
            (a == 2'b00 |-> y == 0) and
            (a == 2'b01 |-> y == 1) and
            (a == 2'b10 |-> y == 1) and
            (a == 2'b11 |-> y == 0);
    endproperty

    // Assertion to check the property
    a_case_behavior: assert property(p_case_behavior) else $error(""Output does not match expected behavior for input %b"", a);

endmodule",OK,1772740993.1373043,170,345
"module case_example2(input logic [3:0] a, output logic [1:0] y);
    always_comb begin
        case(a)
            4'd0: y = 2'b00;
            4'd1: y = 2'b01;
            4'd2: y = 2'b10;
            default: y = 2'b11;
        endcase
    end
endmodule","module case_example2(input logic [3:0] a, output logic [1:0] y);
    always_comb begin
        case(a)
            4'd0: y = 2'b00;
            4'd1: y = 2'b01;
            4'd2: y = 2'b10;
            default: y = 2'b11;
        endcase
    end

    // Properties and Assertions
    property p_valid_output;
        @(posedge clk) disable iff (reset)
        a inside {[4'd0 : 4'd2]} |-> ##1 (y == (a % 2'd3));
    endproperty

    assert property (p_valid_output) else $error(""Output y is not as expected for valid input a"");

endmodule","** Error: prueba.sv(13): (vlog-2730) Undefined variable: 'reset'.
** Error: prueba.sv(13): (vlog-2730) Undefined variable: 'clk'.
** Error (suppressible): prueba.sv(17): (vlog-1957) The sva directive is not sensitive to a clock. Unclocked directives are not supported.
** Error: prueba.sv(13): (vlog-2730) Undefined variable: 'reset'.
** Error: prueba.sv(13): (vlog-2730) Undefined variable: 'clk'.",1772741025.0716512,172,287
"module case2(input logic [2:0] sel, output logic z);
    always_comb begin
        case(sel)
            3'b000: z = 0;
            3'b001: z = 1;
            3'b010: z = 1;
            3'b011: z = 0;
            3'b100: z = 1;
            default: z = 0;
        endcase
    end
endmodule","module case2(input logic [2:0] sel, output logic z);
    always_comb begin
        case(sel)
            3'b000: z = 0;
            3'b001: z = 1;
            3'b010: z = 1;
            3'b011: z = 0;
            3'b100: z = 1;
            default: z = 0;
        endcase
    end

    // Property to check the behavior of z for specific sel values
    property p_z_behavior;
        @(posedge sel) disable iff (sel == 3'b111)
        case(sel)
            3'b000: |-> (z == 0);
            3'b001: |-> (z == 1);
            3'b010: |-> (z == 1);
            3'b011: |-> (z == 0);
            3'b100: |-> (z == 1);
            default: |-> (z == 0);
        endcase
    endproperty

    // Assertion for the property
    a_z_behavior: assert property (p_z_behavior) else $error(""z does not match expected behavior for sel"");

endmodule","** Error: (vlog-13069) prueba.sv(17): near ""|->"": syntax error, unexpected |-> .",1772741048.9767413,186,492
"module case3(input logic [1:0] sel, input logic a, b, c, d, output logic y);
    always_comb begin
        case(sel)
            2'b00: y = a;
            2'b01: y = b;
            2'b10: y = c;
            2'b11: y = d;
        endcase
    end
endmodule","module case3(input logic [1:0] sel, input logic a, b, c, d, output logic y);
    always_comb begin
        case(sel)
            2'b00: y = a;
            2'b01: y = b;
            2'b10: y = c;
            2'b11: y = d;
            default: y = 1'bx; // Default case to handle any undefined sel values
        endcase
    end

    // Properties and Assertions
    property p_valid_sel;
        @(posedge sel) disable iff ($stable(sel))
        (sel inside {2'b00, 2'b01, 2'b10, 2'b11});
    endproperty : p_valid_sel

    assert property (p_valid_sel)
        else $error(""Invalid selection signal detected!"");

    property p_output_assignment;
        @(posedge sel) disable iff ($stable(sel))
        (sel == 2'b00 |-> y == a) &&
        (sel == 2'b01 |-> y == b) &&
        (sel == 2'b10 |-> y == c) &&
        (sel == 2'b11 |-> y == d);
    endproperty : p_output_assignment

    assert property (p_output_assignment)
        else $error(""Output assignment mismatch!"");

endmodule","** Error: (vlog-13069) prueba.sv(23): near ""&&"": syntax error, unexpected &&, expecting ""SystemVerilog keyword 'endproperty'"".",1772741089.8955977,167,425
"module case4(input logic [3:0] in, output logic out);
    always_comb begin
        case(in)
            4'b0001: out = 1;
            4'b0010: out = 0;
            4'b0100: out = 1;
            4'b1000: out = 0;
            default: out = 0;
        endcase
    end
endmodule","module case4(input logic [3:0] in, output logic out);
    always_comb begin
        case(in)
            4'b0001: out = 1;
            4'b0010: out = 0;
            4'b0100: out = 1;
            4'b1000: out = 0;
            default: out = 0;
        endcase
    end

    // Properties and Assertions
    property p_case4_valid_input;
        @(posedge clk) disable iff (!reset_n)
        $onehot0(in);
    endproperty

    assert property (p_case4_valid_input)
        else $error(""Input is not one-hot encoded"");

    property p_case4_output_correctness;
        @(posedge clk) disable iff (!reset_n)
        case (in)
            4'b0001: out == 1;
            4'b0010: out == 0;
            4'b0100: out == 1;
            4'b1000: out == 0;
            default: out == 0;
        endcase;
    endproperty

    assert property (p_case4_output_correctness)
        else $error(""Output does not match the expected value for the given input"");

endmodule","** Error: prueba.sv(14): (vlog-2730) Undefined variable: 'reset_n'.
** Error: prueba.sv(14): (vlog-2730) Undefined variable: 'clk'.",1772741125.2055666,177,407
"module case5(input logic [1:0] op, input logic [3:0] a, b, output logic [3:0] result);
    always_comb begin
        case(op)
            2'b00: result = a + b;
            2'b01: result = a - b;
            2'b10: result = a & b;
            2'b11: result = a | b;
        endcase
    end
endmodule","module case5(input logic [1:0] op, input logic [3:0] a, b, output logic [3:0] result);
    always_comb begin
        case(op)
            2'b00: result = a + b;
            2'b01: result = a - b;
            2'b10: result = a & b;
            2'b11: result = a | b;
        endcase
    end

    // Properties and Assertions
    property p_addition;
        (op == 2'b00) |=> (result == a + b);
    endproperty

    property p_subtraction;
        (op == 2'b01) |=> (result == a - b);
    endproperty

    property p_and_operation;
        (op == 2'b10) |=> (result == a & b);
    endproperty

    property p_or_operation;
        (op == 2'b11) |=> (result == a | b);
    endproperty

    assert property(p_addition) else $error(""Addition operation failed"");
    assert property(p_subtraction) else $error(""Subtraction operation failed"");
    assert property(p_and_operation) else $error(""AND operation failed"");
    assert property(p_or_operation) else $error(""OR operation failed"");

endmodule","** Error (suppressible): prueba.sv(28): (vlog-1957) The sva directive is not sensitive to a clock. Unclocked directives are not supported.
** Error (suppressible): prueba.sv(29): (vlog-1957) The sva directive is not sensitive to a clock. Unclocked directives are not supported.
** Error (suppressible): prueba.sv(30): (vlog-1957) The sva directive is not sensitive to a clock. Unclocked directives are not supported.
** Error (suppressible): prueba.sv(31): (vlog-1957) The sva directive is not sensitive to a clock. Unclocked directives are not supported.",1772741159.039179,181,364
"module case6(input logic [1:0] state, output logic [2:0] light);
    always_comb begin
        case(state)
            2'b00: light = 3'b100; // Red
            2'b01: light = 3'b010; // Yellow
            2'b10: light = 3'b001; // Green
            default: light = 3'b100;
        endcase
    end
endmodule","module case6(input logic [1:0] state, output logic [2:0] light);
    always_comb begin
        case(state)
            2'b00: light = 3'b100; // Red
            2'b01: light = 3'b010; // Yellow
            2'b10: light = 3'b001; // Green
            default: light = 3'b100;
        endcase
    end

    // Properties and Assertions
    property p_state_to_light;
        @(posedge state)
        disable iff (~$rose(state))
        (state == 2'b00) |-> ##1 (light == 3'b100) else $error(""State 00 should map to Red"");
    endproperty

    property p_default_case;
        @(posedge state)
        disable iff (~$rose(state))
        (state not in {2'b00, 2'b01, 2'b10}) |-> ##1 (light == 3'b100) else $error(""Default case should map to Red"");
    endproperty

    assert property (p_state_to_light);
    assert property (p_default_case);

endmodule","** Error: (vlog-13069) prueba.sv(15): near ""else"": syntax error, unexpected else, expecting ""SystemVerilog keyword 'endproperty'"".",1772741189.3016384,187,331
"module case8(input logic [3:0] in, output logic [1:0] out);
    always_comb begin
        case(in)
            4'b0001: out = 2'b00;
            4'b0010: out = 2'b01;
            4'b0100: out = 2'b10;
            4'b1000: out = 2'b11;
            default: out = 2'b00;
        endcase
    end
endmodule","module case8(input logic [3:0] in, output logic [1:0] out);
    always_comb begin
        case(in)
            4'b0001: out = 2'b00;
            4'b0010: out = 2'b01;
            4'b0100: out = 2'b10;
            4'b1000: out = 2'b11;
            default: out = 2'b00;
        endcase
    end

    // Properties and asserts
    property p_case8_valid_in;
        @(posedge clk) disable iff (reset)
        $onehot0(in);
    endproperty : p_case8_valid_in

    assert property (p_case8_valid_in) else $error(""Invalid input: more than one bit set or no bits set"");

    property p_case8_output_correctness;
        @(posedge clk) disable iff (reset)
        case(in)
            4'b0001: out == 2'b00;
            4'b0010: out == 2'b01;
            4'b0100: out == 2'b10;
            4'b1000: out == 2'b11;
            default: out == 2'b00;
        endcase;
    endproperty : p_case8_output_correctness

    assert property (p_case8_output_correctness) else $error(""Output does not match the expected value for the given input"");

endmodule","** Error: prueba.sv(14): (vlog-2730) Undefined variable: 'reset'.
** Error: prueba.sv(14): (vlog-2730) Undefined variable: 'clk'.
** Error (suppressible): prueba.sv(18): (vlog-1957) The sva directive is not sensitive to a clock. Unclocked directives are not supported.
** Error: prueba.sv(21): (vlog-2730) Undefined variable: 'reset'.
** Error: prueba.sv(21): (vlog-2730) Undefined variable: 'clk'.
** Error (suppressible): prueba.sv(31): (vlog-1957) The sva directive is not sensitive to a clock. Unclocked directives are not supported.
** Error: prueba.sv(14): (vlog-2730) Undefined variable: 'reset'.
** Error: prueba.sv(14): (vlog-2730) Undefined variable: 'clk'.",1772741216.926416,197,445
"module case9(input logic [3:0] digit, output logic [6:0] seg);
    always_comb begin
        case(digit)
            4'd0: seg = 7'b0111111;
            4'd1: seg = 7'b0000110;
            4'd2: seg = 7'b1011011;
            4'd3: seg = 7'b1001111;
            4'd4: seg = 7'b1100110;
            4'd5: seg = 7'b1101101;
            4'd6: seg = 7'b1111101;
            4'd7: seg = 7'b0000111;
            4'd8: seg = 7'b1111111;
            4'd9: seg = 7'b1101111;
            default: seg = 7'b0000000;
        endcase
    end
endmodule","module case9(
    input logic [3:0] digit,
    output logic [6:0] seg
);

always_comb begin
    case(digit)
        4'd0: seg = 7'b0111111;
        4'd1: seg = 7'b0000110;
        4'd2: seg = 7'b1011011;
        4'd3: seg = 7'b1001111;
        4'd4: seg = 7'b1100110;
        4'd5: seg = 7'b1101101;
        4'd6: seg = 7'b1111101;
        4'd7: seg = 7'b0000111;
        4'd8: seg = 7'b1111111;
        4'd9: seg = 7'b1101111;
        default: seg = 7'b0000000;
    endcase
end

// Property to check if the output is correct for each input digit
property check_seg_output;
    @(posedge clk) disable iff (!reset_n)
    (digit == 4'd0) |-> (seg === 7'b0111111) else
    (digit == 4'd1) |-> (seg === 7'b0000110) else
    (digit == 4'd2) |-> (seg === 7'b1011011) else
    (digit == 4'd3) |-> (seg === 7'b1001111) else
    (digit == 4'd4) |-> (seg === 7'b1100110) else
    (digit == 4'd5) |-> (seg === 7'b1101101) else
    (digit == 4'd6) |-> (seg === 7'b1111101) else
    (digit == 4'd7) |-> (seg === 7'b0000111) else
    (digit == 4'd8) |-> (seg === 7'b1111111) else
    (digit == 4'd9) |-> (seg === 7'b1101111) else
    (digit > 4'd9)   |-> (seg === 7'b0000000);
endproperty

// Assertion to check the property
assert property(check_seg_output)
else $error(""Segment output does not match expected value for digit %0d"", digit);

endmodule","** Error: (vlog-13069) prueba.sv(25): near ""else"": syntax error, unexpected else, expecting ""SystemVerilog keyword 'endproperty'"".",1772741253.971742,325,733
"module case10(input logic [2:0] pattern, output logic match);
    always_comb begin
        case(pattern)
            3'b101: match = 1;
            3'b010: match = 1;
            3'b111: match = 0;
            default: match = 0;
        endcase
    end
endmodule","module case10(input logic [2:0] pattern, output logic match);
    always_comb begin
        case(pattern)
            3'b101: match = 1;
            3'b010: match = 1;
            3'b111: match = 0;
            default: match = 0;
        endcase
    end

    // Properties and assertions
    property p_match_101;
        @(posedge pattern) (pattern == 3'b101) |-> (match == 1);
    endproperty

    property p_match_010;
        @(posedge pattern) (pattern == 3'b010) |-> (match == 1);
    endproperty

    property p_match_111;
        @(posedge pattern) (pattern == 3'b111) |-> (match == 0);
    endproperty

    property p_match_default;
        @(posedge pattern) !(pattern inside {3'b101, 3'b010, 3'b111}) |-> (match == 0);
    endproperty

    // Assertions
    a_match_101: assert property(p_match_101) else $error(""Assertion failed for pattern 3'b101"");
    a_match_010: assert property(p_match_010) else $error(""Assertion failed for pattern 3'b010"");
    a_match_111: assert property(p_match_111) else $error(""Assertion failed for pattern 3'b111"");
    a_match_default: assert property(p_match_default) else $error(""Assertion failed for default pattern"");

endmodule",OK,1772741315.1197476,161,376
"module case11(input logic toggle, output logic state);
    always_comb begin
        case(toggle)
            1'b0: state = 0;
            1'b1: state = 1;
        endcase
    end
endmodule","module case11(input logic toggle, output logic state);
    always_comb begin
        case(toggle)
            1'b0: state = 0;
            1'b1: state = 1;
        endcase
    end

    // Property to check that when toggle is 0, state should be 0
    property p_toggle_0_state_0;
        @(posedge toggle) (toggle == 1'b0) |-> (state == 1'b0);
    endproperty

    // Property to check that when toggle is 1, state should be 1
    property p_toggle_1_state_1;
        @(posedge toggle) (toggle == 1'b1) |-> (state == 1'b1);
    endproperty

    // Assertion for the properties
    a_toggle_0_state_0: assert property(p_toggle_0_state_0)
        else $error(""Assertion failed: When toggle is 0, state should be 0"");

    a_toggle_1_state_1: assert property(p_toggle_1_state_1)
        else $error(""Assertion failed: When toggle is 1, state should be 1"");
endmodule",OK,1772741346.359238,132,311
"module case12(input logic [2:0] in, output logic [7:0] out);
    always_comb begin
        case(in)
            3'b000: out = 8'b00000001;
            3'b001: out = 8'b00000010;
            3'b010: out = 8'b00000100;
            3'b011: out = 8'b00001000;
            3'b100: out = 8'b00010000;
            3'b101: out = 8'b00100000;
            3'b110: out = 8'b01000000;
            3'b111: out = 8'b10000000;
        endcase
    end
endmodule","module case12(input logic [2:0] in, output logic [7:0] out);

    // Original combinatorial always block
    always_comb begin
        case(in)
            3'b000: out = 8'b00000001;
            3'b001: out = 8'b00000010;
            3'b010: out = 8'b00000100;
            3'b011: out = 8'b00001000;
            3'b100: out = 8'b00010000;
            3'b101: out = 8'b00100000;
            3'b110: out = 8'b01000000;
            3'b111: out = 8'b10000000;
        endcase
    end

    // Property to check the output for each input value
    property p_case12;
        @(posedge in) disable iff (in === 3'bz || in === 3'bx)
            case(in)
                3'b000: out == 8'b00000001;
                3'b001: out == 8'b00000010;
                3'b010: out == 8'b00000100;
                3'b011: out == 8'b00001000;
                3'b100: out == 8'b00010000;
                3'b101: out == 8'b00100000;
                3'b110: out == 8'b01000000;
                3'b111: out == 8'b10000000;
            endcase
    endproperty

    // Assertion to check the property
    a_case12: assert property (p_case12) else $error(""Output does not match expected value for input %b"", in);

endmodule",OK,1772741372.1942146,295,596
"module case14(input logic [1:0] op, input logic [3:0] a, b, output logic [3:0] result);
    always_comb begin
        case(op)
            2'b00: result = a ^ b; // XOR
            2'b01: result = ~(a & b); // NAND
            2'b10: result = a | b; // OR
            2'b11: result = a & b; // AND
        endcase
    end
endmodule","module case14(input logic [1:0] op, 
              input logic [3:0] a, b, 
              output logic [3:0] result);

    // Combinational block for computing the result based on the operation
    always_comb begin
        case(op)
            2'b00: result = a ^ b; // XOR
            2'b01: result = ~(a & b); // NAND
            2'b10: result = a | b; // OR
            2'b11: result = a & b; // AND
            default: result = 4'b0000; // Default case to avoid latches
        endcase
    end

    // Properties and assertions
    property p_xor;
        (op == 2'b00) |-> (result == (a ^ b));
    endproperty

    property p_nand;
        (op == 2'b01) |-> (result == ~(a & b));
    endproperty

    property p_or;
        (op == 2'b10) |-> (result == (a | b));
    endproperty

    property p_and;
        (op == 2'b11) |-> (result == (a & b));
    endproperty

    // Assertions
    a_xor: assert property(p_xor);
    a_nand: assert property(p_nand);
    a_or: assert property(p_or);
    a_and: assert property(p_and);

endmodule","** Error (suppressible): prueba.sv(34): (vlog-1957) The sva directive is not sensitive to a clock. Unclocked directives are not supported.
** Error (suppressible): prueba.sv(35): (vlog-1957) The sva directive is not sensitive to a clock. Unclocked directives are not supported.
** Error (suppressible): prueba.sv(36): (vlog-1957) The sva directive is not sensitive to a clock. Unclocked directives are not supported.
** Error (suppressible): prueba.sv(37): (vlog-1957) The sva directive is not sensitive to a clock. Unclocked directives are not supported.",1772741421.8314855,195,400
"module case15(input logic [3:0] num, output logic [1:0] mod3);
    always_comb begin
        case(num % 3)
            2'd0: mod3 = 2'b00;
            2'd1: mod3 = 2'b01;
            2'd2: mod3 = 2'b10;
        endcase
    end
endmodule","module case15(input logic [3:0] num, output logic [1:0] mod3);
    
    // Original combinational always block
    always_comb begin
        case(num % 3)
            2'd0: mod3 = 2'b00;
            2'd1: mod3 = 2'b01;
            2'd2: mod3 = 2'b10;
        endcase
    end
    
    // Property to check that mod3 is always a valid value (0, 1, or 2)
    property valid_mod3;
        $rose(mod3) |=> (mod3 inside {2'b00, 2'b01, 2'b10});
    endproperty
    
    // Assertion for the property
    assert property (@(posedge num) disable iff (!reset_n) valid_mod3)
    else $error(""Invalid mod3 value detected"");
    
    // Property to check that mod3 correctly reflects num % 3
    property correct_mod3;
        @(posedge num) (num % 3 == 0) |-> (mod3 == 2'b00);
        @(posedge num) (num % 3 == 1) |-> (mod3 == 2'b01);
        @(posedge num) (num % 3 == 2) |-> (mod3 == 2'b10);
    endproperty
    
    // Assertion for the property
    assert property (@(posedge num) disable iff (!reset_n) correct_mod3)
    else $error(""Modulo operation mismatch detected"");

endmodule","** Error: (vlog-13069) prueba.sv(24): near ""@"": syntax error, unexpected '@', expecting ""SystemVerilog keyword 'endproperty'"".",1772741455.1189857,168,421
"module case17(input logic [1:0] state, output logic [1:0] next);
    always_comb begin
        case(state)
            2'b00: next = 2'b01;
            2'b01: next = 2'b10;
            2'b10: next = 2'b11;
            2'b11: next = 2'b00;
            default: next = 2'b00; // safe default
        endcase
    end
endmodule","module case17(input logic [1:0] state, output logic [1:0] next);
    always_comb begin
        case(state)
            2'b00: next = 2'b01;
            2'b01: next = 2'b10;
            2'b10: next = 2'b11;
            2'b11: next = 2'b00;
            default: next = 2'b00; // safe default
        endcase
    end

    // Properties and Assertions
    property state_transition_property;
        @(posedge clk)
        disable iff (reset)
        case(state)
            2'b00 | 2'b01 | 2'b10 | 2'b11: next == (state + 1) % 4;
            default: next == 2'b00;
        endcase;
    endproperty

    // Assertion
    assert property (state_transition_property)
        else $error(""State transition assertion failed!"");
endmodule","** Error: prueba.sv(15): (vlog-2730) Undefined variable: 'reset'.
** Error: prueba.sv(14): (vlog-2730) Undefined variable: 'clk'.
** Error (suppressible): prueba.sv(23): (vlog-1957) The sva directive is not sensitive to a clock. Unclocked directives are not supported.
** Error: prueba.sv(15): (vlog-2730) Undefined variable: 'reset'.
** Error: prueba.sv(14): (vlog-2730) Undefined variable: 'clk'.",1772741490.04274,194,340
"module case18(input logic [3:0] key, output logic [6:0] seg);
    always_comb begin
        case(key)
            4'd0: seg = 7'b0111111;
            4'd1: seg = 7'b0000110;
            4'd2: seg = 7'b1011011;
            4'd3: seg = 7'b1001111;
            default: seg = 7'b0000000;
        endcase
    end
endmodule","module case18(
    input logic [3:0] key, 
    output logic [6:0] seg
);

    // Properties
    property p_key_valid;
        @(posedge clk) disable iff (reset)
            key inside {[0:9]};
    endproperty

    property p_seg_values;
        @(posedge clk) disable iff (reset)
            case(key)
                4'd0: seg == 7'b0111111;
                4'd1: seg == 7'b0000110;
                4'd2: seg == 7'b1011011;
                4'd3: seg == 7'b1001111;
                default: seg == 7'b0000000;
            endcase
    endproperty

    // Assertions
    a_key_valid: assert property (p_key_valid)
        else $error(""Invalid key value detected!"");

    a_seg_values: assert property (p_seg_values)
        else $error(""Segment output does not match expected value for given key!"");

    always_comb begin
        case(key)
            4'd0: seg = 7'b0111111;
            4'd1: seg = 7'b0000110;
            4'd2: seg = 7'b1011011;
            4'd3: seg = 7'b1001111;
            default: seg = 7'b0000000;
        endcase
    end

endmodule","** Error: prueba.sv(8): (vlog-2730) Undefined variable: 'reset'.
** Error: prueba.sv(8): (vlog-2730) Undefined variable: 'clk'.
** Error: prueba.sv(13): (vlog-2730) Undefined variable: 'reset'.
** Error: prueba.sv(13): (vlog-2730) Undefined variable: 'clk'.
** Error (suppressible): prueba.sv(24): (vlog-1957) The sva directive is not sensitive to a clock. Unclocked directives are not supported.
** Error (suppressible): prueba.sv(27): (vlog-1957) The sva directive is not sensitive to a clock. Unclocked directives are not supported.
** Error: prueba.sv(8): (vlog-2730) Undefined variable: 'reset'.
** Error: prueba.sv(8): (vlog-2730) Undefined variable: 'clk'.",1772741518.3722973,211,423
"module case21(input logic [1:0] counter, input logic reset, output logic [1:0] next_count);
    always_comb begin
        case({reset, counter})
            3'b100: next_count = 2'b00; // reset active
            3'b000: next_count = 2'b01;
            3'b001: next_count = 2'b10;
            3'b010: next_count = 2'b11;
            3'b011: next_count = 2'b00;
            default: next_count = 2'b00;
        endcase
    end
endmodule","module case21(
    input logic [1:0] counter, 
    input logic reset, 
    output logic [1:0] next_count
);

    always_comb begin
        case({reset, counter})
            3'b100: next_count = 2'b00; // reset active
            3'b000: next_count = 2'b01;
            3'b001: next_count = 2'b10;
            3'b010: next_count = 2'b11;
            3'b011: next_count = 2'b00;
            default: next_count = 2'b00; // This case should never be hit with valid inputs
        endcase
    end

    // Properties and Assertions
    property reset_active_assertion;
        @(posedge counter) disable iff (reset)
            (reset == 1) |-> (next_count == 2'b00);
    endproperty
    
    a_reset_active: assert property(reset_active_assertion);

    property sequence_counter_assertion;
        @(posedge counter)
            (!reset && counter == 2'b00) |=> (next_count == 2'b01) &&
            (!reset && counter == 2'b01) |=> (next_count == 2'b10) &&
            (!reset && counter == 2'b10) |=> (next_count == 2'b11) &&
            (!reset && counter == 2'b11) |=> (next_count == 2'b00);
    endproperty

    a_sequence_counter: assert property(sequence_counter_assertion);

endmodule",OK,1772741553.5898273,228,458
"module case27(input logic [3:0] temp, output logic warning);
    always_comb begin
        case(temp)
            4'd0, 4'd1, 4'd2, 4'd3, 4'd4, 4'd5: warning = 0;
            4'd6, 4'd7, 4'd8, 4'd9, 4'd10: warning = 1;
            default: warning = 0;
        endcase
    end
endmodule","module case27(input logic [3:0] temp, output logic warning);
    always_comb begin
        case(temp)
            4'd0, 4'd1, 4'd2, 4'd3, 4'd4, 4'd5: warning = 0;
            4'd6, 4'd7, 4'd8, 4'd9, 4'd10: warning = 1;
            default: warning = 0;
        endcase
    end

    // Property to check if warning is set correctly for values 6 to 10
    property p_warning_high;
        @(posedge temp) disable iff (temp > 10)
            (temp inside {4'd6, 4'd7, 4'd8, 4'd9, 4'd10}) |-> (warning == 1);
    endproperty

    // Property to check if warning is cleared correctly for values 0 to 5
    property p_warning_low;
        @(posedge temp) disable iff (temp > 10)
            (temp inside {4'd0, 4'd1, 4'd2, 4'd3, 4'd4, 4'd5}) |-> (warning == 0);
    endproperty

    // Property to check if warning is cleared for default case
    property p_warning_default;
        @(posedge temp) disable iff (temp <= 10)
            !(temp inside {4'd0, 4'd1, 4'd2, 4'd3, 4'd4, 4'd5, 4'd6, 4'd7, 4'd8, 4'd9, 4'd10}) |-> (warning == 0);
    endproperty

    // Assertions for the properties
    a_warning_high: assert property(p_warning_high) else $error(""Warning not set correctly for values 6 to 10"");
    a_warning_low: assert property(p_warning_low) else $error(""Warning not cleared correctly for values 0 to 5"");
    a_warning_default: assert property(p_warning_default) else $error(""Warning not cleared for default case"");

endmodule",OK,1772741591.7327924,190,544
"module case31(input logic [3:0] value, output logic flag);
    always_comb begin
        case(value)
            4'd1, 4'd3, 4'd5, 4'd7: flag = 1; // odd numbers
            default: flag = 0;
        endcase
    end
endmodule","module case31(input logic [3:0] value, output logic flag);
    always_comb begin
        case(value)
            4'd1, 4'd3, 4'd5, 4'd7: flag = 1; // odd numbers
            default: flag = 0;
        endcase
    end

    // Properties and asserts to check the behavior of the module
    property p_odd_numbers;
        @(posedge value) disable iff (value == 4'bxxxx)
        (value inside {4'd1, 4'd3, 4'd5, 4'd7}) |-> flag == 1;
    endproperty

    property p_even_numbers_or_invalid;
        @(posedge value) disable iff (value == 4'bxxxx)
        !(value inside {4'd1, 4'd3, 4'd5, 4'd7}) |-> flag == 0;
    endproperty

    assert property (p_odd_numbers);
    assert property (p_even_numbers_or_invalid);

endmodule",OK,1772741636.932902,152,228
"module case32(input logic [3:0] temp, output logic warning);
    always_comb begin
        case(temp)
            4'd0: warning = 0;
            4'd1: warning = 0;
            4'd2: warning = 0;
            4'd3: warning = 0;
            4'd4, 4'd5, 4'd6: warning = 1; // range 4 to 6
            default: warning = 0;
        endcase
    end
endmodule","module case32(input logic [3:0] temp, output logic warning);
    always_comb begin
        case(temp)
            4'd0: warning = 0;
            4'd1: warning = 0;
            4'd2: warning = 0;
            4'd3: warning = 0;
            4'd4, 4'd5, 4'd6: warning = 1; // range 4 to 6
            default: warning = 0;
        endcase
    end

    // Properties and Assertions
    property p_warning_low;
        @(posedge temp) disable iff (temp > 7)
        temp inside {[0:3]} |-> (warning == 0);
    endproperty

    property p_warning_high;
        @(posedge temp) disable iff (temp > 7)
        temp inside {[4:6]} |-> (warning == 1);
    endproperty

    assert property (p_warning_low) else $error(""Warning should be low for temp values 0 to 3"");
    assert property (p_warning_high) else $error(""Warning should be high for temp values 4 to 6"");

endmodule",OK,1772741655.9396386,195,260
"module case34(input logic [3:0] level, output logic alarm);
    always_comb begin
        case(level)
            4'd0, 4'd1, 4'd2: alarm = 0;   // safe range
            4'd3, 4'd4, 4'd5, 4'd6: alarm = 1; // warning range
            4'd7, 4'd8, 4'd9, 4'd10: alarm = 1; // critical range
            default: alarm = 0;
        endcase
    end
endmodule","module case34(input logic [3:0] level, output logic alarm);
    always_comb begin
        case(level)
            4'd0, 4'd1, 4'd2: alarm = 0;   // safe range
            4'd3, 4'd4, 4'd5, 4'd6: alarm = 1; // warning range
            4'd7, 4'd8, 4'd9, 4'd10: alarm = 1; // critical range
            default: alarm = 0;
        endcase
    end

    // Properties and assertions
    property safe_range;
        @(posedge clk) disable iff (!reset_n)
            (level inside {[4'd0:4'd2]}) |-> (alarm == 0);
    endproperty
    
    property warning_range;
        @(posedge clk) disable iff (!reset_n)
            (level inside {[4'd3:4'd6]}) |-> (alarm == 1);
    endproperty
    
    property critical_range;
        @(posedge clk) disable iff (!reset_n)
            (level inside {[4'd7:4'd10]}) |-> (alarm == 1);
    endproperty

    assert property (safe_range) else $error(""Alarm should be low in safe range"");
    assert property (warning_range) else $error(""Alarm should be high in warning range"");
    assert property (critical_range) else $error(""Alarm should be high in critical range"");

endmodule","** Error: prueba.sv(13): (vlog-2730) Undefined variable: 'reset_n'.
** Error: prueba.sv(13): (vlog-2730) Undefined variable: 'clk'.",1772741677.6856513,209,378
"module case35(input logic [3:0] digit, output logic display);
    always_comb begin
        case(digit)
            4'd0, 4'd2, 4'd4, 4'd6, 4'd8: display = 1; // even numbers
            4'd1, 4'd3, 4'd5, 4'd7, 4'd9: display = 0; // odd numbers
            default: display = 0;
        endcase
    end
endmodule","module case35(input logic [3:0] digit, output logic display);
    // Properties and assertions to check the behavior of the module
    
    // Property to check that even numbers result in display = 1
    property p_even_numbers;
        (digit inside {4'd0, 4'd2, 4'd4, 4'd6, 4'd8}) |-> (display == 1);
    endproperty

    // Property to check that odd numbers result in display = 0
    property p_odd_numbers;
        (digit inside {4'd1, 4'd3, 4'd5, 4'd7, 4'd9}) |-> (display == 0);
    endproperty
    
    // Assertion for even numbers
    a_even_numbers: assert property(p_even_numbers) else $error(""Assertion failed: Even number did not set display to 1"");

    // Assertion for odd numbers
    a_odd_numbers: assert property(p_odd_numbers) else $error(""Assertion failed: Odd number did not set display to 0"");
    
    always_comb begin
        case(digit)
            4'd0, 4'd2, 4'd4, 4'd6, 4'd8: display = 1; // even numbers
            4'd1, 4'd3, 4'd5, 4'd7, 4'd9: display = 0; // odd numbers
            default: display = 0;
        endcase
    end
endmodule","** Error (suppressible): prueba.sv(15): (vlog-1957) The sva directive is not sensitive to a clock. Unclocked directives are not supported.
** Error (suppressible): prueba.sv(18): (vlog-1957) The sva directive is not sensitive to a clock. Unclocked directives are not supported.",1772741709.1677015,193,330
"module case40(input logic [3:0] req, output logic [1:0] grant);
    always_comb begin
        case(req)
            4'd1, 4'd2: grant = 2'b00; // low priority
            4'd3, 4'd4, 4'd5: grant = 2'b01; // medium priority
            4'd6, 4'd7: grant = 2'b10; // high priority
            4'd8, 4'd9: grant = 2'b11; // highest priority
            default: grant = 2'b00;
        endcase
    end
endmodule","module case40(input logic [3:0] req, output logic [1:0] grant);

    // Property to check that if req is 1 or 2, grant should be 00
    property p_low_priority;
        (req == 4'd1 || req == 4'd2) |-> (grant == 2'b00);
    endproperty

    // Assertion for low priority
    a_low_priority: assert property(p_low_priority)
        else $error(""Low priority request not granted correctly"");

    // Property to check that if req is 3, 4 or 5, grant should be 01
    property p_medium_priority;
        (req == 4'd3 || req == 4'd4 || req == 4'd5) |-> (grant == 2'b01);
    endproperty

    // Assertion for medium priority
    a_medium_priority: assert property(p_medium_priority)
        else $error(""Medium priority request not granted correctly"");

    // Property to check that if req is 6 or 7, grant should be 10
    property p_high_priority;
        (req == 4'd6 || req == 4'd7) |-> (grant == 2'b10);
    endproperty

    // Assertion for high priority
    a_high_priority: assert property(p_high_priority)
        else $error(""High priority request not granted correctly"");

    // Property to check that if req is 8 or 9, grant should be 11
    property p_highest_priority;
        (req == 4'd8 || req == 4'd9) |-> (grant == 2'b11);
    endproperty

    // Assertion for highest priority
    a_highest_priority: assert property(p_highest_priority)
        else $error(""Highest priority request not granted correctly"");

    // Default case where grant should be 00 if req does not match any of the above conditions
    property p_default_case;
        !(req inside {4'd1, 4'd2, 4'd3, 4'd4, 4'd5, 4'd6, 4'd7, 4'd8, 4'd9}) |-> (grant == 2'b00);
    endproperty

    // Assertion for default case
    a_default_case: assert property(p_default_case)
        else $error(""Default request not granted correctly"");

    always_comb begin
        case(req)
            4'd1, 4'd2: grant = 2'b00; // low priority
            4'd3, 4'd4, 4'd5: grant = 2'b01; // medium priority
            4'd6, 4'd7: grant = 2'b10; // high priority
            4'd8, 4'd9: grant = 2'b11; // highest priority
            default: grant = 2'b00;
        endcase
    end

endmodule","** Error (suppressible): prueba.sv(9): (vlog-1957) The sva directive is not sensitive to a clock. Unclocked directives are not supported.
** Error (suppressible): prueba.sv(18): (vlog-1957) The sva directive is not sensitive to a clock. Unclocked directives are not supported.
** Error (suppressible): prueba.sv(27): (vlog-1957) The sva directive is not sensitive to a clock. Unclocked directives are not supported.
** Error (suppressible): prueba.sv(36): (vlog-1957) The sva directive is not sensitive to a clock. Unclocked directives are not supported.
** Error (suppressible): prueba.sv(45): (vlog-1957) The sva directive is not sensitive to a clock. Unclocked directives are not supported.",1772741736.6757567,227,702
"module case41(input int temp, output logic warning);
    always_comb begin
        case(temp)
            0:10: warning = 0;   // safe
            11:20: warning = 1;  // moderate
            21:30: warning = 1;  // high
            default: warning = 1; // out of range
        endcase
    end
endmodule","module case41(
    input int temp,
    output logic warning
);

    // Properties
    property safe_range;
        @(posedge clk) disable iff (reset_n)
            temp inside {[0:10]} |=> warning == 0;
    endproperty

    property moderate_high_range;
        @(posedge clk) disable iff (reset_n)
            temp inside {[11:30]} |=> warning == 1;
    endproperty

    property out_of_range;
        @(posedge clk) disable iff (reset_n)
            !(temp inside {[0:30]}) |=> warning == 1;
    endproperty

    // Assertions
    assert property (safe_range) else $error(""Assertion failed in safe range"");
    assert property (moderate_high_range) else $error(""Assertion failed in moderate or high range"");
    assert property (out_of_range) else $error(""Assertion failed in out of range"");

    always_comb begin
        case(temp)
            0:10: warning = 0;   // safe
            11:20: warning = 1;  // moderate
            21:30: warning = 1;  // high
            default: warning = 1; // out of range
        endcase
    end

endmodule","** Error: (vlog-13069) prueba.sv(29): near ""10"": syntax error, unexpected INTEGER NUMBER.
** Error: (vlog-13069) prueba.sv(30): near ""20"": syntax error, unexpected INTEGER NUMBER.
** Error: (vlog-13069) prueba.sv(31): near ""30"": syntax error, unexpected INTEGER NUMBER.",1772741795.0395255,172,363
"module case42(input int score, output logic [1:0] grade);
    always_comb begin
        case(score)
            0:49: grade = 2'b00;   // F
            50:69: grade = 2'b01;  // D-C
            70:89: grade = 2'b10;  // B
            90:100: grade = 2'b11; // A
            default: grade = 2'b00; // invalid
        endcase
    end
endmodule","module case42(input int score, output logic [1:0] grade);
    always_comb begin
        case(score)
            0:49: grade = 2'b00;   // F
            50:69: grade = 2'b01;  // D-C
            70:89: grade = 2'b10;  // B
            90:100: grade = 2'b11; // A
            default: grade = 2'b00; // invalid
        endcase
    end

    // Properties and asserts
    property valid_score;
        (score >= 0 && score <= 100);
    endproperty
    
    assert property (@(posedge $root.clk) disable iff (!$root.rst_n) valid_score)
        else $error(""Score is out of valid range [0:100]"");
    
    property grade_assignment;
        (score >= 0 && score <= 49) |-> (grade == 2'b00);
        (score >= 50 && score <= 69) |-> (grade == 2'b01);
        (score >= 70 && score <= 89) |-> (grade == 2'b10);
        (score >= 90 && score <= 100) |-> (grade == 2'b11);
    endproperty
    
    assert property (@(posedge $root.clk) disable iff (!$root.rst_n) grade_assignment)
        else $error(""Grade assignment does not match the score range"");

endmodule","** Error: (vlog-13069) prueba.sv(4): near ""49"": syntax error, unexpected INTEGER NUMBER.
** Error: (vlog-13069) prueba.sv(5): near ""69"": syntax error, unexpected INTEGER NUMBER.
** Error: (vlog-13069) prueba.sv(6): near ""89"": syntax error, unexpected INTEGER NUMBER.
** Error: (vlog-13069) prueba.sv(7): near ""100"": syntax error, unexpected INTEGER NUMBER.
** Error: (vlog-13069) prueba.sv(22): near ""("": syntax error, unexpected '(', expecting ""SystemVerilog keyword 'endproperty'"".",1772741825.2115848,208,465
"module case43(input int temp, output logic [1:0] fan_speed);
    always_comb begin
        case(temp)
            0:25: fan_speed = 0;   // off
            26:50: fan_speed = 1;  // low
            51:75: fan_speed = 2;  // medium
            76:100: fan_speed = 3; // high
            default: fan_speed = 0;
        endcase
    end
endmodule","module case43(input int temp, output logic [1:0] fan_speed);
    always_comb begin
        case(temp)
            0:25: fan_speed = 0;   // off
            26:50: fan_speed = 1;  // low
            51:75: fan_speed = 2;  // medium
            76:100: fan_speed = 3; // high
            default: fan_speed = 0;
        endcase
    end

    // Properties and Assertions
    property temp_range_valid;
        @(posedge clk) disable iff (reset)
        $onehot0({(temp < 0), (temp > 100)});
    endproperty

    assert property(temp_range_valid) else $error(""Temperature is out of valid range"");

    property fan_speed_assignment;
        @(posedge clk) disable iff (reset)
            (temp inside {[0:25]} |-> fan_speed == 0) &&
            (temp inside {[26:50]} |-> fan_speed == 1) &&
            (temp inside {[51:75]} |-> fan_speed == 2) &&
            (temp inside {[76:100]} |-> fan_speed == 3);
    endproperty

    assert property(fan_speed_assignment) else $error(""Fan speed assignment is incorrect"");
endmodule","** Error: (vlog-13069) prueba.sv(4): near ""25"": syntax error, unexpected INTEGER NUMBER.
** Error: (vlog-13069) prueba.sv(5): near ""50"": syntax error, unexpected INTEGER NUMBER.
** Error: (vlog-13069) prueba.sv(6): near ""75"": syntax error, unexpected INTEGER NUMBER.
** Error: (vlog-13069) prueba.sv(7): near ""100"": syntax error, unexpected INTEGER NUMBER.
** Error: (vlog-13069) prueba.sv(22): near ""&&"": syntax error, unexpected &&, expecting ""SystemVerilog keyword 'endproperty'"".",1772741863.8927102,195,440
"module case44(input int load, output logic [2:0] power);
    always_comb begin
        case(load)
            0:10: power = 3'b001;   // very low
            11:20: power = 3'b010;  // low
            21:50: power = 3'b100;  // medium
            51:100: power = 3'b111; // high
            default: power = 3'b000;
        endcase
    end
endmodule","module case44(input int load, output logic [2:0] power);
    
    // Properties
    property p_load_within_range;
        @(posedge clk) disable iff (reset)
            (load >= 0 && load <= 100);
    endproperty

    property p_power_assignment;
        @(posedge clk) disable iff (reset)
            case(load)
                0:10: power == 3'b001;   // very low
                11:20: power == 3'b010;  // low
                21:50: power == 3'b100;  // medium
                51:100: power == 3'b111; // high
                default: power == 3'b000;
            endcase;
    endproperty

    // Assertions
    a_load_within_range: assert property (p_load_within_range) else $error(""Load value is out of expected range (0-100)."");
    a_power_assignment: assert property (p_power_assignment) else $error(""Power assignment does not match the load value."");

    always_comb begin
        case(load)
            0:10: power = 3'b001;   // very low
            11:20: power = 3'b010;  // low
            21:50: power = 3'b100;  // medium
            51:100: power = 3'b111; // high
            default: power = 3'b000;
        endcase
    end
endmodule","** Error: (vlog-13069) prueba.sv(12): near "":"": syntax error, unexpected ':', expecting ';'.
** Error: (vlog-13069) prueba.sv(26): near ""10"": syntax error, unexpected INTEGER NUMBER.
** Error: (vlog-13069) prueba.sv(27): near ""20"": syntax error, unexpected INTEGER NUMBER.
** Error: (vlog-13069) prueba.sv(28): near ""50"": syntax error, unexpected INTEGER NUMBER.
** Error: (vlog-13069) prueba.sv(29): near ""100"": syntax error, unexpected INTEGER NUMBER.",1772741900.4904044,210,488
"module case48(input int hp, output logic [1:0] status);
    always_comb begin
        case(hp)
            0:25: status = 2'b00;   // critical
            26:50: status = 2'b01;  // weak
            51:75: status = 2'b10;  // healthy
            76:100: status = 2'b11; // full
            default: status = 2'b00;
        endcase
    end
endmodule","module case48(input int hp, output logic [1:0] status);
    always_comb begin
        case(hp)
            0:25: status = 2'b00;   // critical
            26:50: status = 2'b01;  // weak
            51:75: status = 2'b10;  // healthy
            76:100: status = 2'b11; // full
            default: status = 2'b00;
        endcase
    end

    // Properties and assertions
    property critical_hp;
        @(posedge clk) disable iff (reset)
            (hp inside {[0:25]}) |-> (status == 2'b00);
    endproperty

    property weak_hp;
        @(posedge clk) disable iff (reset)
            (hp inside {[26:50]}) |-> (status == 2'b01);
    endproperty

    property healthy_hp;
        @(posedge clk) disable iff (reset)
            (hp inside {[51:75]}) |-> (status == 2'b10);
    endproperty

    property full_hp;
        @(posedge clk) disable iff (reset)
            (hp inside {[76:100]}) |-> (status == 2'b11);
    endproperty

    // Assertions
    assert property(critical_hp) else $error(""HP in critical range but status is not 00"");
    assert property(weak_hp) else $error(""HP in weak range but status is not 01"");
    assert property(healthy_hp) else $error(""HP in healthy range but status is not 10"");
    assert property(full_hp) else $error(""HP in full range but status is not 11"");

endmodule","** Error: (vlog-13069) prueba.sv(4): near ""25"": syntax error, unexpected INTEGER NUMBER.
** Error: (vlog-13069) prueba.sv(5): near ""50"": syntax error, unexpected INTEGER NUMBER.
** Error: (vlog-13069) prueba.sv(6): near ""75"": syntax error, unexpected INTEGER NUMBER.
** Error: (vlog-13069) prueba.sv(7): near ""100"": syntax error, unexpected INTEGER NUMBER.",1772741941.0834093,205,465
"module fsm51(
    input logic clk, reset,
    output logic state_out
);
    typedef enum logic [0:0] {S0, S1} state_t;
    state_t state, next_state;

    // Next-state logic
    always_comb begin
        case(state)
            S0: next_state = S1;
            S1: next_state = S0;
            default: next_state = S0;
        endcase
    end

    // State register
    always_ff @(posedge clk or posedge reset) begin
        if(reset)
            state <= S0;
        else
            state <= next_state;
    end

    // Output logic (Moore)
    assign state_out = (state == S1);
endmodule","module fsm51(
    input logic clk, reset,
    output logic state_out
);
    typedef enum logic [0:0] {S0, S1} state_t;
    state_t state, next_state;

    // Next-state logic
    always_comb begin
        case(state)
            S0: next_state = S1;
            S1: next_state = S0;
            default: next_state = S0;
        endcase
    end

    // State register
    always_ff @(posedge clk or posedge reset) begin
        if(reset)
            state <= S0;
        else
            state <= next_state;
    end

    // Output logic (Moore)
    assign state_out = (state == S1);

    // Properties and assertions
    property p_stable_state_after_reset;
        @(posedge clk) disable iff (reset)
            reset |=> (state == S0);
    endproperty

    assert property (p_stable_state_after_reset)
        else $error(""State is not stable in S0 after reset"");

    property p_toggle_states;
        @(posedge clk) disable iff (reset)
            state != next_state;
    endproperty

    assert property (p_toggle_states)
        else $error(""State does not toggle between S0 and S1"");

endmodule",OK,1772741979.7663872,239,285
"module fsm52(
    input logic clk, reset, in_bit,
    output logic detected
);
    typedef enum logic [1:0] {IDLE, S1, S2} state_t;
    state_t state, next_state;

    always_comb begin
        case(state)
            IDLE: next_state = (in_bit) ? S1 : IDLE;
            S1:   next_state = (in_bit) ? S2 : IDLE;
            S2:   next_state = (in_bit) ? S2 : IDLE;
            default: next_state = IDLE;
        endcase
    end

    always_ff @(posedge clk or posedge reset) begin
        if(reset) state <= IDLE;
        else state <= next_state;
    end

    assign detected = (state == S2);
endmodule","module fsm52(
    input logic clk, reset, in_bit,
    output logic detected
);
    typedef enum logic [1:0] {IDLE, S1, S2} state_t;
    state_t state, next_state;

    // State transition logic
    always_comb begin
        case(state)
            IDLE: next_state = (in_bit) ? S1 : IDLE;
            S1:   next_state = (in_bit) ? S2 : IDLE;
            S2:   next_state = (in_bit) ? S2 : IDLE;
            default: next_state = IDLE;
        endcase
    end

    // State register with reset
    always_ff @(posedge clk or posedge reset) begin
        if(reset) state <= IDLE;
        else state <= next_state;
    end

    // Output assignment
    assign detected = (state == S2);

    // Properties and assertions
    property p_reset_stable;
        @(posedge clk) disable iff (reset)
            $stable(reset);
    endproperty

    a_reset_stable: assert property(p_reset_stable);

    property p_detected_transition;
        @(posedge clk) disable iff (reset)
            (state == S1 && in_bit) |=> (next_state == S2);
    endproperty

    a_detected_transition: assert property(p_detected_transition);

    property p_no_illegal_states;
        @(posedge clk) disable iff (reset)
            state inside {IDLE, S1, S2};
    endproperty

    a_no_illegal_states: assert property(p_no_illegal_states);
endmodule",OK,1772742003.6356924,257,471
"module fsm53(
    input logic clk, reset,
    output logic [2:0] light
);
    typedef enum logic [1:0] {RED, GREEN, YELLOW} state_t;
    state_t state, next_state;

    always_comb begin
        case(state)
            RED:    next_state = GREEN;
            GREEN:  next_state = YELLOW;
            YELLOW: next_state = RED;
            default: next_state = RED;
        endcase
    end

    always_ff @(posedge clk or posedge reset) begin
        if(reset) state <= RED;
        else state <= next_state;
    end

    always_comb begin
        case(state)
            RED: light = 3'b100;
            GREEN: light = 3'b001;
            YELLOW: light = 3'b010;
            default: light = 3'b100;
        endcase
    end
endmodule","module fsm53(
    input logic clk, reset,
    output logic [2:0] light
);
    typedef enum logic [1:0] {RED, GREEN, YELLOW} state_t;
    state_t state, next_state;

    // State transition property
    property p_state_transition;
        @(posedge clk) disable iff (reset)
            case(state)
                RED: |-> (next_state == GREEN);
                GREEN: |-> (next_state == YELLOW);
                YELLOW: |-> (next_state == RED);
                default: 1; // Allow any transition for undefined states
            endcase;
    endproperty

    // State transition assertion
    a_state_transition: assert property (p_state_transition) else $error(""State transition violation"");

    // Output based on state property
    property p_light_output;
        @(posedge clk)
            case(state)
                RED: light == 3'b100;
                GREEN: light == 3'b001;
                YELLOW: light == 3'b010;
                default: light == 3'b100; // Default to RED
            endcase;
    endproperty

    // Output based on state assertion
    a_light_output: assert property (p_light_output) else $error(""Light output mismatch"");

    always_comb begin
        case(state)
            RED:    next_state = GREEN;
            GREEN:  next_state = YELLOW;
            YELLOW: next_state = RED;
            default: next_state = RED;
        endcase
    end

    always_ff @(posedge clk or posedge reset) begin
        if(reset) state <= RED;
        else state <= next_state;
    end

    always_comb begin
        case(state)
            RED: light = 3'b100;
            GREEN: light = 3'b001;
            YELLOW: light = 3'b010;
            default: light = 3'b100;
        endcase
    end
endmodule","** Error: (vlog-13069) prueba.sv(12): near ""|->"": syntax error, unexpected |-> .
** Error: (vlog-13069) prueba.sv(13): near ""|->"": syntax error, unexpected |-> , expecting ""SystemVerilog keyword 'assert' "" or ""SystemVerilog keyword 'assume' "" or restrict .
** Error: (vlog-13069) prueba.sv(14): near ""|->"": syntax error, unexpected |-> , expecting ""SystemVerilog keyword 'assert' "" or ""SystemVerilog keyword 'assume' "" or restrict .",1772742042.9502091,278,494
"module fsm54(
    input logic clk, reset,
    output logic [1:0] count
);
    typedef enum logic [1:0] {C0, C1, C2, C3} state_t;
    state_t state, next_state;

    always_comb begin
        case(state)
            C0: next_state = C1;
            C1: next_state = C2;
            C2: next_state = C3;
            C3: next_state = C0;
            default: next_state = C0;
        endcase
    end

    always_ff @(posedge clk or posedge reset) begin
        if(reset) state <= C0;
        else state <= next_state;
    end

    assign count = state;
endmodule","module fsm54(
    input logic clk, reset,
    output logic [1:0] count
);
    typedef enum logic [1:0] {C0, C1, C2, C3} state_t;
    state_t state, next_state;

    // Combinational logic for the next state
    always_comb begin
        case(state)
            C0: next_state = C1;
            C1: next_state = C2;
            C2: next_state = C3;
            C3: next_state = C0;
            default: next_state = C0;
        endcase
    end

    // Sequential logic to update the state register
    always_ff @(posedge clk or posedge reset) begin
        if(reset) state <= C0;
        else state <= next_state;
    end

    // Output assignment
    assign count = state;

    // Properties and assertions
    // Property: State should transition correctly from C0 to C1, C1 to C2, etc.
    property correct_transition;
        @(posedge clk) disable iff (reset)
            (state == C0) |-> (next_state == C1) and
            (state == C1) |-> (next_state == C2) and
            (state == C2) |-> (next_state == C3) and
            (state == C3) |-> (next_state == C0);
    endproperty

    // Assertion for correct state transitions
    assert property(correct_transition)
        else $error(""Incorrect state transition detected!"");

    // Property: State should never be in an undefined state
    property no_undefined_state;
        @(posedge clk) disable iff (reset)
            state inside {C0, C1, C2, C3};
    endproperty

    // Assertion for no undefined states
    assert property(no_undefined_state)
        else $error(""State is in an undefined state!"");

endmodule",OK,1772742084.1686249,242,470
"module fsm55(
    input logic clk, reset, code_entered,
    output logic unlock
);
    typedef enum logic [1:0] {LOCKED, WAIT, UNLOCKED} state_t;
    state_t state, next_state;

    always_comb begin
        case(state)
            LOCKED: next_state = code_entered ? WAIT : LOCKED;
            WAIT:   next_state = code_entered ? UNLOCKED : LOCKED;
            UNLOCKED: next_state = LOCKED;
            default: next_state = LOCKED;
        endcase
    end

    always_ff @(posedge clk or posedge reset) begin
        if(reset) state <= LOCKED;
        else state <= next_state;
    end

    assign unlock = (state == UNLOCKED);
endmodule","module fsm55(
    input logic clk, reset, code_entered,
    output logic unlock
);
    typedef enum logic [1:0] {LOCKED, WAIT, UNLOCKED} state_t;
    state_t state, next_state;

    // State transition logic
    always_comb begin
        case(state)
            LOCKED:   next_state = code_entered ? WAIT : LOCKED;
            WAIT:     next_state = code_entered ? UNLOCKED : LOCKED;
            UNLOCKED: next_state = LOCKED;
            default:  next_state = LOCKED; // This line should not be reached if the state is properly managed
        endcase
    end

    // State register with reset
    always_ff @(posedge clk or posedge reset) begin
        if(reset) 
            state <= LOCKED;
        else 
            state <= next_state;
    end

    // Output assignment
    assign unlock = (state == UNLOCKED);

    // Properties and Assertions
    property p_locked_stability;
        @(posedge clk)
            disable iff (reset)
            (state == LOCKED) |-> (!code_entered throughout _ ##1 state != LOCKED);
    endproperty

    property p_wait_transition;
        @(posedge clk)
            disable iff (reset)
            (state == WAIT && code_entered) |=> (next_state == UNLOCKED);
    endproperty

    property p_locked_entry_after_unlock;
        @(posedge clk)
            disable iff (reset)
            (state == UNLOCKED) ##1 -> (state == LOCKED);
    endproperty

    // Assertions
    assert property (p_locked_stability) else $error(""Locked state stability violated."");
    assert property (p_wait_transition) else $error(""WAIT to UNLOCKED transition failed."");
    assert property (p_locked_entry_after_unlock) else $error(""UNLOCKED did not transition back to LOCKED."");

endmodule","** Error: (vlog-13069) prueba.sv(45): near ""->"": syntax error, unexpected -> .",1772742123.35652,248,581
"module fsm56(
    input logic clk, reset, coin,
    output logic dispense
);
    typedef enum logic [1:0] {S0, S1, S2} state_t;
    state_t state, next_state;

    always_comb begin
        case(state)
            S0: next_state = coin ? S1 : S0;
            S1: next_state = coin ? S2 : S1;
            S2: next_state = S0;
            default: next_state = S0;
        endcase
    end

    always_ff @(posedge clk or posedge reset) begin
        if(reset) state <= S0;
        else state <= next_state;
    end

    assign dispense = (state == S2);
endmodule","module fsm56(
    input logic clk, reset, coin,
    output logic dispense
);
    typedef enum logic [1:0] {S0, S1, S2} state_t;
    state_t state, next_state;

    // Combinational block to determine the next state
    always_comb begin
        case(state)
            S0: next_state = coin ? S1 : S0;
            S1: next_state = coin ? S2 : S1;
            S2: next_state = S0;
            default: next_state = S0;
        endcase
    end

    // Sequential block to update the state on clock edge or reset
    always_ff @(posedge clk or posedge reset) begin
        if(reset) state <= S0;
        else state <= next_state;
    end

    // Output assignment based on current state
    assign dispense = (state == S2);

    // Properties and assertions
    property p_reset_stability;
        @(posedge clk) disable iff (reset)
            $rose(reset) |=> !reset[*5]; // Ensure reset is stable for at least 5 clock cycles
    endproperty

    assert property(p_reset_stability) else $error(""Reset not stable for required number of cycles"");

    property p_state_transition;
        @(posedge clk) disable iff (reset)
            (state == S0 && coin) |-> (next_state == S1);
            (state == S1 && coin) |-> (next_state == S2);
            (state == S2)         |-> (next_state == S0);
    endproperty

    assert property(p_state_transition) else $error(""State transition violation"");

endmodule","** Error: (vlog-13069) prueba.sv(38): near ""("": syntax error, unexpected '(', expecting ""SystemVerilog keyword 'endproperty'"".",1772742171.793235,242,370
"module fsm57(
    input logic clk, reset, start,
    output logic a, b
);
    typedef enum logic [1:0] {IDLE, STATE1, STATE2} state_t;
    state_t state, next_state;

    always_comb begin
        case(state)
            IDLE: next_state = start ? STATE1 : IDLE;
            STATE1: next_state = STATE2;
            STATE2: next_state = IDLE;
            default: next_state = IDLE;
        endcase
    end

    always_ff @(posedge clk or posedge reset) begin
        if(reset) state <= IDLE;
        else state <= next_state;
    end

    always_comb begin
        case(state)
            IDLE:   begin a=0; b=0; end
            STATE1: begin a=1; b=0; end
            STATE2: begin a=0; b=1; end
            default: begin a=0; b=0; end
        endcase
    end
endmodule","module fsm57(
    input logic clk, reset, start,
    output logic a, b
);
    typedef enum logic [1:0] {IDLE, STATE1, STATE2} state_t;
    state_t state, next_state;

    // State transition logic
    always_comb begin
        case(state)
            IDLE:   next_state = start ? STATE1 : IDLE;
            STATE1: next_state = STATE2;
            STATE2: next_state = IDLE;
            default: next_state = IDLE;
        endcase
    end

    // State register with reset
    always_ff @(posedge clk or posedge reset) begin
        if(reset) state <= IDLE;
        else      state <= next_state;
    end

    // Output logic based on current state
    always_comb begin
        case(state)
            IDLE:   begin a=0; b=0; end
            STATE1: begin a=1; b=0; end
            STATE2: begin a=0; b=1; end
            default: begin a=0; b=0; end
        endcase
    end

    // Properties and assertions
    property p_start_to_state1;
        @(posedge clk) disable iff (reset)
            start |-> (state == IDLE ##1 state == STATE1);
    endproperty

    property p_state1_to_state2;
        @(posedge clk) disable iff (reset)
            (state == STATE1) |=> (state == STATE2);
    endproperty

    property p_state2_to_idle;
        @(posedge clk) disable iff (reset)
            (state == STATE2) |=> (state == IDLE);
    endproperty

    // Assertions
    assert property (p_start_to_state1) else $error(""Assertion failed: start did not transition to STATE1"");
    assert property (p_state1_to_state2) else $error(""Assertion failed: STATE1 did not transition to STATE2"");
    assert property (p_state2_to_idle) else $error(""Assertion failed: STATE2 did not transition to IDLE"");

endmodule",OK,1772742202.7088835,303,549
"module fsm59(
    input logic clk, reset, trigger,
    output logic done
);
    typedef enum logic [1:0] {IDLE, BUSY, DONE} state_t;
    state_t state, next_state;
    logic [3:0] counter;

    always_comb begin
        case(state)
            IDLE:   next_state = trigger ? BUSY : IDLE;
            BUSY:   next_state = (counter==4'd10) ? DONE : BUSY;
            DONE:   next_state = IDLE;
            default: next_state = IDLE;
        endcase
    end

    always_ff @(posedge clk or posedge reset) begin
        if(reset) begin
            state <= IDLE;
            counter <= 0;
        end else begin
            state <= next_state;
            if(state==BUSY) counter <= counter+1;
            else counter <= 0;
        end
    end

    assign done = (state==DONE);
endmodule","module fsm59(
    input logic clk, reset, trigger,
    output logic done
);
    typedef enum logic [1:0] {IDLE, BUSY, DONE} state_t;
    state_t state, next_state;
    logic [3:0] counter;

    // Properties and Assertions
    property p_trigger_stays_high_during_BUSY;
        @(posedge clk) disable iff (reset)
            (state == BUSY) |-> ##[1:9] trigger;
    endproperty

    assert property (p_trigger_stays_high_during_BUSY)
        else $error(""Trigger should stay high during BUSY state"");

    property p_counter_reaches_10_in_BUSY;
        @(posedge clk) disable iff (reset)
            (state == BUSY && counter == 4'd0) |-> ##[9:9] (counter == 4'd10);
    endproperty

    assert property (p_counter_reaches_10_in_BUSY)
        else $error(""Counter should reach 10 during BUSY state"");

    property p_done_asserted_only_in_DONE;
        @(posedge clk) disable iff (reset)
            done |-> (state == DONE);
    endproperty

    assert property (p_done_asserted_only_in_DONE)
        else $error(""Done signal should be asserted only in DONE state"");

    always_comb begin
        case(state)
            IDLE:   next_state = trigger ? BUSY : IDLE;
            BUSY:   next_state = (counter==4'd10) ? DONE : BUSY;
            DONE:   next_state = IDLE;
            default: next_state = IDLE;
        endcase
    end

    always_ff @(posedge clk or posedge reset) begin
        if(reset) begin
            state <= IDLE;
            counter <= 0;
        end else begin
            state <= next_state;
            if(state==BUSY) counter <= counter+1;
            else counter <= 0;
        end
    end

    assign done = (state==DONE);
endmodule",OK,1772742248.5489378,291,445
"module fsm60(
    input logic clk, reset, in_bit,
    output logic detected
);
    typedef enum logic [1:0] {S0, S1, S2} state_t;
    state_t state, next_state;

    always_comb begin
        case(state)
            S0: next_state = in_bit ? S1 : S0;
            S1: next_state = in_bit ? S2 : S0;
            S2: next_state = in_bit ? S2 : S0;
            default: next_state = S0;
        endcase
    end

    always_ff @(posedge clk or posedge reset) begin
        if(reset) state <= S0;
        else state <= next_state;
    end

    always_comb begin
        case({state, in_bit})
            {S2,1'b0}: detected = 1; // pattern detected
            default: detected = 0;
        endcase
    end
endmodule","module fsm60(
    input logic clk, reset, in_bit,
    output logic detected
);
    typedef enum logic [1:0] {S0, S1, S2} state_t;
    state_t state, next_state;

    // State transition logic
    always_comb begin
        case(state)
            S0: next_state = in_bit ? S1 : S0;
            S1: next_state = in_bit ? S2 : S0;
            S2: next_state = in_bit ? S2 : S0;
            default: next_state = S0;
        endcase
    end

    // State register update
    always_ff @(posedge clk or posedge reset) begin
        if(reset) state <= S0;
        else state <= next_state;
    end

    // Detection logic
    always_comb begin
        case({state, in_bit})
            {S2,1'b0}: detected = 1; // pattern detected
            default: detected = 0;
        endcase
    end

    // Properties and assertions
    property detect_pattern;
        @(posedge clk) disable iff (reset)
            ($rose(state == S2) ##1 in_bit == 1'b0) |=> detected;
    endproperty

    assert property (detect_pattern) else $error(""Pattern detection failed"");

endmodule",OK,1772742285.7667024,285,294
"module case61(
    input logic sel,
    input logic a, b,
    output logic y
);
    always_comb begin
        case(sel)
            1'b0: y = a;
            1'b1: y = b;
        endcase
    end
endmodule","module case61(
    input logic sel,
    input logic a, b,
    output logic y
);
    always_comb begin
        case(sel)
            1'b0: y = a;
            1'b1: y = b;
        endcase
    end

    // Properties and assertions
    property p_sel_a_or_b;
        @(posedge sel) disable iff (!sel || !b) (sel == 1'b0) |-> (y == a);
    endproperty

    property p_sel_b;
        @(posedge sel) disable iff (!sel || !a) (sel == 1'b1) |-> (y == b);
    endproperty

    assert property (p_sel_a_or_b)
        else $error(""Assertion failed: When sel is 0, y should be equal to a"");

    assert property (p_sel_b)
        else $error(""Assertion failed: When sel is 1, y should be equal to b"");
endmodule",OK,1772742310.4490063,140,292
"module case62(
    input logic [1:0] sel,
    input logic [3:0] data,
    output logic y
);
    always_comb begin
        case(sel)
            2'b00: y = data[0];
            2'b01: y = data[1];
            2'b10: y = data[2];
            2'b11: y = data[3];
        endcase
    end
endmodule","module case62(
    input logic [1:0] sel,
    input logic [3:0] data,
    output logic y
);
    always_comb begin
        case(sel)
            2'b00: y = data[0];
            2'b01: y = data[1];
            2'b10: y = data[2];
            2'b11: y = data[3];
            default: y = 1'bx; // Optional: handle unexpected sel values
        endcase
    end

    // Properties and assertions
    property p_sel_valid;
        @(posedge sel) disable iff (!$isunknown(sel))
            (sel inside {2'b00, 2'b01, 2'b10, 2'b11});
    endproperty

    a_sel_valid: assert property (p_sel_valid)
        else $error(""Invalid sel value detected"");

    property p_y_matches_data;
        @(posedge sel) disable iff (!$isunknown(sel))
            case (sel)
                2'b00: y == data[0];
                2'b01: y == data[1];
                2'b10: y == data[2];
                2'b11: y == data[3];
                default: 1; // Always true for unexpected sel values
            endcase;
    endproperty

    a_y_matches_data: assert property (p_y_matches_data)
        else $error(""y does not match the selected data bit"");

endmodule",OK,1772742334.7228785,180,471
"module case63(
    input logic [1:0] op,
    input logic [3:0] a, b,
    output logic [3:0] result
);
    always_comb begin
        case(op)
            2'b00: result = a + b;
            2'b01: result = a - b;
            2'b10: result = a & b;
            2'b11: result = a | b;
        endcase
    end
endmodule","module case63(
    input logic [1:0] op,
    input logic [3:0] a, b,
    output logic [3:0] result
);
    always_comb begin
        case(op)
            2'b00: result = a + b;
            2'b01: result = a - b;
            2'b10: result = a & b;
            2'b11: result = a | b;
            default: result = 4'bx; // Undefined operation
        endcase
    end

    // Properties and Assertions
    property p_addition;
        (op == 2'b00) |-> $rose(a + b);
    endproperty

    property p_subtraction;
        (op == 2'b01) |-> $fell(a - b);
    endproperty

    property p_and_operation;
        (op == 2'b10) |-> (result == a & b);
    endproperty

    property p_or_operation;
        (op == 2'b11) |-> (result == a | b);
    endproperty

    // Assertions
    assert property (p_addition) else $error(""Addition operation failed"");
    assert property (p_subtraction) else $error(""Subtraction operation failed"");
    assert property (p_and_operation) else $error(""AND operation failed"");
    assert property (p_or_operation) else $error(""OR operation failed"");

endmodule","** Error: prueba.sv(18): (vlog-13452) Could not determine the clocking event for '$rose'.
** Error (suppressible): prueba.sv(34): (vlog-1957) The sva directive is not sensitive to a clock. Unclocked directives are not supported.
** Error: prueba.sv(22): (vlog-13452) Could not determine the clocking event for '$fell'.
** Error (suppressible): prueba.sv(35): (vlog-1957) The sva directive is not sensitive to a clock. Unclocked directives are not supported.
** Error (suppressible): prueba.sv(36): (vlog-1957) The sva directive is not sensitive to a clock. Unclocked directives are not supported.
** Error (suppressible): prueba.sv(37): (vlog-1957) The sva directive is not sensitive to a clock. Unclocked directives are not supported.",1772742373.836773,187,568
"module case64(
    input logic [3:0] req,
    output logic [1:0] grant
);
    always_comb begin
        case(req)
            4'b0001: grant = 2'b00;
            4'b0010: grant = 2'b01;
            4'b0100: grant = 2'b10;
            4'b1000: grant = 2'b11;
            default: grant = 2'b00;
        endcase
    end
endmodule","module case64(
    input logic [3:0] req,
    output logic [1:0] grant
);
    // Property to check if only one request is active and the corresponding grant is given
    property single_request_grant;
        @(posedge clk) disable iff (!reset_n)
            $onehot0(req) |-> (req[3:0] == 4'b0001 -> grant == 2'b00) or 
                              (req[3:0] == 4'b0010 -> grant == 2'b01) or 
                              (req[3:0] == 4'b0100 -> grant == 2'b10) or 
                              (req[3:0] == 4'b1000 -> grant == 2'b11);
    endproperty

    // Assertion for the single_request_grant property
    assert_single_request_grant : assert property(single_request_grant)
        else $error(""Multiple requests active or incorrect grant given"");

    always_comb begin
        case(req)
            4'b0001: grant = 2'b00;
            4'b0010: grant = 2'b01;
            4'b0100: grant = 2'b10;
            4'b1000: grant = 2'b11;
            default: grant = 2'b00; // No request or multiple requests
        endcase
    end
endmodule","** Error: prueba.sv(7): (vlog-2730) Undefined variable: 'reset_n'.
** Error: prueba.sv(7): (vlog-2730) Undefined variable: 'clk'.",1772742421.0262766,202,418
"module case65(
    input logic [3:0] val,
    output logic match
);
    always_comb begin
        case(val)
            4'd1, 4'd3, 4'd5, 4'd7: match = 1; // selected values
            default: match = 0;
        endcase
    end
endmodule","module case65(
    input logic [3:0] val,
    output logic match
);
    always_comb begin
        case(val)
            4'd1, 4'd3, 4'd5, 4'd7: match = 1; // selected values
            default: match = 0;
        endcase
    end

    // Property to check if match is set correctly for specific values
    property p_match_set_for_selected_values;
        @(posedge val) disable iff (!$isunknown(val))
        (val inside {4'd1, 4'd3, 4'd5, 4'd7}) |-> (match == 1);
    endproperty

    // Property to check if match is cleared correctly for other values
    property p_match_cleared_for_other_values;
        @(posedge val) disable iff (!$isunknown(val))
        !(val inside {4'd1, 4'd3, 4'd5, 4'd7}) |-> (match == 0);
    endproperty

    // Assertions for the properties
    a_match_set_for_selected_values: assert property(p_match_set_for_selected_values) else $error(""Match not set correctly for selected values"");
    a_match_cleared_for_other_values: assert property(p_match_cleared_for_other_values) else $error(""Match not cleared correctly for other values"");

endmodule",OK,1772742455.8348925,156,367
"module case67(
    input logic [1:0] gray,
    output logic [1:0] bin
);
    always_comb begin
        case(gray)
            2'b00: bin = 2'b00;
            2'b01: bin = 2'b01;
            2'b11: bin = 2'b10;
            2'b10: bin = 2'b11;
        endcase
    end
endmodule","module case67(
    input logic [1:0] gray,
    output logic [1:0] bin
);
    always_comb begin
        case(gray)
            2'b00: bin = 2'b00;
            2'b01: bin = 2'b01;
            2'b11: bin = 2'b10;
            2'b10: bin = 2'b11;
        endcase
    end

    // Property to check that the gray code input and binary output are correctly mapped
    property p_gray_to_bin;
        @(posedge clk) disable iff (!rst_n)
            (gray == 2'b00) |-> (bin == 2'b00) &&
            (gray == 2'b01) |-> (bin == 2'b01) &&
            (gray == 2'b11) |-> (bin == 2'b10) &&
            (gray == 2'b10) |-> (bin == 2'b11);
    endproperty

    // Assertion to ensure the property holds
    assert property (p_gray_to_bin)
        else $error(""Gray to binary conversion failed"");

endmodule","** Error: prueba.sv(16): (vlog-2730) Undefined variable: 'rst_n'.
** Error: prueba.sv(16): (vlog-2730) Undefined variable: 'clk'.",1772742486.2856216,183,650
"module case68(
    input logic [3:0] num,
    output logic even
);
    always_comb begin
        case(num[0])
            1'b0: even = 1;
            1'b1: even = 0;
        endcase
    end
endmodule","module case68(
    input logic [3:0] num,
    output logic even
);
    always_comb begin
        case(num[0])
            1'b0: even = 1;
            1'b1: even = 0;
        endcase
    end

    // Property to check if the output 'even' is correct based on the input 'num'
    property p_even_correct;
        @(posedge num) disable iff ($isunknown(num))
        (num[0] == 1'b0) |-> even == 1;
        (num[0] == 1'b1) |-> even == 0;
    endproperty

    // Assertion to check the property
    a_even_correct: assert property (p_even_correct)
        else $error(""Assertion failed: Output 'even' is not correct based on input 'num'"");

endmodule","** Error: (vlog-13069) prueba.sv(16): near ""("": syntax error, unexpected '(', expecting ""SystemVerilog keyword 'endproperty'"".",1772742540.1861713,142,287
"module case69(
    input logic [1:0] sel,
    output logic [3:0] leds
);
    always_comb begin
        case(sel)
            2'b00: leds = 4'b0001;
            2'b01: leds = 4'b0010;
            2'b10: leds = 4'b0100;
            2'b11: leds = 4'b1000;
        endcase
    end
endmodule","module case69(
    input logic [1:0] sel,
    output logic [3:0] leds
);
    always_comb begin
        case(sel)
            2'b00: leds = 4'b0001;
            2'b01: leds = 4'b0010;
            2'b10: leds = 4'b0100;
            2'b11: leds = 4'b1000;
        endcase
    end

    // Properties to check the behavior of the module
    property p_case69_00;
        (sel == 2'b00) |-> (leds == 4'b0001);
    endproperty
    
    property p_case69_01;
        (sel == 2'b01) |-> (leds == 4'b0010);
    endproperty
    
    property p_case69_10;
        (sel == 2'b10) |-> (leds == 4'b0100);
    endproperty
    
    property p_case69_11;
        (sel == 2'b11) |-> (leds == 4'b1000);
    endproperty

    // Assertions to check the properties
    a_case69_00: assert property (@(*) disable iff (!reset_n) p_case69_00) else $error(""Assertion failed for sel = 2'b00"");
    a_case69_01: assert property (@(*) disable iff (!reset_n) p_case69_01) else $error(""Assertion failed for sel = 2'b01"");
    a_case69_10: assert property (@(*) disable iff (!reset_n) p_case69_10) else $error(""Assertion failed for sel = 2'b10"");
    a_case69_11: assert property (@(*) disable iff (!reset_n) p_case69_11) else $error(""Assertion failed for sel = 2'b11"");

endmodule","** Error: (vlog-13069) prueba.sv(32): near ""(*"": syntax error, unexpected (*.
** Error: (vlog-13069) prueba.sv(33): near ""(*"": syntax error, unexpected (*.
** Error: (vlog-13069) prueba.sv(34): near ""(*"": syntax error, unexpected (*.
** Error: (vlog-13069) prueba.sv(35): near ""(*"": syntax error, unexpected (*.",1772742564.0265543,191,578
"module case70(
    input logic [1:0] op,
    input logic [3:0] a, b,
    output logic [7:0] result
);
    always_comb begin
        case(op)
            2'b00: result = a + b;
            2'b01: result = a - b;
            2'b10: result = a * b;
            2'b11: result = a / (b != 0 ? b : 1);
        endcase
    end
endmodule","module case70(
    input logic [1:0] op,
    input logic [3:0] a, b,
    output logic [7:0] result
);

    // Properties for checking the operations
    property add_check;
        (op == 2'b00) |-> (result == a + b);
    endproperty

    property sub_check;
        (op == 2'b01) |-> (result == a - b);
    endproperty

    property mul_check;
        (op == 2'b10) |-> (result == a * b);
    endproperty

    property div_check;
        (op == 2'b11) && (b != 0) |-> (result == a / b);
        (op == 2'b11) && (b == 0) |-> (result == a / 1); // Division by zero handled
    endproperty

    // Assertions to check the properties
    assert property (add_check) else $error(""Addition operation failed"");
    assert property (sub_check) else $error(""Subtraction operation failed"");
    assert property (mul_check) else $error(""Multiplication operation failed"");
    assert property (div_check) else $error(""Division operation failed"");

    always_comb begin
        case(op)
            2'b00: result = a + b;
            2'b01: result = a - b;
            2'b10: result = a * b;
            2'b11: result = a / (b != 0 ? b : 1);
        endcase
    end

endmodule","** Error: (vlog-13069) prueba.sv(22): near ""("": syntax error, unexpected '(', expecting ""SystemVerilog keyword 'endproperty'"".",1772742612.029206,196,411
"module seq_case71(
    input logic clk, reset,
    output logic [1:0] count
);
    always_ff @(posedge clk or posedge reset) begin
        if(reset)
            count <= 2'b00;
        else
            case(count)
                2'b00: count <= 2'b01;
                2'b01: count <= 2'b10;
                2'b10: count <= 2'b11;
                2'b11: count <= 2'b00;
                default: count <= 2'b00;
            endcase
    end
endmodule","module seq_case71(
    input logic clk, reset,
    output logic [1:0] count
);
    // Sequential block for counting
    always_ff @(posedge clk or posedge reset) begin
        if(reset)
            count <= 2'b00;
        else
            case(count)
                2'b00: count <= 2'b01;
                2'b01: count <= 2'b10;
                2'b10: count <= 2'b11;
                2'b11: count <= 2'b00;
                default: count <= 2'b00; // This case is technically unreachable due to the 2-bit counter
            endcase
    end

    // Properties and assertions
    property p_count_sequence;
        @(posedge clk) disable iff (reset)
        (count == 2'b00) |-> ##1 count == 2'b01 &&
                             ##1 count == 2'b10 &&
                             ##1 count == 2'b11 &&
                             ##1 count == 2'b00;
    endproperty

    // Assert the property
    a_count_sequence: assert property (p_count_sequence)
        else $error(""Count sequence does not follow expected pattern."");

endmodule","** Error: (vlog-13069) prueba.sv(23): near ""##"": syntax error, unexpected ##.",1772742646.2305312,218,382
"module seq_case72(
    input logic clk, reset,
    output logic [1:0] state
);
    always_ff @(posedge clk or posedge reset) begin
        if(reset)
            state <= 2'b00;
        else
            case(state)
                2'b00: state <= 2'b01;
                2'b01: state <= 2'b10;
                2'b10: state <= 2'b00;
                default: state <= 2'b00;
            endcase
    end
endmodule","module seq_case72(
    input logic clk, reset,
    output logic [1:0] state
);

    // State transition property
    property p_state_transition;
        @(posedge clk) disable iff (reset)
            (state == 2'b00) |-> (state == 2'b01) and
            (state == 2'b01) |-> (state == 2'b10) and
            (state == 2'b10) |-> (state == 2'b00);
    endproperty

    // Assert the state transition property
    a_state_transition: assert property(p_state_transition);

    // Reset behavior property
    property p_reset_behavior;
        @(posedge reset)
            state == 2'b00;
    endproperty

    // Assert the reset behavior property
    a_reset_behavior: assert property(p_reset_behavior);

    always_ff @(posedge clk or posedge reset) begin
        if(reset)
            state <= 2'b00;
        else
            case(state)
                2'b00: state <= 2'b01;
                2'b01: state <= 2'b10;
                2'b10: state <= 2'b00;
                default: state <= 2'b00;
            endcase
    end

endmodule",OK,1772742678.0729835,203,397
"module seq_case73(
    input logic clk, reset, serial_in,
    output logic [3:0] q
);
    always_ff @(posedge clk or posedge reset) begin
        if(reset)
            q <= 4'b0000;
        else
            case(q)
                default: q <= {q[2:0], serial_in}; // shift left
            endcase
    end
endmodule","module seq_case73(
    input logic clk, reset, serial_in,
    output logic [3:0] q
);
    always_ff @(posedge clk or posedge reset) begin
        if(reset)
            q <= 4'b0000;
        else
            case(q)
                default: q <= {q[2:0], serial_in}; // shift left
            endcase
    end

    // Property to check that q is cleared on reset
    property reset_check;
        @(posedge clk) disable iff (reset)
            $rose(reset) |=> (q == 4'b0000);
    endproperty

    // Assertion for the reset check
    assert property (reset_check) else $error(""Reset did not clear q to 0"");

    // Property to check that q shifts left correctly when not in reset
    property shift_left_check;
        @(posedge clk) disable iff (reset)
            !(q == 4'b1111) |=> (q[2:0] == $past(q[3:1])) && (q[0] == serial_in);
    endproperty

    // Assertion for the shift left check
    assert property (shift_left_check) else $error(""Shift left operation failed"");

endmodule",OK,1772742711.1243727,171,364
"module seq_case74(
    input logic clk, reset, in_bit,
    output logic detected
);
    typedef enum logic [1:0] {S0, S1, S2} state_t;
    state_t state, next_state;

    always_comb begin
        case(state)
            S0: next_state = in_bit ? S1 : S0;
            S1: next_state = in_bit ? S2 : S0;
            S2: next_state = in_bit ? S2 : S0;
            default: next_state = S0;
        endcase
    end

    always_ff @(posedge clk or posedge reset) begin
        if(reset) state <= S0;
        else state <= next_state;
    end

    assign detected = (state == S2);
endmodule","module seq_case74(
    input logic clk, reset, in_bit,
    output logic detected
);
    typedef enum logic [1:0] {S0, S1, S2} state_t;
    state_t state, next_state;

    // State transition logic
    always_comb begin
        case(state)
            S0: next_state = in_bit ? S1 : S0;
            S1: next_state = in_bit ? S2 : S0;
            S2: next_state = in_bit ? S2 : S0;
            default: next_state = S0;
        endcase
    end

    // State register with reset
    always_ff @(posedge clk or posedge reset) begin
        if(reset) state <= S0;
        else state <= next_state;
    end

    // Output assignment
    assign detected = (state == S2);

    // Property: Once in state S2, it should stay in S2 as long as in_bit remains high
    property p_stay_in_S2;
        @(posedge clk) disable iff(reset)
            (state == S2 && in_bit) |-> ##1 state == S2;
    endproperty

    // Assertion for the above property
    a_stay_in_S2: assert property(p_stay_in_S2);

    // Property: If reset is asserted, the state should go to S0 immediately
    property p_reset_to_S0;
        @(posedge clk)
            reset |=> (state == S0);
    endproperty

    // Assertion for the above property
    a_reset_to_S0: assert property(p_reset_to_S0);

endmodule",OK,1772742741.3827577,250,452
"module seq_case75(
    input logic clk, reset, enable,
    output logic [3:0] count
);
    always_ff @(posedge clk or posedge reset) begin
        if(reset)
            count <= 4'b0000;
        else
            case(enable)
                1'b0: count <= count;      // hold
                1'b1: count <= count + 1;  // increment
                default: count <= 4'b0000;
            endcase
    end
endmodule","module seq_case75(
    input logic clk, reset, enable,
    output logic [3:0] count
);
    always_ff @(posedge clk or posedge reset) begin
        if(reset)
            count <= 4'b0000;
        else
            case(enable)
                1'b0: count <= count;      // hold
                1'b1: count <= count + 1;  // increment
                default: count <= 4'b0000;
            endcase
    end

    // Properties and Assertions

    // Property: When reset is asserted, count should be zero on the next clock cycle.
    property p_reset_count_zero;
        @(posedge clk) disable iff (reset)
        reset |=> (count == 4'b0000);
    endproperty

    a_reset_count_zero: assert property(p_reset_count_zero);

    // Property: When enable is high, count should increment by 1 on each clock cycle.
    property p_enable_increment;
        @(posedge clk) disable iff (reset)
        enable |=> (count == $past(count) + 1);
    endproperty

    a_enable_increment: assert property(p_enable_increment);

    // Property: When enable is low, count should remain the same on each clock cycle.
    property p_disable_hold;
        @(posedge clk) disable iff (reset)
        !enable |=> (count == $past(count));
    endproperty

    a_disable_hold: assert property(p_disable_hold);
endmodule",OK,1772742779.0829525,195,456
"module seq_case76(
    input logic clk, reset, start,
    output logic a, b
);
    typedef enum logic [1:0] {IDLE, STATE1, STATE2} state_t;
    state_t state, next_state;

    always_comb begin
        case(state)
            IDLE: next_state = start ? STATE1 : IDLE;
            STATE1: next_state = STATE2;
            STATE2: next_state = IDLE;
            default: next_state = IDLE;
        endcase
    end

    always_ff @(posedge clk or posedge reset) begin
        if(reset) state <= IDLE;
        else state <= next_state;
    end

    always_ff @(posedge clk) begin
        case(state)
            IDLE: begin a<=0; b<=0; end
            STATE1: begin a<=1; b<=0; end
            STATE2: begin a<=0; b<=1; end
            default: begin a<=0; b<=0; end
        endcase
    end
endmodule","module seq_case76(
    input logic clk, reset, start,
    output logic a, b
);
    typedef enum logic [1:0] {IDLE, STATE1, STATE2} state_t;
    state_t state, next_state;

    // Combinational logic to determine the next state
    always_comb begin
        case(state)
            IDLE:   next_state = start ? STATE1 : IDLE;
            STATE1: next_state = STATE2;
            STATE2: next_state = IDLE;
            default:next_state = IDLE;
        endcase
    end

    // Sequential logic to update the current state on clock edge or reset
    always_ff @(posedge clk or posedge reset) begin
        if(reset)
            state <= IDLE;
        else
            state <= next_state;
    end

    // Combinational logic to set outputs based on the current state
    always_ff @(posedge clk) begin
        case(state)
            IDLE:   begin a <= 0; b <= 0; end
            STATE1: begin a <= 1; b <= 0; end
            STATE2: begin a <= 0; b <= 1; end
            default: begin a <= 0; b <= 0; end
        endcase
    end

    // Properties and assertions
    // Property to check that after reset, the state should be IDLE
    property p_reset_to_idle;
        @(posedge clk) disable iff (reset)
        reset |=> (state == IDLE);
    endproperty

    // Assertion for the above property
    a_reset_to_idle : assert property(p_reset_to_idle);

    // Property to check that when start is asserted, state transitions from IDLE to STATE1
    property p_start_transitions;
        @(posedge clk) disable iff (reset)
        (state == IDLE && start) |=> (next_state == STATE1);
    endproperty

    // Assertion for the above property
    a_start_transitions : assert property(p_start_transitions);

    // Property to check that state transitions follow the sequence: IDLE -> STATE1 -> STATE2 -> IDLE
    property p_state_sequence;
        @(posedge clk) disable iff (reset)
        (state == IDLE && start) |-> (##1 state == STATE1) ##1 (state == STATE2) ##1 (state == IDLE);
    endproperty

    // Assertion for the above property
    a_state_sequence : assert property(p_state_sequence);

endmodule",OK,1772742817.0199304,308,639
"module seq_case79(
    input logic clk, reset, start,
    output logic x, y
);
    typedef enum logic [1:0] {IDLE, S1, S2} state_t;
    state_t state, next_state;

    always_comb begin
        case(state)
            IDLE: next_state = start ? S1 : IDLE;
            S1: next_state = S2;
            S2: next_state = IDLE;
            default: next_state = IDLE;
        endcase
    end

    always_ff @(posedge clk or posedge reset) begin
        if(reset) state <= IDLE;
        else state <= next_state;
    end

    always_ff @(posedge clk) begin
        case(state)
            IDLE: x<=0; y<=0;
            S1: x<=1; y<=0;
            S2: x<=0; y<=1;
            default: x<=0; y<=0;
        endcase
    end
endmodule","module seq_case79(
    input logic clk, reset, start,
    output logic x, y
);
    typedef enum logic [1:0] {IDLE, S1, S2} state_t;
    state_t state, next_state;

    // State transition logic
    always_comb begin
        case(state)
            IDLE: next_state = start ? S1 : IDLE;
            S1: next_state = S2;
            S2: next_state = IDLE;
            default: next_state = IDLE;
        endcase
    end

    // State register with reset
    always_ff @(posedge clk or posedge reset) begin
        if(reset) state <= IDLE;
        else state <= next_state;
    end

    // Output logic based on current state
    always_ff @(posedge clk) begin
        case(state)
            IDLE: x<=0; y<=0;
            S1: x<=1; y<=0;
            S2: x<=0; y<=1;
            default: x<=0; y<=0;
        endcase
    end

    // Properties and assertions
    property p_start_asserts_idle_to_s1;
        @(posedge clk) disable iff (reset)
        start |-> (state == IDLE ##1 state == S1);
    endproperty

    assert property (p_start_asserts_idle_to_s1)
    else $error(""Assertion failed: Start not correctly transitioning from IDLE to S1"");

    property p_state_transitions;
        @(posedge clk) disable iff (reset)
        (state == IDLE && start) |-> (next_state == S1);
        (state == S1) |-> (next_state == S2);
        (state == S2) |-> (next_state == IDLE);
    endproperty

    assert property (p_state_transitions)
    else $error(""Assertion failed: State transitions are incorrect"");

endmodule","** Error: (vlog-13069) prueba.sv(27): near "";"": syntax error, unexpected ';', expecting ':'.
** Error: (vlog-13069) prueba.sv(30): near ""default"": syntax error, unexpected default.
** Error: (vlog-13069) prueba.sv(31): near ""endcase"": syntax error, unexpected endcase.
** Error: prueba.sv(28): 'S1' already exists; must not be redefined as a named block
** Error: prueba.sv(29): 'S2' already exists; must not be redefined as a named block
** Error: (vlog-13069) prueba.sv(46): near ""("": syntax error, unexpected '(', expecting ""SystemVerilog keyword 'endproperty'"".",1772742870.3445415,296,421
"module seq_case80(
    input logic clk, reset, sensor,
    output logic alarm
);
    typedef enum logic [1:0] {SAFE, WARN, DANGER} state_t;
    state_t state, next_state;

    always_comb begin
        case(state)
            SAFE: next_state = sensor ? WARN : SAFE;
            WARN: next_state = sensor ? DANGER : SAFE;
            DANGER: next_state = SAFE;
            default: next_state = SAFE;
        endcase
    end

    always_ff @(posedge clk or posedge reset) begin
        if(reset) state <= SAFE;
        else state <= next_state;
    end

    always_ff @(posedge clk) begin
        case(state)
            SAFE: alarm <= 0;
            WARN: alarm <= 0;
            DANGER: alarm <= 1;
            default: alarm <= 0;
        endcase
    end
endmodule","module seq_case80(
    input logic clk, reset, sensor,
    output logic alarm
);
    typedef enum logic [1:0] {SAFE, WARN, DANGER} state_t;
    state_t state, next_state;

    // State transition logic
    always_comb begin
        case(state)
            SAFE:   next_state = sensor ? WARN : SAFE;
            WARN:   next_state = sensor ? DANGER : SAFE;
            DANGER: next_state = SAFE;
            default: next_state = SAFE;
        endcase
    end

    // State register with reset
    always_ff @(posedge clk or posedge reset) begin
        if(reset) state <= SAFE;
        else      state <= next_state;
    end

    // Alarm output logic based on current state
    always_ff @(posedge clk) begin
        case(state)
            SAFE:   alarm <= 0;
            WARN:   alarm <= 0;
            DANGER: alarm <= 1;
            default: alarm <= 0;
        endcase
    end

    // Properties and assertions

    // Property to ensure that after entering DANGER state, the system returns to SAFE state
    property return_to_safe_after_danger;
        @(posedge clk) disable iff (reset)
            (state == DANGER) |=> eventually (state == SAFE);
    endproperty

    // Assertion for the above property
    assert property (return_to_safe_after_danger)
        else $error(""Failed to return to SAFE state after entering DANGER state"");

    // Property to ensure that alarm is only asserted when in DANGER state
    property alarm_only_in_danger;
        @(posedge clk) disable iff (reset)
            alarm |-> (state == DANGER);
    endproperty

    // Assertion for the above property
    assert property (alarm_only_in_danger)
        else $error(""Alarm is asserted when not in DANGER state"");

endmodule","** Error: (vlog-13069) prueba.sv(39): near ""("": syntax error, unexpected '(', expecting '['.",1772742905.5659869,275,414
"module nested_case_1(input logic [1:0] op, func, input logic [7:0] a,b, output logic [7:0] y);
always_comb begin
  case(op)
    2'b00: begin
      case(func)
        2'b00: y = a + b;
        2'b01: y = a - b;
        default: y = 0;
      endcase
    end
    2'b01: y = a & b;
    default: y = 8'h00;
  endcase
end
endmodule","module nested_case_1(input logic [1:0] op, func, input logic [7:0] a, b, output logic [7:0] y);
  
  // Properties for verification
  property add_check;
    @(posedge clk) disable iff (reset)
      (op == 2'b00 && func == 2'b00) |-> (y == a + b);
  endproperty

  property sub_check;
    @(posedge clk) disable iff (reset)
      (op == 2'b00 && func == 2'b01) |-> (y == a - b);
  endproperty

  property default_case_00;
    @(posedge clk) disable iff (reset)
      (op == 2'b00 && func != 2'b00 && func != 2'b01) |-> (y == 8'd0);
  endproperty

  property and_check;
    @(posedge clk) disable iff (reset)
      (op == 2'b01) |-> (y == a & b);
  endproperty

  property default_case_default;
    @(posedge clk) disable iff (reset)
      (op != 2'b00 && op != 2'b01) |-> (y == 8'h00);
  endproperty

  // Asserts for verification
  assert property(add_check) else $error(""Addition operation failed"");
  assert property(sub_check) else $error(""Subtraction operation failed"");
  assert property(default_case_00) else $error(""Default case in nested case (2'b00) failed"");
  assert property(and_check) else $error(""AND operation failed"");
  assert property(default_case_default) else $error(""Default case in outer case failed"");

always_comb begin
  case(op)
    2'b00: begin
      case(func)
        2'b00: y = a + b;
        2'b01: y = a - b;
        default: y = 8'd0;
      endcase
    end
    2'b01: y = a & b;
    default: y = 8'h00;
  endcase
end

endmodule","** Error: prueba.sv(5): (vlog-2730) Undefined variable: 'reset'.
** Error: prueba.sv(5): (vlog-2730) Undefined variable: 'clk'.
** Error: prueba.sv(10): (vlog-2730) Undefined variable: 'reset'.
** Error: prueba.sv(10): (vlog-2730) Undefined variable: 'clk'.
** Error: prueba.sv(15): (vlog-2730) Undefined variable: 'reset'.
** Error: prueba.sv(15): (vlog-2730) Undefined variable: 'clk'.
** Error: prueba.sv(20): (vlog-2730) Undefined variable: 'reset'.
** Error: prueba.sv(20): (vlog-2730) Undefined variable: 'clk'.
** Error: prueba.sv(25): (vlog-2730) Undefined variable: 'reset'.
** Error: prueba.sv(25): (vlog-2730) Undefined variable: 'clk'.
** Error (suppressible): prueba.sv(30): (vlog-1957) The sva directive is not sensitive to a clock. Unclocked directives are not supported.
** Error (suppressible): prueba.sv(31): (vlog-1957) The sva directive is not sensitive to a clock. Unclocked directives are not supported.
** Error (suppressible): prueba.sv(32): (vlog-1957) The sva directive is not sensitive to a clock. Unclocked directives are not supported.
** Error (suppressible): prueba.sv(33): (vlog-1957) The sva directive is not sensitive to a clock. Unclocked directives are not supported.
** Error (suppressible): prueba.sv(34): (vlog-1957) The sva directive is not sensitive to a clock. Unclocked directives are not supported.
** Error: prueba.sv(5): (vlog-2730) Undefined variable: 'reset'.
** Error: prueba.sv(5): (vlog-2730) Undefined variable: 'clk'.",1772742940.1699502,208,529
"module nested_case_2(input logic [2:0] mode, sel, output logic [3:0] y);
always_comb begin
  case(mode)
    3'b000: begin
      case(sel)
        3'b000: y = 1;
        3'b001: y = 2;
        default: y = 0;
      endcase
    end
    3'b001: y = 4;
    default: y = 0;
  endcase
end
endmodule","module nested_case_2(input logic [2:0] mode, sel, output logic [3:0] y);

  // Original combinational always block
  always_comb begin
    case(mode)
      3'b000: begin
        case(sel)
          3'b000: y = 1;
          3'b001: y = 2;
          default: y = 0;
        endcase
      end
      3'b001: y = 4;
      default: y = 0;
    endcase
  end

  // Properties and assertions
  property p_mode_000_sel_000; 
    @(posedge clk) disable iff (reset_n == 0)
      (mode == 3'b000 && sel == 3'b000) |=> (y == 1);
  endproperty

  property p_mode_000_sel_001; 
    @(posedge clk) disable iff (reset_n == 0)
      (mode == 3'b000 && sel == 3'b001) |=> (y == 2);
  endproperty

  property p_mode_000_default; 
    @(posedge clk) disable iff (reset_n == 0)
      (mode == 3'b000 && sel != 3'b000 && sel != 3'b001) |=> (y == 0);
  endproperty

  property p_mode_001; 
    @(posedge clk) disable iff (reset_n == 0)
      (mode == 3'b001) |=> (y == 4);
  endproperty

  property p_default_mode; 
    @(posedge clk) disable iff (reset_n == 0)
      (mode != 3'b000 && mode != 3'b001) |=> (y == 0);
  endproperty

  // Assertions based on the properties
  a_mode_000_sel_000: assert property(p_mode_000_sel_000) else $error(""Assertion failed for mode 000 and sel 000"");
  a_mode_000_sel_001: assert property(p_mode_000_sel_001) else $error(""Assertion failed for mode 000 and sel 001"");
  a_mode_000_default: assert property(p_mode_000_default) else $error(""Assertion failed for mode 000 with default sel"");
  a_mode_001: assert property(p_mode_001) else $error(""Assertion failed for mode 001"");
  a_default_mode: assert property(p_default_mode) else $error(""Assertion failed for default mode"");

endmodule","** Error: prueba.sv(20): (vlog-2730) Undefined variable: 'reset_n'.
** Error: prueba.sv(20): (vlog-2730) Undefined variable: 'clk'.",1772742984.1672852,196,729
"module nested_case_3(input logic [1:0] a,b,c, output logic y);
always_comb begin
  case(a)
    2'b00: begin
      case(b)
        2'b00: y = c[0];
        2'b01: y = c[1];
        default: y = 0;
      endcase
    end
    default: y = 1;
  endcase
end
endmodule","module nested_case_3(input logic [1:0] a, b, c, output logic y);

  always_comb begin
    case(a)
      2'b00: begin
        case(b)
          2'b00: y = c[0];
          2'b01: y = c[1];
          default: y = 0;
        endcase
      end
      default: y = 1;
    endcase
  end

  // Properties and assertions
  property p_a_00_b_00; @(posedge clk) disable iff (reset_n == 1'b0)
    a == 2'b00 && b == 2'b00 |-> y == c[0];
  endproperty

  property p_a_00_b_01; @(posedge clk) disable iff (reset_n == 1'b0)
    a == 2'b00 && b == 2'b01 |-> y == c[1];
  endproperty

  property p_a_00_b_others; @(posedge clk) disable iff (reset_n == 1'b0)
    a == 2'b00 && !(b inside {2'b00, 2'b01}) |-> y == 0;
  endproperty

  property p_a_others; @(posedge clk) disable iff (reset_n == 1'b0)
    !(a == 2'b00) |-> y == 1;
  endproperty

  assert property (p_a_00_b_00);
  assert property (p_a_00_b_01);
  assert property (p_a_00_b_others);
  assert property (p_a_others);

endmodule","** Error: prueba.sv(17): (vlog-2730) Undefined variable: 'reset_n'.
** Error: prueba.sv(17): (vlog-2730) Undefined variable: 'clk'.",1772743044.7414212,177,623
"module nested_case_4(input logic [3:0] op, input logic [1:0] sub, output logic [3:0] y);
always_comb begin
  case(op)
    4'h0: begin
      case(sub)
        2'b00: y = 4'h1;
        2'b01: y = 4'h2;
        default: y = 4'h0;
      endcase
    end
    4'h1: y = 4'hF;
    default: y = 0;
  endcase
end
endmodule","module nested_case_4(input logic [3:0] op, input logic [1:0] sub, output logic [3:0] y);

  // Always_comb block to define the behavior of y
  always_comb begin
    case(op)
      4'h0: begin
        case(sub)
          2'b00: y = 4'h1;
          2'b01: y = 4'h2;
          default: y = 4'h0;
        endcase
      end
      4'h1: y = 4'hF;
      default: y = 0;
    endcase
  end

  // Properties and Assertions
  property p_op_0_sub_00_y_is_1;
    (op == 4'h0 && sub == 2'b00) |=> (y == 4'h1);
  endproperty

  property p_op_0_sub_01_y_is_2;
    (op == 4'h0 && sub == 2'b01) |=> (y == 4'h2);
  endproperty

  property p_op_0_default_y_is_0;
    (op == 4'h0 && sub != 2'b00 && sub != 2'b01) |=> (y == 4'h0);
  endproperty

  property p_op_1_y_is_F;
    (op == 4'h1) |=> (y == 4'hF);
  endproperty

  property p_default_op_y_is_0;
    (op != 4'h0 && op != 4'h1) |=> (y == 0);
  endproperty

  // Assertions for the properties
  a_op_0_sub_00_y_is_1: assert property(p_op_0_sub_00_y_is_1)
    else $error(""When op is 4'h0 and sub is 2'b00, y should be 4'h1"");

  a_op_0_sub_01_y_is_2: assert property(p_op_0_sub_01_y_is_2)
    else $error(""When op is 4'h0 and sub is 2'b01, y should be 4'h2"");

  a_op_0_default_y_is_0: assert property(p_op_0_default_y_is_0)
    else $error(""When op is 4'h0 and sub is neither 2'b00 nor 2'b01, y should be 4'h0"");

  a_op_1_y_is_F: assert property(p_op_1_y_is_F)
    else $error(""When op is 4'h1, y should be 4'hF"");

  a_default_op_y_is_0: assert property(p_default_op_y_is_0)
    else $error(""When op is neither 4'h0 nor 4'h1, y should be 0"");

endmodule","** Error (suppressible): prueba.sv(40): (vlog-1957) The sva directive is not sensitive to a clock. Unclocked directives are not supported.
** Error (suppressible): prueba.sv(43): (vlog-1957) The sva directive is not sensitive to a clock. Unclocked directives are not supported.
** Error (suppressible): prueba.sv(46): (vlog-1957) The sva directive is not sensitive to a clock. Unclocked directives are not supported.
** Error (suppressible): prueba.sv(49): (vlog-1957) The sva directive is not sensitive to a clock. Unclocked directives are not supported.
** Error (suppressible): prueba.sv(52): (vlog-1957) The sva directive is not sensitive to a clock. Unclocked directives are not supported.",1772743096.4401877,205,685
"module nested_case_5(input logic [1:0] s1,s2, output logic y);
always_comb begin
  case(s1)
    2'b00: begin
      case(s2)
        2'b00: y = 1;
        2'b01: y = 0;
        default: y = 0;
      endcase
    end
    2'b01: y = 1;
    default: y = 0;
  endcase
end
endmodule","module nested_case_5(input logic [1:0] s1, s2, output logic y);
  
  // Original combinational always block
  always_comb begin
    case(s1)
      2'b00: begin
        case(s2)
          2'b00: y = 1;
          2'b01: y = 0;
          default: y = 0;
        endcase
      end
      2'b01: y = 1;
      default: y = 0;
    endcase
  end

  // Properties and assertions
  property p_s1_00_s2_00_y_is_1;
    (s1 == 2'b00 && s2 == 2'b00) |=> (y == 1);
  endproperty

  property p_s1_00_s2_01_y_is_0;
    (s1 == 2'b00 && s2 == 2'b01) |=> (y == 0);
  endproperty

  property p_s1_00_s2_others_y_is_0;
    (s1 == 2'b00 && s2 != 2'b00 && s2 != 2'b01) |=> (y == 0);
  endproperty

  property p_s1_01_y_is_1;
    (s1 == 2'b01) |=> (y == 1);
  endproperty

  property p_s1_others_y_is_0;
    (s1 != 2'b00 && s1 != 2'b01) |=> (y == 0);
  endproperty

  // Assertions
  assert property (@(posedge y) disable iff (!$isunknown(s1) && !$isunknown(s2)) p_s1_00_s2_00_y_is_1)
    else $error(""Assertion failed: When s1 is 00 and s2 is 00, y should be 1"");

  assert property (@(posedge y) disable iff (!$isunknown(s1) && !$isunknown(s2)) p_s1_00_s2_01_y_is_0)
    else $error(""Assertion failed: When s1 is 00 and s2 is 01, y should be 0"");

  assert property (@(posedge y) disable iff (!$isunknown(s1) && !$isunknown(s2)) p_s1_00_s2_others_y_is_0)
    else $error(""Assertion failed: When s1 is 00 and s2 is neither 00 nor 01, y should be 0"");

  assert property (@(posedge y) disable iff (!$isunknown(s1)) p_s1_01_y_is_1)
    else $error(""Assertion failed: When s1 is 01, y should be 1"");

  assert property (@(posedge y) disable iff (!$isunknown(s1)) p_s1_others_y_is_0)
    else $error(""Assertion failed: When s1 is neither 00 nor 01, y should be 0"");

endmodule",OK,1772743153.3617663,190,769
"module nested_case_6(input logic [2:0] a,b, output logic [2:0] y);
always_comb begin
  case(a)
    3'b001: begin
      case(b)
        3'b001: y = 3'b111;
        3'b010: y = 3'b000;
        default: y = 3'b001;
      endcase
    end
    default: y = 0;
  endcase
end
endmodule","module nested_case_6(input logic [2:0] a, b, output logic [2:0] y);

  // Properties for checking expected outputs
  property p_a001_b001;
    (a == 3'b001 && b == 3'b001) |-> (y == 3'b111);
  endproperty

  property p_a001_b010;
    (a == 3'b001 && b == 3'b010) |-> (y == 3'b000);
  endproperty

  property p_a001_b_others;
    (a == 3'b001 && !(b inside {3'b001, 3'b010})) |-> (y == 3'b001);
  endproperty

  property p_a_others;
    !(a == 3'b001) |-> (y == 3'b000);
  endproperty

  // Assertions to enforce the properties
  a_a001_b001: assert property (@(posedge y) disable iff (!$isunknown(a, b)) p_a001_b001)
    else $error(""Assertion failed for a=001 and b=001"");

  a_a001_b010: assert property (@(posedge y) disable iff (!$isunknown(a, b)) p_a001_b010)
    else $error(""Assertion failed for a=001 and b=010"");

  a_a001_b_others: assert property (@(posedge y) disable iff (!$isunknown(a, b)) p_a001_b_others)
    else $error(""Assertion failed for a=001 and b=others"");

  a_a_others: assert property (@(posedge y) disable iff (!$isunknown(a, b)) p_a_others)
    else $error(""Assertion failed for a=others"");

always_comb begin
  case(a)
    3'b001: begin
      case(b)
        3'b001: y = 3'b111;
        3'b010: y = 3'b000;
        default: y = 3'b001;
      endcase
    end
    default: y = 0;
  endcase
end

endmodule","** Error: prueba.sv(21): Too many parameters for '$isunknown'.
** Error: prueba.sv(24): Too many parameters for '$isunknown'.
** Error: prueba.sv(27): Too many parameters for '$isunknown'.
** Error: prueba.sv(30): Too many parameters for '$isunknown'.",1772743217.236944,194,605
"module nested_case_7(input logic [1:0] a,b,c, output logic [1:0] y);
always_comb begin
  case(a)
    2'b00: begin
      case(b)
        2'b00: y = c;
        default: y = 2'b00;
      endcase
    end
    default: y = 2'b11;
  endcase
end
endmodule","module nested_case_7(input logic [1:0] a, b, c, output logic [1:0] y);
  always_comb begin
    case(a)
      2'b00: begin
        case(b)
          2'b00: y = c;
          default: y = 2'b00;
        endcase
      end
      default: y = 2'b11;
    endcase
  end

  // Properties and asserts
  property p_a_00_b_00;
    (a == 2'b00 && b == 2'b00) |-> (y == c);
  endproperty

  assert property (@(posedge clk) disable iff (!reset_n) p_a_00_b_00)
    else $error(""When a is 00 and b is 00, y should be equal to c"");

  property p_a_not_00;
    (a != 2'b00) |-> (y == 2'b11);
  endproperty

  assert property (@(posedge clk) disable iff (!reset_n) p_a_not_00)
    else $error(""When a is not 00, y should be equal to 11"");

  property p_b_not_00;
    (a == 2'b00 && b != 2'b00) |-> (y == 2'b00);
  endproperty

  assert property (@(posedge clk) disable iff (!reset_n) p_b_not_00)
    else $error(""When a is 00 and b is not 00, y should be equal to 00"");

endmodule","** Error: prueba.sv(19): (vlog-2730) Undefined variable: 'clk'.
** Error: prueba.sv(19): (vlog-2730) Undefined variable: 'reset_n'.",1772743267.5112236,173,424
"module nested_case_8(input logic [3:0] a, input logic [1:0] b, output logic y);
always_comb begin
  case(a)
    4'hA: begin
      case(b)
        2'b00: y = 1;
        default: y = 0;
      endcase
    end
    default: y = 0;
  endcase
end
endmodule","module nested_case_8(input logic [3:0] a, input logic [1:0] b, output logic y);
  always_comb begin
    case(a)
      4'hA: begin
        case(b)
          2'b00: y = 1;
          default: y = 0;
        endcase
      end
      default: y = 0;
    endcase
  end

  // Properties and assertions
  property p_case_a_is_A_b_is_00;
    (a == 4'hA && b == 2'b00) |-> (y == 1);
  endproperty

  assert property (@(posedge a or posedge b) disable iff (!reset_n) p_case_a_is_A_b_is_00)
    else $error(""Assertion failed: When a is 4'hA and b is 2'b00, y should be 1."");

  property p_default_case;
    (a != 4'hA || b != 2'b00) |-> (y == 0);
  endproperty

  assert property (@(posedge a or posedge b) disable iff (!reset_n) p_default_case)
    else $error(""Assertion failed: When a is not 4'hA or b is not 2'b00, y should be 0."");
endmodule",** Error: prueba.sv(19): (vlog-2730) Undefined variable: 'reset_n'.,1772743302.7316144,169,381
"module nested_case_9(input logic [1:0] x,y, output logic z);
always_comb begin
  case(x)
    2'b01: begin
      case(y)
        2'b10: z = 1;
        default: z = 0;
      endcase
    end
    default: z = 0;
  endcase
end
endmodule","module nested_case_9(input logic [1:0] x, y, output logic z);
  
  // Original combinational always block
  always_comb begin
    case(x)
      2'b01: begin
        case(y)
          2'b10: z = 1;
          default: z = 0;
        endcase
      end
      default: z = 0;
    endcase
  end

  // Properties and assertions
  property p_x_01_y_10_z_1;
    @(posedge clk) disable iff (reset)
      (x == 2'b01 && y == 2'b10) |-> (z == 1);
  endproperty
  
  property p_other_combinations_z_0;
    @(posedge clk) disable iff (reset)
      !((x == 2'b01 && y == 2'b10)) |-> (z == 0);
  endproperty

  // Assertions
  a_x_01_y_10_z_1: assert property(p_x_01_y_10_z_1) else $error(""Assertion failed: When x is 2'b01 and y is 2'b10, z should be 1"");
  a_other_combinations_z_0: assert property(p_other_combinations_z_0) else $error(""Assertion failed: For all other combinations of x and y, z should be 0"");

endmodule","** Error: prueba.sv(18): (vlog-2730) Undefined variable: 'reset'.
** Error: prueba.sv(18): (vlog-2730) Undefined variable: 'clk'.
** Error: prueba.sv(23): (vlog-2730) Undefined variable: 'reset'.
** Error: prueba.sv(23): (vlog-2730) Undefined variable: 'clk'.
** Error (suppressible): prueba.sv(28): (vlog-1957) The sva directive is not sensitive to a clock. Unclocked directives are not supported.
** Error (suppressible): prueba.sv(29): (vlog-1957) The sva directive is not sensitive to a clock. Unclocked directives are not supported.
** Error: prueba.sv(18): (vlog-2730) Undefined variable: 'reset'.
** Error: prueba.sv(18): (vlog-2730) Undefined variable: 'clk'.",1772743334.389681,162,372
"module nested_case_10(input logic [2:0] a,b, output logic y);
always_comb begin
  case(a)
    3'b100: begin
      case(b)
        3'b001: y = 1;
        default: y = 0;
      endcase
    end
    default: y = 0;
  endcase
end
endmodule","module nested_case_10(input logic [2:0] a, b, output logic y);
  
  // Original combinational always block
  always_comb begin
    case(a)
      3'b100: begin
        case(b)
          3'b001: y = 1;
          default: y = 0;
        endcase
      end
      default: y = 0;
    endcase
  end

  // Properties and assertions
  property p_a_100_b_001_y_1;
    (a == 3'b100 && b == 3'b001) |=> (y == 1);
  endproperty
  
  assert property (p_a_100_b_001_y_1) else $error(""When a is 3'b100 and b is 3'b001, y should be 1"");

  property p_default_case_y_0;
    !((a == 3'b100 && b == 3'b001)) |=> (y == 0);
  endproperty
  
  assert property (p_default_case_y_0) else $error(""In all other cases, y should be 0"");

endmodule","** Error (suppressible): prueba.sv(21): (vlog-1957) The sva directive is not sensitive to a clock. Unclocked directives are not supported.
** Error (suppressible): prueba.sv(27): (vlog-1957) The sva directive is not sensitive to a clock. Unclocked directives are not supported.",1772743365.2778313,165,277
"module ff_case_1(input logic clk, rst, toggle, output logic state);
always_ff @(posedge clk or posedge rst) begin
  if (rst) state <= 0;
  else begin
    case(state)
      1'b0: if (toggle) state <= 1;
      1'b1: if (toggle) state <= 0;
    endcase
  end
end
endmodule","module ff_case_1(input logic clk, rst, toggle, output logic state);
always_ff @(posedge clk or posedge rst) begin
  if (rst) 
    state <= 0;
  else begin
    case(state)
      1'b0: if (toggle) state <= 1;
      1'b1: if (toggle) state <= 0;
    endcase
  end
end

// Properties and assertions
property reset_state;
  @(posedge clk) disable iff (rst)
    rst |-> (state == 0);
endproperty

assert property (reset_state) else $error(""State did not reset to 0 on rising edge of rst"");

property toggle_transition_0_to_1;
  @(posedge clk) disable iff (rst)
    state == 0 && toggle |=> state == 1;
endproperty

assert property (toggle_transition_0_to_1) else $error(""State did not transition from 0 to 1 on rising edge of toggle"");

property toggle_transition_1_to_0;
  @(posedge clk) disable iff (rst)
    state == 1 && toggle |=> state == 0;
endproperty

assert property (toggle_transition_1_to_0) else $error(""State did not transition from 1 to 0 on rising edge of toggle"");

endmodule",OK,1772743388.3283014,168,291
"module ff_case_2(input logic clk, rst, start, done, output logic [1:0] state);
always_ff @(posedge clk or posedge rst) begin
  if (rst) state <= 2'b00;
  else begin
    case(state)
      2'b00: if (start) state <= 2'b01;
      2'b01: if (done)  state <= 2'b00;
      default: state <= 2'b00;
    endcase
  end
end
endmodule","module ff_case_2(input logic clk, rst, start, done, output logic [1:0] state);

  // State register with reset and next-state logic
  always_ff @(posedge clk or posedge rst) begin
    if (rst) 
      state <= 2'b00;
    else begin
      case(state)
        2'b00: if (start) state <= 2'b01;
        2'b01: if (done)  state <= 2'b00;
        default: state <= 2'b00; // Default to reset state
      endcase
    end
  end

  // Properties and assertions
  property p_start_after_reset;
    @(posedge clk)
      disable iff (rst)
      rst ##1 start |-> (state == 2'b01);
  endproperty
  
  assert property (p_start_after_reset)
    else $error(""Assertion failed: state should transition to 01 after reset and start signal is asserted"");

  property p_done_resets_state;
    @(posedge clk)
      disable iff (rst)
      state == 2'b01 ##1 done |-> (state == 2'b00);
  endproperty
  
  assert property (p_done_resets_state)
    else $error(""Assertion failed: state should transition to 00 after being in 01 and done signal is asserted"");

endmodule",OK,1772743412.5451045,198,308
"module ff_case_3(input logic clk, rst, err, output logic bad);
always_ff @(posedge clk or posedge rst) begin
  if (rst) bad <= 0;
  else begin
    case(bad)
      1'b0: if (err) bad <= 1;
      1'b1: bad <= 1;
    endcase
  end
end
endmodule","module ff_case_3(input logic clk, rst, err, output logic bad);
  
  // Property to check that 'bad' goes high when 'err' is asserted and remains high after that
  property bad_on_err;
    @(posedge clk) disable iff (rst)
      err |=> bad ##1 0;
  endproperty

  // Assertion for the above property
  a_bad_on_err: assert property (bad_on_err) else $error(""Assertion failed: 'bad' did not go high when 'err' was asserted"");

  always_ff @(posedge clk or posedge rst) begin
    if (rst) bad <= 0;
    else begin
      case(bad)
        1'b0: if (err) bad <= 1;
        1'b1: bad <= 1;
      endcase
    end
  end

endmodule",OK,1772743438.2488823,165,273
"module ff_case_4(input logic clk, rst, input logic [1:0] mode, output logic [3:0] cnt);
always_ff @(posedge clk or posedge rst) begin
  if (rst) cnt <= 0;
  else begin
    case(mode)
      2'b00: cnt <= cnt;
      2'b01: cnt <= cnt + 1;
      2'b10: cnt <= cnt - 1;
      default: cnt <= 0;
    endcase
  end
end
endmodule","module ff_case_4(input logic clk, rst, input logic [1:0] mode, output logic [3:0] cnt);

  // Register to hold the counter value
  always_ff @(posedge clk or posedge rst) begin
    if (rst) 
      cnt <= 0;
    else begin
      case(mode)
        2'b00: cnt <= cnt;           // Hold current count
        2'b01: cnt <= cnt + 1;       // Increment count
        2'b10: cnt <= cnt - 1;       // Decrement count
        default: cnt <= 0;            // Reset count on invalid mode
      endcase
    end
  end

  // Properties and assertions
  property p_cnt_reset;
    @(posedge clk) rst |-> (cnt == 0) ##1 (cnt == 0);
  endproperty

  assert property(p_cnt_reset)
    else $error(""Counter did not reset properly"");

  property p_cnt_increment;
    @(posedge clk) disable iff(rst) (mode == 2'b01) |=> (cnt == $past(cnt) + 1);
  endproperty

  assert property(p_cnt_increment)
    else $error(""Counter did not increment properly"");

  property p_cnt_decrement;
    @(posedge clk) disable iff(rst) (mode == 2'b10) |=> (cnt == $past(cnt) - 1);
  endproperty

  assert property(p_cnt_decrement)
    else $error(""Counter did not decrement properly"");

endmodule",OK,1772743460.9761784,197,345
"module ff_case_5(input logic clk, rst, load, input logic [7:0] d, output logic [7:0] q);
always_ff @(posedge clk or posedge rst) begin
  if (rst) q <= 0;
  else begin
    case(load)
      1'b0: q <= q;
      1'b1: q <= d;
    endcase
  end
end
endmodule","module ff_case_5(input logic clk, rst, load, input logic [7:0] d, output logic [7:0] q);
  always_ff @(posedge clk or posedge rst) begin
    if (rst) 
      q <= 0;
    else begin
      case(load)
        1'b0: q <= q;
        1'b1: q <= d;
      endcase
    end
  end

  // Properties and Assertions
  property p_reset_q_zero;
    @(posedge clk) disable iff (rst) 
      rst |-> (q == 8'b0);
  endproperty
  
  a_reset_q_zero: assert property(p_reset_q_zero) else $error(""Error: q should be zero after reset"");

  property p_load_d_to_q;
    @(posedge clk) disable iff (rst)
      load & ~rst |=> (q == d);
  endproperty
  
  a_load_d_to_q: assert property(p_load_d_to_q) else $error(""Error: q should match d when load is high and reset is low"");

endmodule",OK,1772743489.7368164,172,241
"module ff_case_6(input logic clk, rst, timer, output logic [1:0] light);
always_ff @(posedge clk or posedge rst) begin
  if (rst) light <= 2'b00;
  else begin
    case(light)
      2'b00: if (timer) light <= 2'b01;
      2'b01: if (timer) light <= 2'b10;
      2'b10: if (timer) light <= 2'b00;
      default: light <= 2'b00;
    endcase
  end
end
endmodule","module ff_case_6(input logic clk, rst, timer, output logic [1:0] light);
  
  // Sequential block to update the light signal based on timer and reset
  always_ff @(posedge clk or posedge rst) begin
    if (rst) 
      light <= 2'b00;
    else begin
      case(light)
        2'b00: if (timer) light <= 2'b01;
        2'b01: if (timer) light <= 2'b10;
        2'b10: if (timer) light <= 2'b00;
        default: light <= 2'b00; // Ensure any invalid state resets to 00
      endcase
    end
  end

  // Properties and assertions
  property p_reset_behavior;
    @(posedge clk) disable iff (rst)
      $rose(rst) |=> (light == 2'b00);
  endproperty
  
  a_reset_behavior: assert property (p_reset_behavior)
    else $error(""After reset, light should be 2'b00"");

  property p_state_transition;
    @(posedge clk) disable iff (rst)
      (light == 2'b00 && timer) |=> (light == 2'b01) or
      (light == 2'b01 && timer) |=> (light == 2'b10) or
      (light == 2'b10 && timer) |=> (light == 2'b00);
  endproperty
  
  a_state_transition: assert property (p_state_transition)
    else $error(""Incorrect state transition detected"");

endmodule",OK,1772743509.8421175,214,363
"module ff_case_7(input logic clk, rst, stall, output logic [1:0] state);
always_ff @(posedge clk or posedge rst) begin
  if (rst) state <= 2'b00;
  else begin
    case(state)
      2'b00: state <= stall ? 2'b00 : 2'b01;
      2'b01: state <= stall ? 2'b01 : 2'b10;
      2'b10: state <= 2'b00;
      default: state <= 2'b00;
    endcase
  end
end
endmodule","module ff_case_7(input logic clk, rst, stall, output logic [1:0] state);

  // State flip-flop
  always_ff @(posedge clk or posedge rst) begin
    if (rst) state <= 2'b00;
    else begin
      case(state)
        2'b00: state <= stall ? 2'b00 : 2'b01;
        2'b01: state <= stall ? 2'b01 : 2'b10;
        2'b10: state <= 2'b00;
        default: state <= 2'b00;
      endcase
    end
  end

  // Properties and Assertions

  // Property: After reset, the state should be 00
  property p_reset_state;
    @(posedge clk) disable iff (rst)
    rst |=> (state == 2'b00);
  endproperty

  // Assertion for reset state
  a_reset_state: assert property(p_reset_state)
    else $error(""After reset, the state is not 00"");

  // Property: If stall is high, the state should remain unchanged
  property p_stall;
    @(posedge clk) disable iff (rst)
    (stall && state inside {2'b00, 2'b01}) |=> (state == $past(state));
  endproperty

  // Assertion for stall behavior
  a_stall: assert property(p_stall)
    else $error(""When stall is high, the state should remain unchanged"");

endmodule",OK,1772743540.0804489,218,401
"module ff_case_8(input logic clk, rst, en, input logic [3:0] d, output logic [3:0] q);
always_ff @(posedge clk or posedge rst) begin
  if (rst) q <= 0;
  else begin
    case(en)
      1'b1: q <= d;
      1'b0: q <= q;
    endcase
  end
end
endmodule","module ff_case_8(input logic clk, rst, en, input logic [3:0] d, output logic [3:0] q);

  // Register
  always_ff @(posedge clk or posedge rst) begin
    if (rst) 
      q <= 0;
    else begin
      case(en)
        1'b1: q <= d;
        1'b0: q <= q;
      endcase
    end
  end

  // Property to check that q is reset to 0 on a rising edge of rst
  property reset_check;
    @(posedge clk) disable iff (rst)
      rst |-> (q == 4'b0);
  endproperty

  // Assertion for the reset_check property
  assert property(reset_check) else $error(""Assertion failed: q is not reset to 0 on a rising edge of rst"");

  // Property to check that q is assigned d when en is high
  property load_check;
    @(posedge clk) disable iff (rst)
      rst == 1'b0 && en == 1'b1 |-> (q == $past(d));
  endproperty

  // Assertion for the load_check property
  assert property(load_check) else $error(""Assertion failed: q is not loaded with d when en is high"");

endmodule",OK,1772743573.4821866,172,387
"module ff_case_9(input logic clk, rst, inc, output logic [2:0] cnt);
always_ff @(posedge clk or posedge rst) begin
  if (rst) cnt <= 0;
  else begin
    case(cnt)
      3'b111: cnt <= cnt;
      default: if (inc) cnt <= cnt + 1;
    endcase
  end
end
endmodule","module ff_case_9(input logic clk, rst, inc, output logic [2:0] cnt);
  always_ff @(posedge clk or posedge rst) begin
    if (rst) 
      cnt <= 0;
    else begin
      case(cnt)
        3'b111: cnt <= cnt;
        default: if (inc) cnt <= cnt + 1;
      endcase
    end
  end

  // Property to check that the counter resets to 0 when rst is asserted
  property reset_prop;
    @(posedge clk) disable iff (rst)
      rst |=> (cnt == 0);
  endproperty

  // Asserting the reset property
  assert property (reset_prop)
    else $error(""Counter did not reset to 0 on rising edge of reset"");

  // Property to check that the counter increments only when inc is asserted and cnt is less than 7
  property increment_prop;
    @(posedge clk) disable iff (rst)
      (!rst && inc && (cnt < 3'b111)) |=> (cnt == $past(cnt) + 1);
  endproperty

  // Asserting the increment property
  assert property (increment_prop)
    else $error(""Counter did not increment correctly when inc was asserted"");

endmodule",OK,1772743605.603042,169,283
"module ff_case_10(input logic clk, rst, fail, output logic [1:0] state);
always_ff @(posedge clk or posedge rst) begin
  if (rst) state <= 2'b00;
  else begin
    case(state)
      2'b00: state <= 2'b01;
      2'b01: state <= fail ? 2'b10 : 2'b00;
      2'b10: state <= 2'b01;
      default: state <= 2'b00;
    endcase
  end
end
endmodule","module ff_case_10(input logic clk, rst, fail, output logic [1:0] state);
  always_ff @(posedge clk or posedge rst) begin
    if (rst) 
      state <= 2'b00;
    else begin
      case(state)
        2'b00: state <= 2'b01;
        2'b01: state <= fail ? 2'b10 : 2'b00;
        2'b10: state <= 2'b01;
        default: state <= 2'b00;
      endcase
    end
  end

  // Property to check that the state transitions correctly from 00 to 01
  property p_state_00_to_01;
    @(posedge clk) disable iff (rst)
    (state == 2'b00) |-> (state == 2'b01);
  endproperty

  // Property to check that the state transitions correctly from 01 to either 00 or 10 based on fail signal
  property p_state_01_to_00_or_10;
    @(posedge clk) disable iff (rst)
    (state == 2'b01) |-> (state == 2'b00 || state == 2'b10);
  endproperty

  // Property to check that the state transitions correctly from 10 to 01
  property p_state_10_to_01;
    @(posedge clk) disable iff (rst)
    (state == 2'b10) |-> (state == 2'b01);
  endproperty

  // Property to check that the state never goes to an invalid value other than 00, 01, or 10
  property p_state_valid;
    @(posedge clk) disable iff (rst)
    (state inside {2'b00, 2'b01, 2'b10});
  endproperty

  // Assertions based on the properties defined above
  assert property (p_state_00_to_01) else $error(""State did not transition from 00 to 01"");
  assert property (p_state_01_to_00_or_10) else $error(""State did not transition from 01 to either 00 or 10 based on fail signal"");
  assert property (p_state_10_to_01) else $error(""State did not transition from 10 to 01"");
  assert property (p_state_valid) else $error(""State went to an invalid value"");

endmodule",OK,1772743629.1648948,211,639
"module multi_case_1(input logic [1:0] sel, output logic en, valid);
always_comb begin
  case(sel)
    2'b00: begin en = 0; valid = 0; end
    2'b01: begin en = 1; valid = 0; end
    2'b10: begin en = 1; valid = 1; end
    default: begin en = 0; valid = 0; end
  endcase
end
endmodule","module multi_case_1(input logic [1:0] sel, output logic en, valid);

  always_comb begin
    case(sel)
      2'b00: begin en = 0; valid = 0; end
      2'b01: begin en = 1; valid = 0; end
      2'b10: begin en = 1; valid = 1; end
      default: begin en = 0; valid = 0; end
    endcase
  end

  // Properties and assertions
  property sel_00_prop;
    @(posedge sel) disable iff (sel != 2'b00)
    sel == 2'b00 |-> (en == 0 && valid == 0);
  endproperty

  property sel_01_prop;
    @(posedge sel) disable iff (sel != 2'b01)
    sel == 2'b01 |-> (en == 1 && valid == 0);
  endproperty

  property sel_10_prop;
    @(posedge sel) disable iff (sel != 2'b10)
    sel == 2'b10 |-> (en == 1 && valid == 1);
  endproperty

  assert property (sel_00_prop) else $error(""Assertion failed for sel = 2'b00"");
  assert property (sel_01_prop) else $error(""Assertion failed for sel = 2'b01"");
  assert property (sel_10_prop) else $error(""Assertion failed for sel = 2'b10"");

endmodule",OK,1772743682.2913918,191,445
"module multi_case_2(input logic [1:0] op, output logic we, mode);
always_comb begin
  case(op)
    2'b00: begin we = 0; mode = 0; end
    2'b01: begin we = 1; mode = 0; end
    2'b10: begin we = 1; mode = 1; end
    default: begin we = 0; mode = 0; end
  endcase
end
endmodule","module multi_case_2(input logic [1:0] op, output logic we, mode);
always_comb begin
  case(op)
    2'b00: begin we = 0; mode = 0; end
    2'b01: begin we = 1; mode = 0; end
    2'b10: begin we = 1; mode = 1; end
    default: begin we = 0; mode = 0; end
  endcase
end

// Properties and asserts
property p_op_00;
  @(posedge op) disable iff (op != 2'b00)
  (op == 2'b00) |=> (we == 0 && mode == 0);
endproperty

property p_op_01;
  @(posedge op) disable iff (op != 2'b01)
  (op == 2'b01) |=> (we == 1 && mode == 0);
endproperty

property p_op_10;
  @(posedge op) disable iff (op != 2'b10)
  (op == 2'b10) |=> (we == 1 && mode == 1);
endproperty

property p_default;
  @(posedge op) disable iff (!(op inside {2'b00, 2'b01, 2'b10}))
  !(op inside {2'b00, 2'b01, 2'b10}) |=> (we == 0 && mode == 0);
endproperty

assert property (p_op_00) else $error(""Assertion failed for op = 2'b00"");
assert property (p_op_01) else $error(""Assertion failed for op = 2'b01"");
assert property (p_op_10) else $error(""Assertion failed for op = 2'b10"");
assert property (p_default) else $error(""Assertion failed for default case"");

endmodule",OK,1772743719.3114994,191,434
"module multi_case_3(input logic [1:0] state, output logic ready, valid);
always_comb begin
  case(state)
    2'b00: begin ready = 1; valid = 0; end
    2'b01: begin ready = 0; valid = 1; end
    default: begin ready = 0; valid = 0; end
  endcase
end
endmodule","module multi_case_3(input logic [1:0] state, 
                    output logic ready, valid);

  // Properties for assertions
  property p_state_00;
    @(posedge clk) disable iff (reset)
      (state == 2'b00) |-> (ready == 1 && valid == 0);
  endproperty

  property p_state_01;
    @(posedge clk) disable iff (reset)
      (state == 2'b01) |-> (ready == 0 && valid == 1);
  endproperty

  property p_state_default;
    @(posedge clk) disable iff (reset)
      (state != 2'b00 && state != 2'b01) |-> (ready == 0 && valid == 0);
  endproperty

  // Assertions based on the properties
  a_state_00: assert property(p_state_00) else $error(""Assertion failed in state 2'b00"");
  a_state_01: assert property(p_state_01) else $error(""Assertion failed in state 2'b01"");
  a_state_default: assert property(p_state_default) else $error(""Assertion failed in default state"");

  always_comb begin
    case(state)
      2'b00: begin ready = 1; valid = 0; end
      2'b01: begin ready = 0; valid = 1; end
      default: begin ready = 0; valid = 0; end
    endcase
  end

endmodule","** Error: prueba.sv(6): (vlog-2730) Undefined variable: 'reset'.
** Error: prueba.sv(6): (vlog-2730) Undefined variable: 'clk'.
** Error: prueba.sv(11): (vlog-2730) Undefined variable: 'reset'.
** Error: prueba.sv(11): (vlog-2730) Undefined variable: 'clk'.
** Error: prueba.sv(16): (vlog-2730) Undefined variable: 'reset'.
** Error: prueba.sv(16): (vlog-2730) Undefined variable: 'clk'.
** Error (suppressible): prueba.sv(21): (vlog-1957) The sva directive is not sensitive to a clock. Unclocked directives are not supported.
** Error (suppressible): prueba.sv(22): (vlog-1957) The sva directive is not sensitive to a clock. Unclocked directives are not supported.
** Error (suppressible): prueba.sv(23): (vlog-1957) The sva directive is not sensitive to a clock. Unclocked directives are not supported.
** Error: prueba.sv(6): (vlog-2730) Undefined variable: 'reset'.
** Error: prueba.sv(6): (vlog-2730) Undefined variable: 'clk'.",1772743755.4295237,171,396
"module multi_case_4(input logic [1:0] code, output logic err, halt);
always_comb begin
  case(code)
    2'b00: begin err = 0; halt = 0; end
    2'b01: begin err = 1; halt = 0; end
    2'b10: begin err = 1; halt = 1; end
    default: begin err = 0; halt = 0; end
  endcase
end
endmodule","module multi_case_4(input logic [1:0] code, output logic err, halt);

always_comb begin
  case(code)
    2'b00: begin err = 0; halt = 0; end
    2'b01: begin err = 1; halt = 0; end
    2'b10: begin err = 1; halt = 1; end
    default: begin err = 0; halt = 0; end
  endcase
end

// Properties and assertions
property p_default_case;
  @(posedge code) disable iff (code inside {2'b00, 2'b01, 2'b10}) 
  (code != 2'b00 && code != 2'b01 && code != 2'b10) |-> (err == 0 && halt == 0);
endproperty

assert property (p_default_case)
else $error(""Default case failed: err should be 0 and halt should be 0 for undefined codes"");

property p_code_00;
  @(posedge code) (code == 2'b00) |-> (err == 0 && halt == 0);
endproperty

assert property (p_code_00)
else $error(""Code 00 failed: err should be 0 and halt should be 0"");

property p_code_01;
  @(posedge code) (code == 2'b01) |-> (err == 1 && halt == 0);
endproperty

assert property (p_code_01)
else $error(""Code 01 failed: err should be 1 and halt should be 0"");

property p_code_10;
  @(posedge code) (code == 2'b10) |-> (err == 1 && halt == 1);
endproperty

assert property (p_code_10)
else $error(""Code 10 failed: err should be 1 and halt should be 1"");

endmodule",OK,1772743788.3233783,191,439
"module multi_case_5(input logic [2:0] cmd, output logic rd, wr, busy);
always_comb begin
  case(cmd)
    3'b000: begin rd=0; wr=0; busy=0; end
    3'b001: begin rd=1; wr=0; busy=1; end
    3'b010: begin rd=0; wr=1; busy=1; end
    default: begin rd=0; wr=0; busy=0; end
  endcase
end
endmodule","module multi_case_5(
    input logic [2:0] cmd, 
    output logic rd, wr, busy
);

// Define properties for the outputs based on the input command
property p_cmd_001;
    @(posedge clk) disable iff (reset)
        (cmd == 3'b001) |-> (rd == 1 && wr == 0 && busy == 1);
endproperty

property p_cmd_010;
    @(posedge clk) disable iff (reset)
        (cmd == 3'b010) |-> (rd == 0 && wr == 1 && busy == 1);
endproperty

property p_default;
    @(posedge clk) disable iff (reset)
        !(cmd inside {3'b001, 3'b010}) |-> (rd == 0 && wr == 0 && busy == 0);
endproperty

// Assert properties
assert property (p_cmd_001) else $error(""Assertion failed for cmd 001"");
assert property (p_cmd_010) else $error(""Assertion failed for cmd 010"");
assert property (p_default) else $error(""Assertion failed for default case"");

always_comb begin
    case(cmd)
        3'b000: begin rd = 0; wr = 0; busy = 0; end
        3'b001: begin rd = 1; wr = 0; busy = 1; end
        3'b010: begin rd = 0; wr = 1; busy = 1; end
        default: begin rd = 0; wr = 0; busy = 0; end
    endcase
end

// Assuming clk and reset are defined externally
// input logic clk;
// input logic reset;

endmodule","** Error: prueba.sv(8): (vlog-2730) Undefined variable: 'reset'.
** Error: prueba.sv(8): (vlog-2730) Undefined variable: 'clk'.
** Error: prueba.sv(13): (vlog-2730) Undefined variable: 'reset'.
** Error: prueba.sv(13): (vlog-2730) Undefined variable: 'clk'.
** Error: prueba.sv(18): (vlog-2730) Undefined variable: 'reset'.
** Error: prueba.sv(18): (vlog-2730) Undefined variable: 'clk'.
** Error (suppressible): prueba.sv(23): (vlog-1957) The sva directive is not sensitive to a clock. Unclocked directives are not supported.
** Error (suppressible): prueba.sv(24): (vlog-1957) The sva directive is not sensitive to a clock. Unclocked directives are not supported.
** Error (suppressible): prueba.sv(25): (vlog-1957) The sva directive is not sensitive to a clock. Unclocked directives are not supported.
** Error: prueba.sv(8): (vlog-2730) Undefined variable: 'reset'.
** Error: prueba.sv(8): (vlog-2730) Undefined variable: 'clk'.",1772743824.8730035,204,499
"module multi_case_6(input logic [1:0] pwr, output logic core_on, io_on);
always_comb begin
  case(pwr)
    2'b00: begin core_on=0; io_on=0; end
    2'b01: begin core_on=1; io_on=0; end
    2'b10: begin core_on=1; io_on=1; end
    default: begin core_on=0; io_on=0; end
  endcase
end
endmodule","module multi_case_6(input logic [1:0] pwr, output logic core_on, io_on);
always_comb begin
  case(pwr)
    2'b00: begin core_on=0; io_on=0; end
    2'b01: begin core_on=1; io_on=0; end
    2'b10: begin core_on=1; io_on=1; end
    default: begin core_on=0; io_on=0; end
  endcase
end

// Properties and assertions
property p_core_off_when_pwr_00;
  @(posedge clk) disable iff (reset)
  pwr == 2'b00 |=> core_on == 0;
endproperty

property p_io_off_when_pwr_00;
  @(posedge clk) disable iff (reset)
  pwr == 2'b00 |=> io_on == 0;
endproperty

property p_core_on_when_pwr_01;
  @(posedge clk) disable iff (reset)
  pwr == 2'b01 |=> core_on == 1;
endproperty

property p_io_off_when_pwr_01;
  @(posedge clk) disable iff (reset)
  pwr == 2'b01 |=> io_on == 0;
endproperty

property p_core_on_when_pwr_10;
  @(posedge clk) disable iff (reset)
  pwr == 2'b10 |=> core_on == 1;
endproperty

property p_io_on_when_pwr_10;
  @(posedge clk) disable iff (reset)
  pwr == 2'b10 |=> io_on == 1;
endproperty

assert property (p_core_off_when_pwr_00) else $error(""core_on should be off when pwr is 00"");
assert property (p_io_off_when_pwr_00) else $error(""io_on should be off when pwr is 00"");
assert property (p_core_on_when_pwr_01) else $error(""core_on should be on when pwr is 01"");
assert property (p_io_off_when_pwr_01) else $error(""io_on should be off when pwr is 01"");
assert property (p_core_on_when_pwr_10) else $error(""core_on should be on when pwr is 10"");
assert property (p_io_on_when_pwr_10) else $error(""io_on should be on when pwr is 10"");

endmodule","** Error: prueba.sv(13): (vlog-2730) Undefined variable: 'reset'.
** Error: prueba.sv(13): (vlog-2730) Undefined variable: 'clk'.
** Error: prueba.sv(18): (vlog-2730) Undefined variable: 'reset'.
** Error: prueba.sv(18): (vlog-2730) Undefined variable: 'clk'.
** Error: prueba.sv(23): (vlog-2730) Undefined variable: 'reset'.
** Error: prueba.sv(23): (vlog-2730) Undefined variable: 'clk'.
** Error: prueba.sv(28): (vlog-2730) Undefined variable: 'reset'.
** Error: prueba.sv(28): (vlog-2730) Undefined variable: 'clk'.
** Error: prueba.sv(33): (vlog-2730) Undefined variable: 'reset'.
** Error: prueba.sv(33): (vlog-2730) Undefined variable: 'clk'.
** Error: prueba.sv(38): (vlog-2730) Undefined variable: 'reset'.
** Error: prueba.sv(38): (vlog-2730) Undefined variable: 'clk'.
** Error (suppressible): prueba.sv(42): (vlog-1957) The sva directive is not sensitive to a clock. Unclocked directives are not supported.
** Error (suppressible): prueba.sv(43): (vlog-1957) The sva directive is not sensitive to a clock. Unclocked directives are not supported.
** Error (suppressible): prueba.sv(44): (vlog-1957) The sva directive is not sensitive to a clock. Unclocked directives are not supported.
** Error (suppressible): prueba.sv(45): (vlog-1957) The sva directive is not sensitive to a clock. Unclocked directives are not supported.
** Error (suppressible): prueba.sv(46): (vlog-1957) The sva directive is not sensitive to a clock. Unclocked directives are not supported.
** Error (suppressible): prueba.sv(47): (vlog-1957) The sva directive is not sensitive to a clock. Unclocked directives are not supported.
** Error: prueba.sv(13): (vlog-2730) Undefined variable: 'reset'.
** Error: prueba.sv(13): (vlog-2730) Undefined variable: 'clk'.",1772743866.394919,195,608
"module multi_case_7(input logic [1:0] level, output logic full, empty);
always_comb begin
  case(level)
    2'b00: begin empty=1; full=0; end
    2'b11: begin empty=0; full=1; end
    default: begin empty=0; full=0; end
  endcase
end
endmodule","module multi_case_7(input logic [1:0] level, output logic full, empty);
  
  // Define properties
  property p_empty_full;
    @(posedge level) disable iff (level == 2'b10 || level == 2'b01)
      (level == 2'b00 |-> empty == 1 && full == 0) and
      (level == 2'b11 |-> empty == 0 && full == 1) and
      ((level == 2'b01 || level == 2'b10) |-> empty == 0 && full == 0);
  endproperty

  // Assert properties
  a_empty_full: assert property (p_empty_full)
    else $error(""Error: Violation of the empty/full state machine behavior"");

  always_comb begin
    case(level)
      2'b00: begin empty=1; full=0; end
      2'b11: begin empty=0; full=1; end
      default: begin empty=0; full=0; end
    endcase
  end

endmodule",OK,1772743916.8682318,165,247
"module multi_case_8(input logic [1:0] resp, output logic ok, retry, fail);
always_comb begin
  case(resp)
    2'b00: begin ok=1; retry=0; fail=0; end
    2'b01: begin ok=0; retry=1; fail=0; end
    2'b10: begin ok=0; retry=0; fail=1; end
    default: begin ok=0; retry=0; fail=0; end
  endcase
end
endmodule","module multi_case_8(input logic [1:0] resp, output logic ok, retry, fail);
always_comb begin
  case(resp)
    2'b00: begin ok=1; retry=0; fail=0; end
    2'b01: begin ok=0; retry=1; fail=0; end
    2'b10: begin ok=0; retry=0; fail=1; end
    default: begin ok=0; retry=0; fail=0; end
  endcase
end

// Properties and Assertions
property p_resp_00;
    @(posedge clk) disable iff (reset)
        (resp == 2'b00) |-> (ok == 1 && retry == 0 && fail == 0);
endproperty

property p_resp_01;
    @(posedge clk) disable iff (reset)
        (resp == 2'b01) |-> (ok == 0 && retry == 1 && fail == 0);
endproperty

property p_resp_10;
    @(posedge clk) disable iff (reset)
        (resp == 2'b10) |-> (ok == 0 && retry == 0 && fail == 1);
endproperty

property p_resp_default;
    @(posedge clk) disable iff (reset)
        (!($isunknown(resp)) && !(resp inside {2'b00, 2'b01, 2'b10})) |-> (ok == 0 && retry == 0 && fail == 0);
endproperty

assert property (p_resp_00) else $error(""Assertion failed for resp = 2'b00"");
assert property (p_resp_01) else $error(""Assertion failed for resp = 2'b01"");
assert property (p_resp_10) else $error(""Assertion failed for resp = 2'b10"");
assert property (p_resp_default) else $error(""Assertion failed for default case"");

endmodule","** Error: prueba.sv(13): (vlog-2730) Undefined variable: 'reset'.
** Error: prueba.sv(13): (vlog-2730) Undefined variable: 'clk'.
** Error: prueba.sv(18): (vlog-2730) Undefined variable: 'reset'.
** Error: prueba.sv(18): (vlog-2730) Undefined variable: 'clk'.
** Error: prueba.sv(23): (vlog-2730) Undefined variable: 'reset'.
** Error: prueba.sv(23): (vlog-2730) Undefined variable: 'clk'.
** Error: prueba.sv(28): (vlog-2730) Undefined variable: 'reset'.
** Error: prueba.sv(28): (vlog-2730) Undefined variable: 'clk'.
** Error (suppressible): prueba.sv(32): (vlog-1957) The sva directive is not sensitive to a clock. Unclocked directives are not supported.
** Error (suppressible): prueba.sv(33): (vlog-1957) The sva directive is not sensitive to a clock. Unclocked directives are not supported.
** Error (suppressible): prueba.sv(34): (vlog-1957) The sva directive is not sensitive to a clock. Unclocked directives are not supported.
** Error (suppressible): prueba.sv(35): (vlog-1957) The sva directive is not sensitive to a clock. Unclocked directives are not supported.
** Error: prueba.sv(13): (vlog-2730) Undefined variable: 'reset'.
** Error: prueba.sv(13): (vlog-2730) Undefined variable: 'clk'.",1772743937.4373667,201,499
"module multi_case_9(input logic [1:0] st, output logic valid, dirty);
always_comb begin
  case(st)
    2'b00: begin valid=0; dirty=0; end
    2'b01: begin valid=1; dirty=0; end
    2'b10: begin valid=1; dirty=1; end
    default: begin valid=0; dirty=0; end
  endcase
end
endmodule","module multi_case_9(
    input logic [1:0] st, 
    output logic valid, 
    output logic dirty
);

// Properties and assertions
property p_st_valid;
    @(posedge clk) disable iff (reset)
        st inside {2'b01, 2'b10} |-> valid == 1;
endproperty

property p_st_dirty;
    @(posedge clk) disable iff (reset)
        st == 2'b10 |-> dirty == 1;
endproperty

assert property (p_st_valid) else $error(""valid not set correctly for states 01 and 10"");
assert property (p_st_dirty) else $error(""dirty not set correctly for state 10"");

always_comb begin
    case(st)
        2'b00: begin 
            valid = 0; 
            dirty = 0; 
        end
        2'b01: begin 
            valid = 1; 
            dirty = 0; 
        end
        2'b10: begin 
            valid = 1; 
            dirty = 1; 
        end
        default: begin 
            valid = 0; 
            dirty = 0; 
        end
    endcase
end

endmodule","** Error: prueba.sv(9): (vlog-2730) Undefined variable: 'reset'.
** Error: prueba.sv(9): (vlog-2730) Undefined variable: 'clk'.
** Error: prueba.sv(14): (vlog-2730) Undefined variable: 'reset'.
** Error: prueba.sv(14): (vlog-2730) Undefined variable: 'clk'.
** Error (suppressible): prueba.sv(18): (vlog-1957) The sva directive is not sensitive to a clock. Unclocked directives are not supported.
** Error (suppressible): prueba.sv(19): (vlog-1957) The sva directive is not sensitive to a clock. Unclocked directives are not supported.
** Error: prueba.sv(9): (vlog-2730) Undefined variable: 'reset'.
** Error: prueba.sv(9): (vlog-2730) Undefined variable: 'clk'.",1772743978.884188,183,339
"module multi_case_10(input logic [1:0] g, output logic gnt0, gnt1);
always_comb begin
  case(g)
    2'b01: begin gnt0=1; gnt1=0; end
    2'b10: begin gnt0=0; gnt1=1; end
    default: begin gnt0=0; gnt1=0; end
  endcase
end
endmodule","module multi_case_10(input logic [1:0] g, output logic gnt0, gnt1);

  // Combinational logic to assign outputs based on input g
  always_comb begin
    case(g)
      2'b01: begin 
        gnt0 = 1; 
        gnt1 = 0; 
      end
      2'b10: begin 
        gnt0 = 0; 
        gnt1 = 1; 
      end
      default: begin 
        gnt0 = 0; 
        gnt1 = 0; 
      end
    endcase
  end

  // Properties and assertions
  property p_gnt0;
    @(posedge clk) disable iff (reset_n == 0)
      (g == 2'b01) |-> ##1 (gnt0 == 1);
  endproperty
  
  property p_gnt1;
    @(posedge clk) disable iff (reset_n == 0)
      (g == 2'b10) |-> ##1 (gnt1 == 1);
  endproperty

  // Assertions based on the properties
  assert property (p_gnt0) else $error(""Assertion failed: gnt0 should be high when g is 2'b01"");
  assert property (p_gnt1) else $error(""Assertion failed: gnt1 should be high when g is 2'b10"");

endmodule","** Error: prueba.sv(23): (vlog-2730) Undefined variable: 'reset_n'.
** Error: prueba.sv(23): (vlog-2730) Undefined variable: 'clk'.",1772744007.043702,182,389
"module slice_case_1(input logic [1:0] a, input logic b, output logic y);
always_comb begin
  case({a,b})
    3'b000: y = 0;
    3'b101: y = 1;
    default: y = 0;
  endcase
end
endmodule","module slice_case_1(
    input logic [1:0] a,
    input logic b,
    output logic y
);

// Combinational always block
always_comb begin
    case({a, b})
        3'b000: y = 0;
        3'b101: y = 1;
        default: y = 0;
    endcase
end

// Property to check if output is correct for specific inputs
property p_output_correct;
    @(posedge a or posedge b) disable iff ($changed({a, b}))
    ({a, b} == 3'b000 |-> y == 0)
    and
    ({a, b} == 3'b101 |-> y == 1)
    and
    (!(({a, b} == 3'b000) || ({a, b} == 3'b101)) |-> y == 0);
endproperty

// Assertion to check the property
assert property (p_output_correct) else $error(""Output is incorrect for inputs {a, b}"");

endmodule",** Error: prueba.sv(18): (vlog-13452) Could not determine the clocking event for '$changed'.,1772744039.3715394,153,320
"module slice_case_2(input logic [3:0] x, output logic y);
always_comb begin
  case({x[3:2],x[0]})
    3'b100: y = 1;
    3'b011: y = 0;
    default: y = 0;
  endcase
end
endmodule","module slice_case_2(input logic [3:0] x, output logic y);
always_comb begin
  case({x[3:2],x[0]})
    3'b100: y = 1;
    3'b011: y = 0;
    default: y = 0;
  endcase
end

// Properties and asserts
property p_x_valid_values;
  @(posedge clk) disable iff (!reset_n)
  x inside {[0:15]};
endproperty

assert property (p_x_valid_values) else $error(""x is out of valid range"");

property p_y_behavior_1;
  @(posedge clk) disable iff (!reset_n)
  ({x[3:2],x[0]} == 3'b100) |-> (y == 1);
endproperty

assert property (p_y_behavior_1) else $error(""When {x[3:2], x[0]} is 3'b100, y should be 1"");

property p_y_behavior_0;
  @(posedge clk) disable iff (!reset_n)
  ({x[3:2],x[0]} == 3'b011) |-> (y == 0);
endproperty

assert property (p_y_behavior_0) else $error(""When {x[3:2], x[0]} is 3'b011, y should be 0"");

property p_y_default_behavior;
  @(posedge clk) disable iff (!reset_n)
  ({x[3:2],x[0]} != 3'b100 && {x[3:2],x[0]} != 3'b011) |-> (y == 0);
endproperty

assert property (p_y_default_behavior) else $error(""When {x[3:2], x[0]} is neither 3'b100 nor 3'b011, y should be 0"");

endmodule","** Error: prueba.sv(12): (vlog-2730) Undefined variable: 'reset_n'.
** Error: prueba.sv(12): (vlog-2730) Undefined variable: 'clk'.",1772744065.9648082,156,514
"module slice_case_3(input logic [1:0] a,b, output logic y);
always_comb begin
  case({a[1],b})
    3'b101: y = 1;
    default: y = 0;
  endcase
end
endmodule","module slice_case_3(input logic [1:0] a, b, output logic y);

always_comb begin
  case({a[1], b})
    3'b101: y = 1;
    default: y = 0;
  endcase
end

// Properties and assertions
property p_case_3;
  @(posedge clk) disable iff (reset)
  ({a[1], b} == 3'b101) |-> (y == 1);
endproperty

assert property (p_case_3) else $error(""Assertion failed in slice_case_3: y should be 1 when {a[1], b} is 3'b101"");

property p_default_case_3;
  @(posedge clk) disable iff (reset)
  ({a[1], b} != 3'b101) |-> (y == 0);
endproperty

assert property (p_default_case_3) else $error(""Assertion failed in slice_case_3: y should be 0 when {a[1], b} is not 3'b101"");

endmodule","** Error: prueba.sv(12): (vlog-2730) Undefined variable: 'reset'.
** Error: prueba.sv(12): (vlog-2730) Undefined variable: 'clk'.
** Error (suppressible): prueba.sv(16): (vlog-1957) The sva directive is not sensitive to a clock. Unclocked directives are not supported.
** Error: prueba.sv(19): (vlog-2730) Undefined variable: 'reset'.
** Error: prueba.sv(19): (vlog-2730) Undefined variable: 'clk'.
** Error (suppressible): prueba.sv(23): (vlog-1957) The sva directive is not sensitive to a clock. Unclocked directives are not supported.
** Error: prueba.sv(12): (vlog-2730) Undefined variable: 'reset'.
** Error: prueba.sv(12): (vlog-2730) Undefined variable: 'clk'.",1772744108.6129243,140,293
"module slice_case_4(input logic [2:0] op, input logic z, output logic go);
always_comb begin
  case({op[1:0],z})
    3'b001: go = 1;
    3'b111: go = 1;
    default: go = 0;
  endcase
end
endmodule","module slice_case_4(
    input logic [2:0] op,
    input logic z,
    output logic go
);

always_comb begin
  case({op[1:0],z})
    3'b001: go = 1;
    3'b111: go = 1;
    default: go = 0;
  endcase
end

// Properties and assertions
property p_go_active;
  @(posedge clk) disable iff (reset)
  ({op[1:0], z} == 3'b001 || {op[1:0], z} == 3'b111) |-> go;
endproperty

assert property (p_go_active) else $error(""Assertion failed: go should be active when op[1:0] and z match the conditions"");

property p_go_inactive;
  @(posedge clk) disable iff (reset)
  !({op[1:0], z} == 3'b001 || {op[1:0], z} == 3'b111) |-> !go;
endproperty

assert property (p_go_inactive) else $error(""Assertion failed: go should be inactive when op[1:0] and z do not match the conditions"");

endmodule","** Error: prueba.sv(17): (vlog-2730) Undefined variable: 'reset'.
** Error: prueba.sv(17): (vlog-2730) Undefined variable: 'clk'.
** Error (suppressible): prueba.sv(21): (vlog-1957) The sva directive is not sensitive to a clock. Unclocked directives are not supported.
** Error: prueba.sv(24): (vlog-2730) Undefined variable: 'reset'.
** Error: prueba.sv(24): (vlog-2730) Undefined variable: 'clk'.
** Error (suppressible): prueba.sv(28): (vlog-1957) The sva directive is not sensitive to a clock. Unclocked directives are not supported.
** Error: prueba.sv(17): (vlog-2730) Undefined variable: 'reset'.
** Error: prueba.sv(17): (vlog-2730) Undefined variable: 'clk'.",1772744132.9536352,158,334
"module slice_case_5(input logic [7:0] addr, output logic hit);
always_comb begin
  case({addr[7],addr[2:0]})
    4'b1001: hit = 1;
    4'b1010: hit = 1;
    default: hit = 0;
  endcase
end
endmodule","module slice_case_5(input logic [7:0] addr, output logic hit);
  
  // Properties and Assertions
  property p_hit_assert;
    @(posedge clk) disable iff (reset)
      ({addr[7], addr[2:0]} inside {4'b1001, 4'b1010}) |-> (hit == 1);
  endproperty

  property p_no_hit_assert;
    @(posedge clk) disable iff (reset)
      !({addr[7], addr[2:0]} inside {4'b1001, 4'b1010}) |-> (hit == 0);
  endproperty

  // Assertions
  a_hit : assert property (p_hit_assert) else $error(""Hit is not asserted when it should be."");
  a_no_hit : assert property (p_no_hit_assert) else $error(""Hit is asserted when it should not be."");

always_comb begin
  case({addr[7],addr[2:0]})
    4'b1001: hit = 1;
    4'b1010: hit = 1;
    default: hit = 0;
  endcase
end

endmodule","** Error: prueba.sv(5): (vlog-2730) Undefined variable: 'reset'.
** Error: prueba.sv(5): (vlog-2730) Undefined variable: 'clk'.
** Error: prueba.sv(10): (vlog-2730) Undefined variable: 'reset'.
** Error: prueba.sv(10): (vlog-2730) Undefined variable: 'clk'.
** Error (suppressible): prueba.sv(15): (vlog-1957) The sva directive is not sensitive to a clock. Unclocked directives are not supported.
** Error (suppressible): prueba.sv(16): (vlog-1957) The sva directive is not sensitive to a clock. Unclocked directives are not supported.
** Error: prueba.sv(5): (vlog-2730) Undefined variable: 'reset'.
** Error: prueba.sv(5): (vlog-2730) Undefined variable: 'clk'.",1772744160.66876,158,342
"module slice_case_6(input logic [3:0] ctrl, input logic en, output logic ok);
always_comb begin
  case({ctrl[3:2],en})
    3'b101: ok = 1;
    3'b011: ok = 1;
    default: ok = 0;
  endcase
end
endmodule","module slice_case_6(input logic [3:0] ctrl, input logic en, output logic ok);
  
  // Original combinational always block
  always_comb begin
    case({ctrl[3:2], en})
      3'b101: ok = 1;
      3'b011: ok = 1;
      default: ok = 0;
    endcase
  end

  // Property to check the behavior of the module
  property p_slice_case_6;
    (@(posedge ctrl[3]) disable iff (~en)) 
      ({ctrl[3:2], en} == 3'b101 || {ctrl[3:2], en} == 3'b011) |-> (ok == 1);
  endproperty

  // Assertion based on the property
  a_slice_case_6: assert property (p_slice_case_6)
    else $error(""Assertion failed in slice_case_6 module"");

endmodule","** Error: (vlog-13069) prueba.sv(14): near ""disable"": syntax error, unexpected disable.",1772744189.0560198,158,329
"module slice_case_7(input logic [1:0] flags, input logic mode, output logic y);
always_comb begin
  case({flags,mode})
    3'b110: y = 1;
    3'b001: y = 1;
    default: y = 0;
  endcase
end
endmodule","module slice_case_7(input logic [1:0] flags, input logic mode, output logic y);
always_comb begin
  case({flags,mode})
    3'b110: y = 1;
    3'b001: y = 1;
    default: y = 0;
  endcase
end

// Properties and assertions
property p_flags_mode;
  @(posedge mode) disable iff (!reset_n)
  ({flags, mode} == 3'b110 || {flags, mode} == 3'b001) |-> (y == 1);
endproperty

property p_default_case;
  @(posedge mode) disable iff (!reset_n)
  !(({flags, mode} == 3'b110 || {flags, mode} == 3'b001)) |-> (y == 0);
endproperty

assert property (p_flags_mode)
else $error(""Assertion failed: y should be 1 for flags_mode = 3'b110 or 3'b001"");

assert property (p_default_case)
else $error(""Assertion failed: y should be 0 for default case"");

endmodule",** Error: prueba.sv(12): (vlog-2730) Undefined variable: 'reset_n'.,1772744216.364602,154,313
"module slice_case_8(input logic [4:0] x, output logic y);
always_comb begin
  case({x[4],x[1:0]})
    3'b101: y = 1;
    3'b000: y = 0;
    default: y = 0;
  endcase
end
endmodule","module slice_case_8(input logic [4:0] x, output logic y);

  // Property to check that for input {x[4],x[1:0]} == 3'b101, output y is 1
  property p_check_y_is_1;
    @(posedge clk) disable iff (reset)
      ({x[4], x[1:0]} == 3'b101) |-> (y == 1);
  endproperty

  // Property to check that for input {x[4],x[1:0]} == 3'b000, output y is 0
  property p_check_y_is_0;
    @(posedge clk) disable iff (reset)
      ({x[4], x[1:0]} == 3'b000) |-> (y == 0);
  endproperty

  // Property to check that for any other input, output y is 0
  property p_check_y_is_default_0;
    @(posedge clk) disable iff (reset)
      ({x[4], x[1:0]} != 3'b101 && {x[4], x[1:0]} != 3'b000) |-> (y == 0);
  endproperty

  // Assertions based on the properties
  a_check_y_is_1 : assert property(p_check_y_is_1)
    else $error(""Assertion failed: y is not 1 when {x[4], x[1:0]} == 3'b101"");

  a_check_y_is_0 : assert property(p_check_y_is_0)
    else $error(""Assertion failed: y is not 0 when {x[4], x[1:0]} == 3'b000"");

  a_check_y_is_default_0 : assert property(p_check_y_is_default_0)
    else $error(""Assertion failed: y is not 0 for default case"");

always_comb begin
  case({x[4],x[1:0]})
    3'b101: y = 1;
    3'b000: y = 0;
    default: y = 0;
  endcase
end

endmodule","** Error: prueba.sv(5): (vlog-2730) Undefined variable: 'reset'.
** Error: prueba.sv(5): (vlog-2730) Undefined variable: 'clk'.
** Error: prueba.sv(11): (vlog-2730) Undefined variable: 'reset'.
** Error: prueba.sv(11): (vlog-2730) Undefined variable: 'clk'.
** Error: prueba.sv(17): (vlog-2730) Undefined variable: 'reset'.
** Error: prueba.sv(17): (vlog-2730) Undefined variable: 'clk'.
** Error (suppressible): prueba.sv(22): (vlog-1957) The sva directive is not sensitive to a clock. Unclocked directives are not supported.
** Error (suppressible): prueba.sv(25): (vlog-1957) The sva directive is not sensitive to a clock. Unclocked directives are not supported.
** Error (suppressible): prueba.sv(28): (vlog-1957) The sva directive is not sensitive to a clock. Unclocked directives are not supported.
** Error: prueba.sv(5): (vlog-2730) Undefined variable: 'reset'.
** Error: prueba.sv(5): (vlog-2730) Undefined variable: 'clk'.",1772744242.3457696,156,555
"module slice_case_9(input logic [2:0] bus, input logic err, output logic stop);
always_comb begin
  case({bus[2],err})
    2'b11: stop = 1;
    2'b01: stop = 0;
    default: stop = 0;
  endcase
end
endmodule","module slice_case_9(input logic [2:0] bus, input logic err, output logic stop);
  
  // Combinational logic to determine the value of 'stop'
  always_comb begin
    case({bus[2],err})
      2'b11: stop = 1;
      2'b01: stop = 0;
      default: stop = 0;
    endcase
  end

  // Property definitions for formal verification
  property p_stop_when_bus2_and_err;
    @(posedge bus[2]) (bus[2] && err) |-> (stop == 1);
  endproperty

  property p_stop_not_when_bus2_clear_or_no_err;
    @(posedge bus[2]) (!(bus[2] && err)) |-> (stop == 0);
  endproperty

  // Assertions for formal verification
  assert property (p_stop_when_bus2_and_err) else $error(""Assertion failed: stop should be high when bus[2] and err are both high"");
  assert property (p_stop_not_when_bus2_clear_or_no_err) else $error(""Assertion failed: stop should be low when either bus[2] is low or err is low"");

endmodule",OK,1772744288.323067,154,321
"module slice_case_10(input logic [3:0] mode, output logic y);
always_comb begin
  case({mode[3],mode[0]})
    2'b10: y = 1;
    2'b01: y = 1;
    default: y = 0;
  endcase
end
endmodule","module slice_case_10(input logic [3:0] mode, output logic y);
  always_comb begin
    case({mode[3],mode[0]})
      2'b10: y = 1;
      2'b01: y = 1;
      default: y = 0;
    endcase
  end

  // Properties and asserts
  property p_mode_values;
    @(posedge mode) disable iff (!$isunknown(mode))
    (mode == 4'b1010 || mode == 4'b0001) |-> (y == 1);
  endproperty

  property p_default_case;
    @(posedge mode) disable iff (!$isunknown(mode))
    !((mode == 4'b1010 || mode == 4'b0001)) |-> (y == 0);
  endproperty

  a_mode_values: assert property(p_mode_values)
    else $error(""Assertion failed in p_mode_values"");

  a_default_case: assert property(p_default_case)
    else $error(""Assertion failed in p_default_case"");
endmodule",OK,1772744314.9579194,153,243
"module proto_case_1(input logic clk, rst, req, output logic gnt);
always_ff @(posedge clk or posedge rst) begin
  if (rst) gnt <= 0;
  else begin
    case(gnt)
      1'b0: if (req) gnt <= 1;
      1'b1: gnt <= 0;
    endcase
  end
end
endmodule","module proto_case_1(input logic clk, rst, req, output logic gnt);

  // Sequential block to generate grant signal
  always_ff @(posedge clk or posedge rst) begin
    if (rst) 
      gnt <= 0;
    else begin
      case(gnt)
        1'b0: if (req) gnt <= 1;
        1'b1: gnt <= 0;
      endcase
    end
  end

  // Property to check that grant is high for one cycle when request is high and reset is low
  property p_grant_on_request;
    @(posedge clk) disable iff (rst)
      req |-> ##1 gnt;
  endproperty

  // Assertion for the above property
  assert property (p_grant_on_request) else $error(""Grant not high after request"");

  // Property to check that grant does not remain high for more than one cycle
  property p_grant_not_sticky;
    @(posedge clk) disable iff (rst)
      gnt |-> ##1 !gnt;
  endproperty

  // Assertion for the above property
  assert property (p_grant_not_sticky) else $error(""Grant remained high for more than one cycle"");

endmodule",OK,1772744335.188603,169,392
"module proto_case_2(input logic clk, rst, valid, output logic ready);
always_ff @(posedge clk or posedge rst) begin
  if (rst) ready <= 1;
  else begin
    case(ready)
      1'b1: if (valid) ready <= 0;
      1'b0: ready <= 1;
    endcase
  end
end
endmodule","module proto_case_2(input logic clk, rst, valid, output logic ready);

// Properties and assertions
property p_ready_assert;
  @(posedge clk) disable iff (rst)
    (ready == 1'b1 && valid) |-> (ready ##1 == 1'b0);
endproperty

property p_ready_deassert;
  @(posedge clk) disable iff (rst)
    (ready == 1'b0) |-> (ready ##1 == 1'b1);
endproperty

// Assertions
assert property (p_ready_assert) else $error(""Assertion failed: ready should deassert when valid is high"");
assert property (p_ready_deassert) else $error(""Assertion failed: ready should assert when it was low"");

always_ff @(posedge clk or posedge rst) begin
  if (rst) 
    ready <= 1;
  else begin
    case(ready)
      1'b1: 
        if (valid) 
          ready <= 0;
      1'b0: 
        ready <= 1;
    endcase
  end
end

endmodule","** Error: (vlog-13069) prueba.sv(6): near ""=="": syntax error, unexpected ==.",1772744367.7481337,165,239
"module proto_case_3(input logic clk, rst, send, ack, output logic busy);
always_ff @(posedge clk or posedge rst) begin
  if (rst) busy <= 0;
  else begin
    case(busy)
      1'b0: if (send) busy <= 1;
      1'b1: if (ack) busy <= 0;
    endcase
  end
end
endmodule","module proto_case_3(input logic clk, rst, send, ack, output logic busy);
  
  // Properties and Assertions
  
  // Property: Busy should go high when send is asserted and reset is not.
  property p_busy_on_send;
    @(posedge clk) disable iff (rst)
      send |-> ##1 busy;
  endproperty
  
  // Assertion for the above property
  a_busy_on_send: assert property (p_busy_on_send) else $error(""Busy did not go high after send was asserted and reset was deasserted."");
  
  // Property: Busy should go low when ack is asserted.
  property p_busy_off_ack;
    @(posedge clk) disable iff (rst)
      busy && ack |-> ##1 !busy;
  endproperty
  
  // Assertion for the above property
  a_busy_off_ack: assert property (p_busy_off_ack) else $error(""Busy did not go low after ack was asserted."");
  
  always_ff @(posedge clk or posedge rst) begin
    if (rst) busy <= 0;
    else begin
      case(busy)
        1'b0: if (send) busy <= 1;
        1'b1: if (ack) busy <= 0;
      endcase
    end
  end
  
endmodule",OK,1772744387.6723888,171,282
"module proto_case_4(input logic clk, rst, give, take, output logic [1:0] credit);
always_ff @(posedge clk or posedge rst) begin
  if (rst) credit <= 2;
  else begin
    case({give,take})
      2'b10: credit <= credit + 1;
      2'b01: credit <= credit - 1;
      default: credit <= credit;
    endcase
  end
end
endmodule","module proto_case_4(input logic clk, rst, give, take, 
                    output logic [1:0] credit);

  // Register for storing the credit value
  always_ff @(posedge clk or posedge rst) begin
    if (rst) 
      credit <= 2;
    else begin
      case({give,take})
        2'b10: credit <= credit + 1;
        2'b01: credit <= credit - 1;
        default: credit <= credit;
      endcase
    end
  end

  // Properties and assertions

  // Property: Credit should never exceed 2
  property p_credit_never_exceeds_2;
    @(posedge clk) disable iff (rst)
    credit <= 2;
  endproperty
  
  assert property (p_credit_never_exceeds_2) else 
    $error(""Credit exceeded the maximum value of 2"");

  // Property: Credit should never go below 0
  property p_credit_never_below_0;
    @(posedge clk) disable iff (rst)
    credit >= 0;
  endproperty
  
  assert property (p_credit_never_below_0) else 
    $error(""Credit went below the minimum value of 0"");

  // Property: When give and take are both high, credit should remain unchanged
  property p_credit_stable_on_give_and_take_high;
    @(posedge clk) disable iff (rst)
    ({give, take} == 2'b11) |-> (credit at next_time == credit);
  endproperty
  
  assert property (p_credit_stable_on_give_and_take_high) else 
    $error(""Credit changed when both give and take were high"");

endmodule","** Error: (vlog-13069) prueba.sv(40): near ""at"": syntax error, unexpected IDENTIFIER.",1772744411.174009,183,376
"module proto_case_5(input logic clk, rst, sop, eop, output logic in_pkt);
always_ff @(posedge clk or posedge rst) begin
  if (rst) in_pkt <= 0;
  else begin
    case(in_pkt)
      1'b0: if (sop) in_pkt <= 1;
      1'b1: if (eop) in_pkt <= 0;
    endcase
  end
end
endmodule","module proto_case_5(input logic clk, rst, sop, eop, 
                   output logic in_pkt);

  // Register to track if we are inside a packet
  always_ff @(posedge clk or posedge rst) begin
    if (rst) 
      in_pkt <= 0;
    else begin
      case(in_pkt)
        1'b0: if (sop) in_pkt <= 1;
        1'b1: if (eop) in_pkt <= 0;
      endcase
    end
  end

  // Property to check that in_pkt goes high on SOP and low on EOP
  property sop_eop_check;
    @(posedge clk) disable iff (rst)
      sop |=> in_pkt == 1 &&
      eop |=> in_pkt == 0;
  endproperty
  
  // Assert the property
  assert property (sop_eop_check) else $error(""SOP or EOP not handled correctly"");

endmodule",OK,1772744442.4489014,178,215
"module proto_case_6(input logic clk, rst, fail, output logic retry);
always_ff @(posedge clk or posedge rst) begin
  if (rst) retry <= 0;
  else begin
    case(retry)
      1'b0: if (fail) retry <= 1;
      1'b1: retry <= 0;
    endcase
  end
end
endmodule","module proto_case_6(input logic clk, rst, fail, output logic retry);
always_ff @(posedge clk or posedge rst) begin
  if (rst) retry <= 0;
  else begin
    case(retry)
      1'b0: if (fail) retry <= 1;
      1'b1: retry <= 0;
    endcase
  end
end

// Properties and assertions
property no_consecutive_retries;
  @(posedge clk) disable iff(rst)
    !(retry && $past(retry));
endproperty

property retry_on_fail;
  @(posedge clk) disable iff(rst)
    (fail && !$past(fail)) |=> retry;
endproperty

assert property(no_consecutive_retries) else
  $error(""Consecutive retries detected!"");

assert property(retry_on_fail) else
  $error(""Retry did not occur after a fail!"");

endmodule",OK,1772744460.4394617,165,201
"module proto_case_7(input logic clk, rst, lock_req, unlock, output logic locked);
always_ff @(posedge clk or posedge rst) begin
  if (rst) locked <= 0;
  else begin
    case(locked)
      1'b0: if (lock_req) locked <= 1;
      1'b1: if (unlock) locked <= 0;
    endcase
  end
end
endmodule","module proto_case_7(input logic clk, rst, lock_req, unlock, output logic locked);
  
  // Original always_ff block
  always_ff @(posedge clk or posedge rst) begin
    if (rst) 
      locked <= 0;
    else begin
      case(locked)
        1'b0: if (lock_req) locked <= 1;
        1'b1: if (unlock) locked <= 0;
      endcase
    end
  end

  // Properties and assertions
  property lock_request_stability;
    @(posedge clk) disable iff (rst)
      lock_req |=> !lock_req; // lock_req should not be asserted for more than one cycle
  endproperty
  
  property unlock_request_stability;
    @(posedge clk) disable iff (rst)
      unlock |=> !unlock; // unlock should not be asserted for more than one cycle
  endproperty

  property no_concurrent_lock_unlock;
    @(posedge clk) disable iff (rst)
      lock_req && unlock |-> $stable(locked); // If both lock_req and unlock are high, locked state should remain stable
  endproperty
  
  assert property (lock_request_stability)
    else $error(""Lock request is asserted for more than one cycle"");

  assert property (unlock_request_stability)
    else $error(""Unlock request is asserted for more than one cycle"");

  assert property (no_concurrent_lock_unlock)
    else $error(""Both lock_req and unlock are high, leading to unstable locked state"");
  
endmodule",OK,1772744477.2462494,173,334
"module proto_case_8(input logic clk, rst, start, finish, output logic busy);
always_ff @(posedge clk or posedge rst) begin
  if (rst) busy <= 0;
  else begin
    case(busy)
      1'b0: if (start) busy <= 1;
      1'b1: if (finish) busy <= 0;
    endcase
  end
end
endmodule","module proto_case_8(input logic clk, rst, start, finish, output logic busy);

  // State Machine Implementation
  always_ff @(posedge clk or posedge rst) begin
    if (rst) 
      busy <= 0;
    else begin
      case(busy)
        1'b0: if (start) busy <= 1;
        1'b1: if (finish) busy <= 0;
      endcase
    end
  end

  // Properties and Assertions

  // Property to check that busy goes high only when start is asserted and busy was low
  property p_busy_high_on_start;
    @(posedge clk)
    disable iff (rst)
    (!busy && start) |=> busy;
  endproperty
  
  a_busy_high_on_start: assert property(p_busy_high_on_start);

  // Property to check that busy goes low only when finish is asserted and busy was high
  property p_busy_low_on_finish;
    @(posedge clk)
    disable iff (rst)
    (busy && finish) |=> !busy;
  endproperty
  
  a_busy_low_on_finish: assert property(p_busy_low_on_finish);

  // Property to check that busy remains stable if neither start nor finish is asserted
  property p_busy_stable;
    @(posedge clk)
    disable iff (rst)
    !(start || finish) |=> $stable(busy);
  endproperty
  
  a_busy_stable: assert property(p_busy_stable);

endmodule",OK,1772744505.0322113,171,425
"module proto_case_9(input logic clk, rst, go, done, output logic active);
always_ff @(posedge clk or posedge rst) begin
  if (rst) active <= 0;
  else begin
    case(active)
      1'b0: if (go) active <= 1;
      1'b1: if (done) active <= 0;
    endcase
  end
end
endmodule","module proto_case_9(input logic clk, rst, go, done, output logic active);
  
  // Properties and Assertions
  property p_active_deasserts_when_done;
    @(posedge clk) disable iff (rst) 
      (active && done) |=> !active;
  endproperty

  property p_active_asserts_when_go;
    @(posedge clk) disable iff (rst)
      (!active && go) |=> active;
  endproperty
  
  a_active_deasserts_when_done: assert property(p_active_deasserts_when_done)
    else $error(""Assertion failed: active did not deassert when done was high."");
  
  a_active_asserts_when_go: assert property(p_active_asserts_when_go)
    else $error(""Assertion failed: active did not assert when go was high and it was inactive."");

always_ff @(posedge clk or posedge rst) begin
  if (rst) 
    active <= 0;
  else begin
    case(active)
      1'b0: if (go) active <= 1;
      1'b1: if (done) active <= 0;
    endcase
  end
end

endmodule",OK,1772744540.339599,170,255
"module router_fsm (
    input  logic clk,
    input  logic rst_n,
    input  logic [3:0] req,
    output logic [1:0] selected,
    output logic grant
);
    typedef enum logic [1:0] {IDLE, LOOKUP, FORWARD, DROP} state_t;
    state_t state;

    always_ff @(posedge clk or negedge rst_n) begin
        if (!rst_n) begin
            state <= IDLE;
            selected <= 2'b00;
            grant <= 1'b0;
        end else begin
            case (state)
                IDLE: begin
                    grant <= 1'b0;
                    if (req != 4'b0000)
                        state <= LOOKUP;
                end

                LOOKUP: begin
                    casez (req)
                        4'b1???: selected <= 2'd3;
                        4'b01??: selected <= 2'd2;
                        4'b001?: selected <= 2'd1;
                        4'b0001: selected <= 2'd0;
                        default: selected <= 2'd0;
                    endcase
                    state <= (req == 4'b0000) ? IDLE : FORWARD;
                end

                FORWARD: begin
                    grant <= 1'b1;
                    if (req[selected] == 1'b0)
                        state <= IDLE;
                end

                DROP: state <= IDLE;
            endcase
        end
    end
endmodule","module router_fsm (
    input  logic clk,
    input  logic rst_n,
    input  logic [3:0] req,
    output logic [1:0] selected,
    output logic grant
);
    typedef enum logic [1:0] {IDLE, LOOKUP, FORWARD, DROP} state_t;
    state_t state;

    // Properties and Assertions

    // Property: In the IDLE state, grant should be 0.
    property idle_grant_zero;
        @(posedge clk) disable iff (!rst_n)
            (state == IDLE) |-> (grant == 1'b0);
    endproperty : idle_grant_zero
    assert property (idle_grant_zero) else $error(""In the IDLE state, grant should be 0."");

    // Property: Once in the LOOKUP state, selected should be assigned a value based on req.
    property lookup_selected_assignment;
        @(posedge clk) disable iff (!rst_n)
            (state == LOOKUP) |-> (
                (req[3] == 1'b1) -> (selected == 2'd3) or
                (req[2] == 1'b1) && (req[3] == 1'b0) -> (selected == 2'd2) or
                (req[1] == 1'b1) && (req[2:3] == 2'b00) -> (selected == 2'd1) or
                (req[0] == 1'b1) && (req[1:3] == 3'b000) -> (selected == 2'd0)
            );
    endproperty : lookup_selected_assignment
    assert property (lookup_selected_assignment) else $error(""In the LOOKUP state, selected should be assigned correctly based on req."");

    // Property: In the FORWARD state, grant should be 1.
    property forward_grant_one;
        @(posedge clk) disable iff (!rst_n)
            (state == FORWARD) |-> (grant == 1'b1);
    endproperty : forward_grant_one
    assert property (forward_grant_one) else $error(""In the FORWARD state, grant should be 1."");

    // Property: After transitioning to IDLE from FORWARD or DROP states, req[selected] should be 0.
    property idle_after_forward_or_drop;
        @(posedge clk) disable iff (!rst_n)
            (state == IDLE) && ($past(state) inside {FORWARD, DROP}) |-> (req[$past(selected)] == 1'b0);
    endproperty : idle_after_forward_or_drop
    assert property (idle_after_forward_or_drop) else $error(""After transitioning to IDLE from FORWARD or DROP states, req[selected] should be 0."");

    always_ff @(posedge clk or negedge rst_n) begin
        if (!rst_n) begin
            state <= IDLE;
            selected <= 2'b00;
            grant <= 1'b0;
        end else begin
            case (state)
                IDLE: begin
                    grant <= 1'b0;
                    if (req != 4'b0000)
                        state <= LOOKUP;
                end

                LOOKUP: begin
                    casez (req)
                        4'b1???: selected <= 2'd3;
                        4'b01??: selected <= 2'd2;
                        4'b001?: selected <= 2'd1;
                        4'b0001: selected <= 2'd0;
                        default: selected <= 2'd0;
                    endcase
                    state <= (req == 4'b0000) ? IDLE : FORWARD;
                end

                FORWARD: begin
                    grant <= 1'b1;
                    if (req[selected] == 1'b0)
                        state <= IDLE;
                end

                DROP: state <= IDLE;
            endcase
        end
    end
endmodule",OK,1772744561.5979877,406,911
"module instr_decoder (
    input  logic [31:0] instr,
    output logic [3:0] alu_op,
    output logic writeback,
    output logic [2:0] opcode
);
    typedef enum logic [2:0] {ALU, LOAD, STORE, BRANCH, SYS} op_t;
    always_comb begin
        writeback = 0;
        alu_op = 0;
        opcode = instr[31:29];

        unique case (opcode)
            ALU: begin
                writeback = 1;
                case (instr[28:25])
                    4'h0: alu_op = 4'h1; // ADD
                    4'h1: alu_op = 4'h2; // SUB
                    4'h2: alu_op = 4'h3; // AND
                    default: alu_op = 4'hF; // illegal
                endcase
            end

            LOAD:  writeback = 1;
            STORE: writeback = 0;
            BRANCH: writeback = 0;
            SYS: writeback = 0;
        endcase
    end
endmodule","module instr_decoder (
    input  logic [31:0] instr,
    output logic [3:0] alu_op,
    output logic writeback,
    output logic [2:0] opcode
);
    typedef enum logic [2:0] {ALU, LOAD, STORE, BRANCH, SYS} op_t;

    // Properties and assertions
    property p_alu_writeback;
        @(posedge clk) disable iff (reset)
            opcode == ALU |-> writeback == 1;
    endproperty

    property p_load_writeback;
        @(posedge clk) disable iff (reset)
            opcode == LOAD |-> writeback == 1;
    endproperty

    property p_store_writeback;
        @(posedge clk) disable iff (reset)
            opcode == STORE |-> writeback == 0;
    endproperty

    property p_branch_writeback;
        @(posedge clk) disable iff (reset)
            opcode == BRANCH |-> writeback == 0;
    endproperty

    property p_sys_writeback;
        @(posedge clk) disable iff (reset)
            opcode == SYS |-> writeback == 0;
    endproperty

    assert property (p_alu_writeback) else $error(""ALU instruction should set writeback to 1"");
    assert property (p_load_writeback) else $error(""LOAD instruction should set writeback to 1"");
    assert property (p_store_writeback) else $error(""STORE instruction should set writeback to 0"");
    assert property (p_branch_writeback) else $error(""BRANCH instruction should set writeback to 0"");
    assert property (p_sys_writeback) else $error(""SYS instruction should set writeback to 0"");

    always_comb begin
        writeback = 0;
        alu_op = 4'hF; // Default illegal operation
        opcode = instr[31:29];

        unique case (opcode)
            ALU: begin
                writeback = 1;
                case (instr[28:25])
                    4'h0: alu_op = 4'h1; // ADD
                    4'h1: alu_op = 4'h2; // SUB
                    4'h2: alu_op = 4'h3; // AND
                    default: alu_op = 4'hF; // illegal
                endcase
            end

            LOAD:  writeback = 1;
            STORE: writeback = 0;
            BRANCH: writeback = 0;
            SYS: writeback = 0;
        endcase
    end
endmodule","** Error: prueba.sv(11): (vlog-2730) Undefined variable: 'reset'.
** Error: prueba.sv(11): (vlog-2730) Undefined variable: 'clk'.
** Error: prueba.sv(16): (vlog-2730) Undefined variable: 'reset'.
** Error: prueba.sv(16): (vlog-2730) Undefined variable: 'clk'.
** Error: prueba.sv(21): (vlog-2730) Undefined variable: 'reset'.
** Error: prueba.sv(21): (vlog-2730) Undefined variable: 'clk'.
** Error: prueba.sv(26): (vlog-2730) Undefined variable: 'reset'.
** Error: prueba.sv(26): (vlog-2730) Undefined variable: 'clk'.
** Error: prueba.sv(31): (vlog-2730) Undefined variable: 'reset'.
** Error: prueba.sv(31): (vlog-2730) Undefined variable: 'clk'.
** Error (suppressible): prueba.sv(35): (vlog-1957) The sva directive is not sensitive to a clock. Unclocked directives are not supported.
** Error (suppressible): prueba.sv(36): (vlog-1957) The sva directive is not sensitive to a clock. Unclocked directives are not supported.
** Error (suppressible): prueba.sv(37): (vlog-1957) The sva directive is not sensitive to a clock. Unclocked directives are not supported.
** Error (suppressible): prueba.sv(38): (vlog-1957) The sva directive is not sensitive to a clock. Unclocked directives are not supported.
** Error (suppressible): prueba.sv(39): (vlog-1957) The sva directive is not sensitive to a clock. Unclocked directives are not supported.
** Error: prueba.sv(11): (vlog-2730) Undefined variable: 'reset'.
** Error: prueba.sv(11): (vlog-2730) Undefined variable: 'clk'.",1772744637.782338,333,624
"module phy_link (
    input logic clk,
    input logic [3:0] mode,
    output logic [1:0] speed,
    output logic training
);
    always_ff @(posedge clk) begin
        casez (mode)
            4'b1???: speed <= 2'b11;   // Gen3
            4'b01??: speed <= 2'b10;   // Gen2
            4'b001?: speed <= 2'b01;   // Gen1
            4'b0001: speed <= 2'b00;   // Safe
        endcase
    end

    always_ff @(posedge clk)
        training <= (speed != 2'b00);
endmodule","module phy_link (
    input logic clk,
    input logic [3:0] mode,
    output logic [1:0] speed,
    output logic training
);

    // Properties and Assertions
    property p_gen3_speed;
        (mode == 4'b1???) |-> (speed == 2'b11);
    endproperty

    property p_gen2_speed;
        (mode == 4'b01??) |-> (speed == 2'b10);
    endproperty

    property p_gen1_speed;
        (mode == 4'b001?) |-> (speed == 2'b01);
    endproperty

    property p_safe_speed;
        (mode == 4'b0001) |-> (speed == 2'b00);
    endproperty

    property p_training_active;
        @(posedge clk) disable iff (!reset_n)
            (speed != 2'b00) |=> training;
    endproperty

    // Assertions
    a_gen3_speed: assert property (p_gen3_speed)
        else $error(""Speed is not set to Gen3 when mode indicates Gen3"");

    a_gen2_speed: assert property (p_gen2_speed)
        else $error(""Speed is not set to Gen2 when mode indicates Gen2"");

    a_gen1_speed: assert property (p_gen1_speed)
        else $error(""Speed is not set to Gen1 when mode indicates Gen1"");

    a_safe_speed: assert property (p_safe_speed)
        else $error(""Speed is not set to Safe when mode indicates Safe"");

    a_training_active: assert property (p_training_active)
        else $error(""Training should be active when speed is not in Safe mode"");

    // Register reset_n if needed for assertion disable
    // input logic reset_n;

    always_ff @(posedge clk) begin
        casez (mode)
            4'b1???: speed <= 2'b11;   // Gen3
            4'b01??: speed <= 2'b10;   // Gen2
            4'b001?: speed <= 2'b01;   // Gen1
            4'b0001: speed <= 2'b00;   // Safe
        endcase
    end

    always_ff @(posedge clk)
        training <= (speed != 2'b00);

endmodule",** Error: prueba.sv(26): (vlog-2730) Undefined variable: 'reset_n'.,1772744689.9084628,242,561
"module mem_ctrl (
    input logic clk,
    input logic [1:0] cmd,
    input logic [1:0] burst,
    output logic ack,
    output logic err
);
    always_ff @(posedge clk) begin
        ack <= 0;
        err <= 0;
        case (cmd)
            2'b00: begin // READ
                case (burst)
                    2'b00, 2'b01: ack <= 1;
                    default: err <= 1;
                endcase
            end

            2'b01: begin // WRITE
                case (burst)
                    2'b00, 2'b10: ack <= 1;
                    default: err <= 1;
                endcase
            end

            default: err <= 1;
        endcase
    end
endmodule","module mem_ctrl (
    input logic clk,
    input logic [1:0] cmd,
    input logic [1:0] burst,
    output logic ack,
    output logic err
);
    always_ff @(posedge clk) begin
        ack <= 0;
        err <= 0;
        case (cmd)
            2'b00: begin // READ
                case (burst)
                    2'b00, 2'b01: ack <= 1;
                    default: err <= 1;
                endcase
            end

            2'b01: begin // WRITE
                case (burst)
                    2'b00, 2'b10: ack <= 1;
                    default: err <= 1;
                endcase
            end

            default: err <= 1;
        endcase
    end

    // Properties and Assertions
    property p_read_burst_valid;
        @(posedge clk) disable iff (!clk)
            (cmd == 2'b00) |-> (burst inside {2'b00, 2'b01});
    endproperty

    property p_write_burst_valid;
        @(posedge clk) disable iff (!clk)
            (cmd == 2'b01) |-> (burst inside {2'b00, 2'b10});
    endproperty

    property p_invalid_cmd_or_burst_sets_err;
        @(posedge clk) disable iff (!clk)
            (cmd != 2'b00 && cmd != 2'b01) || (cmd == 2'b00 && !(burst inside {2'b00, 2'b01})) ||
            (cmd == 2'b01 && !(burst inside {2'b00, 2'b10}))
                |=> err;
    endproperty

    a_read_burst_valid: assert property (p_read_burst_valid)
        else $error(""Read command with invalid burst type"");

    a_write_burst_valid: assert property (p_write_burst_valid)
        else $error(""Write command with invalid burst type"");

    a_invalid_cmd_or_burst_sets_err: assert property (p_invalid_cmd_or_burst_sets_err)
        else $error(""Invalid cmd or burst should set err"");
endmodule",OK,1772744736.6177804,261,616
"module dma_engine (
    input logic clk,
    input logic [1:0] size,
    output logic busy,
    output logic done
);
    typedef enum logic [1:0] {SMALL, MEDIUM, LARGE} size_t;

    always_ff @(posedge clk) begin
        case (size)
            SMALL: begin
                busy <= 1;
                done <= ##1 1;
            end

            MEDIUM: begin
                busy <= 1;
                done <= ##2 1;
            end

            LARGE: begin
                busy <= 1;
                done <= ##4 1;
            end
        endcase
    end
endmodule","module dma_engine (
    input logic clk,
    input logic [1:0] size,
    output logic busy,
    output logic done
);
    typedef enum logic [1:0] {SMALL, MEDIUM, LARGE} size_t;

    always_ff @(posedge clk) begin
        case (size)
            SMALL: begin
                busy <= 1;
                done <= ##1 1;
            end

            MEDIUM: begin
                busy <= 1;
                done <= ##2 1;
            end

            LARGE: begin
                busy <= 1;
                done <= ##4 1;
            end
        endcase
    end

    // Properties and assertions
    property p_busy_assertion;
        @(posedge clk) disable iff (!reset_n)
            (size != 2'b00) |=> (busy == 1);
    endproperty : p_busy_assertion

    a_busy_assertion: assert property(p_busy_assertion);

    property p_done_after_small;
        @(posedge clk) disable iff (!reset_n)
            (size == SMALL) |-> ##1 (done == 1);
    endproperty : p_done_after_small

    a_done_after_small: assert property(p_done_after_small);

    property p_done_after_medium;
        @(posedge clk) disable iff (!reset_n)
            (size == MEDIUM) |-> ##2 (done == 1);
    endproperty : p_done_after_medium

    a_done_after_medium: assert property(p_done_after_medium);

    property p_done_after_large;
        @(posedge clk) disable iff (!reset_n)
            (size == LARGE) |-> ##4 (done == 1);
    endproperty : p_done_after_large

    a_done_after_large: assert property(p_done_after_large);

endmodule","** Error: prueba.sv(13): A default clocking block must be specified to use the ##n timing statement.
** Error: prueba.sv(13): A default clocking block must be specified to use the ##n timing statement.
** Error: prueba.sv(18): A default clocking block must be specified to use the ##n timing statement.
** Error: prueba.sv(18): A default clocking block must be specified to use the ##n timing statement.
** Error: prueba.sv(23): A default clocking block must be specified to use the ##n timing statement.
** Error: prueba.sv(23): A default clocking block must be specified to use the ##n timing statement.
** Error: prueba.sv(30): (vlog-2730) Undefined variable: 'reset_n'.",1772744787.944461,221,509
"module instr_decoder (
    input  logic [31:0] instr,
    output logic        is_branch,
    output logic        is_load,
    output logic        is_store,
    output logic        illegal
);

    logic [6:0] opcode;
    logic [2:0] funct3;
    logic [6:0] funct7;

    assign opcode = instr[6:0];
    assign funct3 = instr[14:12];
    assign funct7 = instr[31:25];

    always_comb begin
        is_branch = 1'b0;
        is_load   = 1'b0;
        is_store  = 1'b0;
        illegal   = 1'b0;

        unique case (opcode)
            7'b1100011: begin // BRANCH
                is_branch = 1'b1;
                unique case (funct3)
                    3'b000, // BEQ
                    3'b001, // BNE
                    3'b100, // BLT
                    3'b101, // BGE
                    3'b110, // BLTU
                    3'b111: ; // BGEU
                    default: illegal = 1'b1;
                endcase
            end

            7'b0000011: begin // LOAD
                is_load = 1'b1;
                unique case (funct3)
                    3'b000, // LB
                    3'b001, // LH
                    3'b010, // LW
                    3'b100, // LBU
                    3'b101: ; // LHU
                    default: illegal = 1'b1;
                endcase
            end

            7'b0100011: begin // STORE
                is_store = 1'b1;
                unique case (funct3)
                    3'b000, // SB
                    3'b001, // SH
                    3'b010: ; // SW
                    default: illegal = 1'b1;
                endcase
            end

            default: illegal = 1'b1;
        endcase
    end

endmodule","module instr_decoder (
    input  logic [31:0] instr,
    output logic        is_branch,
    output logic        is_load,
    output logic        is_store,
    output logic        illegal
);

    logic [6:0] opcode;
    logic [2:0] funct3;
    logic [6:0] funct7;

    assign opcode = instr[6:0];
    assign funct3 = instr[14:12];
    assign funct7 = instr[31:25];

    // Properties and Assertions
    property p_branch_valid;
        (opcode == 7'b1100011) |-> ($onehot0(funct3) && funct3 inside {3'b000, 3'b001, 3'b100, 3'b101, 3'b110, 3'b111});
    endproperty

    property p_load_valid;
        (opcode == 7'b0000011) |-> ($onehot0(funct3) && funct3 inside {3'b000, 3'b001, 3'b010, 3'b100, 3'b101});
    endproperty

    property p_store_valid;
        (opcode == 7'b0100011) |-> ($onehot0(funct3) && funct3 inside {3'b000, 3'b001, 3'b010});
    endproperty

    property p_illegal_instruction;
        opcode not inside {7'b1100011, 7'b0000011, 7'b0100011} |-> illegal;
    endproperty

    assert property (p_branch_valid) else $error(""Invalid branch instruction"");
    assert property (p_load_valid) else $error(""Invalid load instruction"");
    assert property (p_store_valid) else $error(""Invalid store instruction"");
    assert property (p_illegal_instruction) else $error(""Illegal instruction"");

    always_comb begin
        is_branch = 1'b0;
        is_load   = 1'b0;
        is_store  = 1'b0;
        illegal   = 1'b0;

        unique case (opcode)
            7'b1100011: begin // BRANCH
                is_branch = 1'b1;
                unique case (funct3)
                    3'b000, // BEQ
                    3'b001, // BNE
                    3'b100, // BLT
                    3'b101, // BGE
                    3'b110, // BLTU
                    3'b111: ; // BGEU
                    default: illegal = 1'b1;
                endcase
            end

            7'b0000011: begin // LOAD
                is_load = 1'b1;
                unique case (funct3)
                    3'b000, // LB
                    3'b001, // LH
                    3'b010, // LW
                    3'b100, // LBU
                    3'b101: ; // LHU
                    default: illegal = 1'b1;
                endcase
            end

            7'b0100011: begin // STORE
                is_store = 1'b1;
                unique case (funct3)
                    3'b000, // SB
                    3'b001, // SH
                    3'b010: ; // SW
                    default: illegal = 1'b1;
                endcase
            end

            default: illegal = 1'b1;
        endcase
    end

endmodule","** Error: (vlog-13069) prueba.sv(31): near ""not"": syntax error, unexpected not, expecting ""SystemVerilog keyword 'endproperty'"".",1772744830.3462307,573,839
"module axi_read_fsm (
    input  logic        clk,
    input  logic        rst_n,
    input  logic        arvalid,
    input  logic        rready,
    input  logic        rlast,
    output logic        arready,
    output logic        rvalid
);

    typedef enum logic [2:0] {
        IDLE,
        ADDR_ACCEPT,
        DATA_WAIT,
        DATA_LAST,
        ERROR
    } state_t;

    state_t state, next_state;

    always_ff @(posedge clk or negedge rst_n) begin
        if (!rst_n)
            state <= IDLE;
        else
            state <= next_state;
    end

    always_comb begin
        arready   = 1'b0;
        rvalid    = 1'b0;
        next_state = state;

        priority case (state)
            IDLE: begin
                if (arvalid) begin
                    arready   = 1'b1;
                    next_state = ADDR_ACCEPT;
                end
            end

            ADDR_ACCEPT: begin
                next_state = DATA_WAIT;
            end

            DATA_WAIT: begin
                rvalid = 1'b1;
                if (rready && rlast)
                    next_state = DATA_LAST;
                else if (rready)
                    next_state = DATA_WAIT;
            end

            DATA_LAST: begin
                rvalid = 1'b1;
                if (rready)
                    next_state = IDLE;
            end

            default: begin
                next_state = ERROR;
            end
        endcase
    end

endmodule","module axi_read_fsm (
    input  logic        clk,
    input  logic        rst_n,
    input  logic        arvalid,
    input  logic        rready,
    input  logic        rlast,
    output logic        arready,
    output logic        rvalid
);

    typedef enum logic [2:0] {
        IDLE,
        ADDR_ACCEPT,
        DATA_WAIT,
        DATA_LAST,
        ERROR
    } state_t;

    state_t state, next_state;

    // State register with reset
    always_ff @(posedge clk or negedge rst_n) begin
        if (!rst_n)
            state <= IDLE;
        else
            state <= next_state;
    end

    // Next state and output logic
    always_comb begin
        arready   = 1'b0;
        rvalid    = 1'b0;
        next_state = state;

        priority case (state)
            IDLE: begin
                if (arvalid) begin
                    arready   = 1'b1;
                    next_state = ADDR_ACCEPT;
                end
            end

            ADDR_ACCEPT: begin
                next_state = DATA_WAIT;
            end

            DATA_WAIT: begin
                rvalid = 1'b1;
                if (rready && rlast)
                    next_state = DATA_LAST;
                else if (rready)
                    next_state = DATA_WAIT;
            end

            DATA_LAST: begin
                rvalid = 1'b1;
                if (rready)
                    next_state = IDLE;
            end

            default: begin
                next_state = ERROR;
            end
        endcase
    end

    // Properties and Assertions

    // Property: After asserting arvalid, arready should be asserted in the same or next cycle.
    property p_arready_assertion;
        @(posedge clk) disable iff (!rst_n)
        arvalid |-> ##0 arready || ##1 arready;
    endproperty : p_arready_assertion

    // Assertion for arready assertion
    a_arready: assert property (p_arready_assertion)
        else $error(""arvalid asserted but arready not asserted in the same or next cycle"");

    // Property: When rlast is asserted, the FSM should transition to DATA_LAST.
    property p_rlast_to_data_last;
        @(posedge clk) disable iff (!rst_n)
        state == DATA_WAIT && rlast |-> ##1 state == DATA_LAST;
    endproperty : p_rlast_to_data_last

    // Assertion for rlast to data last transition
    a_rlast_to_data_last: assert property (p_rlast_to_data_last)
        else $error(""rlast asserted but FSM did not transition to DATA_LAST"");

    // Property: When in IDLE state, arready should be 0.
    property p_arready_in_idle;
        @(posedge clk) disable iff (!rst_n)
        state == IDLE |-> !arready;
    endproperty : p_arready_in_idle

    // Assertion for arready being 0 in IDLE state
    a_arready_in_idle: assert property (p_arready_in_idle)
        else $error(""arready is asserted while in IDLE state"");

endmodule","** Error: (vlog-13069) prueba.sv(72): near ""##"": syntax error, unexpected ##.",1772744900.9519207,412,735
"module packet_parser (
    input  logic [63:0] header,
    output logic        is_ipv4,
    output logic        is_ipv6,
    output logic        is_arp,
    output logic        unknown
);

    logic [15:0] ethertype;
    assign ethertype = header[15:0];

    always_comb begin
        is_ipv4  = 1'b0;
        is_ipv6  = 1'b0;
        is_arp   = 1'b0;
        unknown  = 1'b0;

        casez (ethertype)
            16'h0800: is_ipv4 = 1'b1; // IPv4
            16'h86DD: is_ipv6 = 1'b1; // IPv6
            16'h0806: is_arp  = 1'b1; // ARP

            16'h88??: begin
                // Vendor-specific or experimental
                unknown = 1'b1;
            end

            default: unknown = 1'b1;
        endcase
    end

endmodule","module packet_parser (
    input  logic [63:0] header,
    output logic        is_ipv4,
    output logic        is_ipv6,
    output logic        is_arp,
    output logic        unknown
);

    logic [15:0] ethertype;
    assign ethertype = header[15:0];

    // Properties and assertions
    property ipv4_check;
        @(posedge clk) disable iff (reset)
            ethertype == 16'h0800 |-> is_ipv4;
    endproperty

    property ipv6_check;
        @(posedge clk) disable iff (reset)
            ethertype == 16'h86DD |-> is_ipv6;
    endproperty

    property arp_check;
        @(posedge clk) disable iff (reset)
            ethertype == 16'h0806 |-> is_arp;
    endproperty

    property unknown_check;
        @(posedge clk) disable iff (reset)
            ethertype inside {[16'h8800:16'h88FF], default} |-> unknown;
    endproperty

    // Assertions
    assert property (ipv4_check) else $error(""Error: is_ipv4 not set correctly"");
    assert property (ipv6_check) else $error(""Error: is_ipv6 not set correctly"");
    assert property (arp_check)  else $error(""Error: is_arp not set correctly"");
    assert property (unknown_check) else $error(""Error: unknown not set correctly"");

    always_comb begin
        is_ipv4  = 1'b0;
        is_ipv6  = 1'b0;
        is_arp   = 1'b0;
        unknown  = 1'b0;

        casez (ethertype)
            16'h0800: is_ipv4 = 1'b1; // IPv4
            16'h86DD: is_ipv6 = 1'b1; // IPv6
            16'h0806: is_arp  = 1'b1; // ARP

            16'h88??: begin
                // Vendor-specific or experimental
                unknown = 1'b1;
            end

            default: unknown = 1'b1;
        endcase
    end

endmodule","** Error: (vlog-13069) prueba.sv(30): near ""default"": syntax error, unexpected default.",1772744962.412643,319,540
"module power_ctrl (
    input  logic [2:0] mode,
    output logic       clk_en,
    output logic       power_en,
    output logic       retention_en
);

    always_comb begin
        clk_en        = 1'b0;
        power_en      = 1'b0;
        retention_en  = 1'b0;

        unique case (mode)
            3'b000: begin // OFF
                power_en = 1'b0;
            end

            3'b001: begin // RETENTION
                power_en     = 1'b1;
                retention_en = 1'b1;
            end

            3'b010: begin // IDLE
                power_en = 1'b1;
                clk_en   = 1'b0;
            end

            3'b011: begin // ACTIVE
                power_en = 1'b1;
                clk_en   = 1'b1;
            end

            default: begin
                // Illegal mode ? safe shutdown
                power_en = 1'b0;
            end
        endcase
    end

endmodule","module power_ctrl (
    input  logic [2:0] mode,
    output logic       clk_en,
    output logic       power_en,
    output logic       retention_en
);

    always_comb begin
        clk_en        = 1'b0;
        power_en      = 1'b0;
        retention_en  = 1'b0;

        unique case (mode)
            3'b000: begin // OFF
                power_en = 1'b0;
            end

            3'b001: begin // RETENTION
                power_en     = 1'b1;
                retention_en = 1'b1;
            end

            3'b010: begin // IDLE
                power_en = 1'b1;
                clk_en   = 1'b0;
            end

            3'b011: begin // ACTIVE
                power_en = 1'b1;
                clk_en   = 1'b1;
            end

            default: begin
                // Illegal mode ? safe shutdown
                power_en = 1'b0;
            end
        endcase
    end

    // Properties and Assertions

    // Property to check that in RETENTION mode, both power_en and retention_en are high
    property retention_mode_check;
        @(posedge mode) disable iff (mode != 3'b001)
            (mode == 3'b001) |-> (power_en == 1'b1 && retention_en == 1'b1);
    endproperty

    // Assertion for RETENTION mode
    assert property (retention_mode_check) else $error(""In RETENTION mode, power_en and retention_en should be high"");

    // Property to check that in IDLE mode, power_en is high and clk_en is low
    property idle_mode_check;
        @(posedge mode) disable iff (mode != 3'b010)
            (mode == 3'b010) |-> (power_en == 1'b1 && clk_en == 1'b0);
    endproperty

    // Assertion for IDLE mode
    assert property (idle_mode_check) else $error(""In IDLE mode, power_en should be high and clk_en should be low"");

    // Property to check that in ACTIVE mode, both power_en and clk_en are high
    property active_mode_check;
        @(posedge mode) disable iff (mode != 3'b011)
            (mode == 3'b011) |-> (power_en == 1'b1 && clk_en == 1'b1);
    endproperty

    // Assertion for ACTIVE mode
    assert property (active_mode_check) else $error(""In ACTIVE mode, power_en and clk_en should be high"");

    // Property to check that in OFF mode, all outputs are low
    property off_mode_check;
        @(posedge mode) disable iff (mode != 3'b000)
            (mode == 3'b000) |-> (power_en == 1'b0 && clk_en == 1'b0 && retention_en == 1'b0);
    endproperty

    // Assertion for OFF mode
    assert property (off_mode_check) else $error(""In OFF mode, all outputs should be low"");

endmodule",OK,1772745007.4905305,319,778
"module scheduler_ctrl (
    input  logic [7:0] ctrl_word,
    output logic       high_prio,
    output logic       drop_pkt
);

    logic [3:0] class;
    logic [3:0] action;

    assign class  = ctrl_word[7:4];
    assign action = ctrl_word[3:0];

    always_comb begin
        high_prio = 1'b0;
        drop_pkt  = 1'b0;

        unique case (class)
            4'h0, 4'h1: begin
                case (action)
                    4'h0: high_prio = 1'b0;
                    4'h1: high_prio = 1'b1;
                    4'hF: drop_pkt  = 1'b1;
                    default: ;
                endcase
            end

            4'hA, 4'hB: begin
                casez (action)
                    4'b1???: high_prio = 1'b1;
                    4'b0???: drop_pkt  = 1'b1;
                    default: ;
                endcase
            end

            default: drop_pkt = 1'b1;
        endcase
    end

endmodule","module scheduler_ctrl (
    input  logic [7:0] ctrl_word,
    output logic       high_prio,
    output logic       drop_pkt
);

    logic [3:0] class;
    logic [3:0] action;

    assign class  = ctrl_word[7:4];
    assign action = ctrl_word[3:0];

    always_comb begin
        high_prio = 1'b0;
        drop_pkt  = 1'b0;

        unique case (class)
            4'h0, 4'h1: begin
                case (action)
                    4'h0: high_prio = 1'b0;
                    4'h1: high_prio = 1'b1;
                    4'hF: drop_pkt  = 1'b1;
                    default: ;
                endcase
            end

            4'hA, 4'hB: begin
                casez (action)
                    4'b1???: high_prio = 1'b1;
                    4'b0???: drop_pkt  = 1'b1;
                    default: ;
                endcase
            end

            default: drop_pkt = 1'b1;
        endcase
    end

    // Properties and assertions
    property p_valid_class_action;
        (class inside {4'h0, 4'h1}) |-> (action inside {4'h0, 4'h1, 4'hF});
    endproperty

    assert property (@(posedge ctrl_word) disable iff (~reset_n) p_valid_class_action)
        else $error(""Invalid action for class 0 or 1"");

    property p_default_drop;
        ~(class inside {4'h0, 4'h1, 4'hA, 4'hB}) |-> (drop_pkt == 1'b1);
    endproperty

    assert property (@(posedge ctrl_word) disable iff (~reset_n) p_default_drop)
        else $error(""Packets should be dropped for undefined classes"");

endmodule","** Error: (vlog-13069) prueba.sv(7): near ""class"": syntax error, unexpected class, expecting IDENTIFIER or TYPE_IDENTIFIER or NETTYPE_IDENTIFIER or '='.
** Error: (vlog-13069) prueba.sv(10): near ""class"": syntax error, unexpected class.
** Error: (vlog-13069) prueba.sv(17): near ""class"": syntax error, unexpected class.
** Error: (vlog-13069) prueba.sv(48): near ""class"": syntax error, unexpected class.",1772745072.3119764,339,527
"module dma_channel_arbiter (
    input  logic [3:0] ch_req,
    output logic [1:0] grant,
    output logic       grant_valid
);

    always_comb begin
        grant       = 2'd0;
        grant_valid = 1'b0;

        priority case (1'b1)
            ch_req[0]: begin
                grant       = 2'd0;
                grant_valid = 1'b1;
            end
            ch_req[1]: begin
                grant       = 2'd1;
                grant_valid = 1'b1;
            end
            ch_req[2]: begin
                grant       = 2'd2;
                grant_valid = 1'b1;
            end
            ch_req[3]: begin
                grant       = 2'd3;
                grant_valid = 1'b1;
            end
            default: begin
                grant_valid = 1'b0;
            end
        endcase
    end

endmodule","module dma_channel_arbiter (
    input  logic [3:0] ch_req,
    output logic [1:0] grant,
    output logic       grant_valid
);

    always_comb begin
        grant       = 2'd0;
        grant_valid = 1'b0;

        priority case (1'b1)
            ch_req[0]: begin
                grant       = 2'd0;
                grant_valid = 1'b1;
            end
            ch_req[1]: begin
                grant       = 2'd1;
                grant_valid = 1'b1;
            end
            ch_req[2]: begin
                grant       = 2'd2;
                grant_valid = 1'b1;
            end
            ch_req[3]: begin
                grant       = 2'd3;
                grant_valid = 1'b1;
            end
            default: begin
                grant_valid = 1'b0;
            end
        endcase
    end

    // Properties and Assertions
    property p_grant_valid_high_on_request;
        @(posedge ch_req) (|ch_req) |-> (grant_valid == 1);
    endproperty

    a_grant_valid_high_on_request: assert property (p_grant_valid_high_on_request)
        else $error(""Grant valid is not high when any channel request is high"");

    property p_unique_channel_granted;
        @(posedge ch_req) disable iff (!|ch_req) (grant_valid == 1) |-> ($onehot(ch_req[grant]));
    endproperty

    a_unique_channel_granted: assert property (p_unique_channel_granted)
        else $error(""More than one channel is granted or an invalid channel is granted"");

endmodule","** Error: (vlog-18047) prueba.sv(43): near ""|"": syntax error.",1772745116.3682685,289,598
"module coherence_cmd_decode (
    input  logic [4:0] cmd,
    output logic       req_shared,
    output logic       req_exclusive,
    output logic       invalidate,
    output logic       illegal
);

    always_comb begin
        req_shared    = 1'b0;
        req_exclusive = 1'b0;
        invalidate    = 1'b0;
        illegal       = 1'b0;

        unique case (cmd)
            5'h00: req_shared    = 1'b1; // ReadShared
            5'h01: req_exclusive = 1'b1; // ReadExclusive
            5'h02: invalidate    = 1'b1; // Invalidate
            5'h03: begin                  // Upgrade
                req_exclusive = 1'b1;
                invalidate    = 1'b1;
            end
            5'h10, 5'h11: begin            // Probe responses
                // No action, metadata only
            end
            default: illegal = 1'b1;
        endcase
    end

endmodule","module coherence_cmd_decode (
    input  logic [4:0] cmd,
    output logic       req_shared,
    output logic       req_exclusive,
    output logic       invalidate,
    output logic       illegal
);

    always_comb begin
        req_shared    = 1'b0;
        req_exclusive = 1'b0;
        invalidate    = 1'b0;
        illegal       = 1'b0;

        unique case (cmd)
            5'h00: req_shared    = 1'b1; // ReadShared
            5'h01: req_exclusive = 1'b1; // ReadExclusive
            5'h02: invalidate    = 1'b1; // Invalidate
            5'h03: begin                  // Upgrade
                req_exclusive = 1'b1;
                invalidate    = 1'b1;
            end
            5'h10, 5'h11: begin            // Probe responses
                // No action, metadata only
            end
            default: illegal = 1'b1;
        endcase
    end

    // Properties and assertions
    property p_req_shared;
        @(posedge clk) disable iff (reset)
            cmd == 5'h00 |-> req_shared == 1'b1;
    endproperty

    property p_req_exclusive;
        @(posedge clk) disable iff (reset)
            cmd == 5'h01 |-> req_exclusive == 1'b1;
    endproperty

    property p_invalidate;
        @(posedge clk) disable iff (reset)
            cmd == 5'h02 |-> invalidate == 1'b1;
    endproperty

    property p_upgrade;
        @(posedge clk) disable iff (reset)
            cmd == 5'h03 |-> req_exclusive == 1'b1 && invalidate == 1'b1;
    endproperty

    property p_probe_responses;
        @(posedge clk) disable iff (reset)
            (cmd == 5'h10 || cmd == 5'h11) |-> !req_shared && !req_exclusive && !invalidate && !illegal;
    endproperty

    property p_illegal;
        @(posedge clk) disable iff (reset)
            !(cmd inside {5'h00, 5'h01, 5'h02, 5'h03, 5'h10, 5'h11}) |-> illegal == 1'b1;
    endproperty

    // Assertions
    assert property (p_req_shared) else $error(""req_shared not set correctly"");
    assert property (p_req_exclusive) else $error(""req_exclusive not set correctly"");
    assert property (p_invalidate) else $error(""invalidate not set correctly"");
    assert property (p_upgrade) else $error(""upgrade not handled correctly"");
    assert property (p_probe_responses) else $error(""probe responses not handled correctly"");
    assert property (p_illegal) else $error(""illegal command not detected"");

endmodule","** Error: prueba.sv(32): (vlog-2730) Undefined variable: 'reset'.
** Error: prueba.sv(32): (vlog-2730) Undefined variable: 'clk'.
** Error: prueba.sv(37): (vlog-2730) Undefined variable: 'reset'.
** Error: prueba.sv(37): (vlog-2730) Undefined variable: 'clk'.
** Error: prueba.sv(42): (vlog-2730) Undefined variable: 'reset'.
** Error: prueba.sv(42): (vlog-2730) Undefined variable: 'clk'.
** Error: prueba.sv(47): (vlog-2730) Undefined variable: 'reset'.
** Error: prueba.sv(47): (vlog-2730) Undefined variable: 'clk'.
** Error: prueba.sv(52): (vlog-2730) Undefined variable: 'reset'.
** Error: prueba.sv(52): (vlog-2730) Undefined variable: 'clk'.
** Error: prueba.sv(57): (vlog-2730) Undefined variable: 'reset'.
** Error: prueba.sv(57): (vlog-2730) Undefined variable: 'clk'.
** Error (suppressible): prueba.sv(62): (vlog-1957) The sva directive is not sensitive to a clock. Unclocked directives are not supported.
** Error (suppressible): prueba.sv(63): (vlog-1957) The sva directive is not sensitive to a clock. Unclocked directives are not supported.
** Error (suppressible): prueba.sv(64): (vlog-1957) The sva directive is not sensitive to a clock. Unclocked directives are not supported.
** Error (suppressible): prueba.sv(65): (vlog-1957) The sva directive is not sensitive to a clock. Unclocked directives are not supported.
** Error (suppressible): prueba.sv(66): (vlog-1957) The sva directive is not sensitive to a clock. Unclocked directives are not supported.
** Error (suppressible): prueba.sv(67): (vlog-1957) The sva directive is not sensitive to a clock. Unclocked directives are not supported.
** Error: prueba.sv(32): (vlog-2730) Undefined variable: 'reset'.
** Error: prueba.sv(32): (vlog-2730) Undefined variable: 'clk'.",1772745166.2478292,313,724
"module pcie_tlp_decoder (
    input  logic [7:0] tlp_type,
    output logic       is_mem,
    output logic       is_cfg,
    output logic       is_msg,
    output logic       unsupported
);

    always_comb begin
        is_mem      = 1'b0;
        is_cfg      = 1'b0;
        is_msg      = 1'b0;
        unsupported = 1'b0;

        casez (tlp_type)
            8'b0000_000?: is_mem = 1'b1; // MemRd/MemWr
            8'b0000_10??: is_cfg = 1'b1; // CfgRd/CfgWr
            8'b0011_0???: is_msg = 1'b1; // Messages
            default: unsupported = 1'b1;
        endcase
    end

endmodule","module pcie_tlp_decoder (
    input  logic [7:0] tlp_type,
    output logic       is_mem,
    output logic       is_cfg,
    output logic       is_msg,
    output logic       unsupported
);

    // Properties to check the behavior of the decoder
    property p_is_mem;
        @(posedge clk) disable iff (reset)
            ($rose(is_mem) |-> tlp_type[7:4] == 4'b0000 && tlp_type[1:0] inside {[2'b00:2'b11]});
    endproperty

    property p_is_cfg;
        @(posedge clk) disable iff (reset)
            ($rose(is_cfg) |-> tlp_type[7:4] == 4'b0000 && tlp_type[1:0] inside {[2'b10:2'b11]});
    endproperty

    property p_is_msg;
        @(posedge clk) disable iff (reset)
            ($rose(is_msg) |-> tlp_type[7:4] == 4'b0011);
    endproperty

    property p_unsupported;
        @(posedge clk) disable iff (reset)
            ($rose(unsupported) |-> !(tlp_type inside {[8'b0000_0000:8'b0000_1111], 8'b0011_0???, [8'b0011_1000:8'b1111_1111]}));
    endproperty

    // Assertions to check the behavior of the decoder
    a_is_mem: assert property (p_is_mem) else $error(""is_mem assertion failed"");
    a_is_cfg: assert property (p_is_cfg) else $error(""is_cfg assertion failed"");
    a_is_msg: assert property (p_is_msg) else $error(""is_msg assertion failed"");
    a_unsupported: assert property (p_unsupported) else $error(""unsupported assertion failed"");

    always_comb begin
        is_mem      = 1'b0;
        is_cfg      = 1'b0;
        is_msg      = 1'b0;
        unsupported = 1'b0;

        casez (tlp_type)
            8'b0000_000?: is_mem = 1'b1; // MemRd/MemWr
            8'b0000_10??: is_cfg = 1'b1; // CfgRd/CfgWr
            8'b0011_0???: is_msg = 1'b1; // Messages
            default: unsupported = 1'b1;
        endcase
    end

endmodule","** Error: prueba.sv(11): (vlog-2730) Undefined variable: 'reset'.
** Error: prueba.sv(11): (vlog-2730) Undefined variable: 'clk'.
** Error: prueba.sv(16): (vlog-2730) Undefined variable: 'reset'.
** Error: prueba.sv(16): (vlog-2730) Undefined variable: 'clk'.
** Error: prueba.sv(21): (vlog-2730) Undefined variable: 'reset'.
** Error: prueba.sv(21): (vlog-2730) Undefined variable: 'clk'.
** Error: prueba.sv(26): (vlog-2730) Undefined variable: 'reset'.
** Error: prueba.sv(26): (vlog-2730) Undefined variable: 'clk'.
** Error (suppressible): prueba.sv(31): (vlog-1957) The sva directive is not sensitive to a clock. Unclocked directives are not supported.
** Error (suppressible): prueba.sv(32): (vlog-1957) The sva directive is not sensitive to a clock. Unclocked directives are not supported.
** Error (suppressible): prueba.sv(33): (vlog-1957) The sva directive is not sensitive to a clock. Unclocked directives are not supported.
** Error (suppressible): prueba.sv(34): (vlog-1957) The sva directive is not sensitive to a clock. Unclocked directives are not supported.
** Error: prueba.sv(11): (vlog-2730) Undefined variable: 'reset'.
** Error: prueba.sv(11): (vlog-2730) Undefined variable: 'clk'.",1772745226.6604452,279,681
"module cdc_ctrl_fsm (
    input  logic clk,
    input  logic rst_n,
    input  logic req,
    input  logic ack,
    output logic req_sync
);

    typedef enum logic [1:0] {
        CDC_IDLE,
        CDC_REQ,
        CDC_WAIT_ACK,
        CDC_DONE
    } cdc_state_t;

    cdc_state_t state, next_state;

    always_ff @(posedge clk or negedge rst_n) begin
        if (!rst_n)
            state <= CDC_IDLE;
        else
            state <= next_state;
    end

    always_comb begin
        req_sync  = 1'b0;
        next_state = state;

        unique case (state)
            CDC_IDLE: begin
                if (req)
                    next_state = CDC_REQ;
            end

            CDC_REQ: begin
                req_sync = 1'b1;
                next_state = CDC_WAIT_ACK;
            end

            CDC_WAIT_ACK: begin
                req_sync = 1'b1;
                if (ack)
                    next_state = CDC_DONE;
            end

            CDC_DONE: begin
                if (!req)
                    next_state = CDC_IDLE;
            end

            default: next_state = CDC_IDLE;
        endcase
    end

endmodule","module cdc_ctrl_fsm (
    input  logic clk,
    input  logic rst_n,
    input  logic req,
    input  logic ack,
    output logic req_sync
);

    typedef enum logic [1:0] {
        CDC_IDLE,
        CDC_REQ,
        CDC_WAIT_ACK,
        CDC_DONE
    } cdc_state_t;

    cdc_state_t state, next_state;

    // State transition register with asynchronous reset
    always_ff @(posedge clk or negedge rst_n) begin
        if (!rst_n)
            state <= CDC_IDLE;
        else
            state <= next_state;
    end

    // Next state logic and output assignment
    always_comb begin
        req_sync  = 1'b0;
        next_state = state;

        unique case (state)
            CDC_IDLE: begin
                if (req)
                    next_state = CDC_REQ;
            end

            CDC_REQ: begin
                req_sync = 1'b1;
                next_state = CDC_WAIT_ACK;
            end

            CDC_WAIT_ACK: begin
                req_sync = 1'b1;
                if (ack)
                    next_state = CDC_DONE;
            end

            CDC_DONE: begin
                if (!req)
                    next_state = CDC_IDLE;
            end

            default: next_state = CDC_IDLE;
        endcase
    end

    // Properties and Assertions
    property p_req_stable_during_wait_ack;
        @(posedge clk) disable iff (!rst_n)
            (state == CDC_WAIT_ACK) |=> $stable(req);
    endproperty

    property p_ack_asserted_in_wait_ack;
        @(posedge clk) disable iff (!rst_n)
            (state == CDC_WAIT_ACK) |-> ##1 ack;
    endproperty

    property p_no_req_during_done;
        @(posedge clk) disable iff (!rst_n)
            (state == CDC_DONE) |=> !req;
    endproperty

    // Assertions
    assert property (p_req_stable_during_wait_ack)
        else $error(""Request should be stable during CDC_WAIT_ACK state."");

    assert property (p_ack_asserted_in_wait_ack)
        else $error(""Acknowledge should be asserted within one cycle in CDC_WAIT_ACK state."");

    assert property (p_no_req_during_done)
        else $error(""Request should not be active in CDC_DONE state."");
endmodule",OK,1772745283.4010286,344,504
"module irq_priority_resolver (
    input  logic [7:0] irq_pending,
    input  logic [7:0] irq_enable,
    output logic [2:0] irq_id,
    output logic       irq_valid
);

    logic [7:0] active_irq;
    assign active_irq = irq_pending & irq_enable;

    always_comb begin
        irq_id    = 3'd0;
        irq_valid = 1'b0;

        priority case (1'b1)
            active_irq[7]: begin irq_id = 3'd7; irq_valid = 1'b1; end
            active_irq[6]: begin irq_id = 3'd6; irq_valid = 1'b1; end
            active_irq[5]: begin irq_id = 3'd5; irq_valid = 1'b1; end
            active_irq[4]: begin irq_id = 3'd4; irq_valid = 1'b1; end
            active_irq[3]: begin irq_id = 3'd3; irq_valid = 1'b1; end
            active_irq[2]: begin irq_id = 3'd2; irq_valid = 1'b1; end
            active_irq[1]: begin irq_id = 3'd1; irq_valid = 1'b1; end
            active_irq[0]: begin irq_id = 3'd0; irq_valid = 1'b1; end
            default: irq_valid = 1'b0;
        endcase
    end

endmodule","module irq_priority_resolver (
    input  logic [7:0] irq_pending,
    input  logic [7:0] irq_enable,
    output logic [2:0] irq_id,
    output logic       irq_valid
);

    logic [7:0] active_irq;
    assign active_irq = irq_pending & irq_enable;

    // Properties and assertions
    property p_irq_valid_high;
        (|active_irq) |-> irq_valid;
    endproperty

    property p_irq_valid_low;
        !(|active_irq) |-> !irq_valid;
    endproperty

    property p_irq_id_correct;
        (active_irq[7])  |=> (irq_id == 3'd7);
        (active_irq[6])  |=> (irq_id == 3'd6);
        (active_irq[5])  |=> (irq_id == 3'd5);
        (active_irq[4])  |=> (irq_id == 3'd4);
        (active_irq[3])  |=> (irq_id == 3'd3);
        (active_irq[2])  |=> (irq_id == 3'd2);
        (active_irq[1])  |=> (irq_id == 3'd1);
        (active_irq[0])  |=> (irq_id == 3'd0);
    endproperty

    assert property (@(*) p_irq_valid_high) else $error(""irq_valid should be high when any active_irq is set"");
    assert property (@(*) p_irq_valid_low) else $error(""irq_valid should be low when no active_irq is set"");
    assert property (@(*) p_irq_id_correct) else $error(""irq_id does not match the highest priority active_irq"");

    always_comb begin
        irq_id    = 3'd0;
        irq_valid = 1'b0;

        priority case (1'b1)
            active_irq[7]: begin irq_id = 3'd7; irq_valid = 1'b1; end
            active_irq[6]: begin irq_id = 3'd6; irq_valid = 1'b1; end
            active_irq[5]: begin irq_id = 3'd5; irq_valid = 1'b1; end
            active_irq[4]: begin irq_id = 3'd4; irq_valid = 1'b1; end
            active_irq[3]: begin irq_id = 3'd3; irq_valid = 1'b1; end
            active_irq[2]: begin irq_id = 3'd2; irq_valid = 1'b1; end
            active_irq[1]: begin irq_id = 3'd1; irq_valid = 1'b1; end
            active_irq[0]: begin irq_id = 3'd0; irq_valid = 1'b1; end
            default: irq_valid = 1'b0;
        endcase
    end

endmodule","** Error: (vlog-13069) prueba.sv(22): near ""("": syntax error, unexpected '(', expecting ""SystemVerilog keyword 'endproperty'"".
** Error: (vlog-13069) prueba.sv(32): near ""(*"": syntax error, unexpected (*.
** Error: (vlog-13069) prueba.sv(33): near ""(*"": syntax error, unexpected (*.",1772745325.628364,400,620
"module mem_burst_ctrl (
    input  logic [1:0] burst_type,
    output logic [3:0] burst_len,
    output logic       burst_wrap
);

    always_comb begin
        burst_len  = 4'd0;
        burst_wrap = 1'b0;

        unique case (burst_type)
            2'b00: burst_len = 4'd1;   // Fixed
            2'b01: burst_len = 4'd4;   // INCR4
            2'b10: burst_len = 4'd8;   // INCR8
            2'b11: begin               // WRAP
                burst_len  = 4'd4;
                burst_wrap = 1'b1;
            end
            default: ;
        endcase
    end

endmodule","module mem_burst_ctrl (
    input  logic [1:0] burst_type,
    output logic [3:0] burst_len,
    output logic       burst_wrap
);

    always_comb begin
        burst_len  = 4'd0;
        burst_wrap = 1'b0;

        unique case (burst_type)
            2'b00: burst_len = 4'd1;   // Fixed
            2'b01: burst_len = 4'd4;   // INCR4
            2'b10: burst_len = 4'd8;   // INCR8
            2'b11: begin               // WRAP
                burst_len  = 4'd4;
                burst_wrap = 1'b1;
            end
            default: ;
        endcase
    end

    // Properties and Assertions
    property p_fixed_burst_length;
        (burst_type == 2'b00) |-> (burst_len == 4'd1);
    endproperty
    
    property p_incr4_burst_length;
        (burst_type == 2'b01) |-> (burst_len == 4'd4);
    endproperty
    
    property p_incr8_burst_length;
        (burst_type == 2'b10) |-> (burst_len == 4'd8);
    endproperty
    
    property p_wrap_burst_length_and_wrap;
        (burst_type == 2'b11) |-> ((burst_len == 4'd4) && (burst_wrap == 1'b1));
    endproperty

    // Assertions
    a_fixed_burst_length : assert property (p_fixed_burst_length)
        else $error(""Fixed burst type does not have the correct length"");

    a_incr4_burst_length : assert property (p_incr4_burst_length)
        else $error(""INCR4 burst type does not have the correct length"");

    a_incr8_burst_length : assert property (p_incr8_burst_length)
        else $error(""INCR8 burst type does not have the correct length"");

    a_wrap_burst_length_and_wrap : assert property (p_wrap_burst_length_and_wrap)
        else $error(""WRAP burst type does not have the correct length and wrap signal"");

endmodule","** Error (suppressible): prueba.sv(41): (vlog-1957) The sva directive is not sensitive to a clock. Unclocked directives are not supported.
** Error (suppressible): prueba.sv(44): (vlog-1957) The sva directive is not sensitive to a clock. Unclocked directives are not supported.
** Error (suppressible): prueba.sv(47): (vlog-1957) The sva directive is not sensitive to a clock. Unclocked directives are not supported.
** Error (suppressible): prueba.sv(50): (vlog-1957) The sva directive is not sensitive to a clock. Unclocked directives are not supported.",1772745377.545605,256,491
"module gpu_exec_select (
    input  logic [15:0] opcode,
    output logic        use_alu,
    output logic        use_fpu,
    output logic        use_ldst,
    output logic        illegal
);

    always_comb begin
        use_alu  = 1'b0;
        use_fpu  = 1'b0;
        use_ldst = 1'b0;
        illegal  = 1'b0;

        casez (opcode)
            16'b0001_????_????_????: use_alu  = 1'b1;
            16'b0010_????_????_????: use_fpu  = 1'b1;
            16'b0100_????_????_????: use_ldst = 1'b1;
            default: illegal = 1'b1;
        endcase
    end

endmodule","module gpu_exec_select (
    input  logic [15:0] opcode,
    output logic        use_alu,
    output logic        use_fpu,
    output logic        use_ldst,
    output logic        illegal
);

    // Properties to check the behavior of the module
    property p_use_alu;
        @(posedge clk) disable iff (reset)
            $rose(opcode[15:12] == 4'b0001) |-> ##1 use_alu && !use_fpu && !use_ldst && !illegal;
    endproperty

    property p_use_fpu;
        @(posedge clk) disable iff (reset)
            $rose(opcode[15:12] == 4'b0010) |-> ##1 use_fpu && !use_alu && !use_ldst && !illegal;
    endproperty

    property p_use_ldst;
        @(posedge clk) disable iff (reset)
            $rose(opcode[15:12] == 4'b0100) |-> ##1 use_ldst && !use_alu && !use_fpu && !illegal;
    endproperty

    property p_illegal;
        @(posedge clk) disable iff (reset)
            $rose(!opcode[15:12].inside({4'b0001, 4'b0010, 4'b0100})) |-> ##1 illegal && !use_alu && !use_fpu && !use_ldst;
    endproperty

    // Asserts to verify the properties
    assert property (p_use_alu) else $error(""Assertion failed: use_alu not set correctly"");
    assert property (p_use_fpu) else $error(""Assertion failed: use_fpu not set correctly"");
    assert property (p_use_ldst) else $error(""Assertion failed: use_ldst not set correctly"");
    assert property (p_illegal) else $error(""Assertion failed: illegal not set correctly"");

    always_comb begin
        use_alu  = 1'b0;
        use_fpu  = 1'b0;
        use_ldst = 1'b0;
        illegal  = 1'b0;

        casez (opcode)
            16'b0001_????_????_????: use_alu  = 1'b1;
            16'b0010_????_????_????: use_fpu  = 1'b1;
            16'b0100_????_????_????: use_ldst = 1'b1;
            default: illegal = 1'b1;
        endcase
    end

endmodule","** Error: (vlog-13069) prueba.sv(27): near ""inside"": syntax error, unexpected ""SystemVerilog keyword 'inside'"", expecting IDENTIFIER.",1772745418.4851906,275,628
"module cpu_full_decoder (
    input  logic [31:0] instr,
    output logic        reg_write,
    output logic        mem_read,
    output logic        mem_write,
    output logic        branch,
    output logic        illegal
);

    logic [6:0] opcode;
    logic [2:0] funct3;
    logic [1:0] addr_mode;

    assign opcode    = instr[6:0];
    assign funct3    = instr[14:12];
    assign addr_mode = instr[21:20];

    always_comb begin
        reg_write = 1'b0;
        mem_read  = 1'b0;
        mem_write = 1'b0;
        branch    = 1'b0;
        illegal   = 1'b0;

        unique case (opcode)

            7'b0110011: begin // ALU register ops
                reg_write = 1'b1;
                unique case (funct3)
                    3'b000, 3'b111, 3'b110: ; // ADD/AND/OR
                    default: illegal = 1'b1;
                endcase
            end

            7'b0000011: begin // LOAD
                mem_read  = 1'b1;
                reg_write = 1'b1;
                unique case (funct3)
                    3'b010: begin // LW
                        case (addr_mode)
                            2'b00, 2'b01: ; // direct/indexed
                            2'b10: illegal = 1'b1;
                            default: illegal = 1'b1;
                        endcase
                    end
                    default: illegal = 1'b1;
                endcase
            end

            7'b0100011: begin // STORE
                mem_write = 1'b1;
                unique case (funct3)
                    3'b010: begin // SW
                        case (addr_mode)
                            2'b00: ;        // direct
                            2'b01: ;        // indexed
                            default: illegal = 1'b1;
                        endcase
                    end
                    default: illegal = 1'b1;
                endcase
            end

            7'b1100011: begin // BRANCH
                branch = 1'b1;
                unique case (funct3)
                    3'b000, 3'b001: ; // BEQ/BNE
                    default: illegal = 1'b1;
                endcase
            end

            default: illegal = 1'b1;
        endcase
    end

endmodule","module cpu_full_decoder (
    input  logic [31:0] instr,
    output logic        reg_write,
    output logic        mem_read,
    output logic        mem_write,
    output logic        branch,
    output logic        illegal
);

    logic [6:0] opcode;
    logic [2:0] funct3;
    logic [1:0] addr_mode;

    assign opcode    = instr[6:0];
    assign funct3    = instr[14:12];
    assign addr_mode = instr[21:20];

    always_comb begin
        reg_write = 1'b0;
        mem_read  = 1'b0;
        mem_write = 1'b0;
        branch    = 1'b0;
        illegal   = 1'b0;

        unique case (opcode)

            7'b0110011: begin // ALU register ops
                reg_write = 1'b1;
                unique case (funct3)
                    3'b000, 3'b111, 3'b110: ; // ADD/AND/OR
                    default: illegal = 1'b1;
                endcase
            end

            7'b0000011: begin // LOAD
                mem_read  = 1'b1;
                reg_write = 1'b1;
                unique case (funct3)
                    3'b010: begin // LW
                        case (addr_mode)
                            2'b00, 2'b01: ; // direct/indexed
                            2'b10: illegal = 1'b1;
                            default: illegal = 1'b1;
                        endcase
                    end
                    default: illegal = 1'b1;
                endcase
            end

            7'b0100011: begin // STORE
                mem_write = 1'b1;
                unique case (funct3)
                    3'b010: begin // SW
                        case (addr_mode)
                            2'b00: ;        // direct
                            2'b01: ;        // indexed
                            default: illegal = 1'b1;
                        endcase
                    end
                    default: illegal = 1'b1;
                endcase
            end

            7'b1100011: begin // BRANCH
                branch = 1'b1;
                unique case (funct3)
                    3'b000, 3'b001: ; // BEQ/BNE
                    default: illegal = 1'b1;
                endcase
            end

            default: illegal = 1'b1;
        endcase
    end

    // Properties and assertions
    property p_alu_reg_ops;
        opcode == 7'b0110011 |-> funct3 inside {3'b000, 3'b111, 3'b110};
    endproperty

    property p_load_ops;
        (opcode == 7'b0000011 && funct3 == 3'b010) |-> addr_mode inside {2'b00, 2'b01};
    endproperty

    property p_store_ops;
        (opcode == 7'b0100011 && funct3 == 3'b010) |-> addr_mode inside {2'b00, 2'b01};
    endproperty

    property p_branch_ops;
        opcode == 7'b1100011 |-> funct3 inside {3'b000, 3'b001};
    endproperty

    // Assertions
    assert property (p_alu_reg_ops) else $error(""Invalid ALU register operation"");
    assert property (p_load_ops) else $error(""Invalid LOAD operation"");
    assert property (p_store_ops) else $error(""Invalid STORE operation"");
    assert property (p_branch_ops) else $error(""Invalid BRANCH operation"");

endmodule","** Error (suppressible): prueba.sv(94): (vlog-1957) The sva directive is not sensitive to a clock. Unclocked directives are not supported.
** Error (suppressible): prueba.sv(95): (vlog-1957) The sva directive is not sensitive to a clock. Unclocked directives are not supported.
** Error (suppressible): prueba.sv(96): (vlog-1957) The sva directive is not sensitive to a clock. Unclocked directives are not supported.
** Error (suppressible): prueba.sv(97): (vlog-1957) The sva directive is not sensitive to a clock. Unclocked directives are not supported.",1772745470.8119066,664,869
"module packet_classifier (
    input  logic [31:0] hdr,
    output logic        fast_path,
    output logic        slow_path,
    output logic        drop
);

    logic [7:0] proto;
    logic [3:0] subtype;
    logic [2:0] qos;

    assign proto   = hdr[31:24];
    assign subtype = hdr[23:20];
    assign qos     = hdr[2:0];

    always_comb begin
        fast_path = 1'b0;
        slow_path = 1'b0;
        drop      = 1'b0;

        unique case (proto)
            8'h08: begin // IPv4
                case (subtype)
                    4'h0: begin // UDP
                        case (qos)
                            3'b000, 3'b001: fast_path = 1'b1;
                            3'b111: drop = 1'b1;
                            default: slow_path = 1'b1;
                        endcase
                    end

                    4'h1: begin // TCP
                        case (qos)
                            3'b000: fast_path = 1'b1;
                            default: slow_path = 1'b1;
                        endcase
                    end

                    default: slow_path = 1'b1;
                endcase
            end

            8'h86: begin // IPv6
                case (subtype)
                    4'h0, 4'h1: slow_path = 1'b1;
                    default: drop = 1'b1;
                endcase
            end

            default: drop = 1'b1;
        endcase
    end

endmodule","module packet_classifier (
    input  logic [31:0] hdr,
    output logic        fast_path,
    output logic        slow_path,
    output logic        drop
);

    logic [7:0] proto;
    logic [3:0] subtype;
    logic [2:0] qos;

    assign proto   = hdr[31:24];
    assign subtype = hdr[23:20];
    assign qos     = hdr[2:0];

    always_comb begin
        fast_path = 1'b0;
        slow_path = 1'b0;
        drop      = 1'b0;

        unique case (proto)
            8'h08: begin // IPv4
                case (subtype)
                    4'h0: begin // UDP
                        case (qos)
                            3'b000, 3'b001: fast_path = 1'b1;
                            3'b111: drop = 1'b1;
                            default: slow_path = 1'b1;
                        endcase
                    end

                    4'h1: begin // TCP
                        case (qos)
                            3'b000: fast_path = 1'b1;
                            default: slow_path = 1'b1;
                        endcase
                    end

                    default: slow_path = 1'b1;
                endcase
            end

            8'h86: begin // IPv6
                case (subtype)
                    4'h0, 4'h1: slow_path = 1'b1;
                    default: drop = 1'b1;
                endcase
            end

            default: drop = 1'b1;
        endcase
    end

    // Properties and assertions
    property p_fast_path_set;
        (proto == 8'h08 && subtype == 4'h0 && (qos == 3'b000 || qos == 3'b001)) |-> fast_path;
    endproperty

    property p_slow_path_set_ipv4_udp;
        (proto == 8'h08 && subtype == 4'h0 && qos inside {[3'b010:3'b110]}) |-> slow_path;
    endproperty

    property p_slow_path_set_ipv4_tcp;
        (proto == 8'h08 && subtype == 4'h1 && qos != 3'b000) |-> slow_path;
    endproperty

    property p_slow_path_set_ipv6;
        (proto == 8'h86 && subtype inside {[4'h0:4'h1]}) |-> slow_path;
    endproperty

    property p_drop_set_ipv4_udp_qos_111;
        (proto == 8'h08 && subtype == 4'h0 && qos == 3'b111) |-> drop;
    endproperty

    property p_drop_set_ipv6_others;
        (proto == 8'h86 && subtype not inside {[4'h0:4'h1]}) |-> drop;
    endproperty

    property p_drop_set_proto_others;
        (proto != 8'h08 && proto != 8'h86) |-> drop;
    endproperty

    a_fast_path_set: assert property (p_fast_path_set);
    a_slow_path_set_ipv4_udp: assert property (p_slow_path_set_ipv4_udp);
    a_slow_path_set_ipv4_tcp: assert property (p_slow_path_set_ipv4_tcp);
    a_slow_path_set_ipv6: assert property (p_slow_path_set_ipv6);
    a_drop_set_ipv4_udp_qos_111: assert property (p_drop_set_ipv4_udp_qos_111);
    a_drop_set_ipv6_others: assert property (p_drop_set_ipv6_others);
    a_drop_set_proto_others: assert property (p_drop_set_proto_others);

endmodule","** Error: (vlog-13069) prueba.sv(76): near ""not"": syntax error, unexpected not.",1772745544.101289,446,833
"module storage_cmd_proc (
    input  logic [7:0] cmd,
    input  logic [3:0] feature,
    input  logic [1:0] subop,
    output logic       exec,
    output logic       flush,
    output logic       error
);

    always_comb begin
        exec  = 1'b0;
        flush = 1'b0;
        error = 1'b0;

        unique case (cmd)
            8'h01: begin // READ
                case (feature)
                    4'h0, 4'h1: exec = 1'b1;
                    4'hF: begin
                        case (subop)
                            2'b00: exec = 1'b1;
                            default: error = 1'b1;
                        endcase
                    end
                    default: error = 1'b1;
                endcase
            end

            8'h02: begin // WRITE
                case (feature)
                    4'h0: exec = 1'b1;
                    4'hE: flush = 1'b1;
                    default: error = 1'b1;
                endcase
            end

            8'hFF: begin // FLUSH
                flush = 1'b1;
            end

            default: error = 1'b1;
        endcase
    end

endmodule","module storage_cmd_proc (
    input  logic [7:0] cmd,
    input  logic [3:0] feature,
    input  logic [1:0] subop,
    output logic       exec,
    output logic       flush,
    output logic       error
);

    always_comb begin
        exec  = 1'b0;
        flush = 1'b0;
        error = 1'b0;

        unique case (cmd)
            8'h01: begin // READ
                case (feature)
                    4'h0, 4'h1: exec = 1'b1;
                    4'hF: begin
                        case (subop)
                            2'b00: exec = 1'b1;
                            default: error = 1'b1;
                        endcase
                    end
                    default: error = 1'b1;
                endcase
            end

            8'h02: begin // WRITE
                case (feature)
                    4'h0: exec = 1'b1;
                    4'hE: flush = 1'b1;
                    default: error = 1'b1;
                endcase
            end

            8'hFF: begin // FLUSH
                flush = 1'b1;
            end

            default: error = 1'b1;
        endcase
    end

    // Properties and asserts

    property read_valid_feature_subop;
        @(posedge clk) disable iff (reset)
            (cmd == 8'h01 && feature inside {4'h0, 4'h1}) |-> exec;
    endproperty

    assert property (read_valid_feature_subop)
        else $error(""READ command with valid feature but invalid subop"");

    property read_invalid_feature;
        @(posedge clk) disable iff (reset)
            cmd == 8'h01 && !(feature inside {4'h0, 4'h1, 4'hF}) |-> error;
    endproperty

    assert property (read_invalid_feature)
        else $error(""READ command with invalid feature"");

    property read_subop_00_exec;
        @(posedge clk) disable iff (reset)
            (cmd == 8'h01 && feature == 4'hF && subop == 2'b00) |-> exec;
    endproperty

    assert property (read_subop_00_exec)
        else $error(""READ command with feature F and subop 00 should execute"");

    property read_invalid_subop_error;
        @(posedge clk) disable iff (reset)
            (cmd == 8'h01 && feature == 4'hF && subop != 2'b00) |-> error;
    endproperty

    assert property (read_invalid_subop_error)
        else $error(""READ command with feature F and invalid subop should raise error"");

    property write_valid_feature_exec;
        @(posedge clk) disable iff (reset)
            cmd == 8'h02 && feature == 4'h0 |-> exec;
    endproperty

    assert property (write_valid_feature_exec)
        else $error(""WRITE command with valid feature should execute"");

    property write_flush_feature;
        @(posedge clk) disable iff (reset)
            cmd == 8'h02 && feature == 4'hE |-> flush;
    endproperty

    assert property (write_flush_feature)
        else $error(""WRITE command with feature E should trigger flush"");

    property write_invalid_feature_error;
        @(posedge clk) disable iff (reset)
            cmd == 8'h02 && !(feature inside {4'h0, 4'hE}) |-> error;
    endproperty

    assert property (write_invalid_feature_error)
        else $error(""WRITE command with invalid feature should raise error"");

    property flush_cmd_flush;
        @(posedge clk) disable iff (reset)
            cmd == 8'hFF |-> flush;
    endproperty

    assert property (flush_cmd_flush)
        else $error(""FLUSH command should trigger flush"");

endmodule","** Error: prueba.sv(48): (vlog-2730) Undefined variable: 'reset'.
** Error: prueba.sv(48): (vlog-2730) Undefined variable: 'clk'.
** Error (suppressible): prueba.sv(52): (vlog-1957) The sva directive is not sensitive to a clock. Unclocked directives are not supported.
** Error: prueba.sv(56): (vlog-2730) Undefined variable: 'reset'.
** Error: prueba.sv(56): (vlog-2730) Undefined variable: 'clk'.
** Error (suppressible): prueba.sv(60): (vlog-1957) The sva directive is not sensitive to a clock. Unclocked directives are not supported.
** Error: prueba.sv(64): (vlog-2730) Undefined variable: 'reset'.
** Error: prueba.sv(64): (vlog-2730) Undefined variable: 'clk'.
** Error (suppressible): prueba.sv(68): (vlog-1957) The sva directive is not sensitive to a clock. Unclocked directives are not supported.
** Error: prueba.sv(72): (vlog-2730) Undefined variable: 'reset'.
** Error: prueba.sv(72): (vlog-2730) Undefined variable: 'clk'.
** Error (suppressible): prueba.sv(76): (vlog-1957) The sva directive is not sensitive to a clock. Unclocked directives are not supported.
** Error: prueba.sv(80): (vlog-2730) Undefined variable: 'reset'.
** Error: prueba.sv(80): (vlog-2730) Undefined variable: 'clk'.
** Error (suppressible): prueba.sv(84): (vlog-1957) The sva directive is not sensitive to a clock. Unclocked directives are not supported.
** Error: prueba.sv(88): (vlog-2730) Undefined variable: 'reset'.
** Error: prueba.sv(88): (vlog-2730) Undefined variable: 'clk'.
** Error (suppressible): prueba.sv(92): (vlog-1957) The sva directive is not sensitive to a clock. Unclocked directives are not supported.
** Error: prueba.sv(96): (vlog-2730) Undefined variable: 'reset'.
** Error: prueba.sv(96): (vlog-2730) Undefined variable: 'clk'.
** Error (suppressible): prueba.sv(100): (vlog-1957) The sva directive is not sensitive to a clock. Unclocked directives are not supported.
** Error: prueba.sv(104): (vlog-2730) Undefined variable: 'reset'.
** Error: prueba.sv(104): (vlog-2730) Undefined variable: 'clk'.
** Error (suppressible): prueba.sv(108): (vlog-1957) The sva directive is not sensitive to a clock. Unclocked directives are not supported.
** Error: prueba.sv(48): (vlog-2730) Undefined variable: 'reset'.
** Error: prueba.sv(48): (vlog-2730) Undefined variable: 'clk'.",1772745613.8975544,369,959
"module thermal_policy (
    input  logic [1:0] mode,
    input  logic [2:0] temp_level,
    output logic       throttle,
    output logic       shutdown
);

    always_comb begin
        throttle = 1'b0;
        shutdown = 1'b0;

        unique case (mode)
            2'b00: begin // Performance
                case (temp_level)
                    3'b000, 3'b001: ;
                    3'b010, 3'b011: throttle = 1'b1;
                    default: shutdown = 1'b1;
                endcase
            end

            2'b01: begin // Balanced
                case (temp_level)
                    3'b000: ;
                    3'b001, 3'b010: throttle = 1'b1;
                    default: shutdown = 1'b1;
                endcase
            end

            2'b10: begin // Power-save
                case (temp_level)
                    3'b000, 3'b001: throttle = 1'b1;
                    default: shutdown = 1'b1;
                endcase
            end

            default: shutdown = 1'b1;
        endcase
    end

endmodule","module thermal_policy (
    input  logic [1:0] mode,
    input  logic [2:0] temp_level,
    output logic       throttle,
    output logic       shutdown
);

    always_comb begin
        throttle = 1'b0;
        shutdown = 1'b0;

        unique case (mode)
            2'b00: begin // Performance
                case (temp_level)
                    3'b000, 3'b001: ;
                    3'b010, 3'b011: throttle = 1'b1;
                    default: shutdown = 1'b1;
                endcase
            end

            2'b01: begin // Balanced
                case (temp_level)
                    3'b000: ;
                    3'b001, 3'b010: throttle = 1'b1;
                    default: shutdown = 1'b1;
                endcase
            end

            2'b10: begin // Power-save
                case (temp_level)
                    3'b000, 3'b001: throttle = 1'b1;
                    default: shutdown = 1'b1;
                endcase
            end

            default: shutdown = 1'b1;
        endcase
    end

    // Properties and Assertions
    property p_throttle_never_both;
        @(posedge clk) disable iff (!reset_n)
            (throttle && shutdown) |-> 0;
    endproperty

    assert property (p_throttle_never_both)
        else $error(""Throttle and Shutdown should not be high simultaneously"");

    property p_shutdown_valid_mode;
        @(posedge clk) disable iff (!reset_n)
            (mode inside {[2'b00:2'b10]}) |-> !(shutdown);
    endproperty

    assert property (p_shutdown_valid_mode)
        else $error(""Shutdown should not be high for valid modes"");

endmodule","** Error: prueba.sv(42): (vlog-2730) Undefined variable: 'reset_n'.
** Error: prueba.sv(42): (vlog-2730) Undefined variable: 'clk'.",1772745694.0062346,359,495
"module interconnect_router (
    input  logic [3:0] master_id,
    input  logic [1:0] txn_type,
    input  logic [1:0] burst,
    output logic       route_fast,
    output logic       route_slow,
    output logic       reject
);

    always_comb begin
        route_fast = 1'b0;
        route_slow = 1'b0;
        reject     = 1'b0;

        unique case (master_id)
            4'h0, 4'h1: begin
                case (txn_type)
                    2'b00: route_fast = 1'b1; // read
                    2'b01: begin              // write
                        case (burst)
                            2'b00, 2'b01: route_fast = 1'b1;
                            default: route_slow = 1'b1;
                        endcase
                    end
                    default: reject = 1'b1;
                endcase
            end

            4'hF: begin
                case (txn_type)
                    2'b00: route_slow = 1'b1;
                    default: reject = 1'b1;
                endcase
            end

            default: reject = 1'b1;
        endcase
    end

endmodule","module interconnect_router (
    input  logic [3:0] master_id,
    input  logic [1:0] txn_type,
    input  logic [1:0] burst,
    output logic       route_fast,
    output logic       route_slow,
    output logic       reject
);

    always_comb begin
        route_fast = 1'b0;
        route_slow = 1'b0;
        reject     = 1'b0;

        unique case (master_id)
            4'h0, 4'h1: begin
                case (txn_type)
                    2'b00: route_fast = 1'b1; // read
                    2'b01: begin              // write
                        case (burst)
                            2'b00, 2'b01: route_fast = 1'b1;
                            default: route_slow = 1'b1;
                        endcase
                    end
                    default: reject = 1'b1;
                endcase
            end

            4'hF: begin
                case (txn_type)
                    2'b00: route_slow = 1'b1;
                    default: reject = 1'b1;
                endcase
            end

            default: reject = 1'b1;
        endcase
    end

    // Properties and Assertions

    // Property: When master_id is 4'h0 or 4'h1 and txn_type is 2'b00, route_fast should be set.
    property p_route_fast_on_read;
        @(posedge clk) disable iff (reset)
            ($rose(master_id inside {4'h0, 4'h1}) && $past(txn_type == 2'b00)) |=> (route_fast);
    endproperty

    // Assertion for the above property
    a_route_fast_on_read: assert property (p_route_fast_on_read);

    // Property: When master_id is 4'h0 or 4'h1, txn_type is 2'b01, and burst is 2'b00 or 2'b01, route_fast should be set.
    property p_route_fast_on_write;
        @(posedge clk) disable iff (reset)
            ($rose(master_id inside {4'h0, 4'h1}) && $past(txn_type == 2'b01) && $past(burst inside {2'b00, 2'b01})) |=> (route_fast);
    endproperty

    // Assertion for the above property
    a_route_fast_on_write: assert property (p_route_fast_on_write);

    // Property: When master_id is 4'h0 or 4'h1, txn_type is 2'b01, and burst is not 2'b00 or 2'b01, route_slow should be set.
    property p_route_slow_on_large_burst;
        @(posedge clk) disable iff (reset)
            ($rose(master_id inside {4'h0, 4'h1}) && $past(txn_type == 2'b01) && !($past(burst inside {2'b00, 2'b01}))) |=> (route_slow);
    endproperty

    // Assertion for the above property
    a_route_slow_on_large_burst: assert property (p_route_slow_on_large_burst);

    // Property: When master_id is 4'hF and txn_type is 2'b00, route_slow should be set.
    property p_route_slow_on_master_F;
        @(posedge clk) disable iff (reset)
            ($rose(master_id == 4'hF) && $past(txn_type == 2'b00)) |=> (route_slow);
    endproperty

    // Assertion for the above property
    a_route_slow_on_master_F: assert property (p_route_slow_on_master_F);

    // Property: When master_id is not 4'h0, 4'h1, or 4'hF, reject should be set.
    property p_reject_on_invalid_master;
        @(posedge clk) disable iff (reset)
            ($rose(!(master_id inside {4'h0, 4'h1, 4'hF}))) |=> (reject);
    endproperty

    // Assertion for the above property
    a_reject_on_invalid_master: assert property (p_reject_on_invalid_master);

endmodule","** Error: prueba.sv(44): (vlog-2730) Undefined variable: 'reset'.
** Error: prueba.sv(44): (vlog-2730) Undefined variable: 'clk'.
** Error (suppressible): prueba.sv(49): (vlog-1957) The sva directive is not sensitive to a clock. Unclocked directives are not supported.
** Error: prueba.sv(53): (vlog-2730) Undefined variable: 'reset'.
** Error: prueba.sv(53): (vlog-2730) Undefined variable: 'clk'.
** Error (suppressible): prueba.sv(58): (vlog-1957) The sva directive is not sensitive to a clock. Unclocked directives are not supported.
** Error: prueba.sv(62): (vlog-2730) Undefined variable: 'reset'.
** Error: prueba.sv(62): (vlog-2730) Undefined variable: 'clk'.
** Error (suppressible): prueba.sv(67): (vlog-1957) The sva directive is not sensitive to a clock. Unclocked directives are not supported.
** Error: prueba.sv(71): (vlog-2730) Undefined variable: 'reset'.
** Error: prueba.sv(71): (vlog-2730) Undefined variable: 'clk'.
** Error (suppressible): prueba.sv(76): (vlog-1957) The sva directive is not sensitive to a clock. Unclocked directives are not supported.
** Error: prueba.sv(80): (vlog-2730) Undefined variable: 'reset'.
** Error: prueba.sv(80): (vlog-2730) Undefined variable: 'clk'.
** Error (suppressible): prueba.sv(85): (vlog-1957) The sva directive is not sensitive to a clock. Unclocked directives are not supported.
** Error: prueba.sv(44): (vlog-2730) Undefined variable: 'reset'.
** Error: prueba.sv(44): (vlog-2730) Undefined variable: 'clk'.",1772745735.486602,354,1019
"module obi_txn_decoder (
    input  logic        req,
    input  logic        we,
    input  logic [1:0]  prot,
    input  logic [1:0]  burst,
    output logic        allow,
    output logic        fault
);

    // prot[1] = privileged
    // prot[0] = secure

    always_comb begin
        allow = 1'b0;
        fault = 1'b0;

        if (req) begin
            unique case (we)
                1'b0: begin // READ
                    case (prot)
                        2'b00, 2'b01: begin
                            case (burst)
                                2'b00, 2'b01: allow = 1'b1;
                                default: fault = 1'b1;
                            endcase
                        end
                        default: fault = 1'b1;
                    endcase
                end

                1'b1: begin // WRITE
                    case (prot)
                        2'b10: begin // privileged non-secure
                            case (burst)
                                2'b00: allow = 1'b1;
                                default: fault = 1'b1;
                            endcase
                        end
                        default: fault = 1'b1;
                    endcase
                end

                default: fault = 1'b1;
            endcase
        end
    end

endmodule","module obi_txn_decoder (
    input  logic        req,
    input  logic        we,
    input  logic [1:0]  prot,
    input  logic [1:0]  burst,
    output logic        allow,
    output logic        fault
);

    // prot[1] = privileged
    // prot[0] = secure

    always_comb begin
        allow = 1'b0;
        fault = 1'b0;

        if (req) begin
            unique case (we)
                1'b0: begin // READ
                    case (prot)
                        2'b00, 2'b01: begin
                            case (burst)
                                2'b00, 2'b01: allow = 1'b1;
                                default: fault = 1'b1;
                            endcase
                        end
                        default: fault = 1'b1;
                    endcase
                end

                1'b1: begin // WRITE
                    case (prot)
                        2'b10: begin // privileged non-secure
                            case (burst)
                                2'b00: allow = 1'b1;
                                default: fault = 1'b1;
                            endcase
                        end
                        default: fault = 1'b1;
                    endcase
                end

                default: fault = 1'b1;
            endcase
        end
    end

    // Properties and assertions
    property p_read_allow;
        @(posedge req) disable iff (!req)
        (we == 1'b0 && (prot inside {2'b00, 2'b01}) && (burst inside {2'b00, 2'b01})) |-> ##1 allow;
    endproperty

    property p_read_fault;
        @(posedge req) disable iff (!req)
        (we == 1'b0 && !((prot inside {2'b00, 2'b01}) && (burst inside {2'b00, 2'b01}))) |-> ##1 fault;
    endproperty

    property p_write_allow;
        @(posedge req) disable iff (!req)
        (we == 1'b1 && prot == 2'b10 && burst == 2'b00) |-> ##1 allow;
    endproperty

    property p_write_fault;
        @(posedge req) disable iff (!req)
        (we == 1'b1 && !(prot == 2'b10 && burst == 2'b00)) |-> ##1 fault;
    endproperty

    a_read_allow: assert property (p_read_allow);
    a_read_fault: assert property (p_read_fault);
    a_write_allow: assert property (p_write_allow);
    a_write_fault: assert property (p_write_fault);

endmodule",OK,1772745820.487868,381,605
"module alert_handler_ctrl (
    input  logic [1:0] alert_class,
    input  logic [1:0] esc_state,
    output logic       irq,
    output logic       nmi,
    output logic       reset_req
);

    always_comb begin
        irq       = 1'b0;
        nmi       = 1'b0;
        reset_req = 1'b0;

        unique case (alert_class)
            2'b00: begin // Class A
                case (esc_state)
                    2'b00: irq = 1'b1;
                    2'b01: nmi = 1'b1;
                    default: reset_req = 1'b1;
                endcase
            end

            2'b01: begin // Class B
                case (esc_state)
                    2'b00, 2'b01: nmi = 1'b1;
                    default: reset_req = 1'b1;
                endcase
            end

            2'b10: begin // Class C
                case (esc_state)
                    2'b00: nmi = 1'b1;
                    default: reset_req = 1'b1;
                endcase
            end

            default: reset_req = 1'b1;
        endcase
    end

endmodule","module alert_handler_ctrl (
    input  logic [1:0] alert_class,
    input  logic [1:0] esc_state,
    output logic       irq,
    output logic       nmi,
    output logic       reset_req
);

    always_comb begin
        irq       = 1'b0;
        nmi       = 1'b0;
        reset_req = 1'b0;

        unique case (alert_class)
            2'b00: begin // Class A
                case (esc_state)
                    2'b00: irq = 1'b1;
                    2'b01: nmi = 1'b1;
                    default: reset_req = 1'b1;
                endcase
            end

            2'b01: begin // Class B
                case (esc_state)
                    2'b00, 2'b01: nmi = 1'b1;
                    default: reset_req = 1'b1;
                endcase
            end

            2'b10: begin // Class C
                case (esc_state)
                    2'b00: nmi = 1'b1;
                    default: reset_req = 1'b1;
                endcase
            end

            default: reset_req = 1'b1;
        endcase
    end

    // Properties and asserts to ensure the logic behaves as expected

    property p_class_a_irq;
        @(posedge clk) disable iff (!rst_n)
        (alert_class == 2'b00 && esc_state == 2'b00) |-> irq;
    endproperty

    assert property (p_class_a_irq) else $error(""Violation of class A IRQ assertion"");

    property p_class_a_nmi;
        @(posedge clk) disable iff (!rst_n)
        (alert_class == 2'b00 && esc_state == 2'b01) |-> nmi;
    endproperty

    assert property (p_class_a_nmi) else $error(""Violation of class A NMI assertion"");

    property p_class_a_reset_req;
        @(posedge clk) disable iff (!rst_n)
        (alert_class == 2'b00 && esc_state inside {2'b10, 2'b11}) |-> reset_req;
    endproperty

    assert property (p_class_a_reset_req) else $error(""Violation of class A reset request assertion"");

    property p_class_b_nmi;
        @(posedge clk) disable iff (!rst_n)
        (alert_class == 2'b01 && esc_state inside {2'b00, 2'b01}) |-> nmi;
    endproperty

    assert property (p_class_b_nmi) else $error(""Violation of class B NMI assertion"");

    property p_class_b_reset_req;
        @(posedge clk) disable iff (!rst_n)
        (alert_class == 2'b01 && esc_state inside {2'b10, 2'b11}) |-> reset_req;
    endproperty

    assert property (p_class_b_reset_req) else $error(""Violation of class B reset request assertion"");

    property p_class_c_nmi;
        @(posedge clk) disable iff (!rst_n)
        (alert_class == 2'b10 && esc_state == 2'b00) |-> nmi;
    endproperty

    assert property (p_class_c_nmi) else $error(""Violation of class C NMI assertion"");

    property p_class_c_reset_req;
        @(posedge clk) disable iff (!rst_n)
        (alert_class == 2'b10 && esc_state inside {2'b01, 2'b10, 2'b11}) |-> reset_req;
    endproperty

    assert property (p_class_c_reset_req) else $error(""Violation of class C reset request assertion"");

    property p_default_reset_req;
        @(posedge clk) disable iff (!rst_n)
        (alert_class inside {2'b11, 2'bxx}) |-> reset_req;
    endproperty

    assert property (p_default_reset_req) else $error(""Violation of default reset request assertion"");

endmodule","** Error: prueba.sv(44): (vlog-2730) Undefined variable: 'rst_n'.
** Error: prueba.sv(44): (vlog-2730) Undefined variable: 'clk'.",1772745871.0611107,362,972
"module lifecycle_gate (
    input  logic [2:0] lc_state,
    input  logic [1:0] transition,
    output logic       allow,
    output logic       violation
);

    always_comb begin
        allow     = 1'b0;
        violation = 1'b0;

        unique case (lc_state)
            3'b000: begin // TEST_UNLOCKED
                case (transition)
                    2'b00, 2'b01: allow = 1'b1;
                    default: violation = 1'b1;
                endcase
            end

            3'b001: begin // DEV
                case (transition)
                    2'b01: allow = 1'b1;
                    default: violation = 1'b1;
                endcase
            end

            3'b010: begin // PROD
                case (transition)
                    2'b10: allow = 1'b1;
                    default: violation = 1'b1;
                endcase
            end

            3'b111: begin // RMA
                case (transition)
                    2'b11: allow = 1'b1;
                    default: violation = 1'b1;
                endcase
            end

            default: violation = 1'b1;
        endcase
    end

endmodule","module lifecycle_gate (
    input  logic [2:0] lc_state,
    input  logic [1:0] transition,
    output logic       allow,
    output logic       violation
);

    // Properties for formal verification
    property p_test_unlocked;
        (lc_state == 3'b000) |-> ((transition == 2'b00 || transition == 2'b01) ? $rose(allow) : $rose(violation));
    endproperty

    property p_dev;
        (lc_state == 3'b001) |-> ((transition == 2'b01) ? $rose(allow) : $rose(violation));
    endproperty

    property p_prod;
        (lc_state == 3'b010) |-> ((transition == 2'b10) ? $rose(allow) : $rose(violation));
    endproperty

    property p_rma;
        (lc_state == 3'b111) |-> ((transition == 2'b11) ? $rose(allow) : $rose(violation));
    endproperty

    property p_invalid_state;
        !(lc_state inside {3'b000, 3'b001, 3'b010, 3'b111}) |-> $rose(violation);
    endproperty

    // Assertions
    a_test_unlocked: assert property (p_test_unlocked) else $error(""Violation in TEST_UNLOCKED state"");
    a_dev: assert property (p_dev) else $error(""Violation in DEV state"");
    a_prod: assert property (p_prod) else $error(""Violation in PROD state"");
    a_rma: assert property (p_rma) else $error(""Violation in RMA state"");
    a_invalid_state: assert property (p_invalid_state) else $error(""Invalid LC_STATE detected"");

    always_comb begin
        allow     = 1'b0;
        violation = 1'b0;

        unique case (lc_state)
            3'b000: begin // TEST_UNLOCKED
                case (transition)
                    2'b00, 2'b01: allow = 1'b1;
                    default: violation = 1'b1;
                endcase
            end

            3'b001: begin // DEV
                case (transition)
                    2'b01: allow = 1'b1;
                    default: violation = 1'b1;
                endcase
            end

            3'b010: begin // PROD
                case (transition)
                    2'b10: allow = 1'b1;
                    default: violation = 1'b1;
                endcase
            end

            3'b111: begin // RMA
                case (transition)
                    2'b11: allow = 1'b1;
                    default: violation = 1'b1;
                endcase
            end

            default: violation = 1'b1;
        endcase
    end

endmodule","** Error: prueba.sv(10): (vlog-13452) Could not determine the clocking event for '$rose'.
** Error: prueba.sv(10): (vlog-13452) Could not determine the clocking event for '$rose'.
** Error (suppressible): prueba.sv(30): (vlog-1957) The sva directive is not sensitive to a clock. Unclocked directives are not supported.
** Error: prueba.sv(14): (vlog-13452) Could not determine the clocking event for '$rose'.
** Error: prueba.sv(14): (vlog-13452) Could not determine the clocking event for '$rose'.
** Error (suppressible): prueba.sv(31): (vlog-1957) The sva directive is not sensitive to a clock. Unclocked directives are not supported.
** Error: prueba.sv(18): (vlog-13452) Could not determine the clocking event for '$rose'.
** Error: prueba.sv(18): (vlog-13452) Could not determine the clocking event for '$rose'.
** Error (suppressible): prueba.sv(32): (vlog-1957) The sva directive is not sensitive to a clock. Unclocked directives are not supported.
** Error: prueba.sv(22): (vlog-13452) Could not determine the clocking event for '$rose'.
** Error: prueba.sv(22): (vlog-13452) Could not determine the clocking event for '$rose'.
** Error (suppressible): prueba.sv(33): (vlog-1957) The sva directive is not sensitive to a clock. Unclocked directives are not supported.
** Error: prueba.sv(26): (vlog-13452) Could not determine the clocking event for '$rose'.
** Error (suppressible): prueba.sv(34): (vlog-1957) The sva directive is not sensitive to a clock. Unclocked directives are not supported.",1772745952.2407882,369,658
"module tl_addr_router (
    input  logic [31:0] addr,
    input  logic [2:0]  opcode,
    output logic        route_rom,
    output logic        route_ram,
    output logic        deny
);

    logic [3:0] region;
    assign region = addr[31:28];

    always_comb begin
        route_rom = 1'b0;
        route_ram = 1'b0;
        deny      = 1'b0;

        unique case (region)
            4'h0: begin // ROM
                case (opcode)
                    3'b000: route_rom = 1'b1; // read
                    default: deny = 1'b1;
                endcase
            end

            4'h1, 4'h2: begin // RAM
                case (opcode)
                    3'b000, 3'b001: route_ram = 1'b1;
                    default: deny = 1'b1;
                endcase
            end

            default: deny = 1'b1;
        endcase
    end

endmodule","module tl_addr_router (
    input  logic [31:0] addr,
    input  logic [2:0]  opcode,
    output logic        route_rom,
    output logic        route_ram,
    output logic        deny
);

    logic [3:0] region;
    assign region = addr[31:28];

    // Properties and Assertions

    // Property to ensure only read operations are allowed in ROM region (region 4'h0)
    property rom_region_read_only;
        @(posedge clk) disable iff (!rst_n)
            (region == 4'h0 && opcode != 3'b000) |-> deny;
    endproperty

    // Property to ensure only read and write operations are allowed in RAM regions (regions 4'h1, 4'h2)
    property ram_region_read_write_only;
        @(posedge clk) disable iff (!rst_n)
            ((region == 4'h1 || region == 4'h2) && opcode not in {3'b000, 3'b001}) |-> deny;
    endproperty

    // Property to ensure all other regions are denied
    property other_regions_denied;
        @(posedge clk) disable iff (!rst_n)
            (region not in {4'h0, 4'h1, 4'h2}) |-> deny;
    endproperty

    // Assertions for the properties
    assert property (rom_region_read_only) else $error(""Read only operation violation in ROM region"");
    assert property (ram_region_read_write_only) else $error(""Read/Write operation violation in RAM regions"");
    assert property (other_regions_denied) else $error(""Access to denied regions"");

    always_comb begin
        route_rom = 1'b0;
        route_ram = 1'b0;
        deny      = 1'b0;

        unique case (region)
            4'h0: begin // ROM
                case (opcode)
                    3'b000: route_rom = 1'b1; // read
                    default: deny = 1'b1;
                endcase
            end

            4'h1, 4'h2: begin // RAM
                case (opcode)
                    3'b000, 3'b001: route_ram = 1'b1;
                    default: deny = 1'b1;
                endcase
            end

            default: deny = 1'b1;
        endcase
    end

endmodule","** Error: (vlog-13069) prueba.sv(23): near ""not"": syntax error, unexpected not.",1772746007.2292066,318,643
"module reg_access_ctrl (
    input  logic [7:0]  periph_id,
    input  logic [7:0]  offset,
    input  logic        we,
    output logic        rd_en,
    output logic        wr_en,
    output logic        err
);

    always_comb begin
        rd_en = 1'b0;
        wr_en = 1'b0;
        err   = 1'b0;

        unique case (periph_id)
            8'h10: begin // UART
                case (offset)
                    8'h00, 8'h04: begin
                        case (we)
                            1'b0: rd_en = 1'b1;
                            1'b1: wr_en = 1'b1;
                        endcase
                    end
                    default: err = 1'b1;
                endcase
            end

            8'h20: begin // GPIO
                case (offset)
                    8'h00: wr_en = we;
                    8'h04: rd_en = ~we;
                    default: err = 1'b1;
                endcase
            end

            default: err = 1'b1;
        endcase
    end

endmodule","module reg_access_ctrl (
    input  logic [7:0]  periph_id,
    input  logic [7:0]  offset,
    input  logic        we,
    output logic        rd_en,
    output logic        wr_en,
    output logic        err
);

    always_comb begin
        rd_en = 1'b0;
        wr_en = 1'b0;
        err   = 1'b0;

        unique case (periph_id)
            8'h10: begin // UART
                case (offset)
                    8'h00, 8'h04: begin
                        case (we)
                            1'b0: rd_en = 1'b1;
                            1'b1: wr_en = 1'b1;
                        endcase
                    end
                    default: err = 1'b1;
                endcase
            end

            8'h20: begin // GPIO
                case (offset)
                    8'h00: wr_en = we;
                    8'h04: rd_en = ~we;
                    default: err = 1'b1;
                endcase
            end

            default: err = 1'b1;
        endcase
    end

    // Properties and Assertions
    property p_uart_valid_offset;
        @(posedge clk) disable iff (!rst_n)
            (periph_id == 8'h10 && offset inside {8'h00, 8'h04}) |-> !err;
    endproperty

    property p_gpio_valid_offset;
        @(posedge clk) disable iff (!rst_n)
            (periph_id == 8'h20 && offset inside {8'h00, 8'h04}) |-> !err;
    endproperty

    property p_invalid_periph_or_offset;
        @(posedge clk) disable iff (!rst_n)
            !(periph_id inside {8'h10, 8'h20} && offset inside {8'h00, 8'h04}) |-> err;
    endproperty

    property p_uart_read_write;
        @(posedge clk) disable iff (!rst_n)
            (periph_id == 8'h10 && offset inside {8'h00, 8'h04}) |-> (we ? wr_en : rd_en);
    endproperty

    property p_gpio_read_write;
        @(posedge clk) disable iff (!rst_n)
            (periph_id == 8'h20) |-> (offset == 8'h00 ? wr_en == we : offset == 8'h04 ? rd_en == ~we : err);
    endproperty

    a_uart_valid_offset: assert property(p_uart_valid_offset) else $error(""UART invalid offset"");
    a_gpio_valid_offset: assert property(p_gpio_valid_offset) else $error(""GPIO invalid offset"");
    a_invalid_periph_or_offset: assert property(p_invalid_periph_or_offset) else $error(""Invalid periph_id or offset"");
    a_uart_read_write: assert property(p_uart_read_write) else $error(""UART read/write mismatch"");
    a_gpio_read_write: assert property(p_gpio_read_write) else $error(""GPIO read/write mismatch"");

endmodule","** Error: prueba.sv(42): (vlog-2730) Undefined variable: 'rst_n'.
** Error: prueba.sv(42): (vlog-2730) Undefined variable: 'clk'.",1772746060.852527,343,794
"module obi_err_resp (
    input  logic [1:0] err_src,
    input  logic       priv,
    output logic [1:0] resp
);

    always_comb begin
        resp = 2'b00;

        unique case (err_src)
            2'b00: resp = 2'b00; // OK

            2'b01: begin // Decode error
                case (priv)
                    1'b1: resp = 2'b10;
                    1'b0: resp = 2'b11;
                endcase
            end

            2'b10: begin // Permission error
                case (priv)
                    1'b1: resp = 2'b11;
                    default: resp = 2'b10;
                endcase
            end

            default: resp = 2'b11;
        endcase
    end

endmodule","module obi_err_resp (
    input  logic [1:0] err_src,
    input  logic       priv,
    output logic [1:0] resp
);

    // Properties and assertions
    property decode_error_privileged;
        @(posedge clk) disable iff (reset)
            (err_src == 2'b01 && priv == 1'b1) |-> (resp == 2'b10);
    endproperty

    property decode_error_non_privileged;
        @(posedge clk) disable iff (reset)
            (err_src == 2'b01 && priv == 1'b0) |-> (resp == 2'b11);
    endproperty

    property permission_error_privileged;
        @(posedge clk) disable iff (reset)
            (err_src == 2'b10 && priv == 1'b1) |-> (resp == 2'b11);
    endproperty

    property permission_error_non_privileged;
        @(posedge clk) disable iff (reset)
            (err_src == 2'b10 && priv != 1'b1) |-> (resp == 2'b10);
    endproperty

    property ok_response;
        @(posedge clk) disable iff (reset)
            (err_src == 2'b00) |-> (resp == 2'b00);
    endproperty

    property default_error;
        @(posedge clk) disable iff (reset)
            (err_src != 2'b00 && err_src != 2'b01 && err_src != 2'b10) |-> (resp == 2'b11);
    endproperty

    // Asserts
    assert property (decode_error_privileged) else $error(""Decode error in privileged mode but response is not 10"");
    assert property (decode_error_non_privileged) else $error(""Decode error in non-privileged mode but response is not 11"");
    assert property (permission_error_privileged) else $error(""Permission error in privileged mode but response is not 11"");
    assert property (permission_error_non_privileged) else $error(""Permission error in non-privileged mode but response is not 10"");
    assert property (ok_response) else $error(""OK case but response is not 00"");
    assert property (default_error) else $error(""Unknown err_src value but response is not 11"");

    always_comb begin
        resp = 2'b00;

        unique case (err_src)
            2'b00: resp = 2'b00; // OK

            2'b01: begin // Decode error
                case (priv)
                    1'b1: resp = 2'b10;
                    1'b0: resp = 2'b11;
                endcase
            end

            2'b10: begin // Permission error
                case (priv)
                    1'b1: resp = 2'b11;
                    default: resp = 2'b10;
                endcase
            end

            default: resp = 2'b11;
        endcase
    end

endmodule","** Error: prueba.sv(9): (vlog-2730) Undefined variable: 'reset'.
** Error: prueba.sv(9): (vlog-2730) Undefined variable: 'clk'.
** Error: prueba.sv(14): (vlog-2730) Undefined variable: 'reset'.
** Error: prueba.sv(14): (vlog-2730) Undefined variable: 'clk'.
** Error: prueba.sv(19): (vlog-2730) Undefined variable: 'reset'.
** Error: prueba.sv(19): (vlog-2730) Undefined variable: 'clk'.
** Error: prueba.sv(24): (vlog-2730) Undefined variable: 'reset'.
** Error: prueba.sv(24): (vlog-2730) Undefined variable: 'clk'.
** Error: prueba.sv(29): (vlog-2730) Undefined variable: 'reset'.
** Error: prueba.sv(29): (vlog-2730) Undefined variable: 'clk'.
** Error: prueba.sv(34): (vlog-2730) Undefined variable: 'reset'.
** Error: prueba.sv(34): (vlog-2730) Undefined variable: 'clk'.
** Error (suppressible): prueba.sv(39): (vlog-1957) The sva directive is not sensitive to a clock. Unclocked directives are not supported.
** Error (suppressible): prueba.sv(40): (vlog-1957) The sva directive is not sensitive to a clock. Unclocked directives are not supported.
** Error (suppressible): prueba.sv(41): (vlog-1957) The sva directive is not sensitive to a clock. Unclocked directives are not supported.
** Error (suppressible): prueba.sv(42): (vlog-1957) The sva directive is not sensitive to a clock. Unclocked directives are not supported.
** Error (suppressible): prueba.sv(43): (vlog-1957) The sva directive is not sensitive to a clock. Unclocked directives are not supported.
** Error (suppressible): prueba.sv(44): (vlog-1957) The sva directive is not sensitive to a clock. Unclocked directives are not supported.
** Error: prueba.sv(9): (vlog-2730) Undefined variable: 'reset'.
** Error: prueba.sv(9): (vlog-2730) Undefined variable: 'clk'.",1772746127.105996,275,677
"module obi_addr_check (
    input  logic [31:0] addr,
    input  logic        we,
    input  logic        priv,
    output logic        grant,
    output logic        err
);

    logic [3:0] region;
    assign region = addr[31:28];

    always_comb begin
        grant = 1'b0;
        err   = 1'b0;

        unique case (region)
            4'h0: begin // Boot ROM
                case (we)
                    1'b0: grant = 1'b1; // read-only
                    default: err = 1'b1;
                endcase
            end

            4'h1: begin // Secure RAM
                case (priv)
                    1'b1: begin
                        case (we)
                            1'b0, 1'b1: grant = 1'b1;
                        endcase
                    end
                    default: err = 1'b1;
                endcase
            end

            4'h2: begin // MMIO
                case (we)
                    1'b0, 1'b1: grant = 1'b1;
                    default: err = 1'b1;
                endcase
            end

            default: err = 1'b1;
        endcase
    end

endmodule","module obi_addr_check (
    input  logic [31:0] addr,
    input  logic        we,
    input  logic        priv,
    output logic        grant,
    output logic        err
);

    logic [3:0] region;
    assign region = addr[31:28];

    // Properties and asserts
    property p_boot_rom_read_only;
        @(posedge clk) disable iff (!reset_n)
            (region == 4'h0 && we == 1'b1) |-> err;
    endproperty

    property p_secure_ram_privileged;
        @(posedge clk) disable iff (!reset_n)
            (region == 4'h1 && priv == 1'b0) |-> err;
    endproperty

    property p_default_err;
        @(posedge clk) disable iff (!reset_n)
            !(region inside {4'h0, 4'h1, 4'h2}) |-> err;
    endproperty

    assert property (p_boot_rom_read_only) else $error(""Write attempted to Boot ROM"");
    assert property (p_secure_ram_privileged) else $error(""Access to Secure RAM without privilege"");
    assert property (p_default_err) else $error(""Address out of valid regions"");

    always_comb begin
        grant = 1'b0;
        err   = 1'b0;

        unique case (region)
            4'h0: begin // Boot ROM
                case (we)
                    1'b0: grant = 1'b1; // read-only
                    default: err = 1'b1;
                endcase
            end

            4'h1: begin // Secure RAM
                case (priv)
                    1'b1: begin
                        case (we)
                            1'b0, 1'b1: grant = 1'b1;
                        endcase
                    end
                    default: err = 1'b1;
                endcase
            end

            4'h2: begin // MMIO
                case (we)
                    1'b0, 1'b1: grant = 1'b1;
                    default: err = 1'b1;
                endcase
            end

            default: err = 1'b1;
        endcase
    end

endmodule","** Error: prueba.sv(14): (vlog-2730) Undefined variable: 'reset_n'.
** Error: prueba.sv(14): (vlog-2730) Undefined variable: 'clk'.",1772746183.416685,364,562
"module rstmgr_policy (
    input  logic [2:0] reset_cause,
    input  logic [2:0] lc_state,
    output logic       cold_reset,
    output logic       warm_reset,
    output logic       escalate
);

    always_comb begin
        cold_reset = 1'b0;
        warm_reset = 1'b0;
        escalate   = 1'b0;

        unique case (reset_cause)
            3'b000: begin // Power-on
                case (lc_state)
                    3'b000, 3'b001: cold_reset = 1'b1;
                    default: escalate = 1'b1;
                endcase
            end

            3'b001: begin // Watchdog
                case (lc_state)
                    3'b001, 3'b010: warm_reset = 1'b1;
                    default: escalate = 1'b1;
                endcase
            end

            3'b010: begin // Security violation
                case (lc_state)
                    3'b010: warm_reset = 1'b1;
                    default: escalate = 1'b1;
                endcase
            end

            default: escalate = 1'b1;
        endcase
    end

endmodule","module rstmgr_policy (
    input  logic [2:0] reset_cause,
    input  logic [2:0] lc_state,
    output logic       cold_reset,
    output logic       warm_reset,
    output logic       escalate
);

    always_comb begin
        cold_reset = 1'b0;
        warm_reset = 1'b0;
        escalate   = 1'b0;

        unique case (reset_cause)
            3'b000: begin // Power-on
                case (lc_state)
                    3'b000, 3'b001: cold_reset = 1'b1;
                    default: escalate = 1'b1;
                endcase
            end

            3'b001: begin // Watchdog
                case (lc_state)
                    3'b001, 3'b010: warm_reset = 1'b1;
                    default: escalate = 1'b1;
                endcase
            end

            3'b010: begin // Security violation
                case (lc_state)
                    3'b010: warm_reset = 1'b1;
                    default: escalate = 1'b1;
                endcase
            end

            default: escalate = 1'b1;
        endcase
    end

    // Properties and assertions
    property p_cold_reset_on_poweron_low_lcstate;
        @(posedge cold_reset)
            (reset_cause == 3'b000 && lc_state inside {3'b000, 3'b001});
    endproperty : p_cold_reset_on_poweron_low_lcstate

    property p_warm_reset_on_watchdog_mid_lcstate;
        @(posedge warm_reset)
            (reset_cause == 3'b001 && lc_state inside {3'b001, 3'b010});
    endproperty : p_warm_reset_on_watchdog_mid_lcstate

    property p_warm_reset_on_security_violation_high_lcstate;
        @(posedge warm_reset)
            (reset_cause == 3'b010 && lc_state == 3'b010);
    endproperty : p_warm_reset_on_security_violation_high_lcstate

    property p_escalate_on_invalid_conditions;
        @(posedge escalate)
            (!(
                (reset_cause == 3'b000 && lc_state inside {3'b000, 3'b001}) ||
                (reset_cause == 3'b001 && lc_state inside {3'b001, 3'b010}) ||
                (reset_cause == 3'b010 && lc_state == 3'b010)
            ));
    endproperty : p_escalate_on_invalid_conditions

    // Assertions
    a_cold_reset_on_poweron_low_lcstate: assert property (p_cold_reset_on_poweron_low_lcstate);
    a_warm_reset_on_watchdog_mid_lcstate: assert property (p_warm_reset_on_watchdog_mid_lcstate);
    a_warm_reset_on_security_violation_high_lcstate: assert property (p_warm_reset_on_security_violation_high_lcstate);
    a_escalate_on_invalid_conditions: assert property (p_escalate_on_invalid_conditions);

endmodule",OK,1772746230.4221375,360,711
"module tlul_access_filter (
    input  logic [2:0] opcode,
    input  logic [2:0] param,
    input  logic [2:0] size,
    output logic       allow,
    output logic       error
);

    always_comb begin
        allow = 1'b0;
        error = 1'b0;

        unique case (opcode)
            3'b000: begin // Get
                case (size)
                    3'b000, 3'b001, 3'b010: allow = 1'b1;
                    default: error = 1'b1;
                endcase
            end

            3'b001: begin // PutFull
                case (param)
                    3'b000: begin
                        case (size)
                            3'b001, 3'b010: allow = 1'b1;
                            default: error = 1'b1;
                        endcase
                    end
                    default: error = 1'b1;
                endcase
            end

            3'b010: begin // PutPartial
                case (param)
                    3'b001: allow = 1'b1;
                    default: error = 1'b1;
                endcase
            end

            default: error = 1'b1;
        endcase
    end

endmodule","module tlul_access_filter (
    input  logic [2:0] opcode,
    input  logic [2:0] param,
    input  logic [2:0] size,
    output logic       allow,
    output logic       error
);

    always_comb begin
        allow = 1'b0;
        error = 1'b0;

        unique case (opcode)
            3'b000: begin // Get
                case (size)
                    3'b000, 3'b001, 3'b010: allow = 1'b1;
                    default: error = 1'b1;
                endcase
            end

            3'b001: begin // PutFull
                case (param)
                    3'b000: begin
                        case (size)
                            3'b001, 3'b010: allow = 1'b1;
                            default: error = 1'b1;
                        endcase
                    end
                    default: error = 1'b1;
                endcase
            end

            3'b010: begin // PutPartial
                case (param)
                    3'b001: allow = 1'b1;
                    default: error = 1'b1;
                endcase
            end

            default: error = 1'b1;
        endcase
    end

    // Properties and assertions
    property p_get_size_valid;
        @(posedge clk) disable iff (!rst_n)
            opcode == 3'b000 |-> size inside {3'b000, 3'b001, 3'b010};
    endproperty

    property p_putfull_param_valid;
        @(posedge clk) disable iff (!rst_n)
            opcode == 3'b001 |-> param == 3'b000;
    endproperty

    property p_putfull_size_valid;
        @(posedge clk) disable iff (!rst_n)
            (opcode == 3'b001 && param == 3'b000) |-> size inside {3'b001, 3'b010};
    endproperty

    property p_putpartial_param_valid;
        @(posedge clk) disable iff (!rst_n)
            opcode == 3'b010 |-> param == 3'b001;
    endproperty

    assert property (p_get_size_valid) else $error(""Invalid size for Get operation"");
    assert property (p_putfull_param_valid) else $error(""Invalid param for PutFull operation"");
    assert property (p_putfull_size_valid) else $error(""Invalid size for PutFull operation with valid param"");
    assert property (p_putpartial_param_valid) else $error(""Invalid param for PutPartial operation"");

endmodule","** Error: prueba.sv(46): (vlog-2730) Undefined variable: 'rst_n'.
** Error: prueba.sv(46): (vlog-2730) Undefined variable: 'clk'.",1772746289.780737,379,667
"module otp_ctrl_decode (
    input  logic [3:0] cmd,
    input  logic [1:0] part,
    input  logic       write_en,
    output logic       exec,
    output logic       fault
);

    always_comb begin
        exec  = 1'b0;
        fault = 1'b0;

        unique case (cmd)
            4'h1: begin // READ
                case (part)
                    2'b00, 2'b01: exec = 1'b1;
                    default: fault = 1'b1;
                endcase
            end

            4'h2: begin // WRITE
                case (write_en)
                    1'b1: begin
                        case (part)
                            2'b01: exec = 1'b1;
                            default: fault = 1'b1;
                        endcase
                    end
                    default: fault = 1'b1;
                endcase
            end

            4'hF: begin // LOCK
                case (part)
                    2'b10: exec = 1'b1;
                    default: fault = 1'b1;
                endcase
            end

            default: fault = 1'b1;
        endcase
    end

endmodule","module otp_ctrl_decode (
    input  logic [3:0] cmd,
    input  logic [1:0] part,
    input  logic       write_en,
    output logic       exec,
    output logic       fault
);

    always_comb begin
        exec  = 1'b0;
        fault = 1'b0;

        unique case (cmd)
            4'h1: begin // READ
                case (part)
                    2'b00, 2'b01: exec = 1'b1;
                    default: fault = 1'b1;
                endcase
            end

            4'h2: begin // WRITE
                case (write_en)
                    1'b1: begin
                        case (part)
                            2'b01: exec = 1'b1;
                            default: fault = 1'b1;
                        endcase
                    end
                    default: fault = 1'b1;
                endcase
            end

            4'hF: begin // LOCK
                case (part)
                    2'b10: exec = 1'b1;
                    default: fault = 1'b1;
                endcase
            end

            default: fault = 1'b1;
        endcase
    end

    // Properties and assertions
    property p_read_valid_part;
        (cmd == 4'h1) |-> (part inside {2'b00, 2'b01});
    endproperty

    property p_write_valid_part;
        (cmd == 4'h2 && write_en == 1'b1) |-> (part == 2'b01);
    endproperty

    property p_lock_valid_part;
        (cmd == 4'hF) |-> (part == 2'b10);
    endproperty

    assert property (@(posedge cmd, posedge part, posedge write_en) disable iff (!reset_n) p_read_valid_part)
        else $error(""Invalid part for READ command"");

    assert property (@(posedge cmd, posedge part, posedge write_en) disable iff (!reset_n) p_write_valid_part)
        else $error(""Invalid part for WRITE command"");

    assert property (@(posedge cmd, posedge part, posedge write_en) disable iff (!reset_n) p_lock_valid_part)
        else $error(""Invalid part for LOCK command"");

endmodule",** Error: prueba.sv(57): (vlog-2730) Undefined variable: 'reset_n'.,1772746345.4971547,349,555
"module alert_aggregator (
    input  logic [3:0] src,
    input  logic [1:0] sev,
    output logic       irq,
    output logic       nmi,
    output logic       fatal
);

    always_comb begin
        irq   = 1'b0;
        nmi   = 1'b0;
        fatal = 1'b0;

        unique case (src)
            4'h0, 4'h1: begin
                case (sev)
                    2'b00: irq = 1'b1;
                    2'b01: nmi = 1'b1;
                    default: fatal = 1'b1;
                endcase
            end

            4'hF: begin
                case (sev)
                    2'b10, 2'b11: fatal = 1'b1;
                    default: nmi = 1'b1;
                endcase
            end

            default: fatal = 1'b1;
        endcase
    end

endmodule","module alert_aggregator (
    input  logic [3:0] src,
    input  logic [1:0] sev,
    output logic       irq,
    output logic       nmi,
    output logic       fatal
);

    always_comb begin
        irq   = 1'b0;
        nmi   = 1'b0;
        fatal = 1'b0;

        unique case (src)
            4'h0, 4'h1: begin
                case (sev)
                    2'b00: irq = 1'b1;
                    2'b01: nmi = 1'b1;
                    default: fatal = 1'b1;
                endcase
            end

            4'hF: begin
                case (sev)
                    2'b10, 2'b11: fatal = 1'b1;
                    default: nmi = 1'b1;
                endcase
            end

            default: fatal = 1'b1;
        endcase
    end

    // Properties and assertions
    property p_src_sev_irq;
        (src inside {4'h0, 4'h1}) && (sev == 2'b00) |-> irq == 1'b1;
    endproperty
    
    property p_src_sev_nmi_01;
        (src inside {4'h0, 4'h1}) && (sev == 2'b01) |-> nmi == 1'b1;
    endproperty
    
    property p_src_sev_fatal_01;
        (src inside {4'h0, 4'h1}) && (sev != 2'b00 && sev != 2'b01) |-> fatal == 1'b1;
    endproperty
    
    property p_src_sev_nmi_F_default;
        src == 4'hF && (sev != 2'b10 && sev != 2'b11) |-> nmi == 1'b1;
    endproperty
    
    property p_src_sev_fatal_F_10_11;
        src == 4'hF && (sev inside {2'b10, 2'b11}) |-> fatal == 1'b1;
    endproperty
    
    property p_src_default_fatal;
        !(src inside {4'h0, 4'h1, 4'hF}) |-> fatal == 1'b1;
    endproperty

    a_src_sev_irq: assert property (p_src_sev_irq);
    a_src_sev_nmi_01: assert property (p_src_sev_nmi_01);
    a_src_sev_fatal_01: assert property (p_src_sev_fatal_01);
    a_src_sev_nmi_F_default: assert property (p_src_sev_nmi_F_default);
    a_src_sev_fatal_F_10_11: assert property (p_src_sev_fatal_F_10_11);
    a_src_default_fatal: assert property (p_src_default_fatal);

endmodule","** Error (suppressible): prueba.sv(59): (vlog-1957) The sva directive is not sensitive to a clock. Unclocked directives are not supported.
** Error (suppressible): prueba.sv(60): (vlog-1957) The sva directive is not sensitive to a clock. Unclocked directives are not supported.
** Error (suppressible): prueba.sv(61): (vlog-1957) The sva directive is not sensitive to a clock. Unclocked directives are not supported.
** Error (suppressible): prueba.sv(62): (vlog-1957) The sva directive is not sensitive to a clock. Unclocked directives are not supported.
** Error (suppressible): prueba.sv(63): (vlog-1957) The sva directive is not sensitive to a clock. Unclocked directives are not supported.
** Error (suppressible): prueba.sv(64): (vlog-1957) The sva directive is not sensitive to a clock. Unclocked directives are not supported.",1772746391.896358,301,662
"module obi_write_resp (
    input  logic [1:0] result,
    input  logic       priv,
    output logic [1:0] resp
);

    always_comb begin
        resp = 2'b00;

        unique case (result)
            2'b00: resp = 2'b00; // OK

            2'b01: begin // Decode error
                case (priv)
                    1'b1: resp = 2'b10;
                    default: resp = 2'b11;
                endcase
            end

            2'b10: begin // Access error
                case (priv)
                    1'b1: resp = 2'b11;
                    default: resp = 2'b10;
                endcase
            end

            default: resp = 2'b11;
        endcase
    end

endmodule","module obi_write_resp (
    input  logic [1:0] result,
    input  logic       priv,
    output logic [1:0] resp
);

    // Properties to describe the behavior of the module
    property p_decode_error;
        (result == 2'b01) |-> ((priv == 1'b1) ? (resp == 2'b10) : (resp == 2'b11));
    endproperty

    property p_access_error;
        (result == 2'b10) |-> ((priv == 1'b1) ? (resp == 2'b11) : (resp == 2'b10));
    endproperty

    property p_ok_or_default;
        (result inside {2'b00, 2'b11}) |-> (resp == 2'b00);
    endproperty

    // Asserts to check the properties
    a_decode_error: assert property (@(*) disable iff (!reset_n) p_decode_error)
        else $error(""Decode error response mismatch"");

    a_access_error: assert property (@(*) disable iff (!reset_n) p_access_error)
        else $error(""Access error response mismatch"");

    a_ok_or_default: assert property (@(*) disable iff (!reset_n) p_ok_or_default)
        else $error(""OK or default response mismatch"");

    // Combinational logic for the module
    always_comb begin
        resp = 2'b00;

        unique case (result)
            2'b00: resp = 2'b00; // OK

            2'b01: begin // Decode error
                case (priv)
                    1'b1: resp = 2'b10;
                    default: resp = 2'b11;
                endcase
            end

            2'b10: begin // Access error
                case (priv)
                    1'b1: resp = 2'b11;
                    default: resp = 2'b10;
                endcase
            end

            default: resp = 2'b11;
        endcase
    end

endmodule","** Error: (vlog-13069) prueba.sv(21): near ""(*"": syntax error, unexpected (*.
** Error: (vlog-13069) prueba.sv(24): near ""(*"": syntax error, unexpected (*.
** Error: (vlog-13069) prueba.sv(27): near ""(*"": syntax error, unexpected (*.",1772746447.056731,270,556
"module debug_access_gate (
    input  logic dbg_req,
    input  logic [2:0] lc_state,
    input  logic       priv,
    output logic       dbg_grant,
    output logic       violation
);

    always_comb begin
        dbg_grant = 1'b0;
        violation = 1'b0;

        if (dbg_req) begin
            unique case (lc_state)
                3'b000: begin // TEST
                    case (priv)
                        1'b1: dbg_grant = 1'b1;
                        default: violation = 1'b1;
                    endcase
                end

                3'b001: begin // DEV
                    dbg_grant = 1'b1;
                end

                default: violation = 1'b1;
            endcase
        end
    end

endmodule","module debug_access_gate (
    input  logic dbg_req,
    input  logic [2:0] lc_state,
    input  logic       priv,
    output logic       dbg_grant,
    output logic       violation
);

    always_comb begin
        dbg_grant = 1'b0;
        violation = 1'b1;

        if (dbg_req) begin
            unique case (lc_state)
                3'b000: begin // TEST
                    case (priv)
                        1'b1: dbg_grant = 1'b1;
                        default: violation = 1'b1;
                    endcase
                end

                3'b001: begin // DEV
                    dbg_grant = 1'b1;
                end

                default: violation = 1'b1;
            endcase
        end else begin
            violation = 1'b0;
        end
    end

    // Properties and asserts
    property p_dbg_grant_valid;
        @(posedge lc_state)
        disable iff (!dbg_req)
        (lc_state inside {3'b000, 3'b001}) |-> dbg_grant == 1'b1;
    endproperty

    assert property (p_dbg_grant_valid) else $error(""dbg_grant is not set correctly"");

    property p_violation_valid;
        @(posedge lc_state)
        disable iff (!dbg_req)
        !(lc_state inside {3'b000, 3'b001}) |-> violation == 1'b1;
    endproperty

    assert property (p_violation_valid) else $error(""violation is not set correctly"");

endmodule",OK,1772746493.3926628,259,360
"module tlul_access_ctrl (
    input  logic        tl_i_a_valid,
    input  logic [2:0]  tl_i_a_opcode,
    input  logic [2:0]  tl_i_a_param,
    input  logic [2:0]  tl_i_a_size,
    output logic        tl_o_d_error,
    output logic        tl_o_d_valid
);

    always_comb begin
        tl_o_d_valid = 1'b0;
        tl_o_d_error = 1'b0;

        if (tl_i_a_valid) begin
            tl_o_d_valid = 1'b1;

            unique case (tl_i_a_opcode)
                3'b000: begin // Get
                    case (tl_i_a_size)
                        3'b000, 3'b001, 3'b010: ;
                        default: tl_o_d_error = 1'b1;
                    endcase
                end

                3'b001: begin // PutFullData
                    case (tl_i_a_param)
                        3'b000: begin
                            case (tl_i_a_size)
                                3'b001, 3'b010: ;
                                default: tl_o_d_error = 1'b1;
                            endcase
                        end
                        default: tl_o_d_error = 1'b1;
                    endcase
                end

                3'b010: begin // PutPartialData
                    case (tl_i_a_param)
                        3'b001: ;
                        default: tl_o_d_error = 1'b1;
                    endcase
                end

                default: tl_o_d_error = 1'b1;
            endcase
        end
    end

endmodule","module tlul_access_ctrl (
    input  logic        tl_i_a_valid,
    input  logic [2:0]  tl_i_a_opcode,
    input  logic [2:0]  tl_i_a_param,
    input  logic [2:0]  tl_i_a_size,
    output logic        tl_o_d_error,
    output logic        tl_o_d_valid
);

    always_comb begin
        tl_o_d_valid = 1'b0;
        tl_o_d_error = 1'b0;

        if (tl_i_a_valid) begin
            tl_o_d_valid = 1'b1;

            unique case (tl_i_a_opcode)
                3'b000: begin // Get
                    case (tl_i_a_size)
                        3'b000, 3'b001, 3'b010: ;
                        default: tl_o_d_error = 1'b1;
                    endcase
                end

                3'b001: begin // PutFullData
                    case (tl_i_a_param)
                        3'b000: begin
                            case (tl_i_a_size)
                                3'b001, 3'b010: ;
                                default: tl_o_d_error = 1'b1;
                            endcase
                        end
                        default: tl_o_d_error = 1'b1;
                    endcase
                end

                3'b010: begin // PutPartialData
                    case (tl_i_a_param)
                        3'b001: ;
                        default: tl_o_d_error = 1'b1;
                    endcase
                end

                default: tl_o_d_error = 1'b1;
            endcase
        end
    end

    // Properties and assertions
    property p_valid_get_size;
        @(posedge clk)
        disable iff (!rst_n)
        (tl_i_a_valid && tl_i_a_opcode == 3'b000) |-> (tl_i_a_size inside {3'b000, 3'b001, 3'b010});
    endproperty

    property p_valid_putfull_size;
        @(posedge clk)
        disable iff (!rst_n)
        (tl_i_a_valid && tl_i_a_opcode == 3'b001 && tl_i_a_param == 3'b000) |-> (tl_i_a_size inside {3'b001, 3'b010});
    endproperty

    property p_valid_putpartial_param;
        @(posedge clk)
        disable iff (!rst_n)
        (tl_i_a_valid && tl_i_a_opcode == 3'b010) |-> (tl_i_a_param == 3'b001);
    endproperty

    assert property (p_valid_get_size) else $error(""Invalid size for Get operation"");
    assert property (p_valid_putfull_size) else $error(""Invalid size for PutFullData operation"");
    assert property (p_valid_putpartial_param) else $error(""Invalid param for PutPartialData operation"");

endmodule","** Error: prueba.sv(52): (vlog-2730) Undefined variable: 'rst_n'.
** Error: prueba.sv(51): (vlog-2730) Undefined variable: 'clk'.",1772746523.4922848,451,749
"module tlul_addr_decode (
    input  logic        tl_i_a_valid,
    input  logic [31:0] tl_i_a_address,
    input  logic [2:0]  tl_i_a_opcode,
    output logic        tl_o_d_error,
    output logic        rom_sel,
    output logic        ram_sel,
    output logic        mmio_sel
);

    logic [3:0] addr_region;
    assign addr_region = tl_i_a_address[31:28];

    always_comb begin
        rom_sel      = 1'b0;
        ram_sel      = 1'b0;
        mmio_sel     = 1'b0;
        tl_o_d_error = 1'b0;

        if (tl_i_a_valid) begin
            unique case (addr_region)
                4'h0: begin // ROM
                    case (tl_i_a_opcode)
                        3'b000: rom_sel = 1'b1;
                        default: tl_o_d_error = 1'b1;
                    endcase
                end

                4'h1, 4'h2: begin // RAM
                    case (tl_i_a_opcode)
                        3'b000, 3'b001, 3'b010: ram_sel = 1'b1;
                        default: tl_o_d_error = 1'b1;
                    endcase
                end

                4'h4: begin // MMIO
                    mmio_sel = 1'b1;
                end

                default: tl_o_d_error = 1'b1;
            endcase
        end
    end

endmodule","module tlul_addr_decode (
    input  logic        tl_i_a_valid,
    input  logic [31:0] tl_i_a_address,
    input  logic [2:0]  tl_i_a_opcode,
    output logic        tl_o_d_error,
    output logic        rom_sel,
    output logic        ram_sel,
    output logic        mmio_sel
);

    // Internal signals
    logic [3:0] addr_region;
    assign addr_region = tl_i_a_address[31:28];

    // Address decoding logic
    always_comb begin
        rom_sel      = 1'b0;
        ram_sel      = 1'b0;
        mmio_sel     = 1'b0;
        tl_o_d_error = 1'b0;

        if (tl_i_a_valid) begin
            unique case (addr_region)
                4'h0: begin // ROM
                    case (tl_i_a_opcode)
                        3'b000: rom_sel = 1'b1;
                        default: tl_o_d_error = 1'b1;
                    endcase
                end

                4'h1, 4'h2: begin // RAM
                    case (tl_i_a_opcode)
                        3'b000, 3'b001, 3'b010: ram_sel = 1'b1;
                        default: tl_o_d_error = 1'b1;
                    endcase
                end

                4'h4: begin // MMIO
                    mmio_sel = 1'b1;
                end

                default: tl_o_d_error = 1'b1;
            endcase
        end
    end

    // Properties and assertions
    property p_rom_valid_opcode;
        @(posedge clk) disable iff (!rst_n)
            (tl_i_a_valid && addr_region == 4'h0) |-> (tl_i_a_opcode inside {3'b000});
    endproperty

    assert property (p_rom_valid_opcode) else $error(""Invalid opcode for ROM region"");

    property p_ram_valid_opcodes;
        @(posedge clk) disable iff (!rst_n)
            (tl_i_a_valid && addr_region inside {4'h1, 4'h2}) |-> (tl_i_a_opcode inside {3'b000, 3'b001, 3'b010});
    endproperty

    assert property (p_ram_valid_opcodes) else $error(""Invalid opcode for RAM region"");

    property p_mmio_no_error;
        @(posedge clk) disable iff (!rst_n)
            (tl_i_a_valid && addr_region == 4'h4) |-> !tl_o_d_error;
    endproperty

    assert property (p_mmio_no_error) else $error(""Error signal set for MMIO region"");

endmodule","** Error: prueba.sv(49): (vlog-2730) Undefined variable: 'rst_n'.
** Error: prueba.sv(49): (vlog-2730) Undefined variable: 'clk'.",1772746586.2758737,423,703
"module alert_handler_core (
    input  logic [1:0] alert_class_i,
    input  logic [1:0] esc_state_i,
    output logic       irq_o,
    output logic       nmi_o,
    output logic       reset_req_o
);

    always_comb begin
        irq_o       = 1'b0;
        nmi_o       = 1'b0;
        reset_req_o = 1'b0;

        unique case (alert_class_i)
            2'b00: begin // Class A
                case (esc_state_i)
                    2'b00: irq_o = 1'b1;
                    2'b01: nmi_o = 1'b1;
                    default: reset_req_o = 1'b1;
                endcase
            end

            2'b01: begin // Class B
                case (esc_state_i)
                    2'b00, 2'b01: nmi_o = 1'b1;
                    default: reset_req_o = 1'b1;
                endcase
            end

            default: reset_req_o = 1'b1;
        endcase
    end

endmodule","module alert_handler_core (
    input  logic [1:0] alert_class_i,
    input  logic [1:0] esc_state_i,
    output logic       irq_o,
    output logic       nmi_o,
    output logic       reset_req_o
);

    // Properties and assertions
    property p_irq_set;
        (alert_class_i == 2'b00 && esc_state_i == 2'b00) |-> (irq_o == 1'b1);
    endproperty

    property p_nmi_set_class_a;
        (alert_class_i == 2'b00 && esc_state_i inside {2'b01}) |-> (nmi_o == 1'b1);
    endproperty

    property p_reset_req_set_class_a_default;
        (alert_class_i == 2'b00 && esc_state_i inside {2'b10, 2'b11}) |-> (reset_req_o == 1'b1);
    endproperty

    property p_nmi_set_class_b;
        (alert_class_i == 2'b01 && esc_state_i inside {2'b00, 2'b01}) |-> (nmi_o == 1'b1);
    endproperty

    property p_reset_req_set_class_b_default;
        (alert_class_i == 2'b01 && esc_state_i inside {2'b10, 2'b11}) |-> (reset_req_o == 1'b1);
    endproperty

    property p_reset_req_set_default;
        (alert_class_i inside {2'b10, 2'b11}) |-> (reset_req_o == 1'b1);
    endproperty

    // Assertions
    a_irq_set: assert property (@(*) p_irq_set);
    a_nmi_set_class_a: assert property (@(*) p_nmi_set_class_a);
    a_reset_req_set_class_a_default: assert property (@(*) p_reset_req_set_class_a_default);
    a_nmi_set_class_b: assert property (@(*) p_nmi_set_class_b);
    a_reset_req_set_class_b_default: assert property (@(*) p_reset_req_set_class_b_default);
    a_reset_req_set_default: assert property (@(*) p_reset_req_set_default);

    always_comb begin
        irq_o       = 1'b0;
        nmi_o       = 1'b0;
        reset_req_o = 1'b0;

        unique case (alert_class_i)
            2'b00: begin // Class A
                case (esc_state_i)
                    2'b00: irq_o = 1'b1;
                    2'b01: nmi_o = 1'b1;
                    default: reset_req_o = 1'b1;
                endcase
            end

            2'b01: begin // Class B
                case (esc_state_i)
                    2'b00, 2'b01: nmi_o = 1'b1;
                    default: reset_req_o = 1'b1;
                endcase
            end

            default: reset_req_o = 1'b1;
        endcase
    end

endmodule","** Error: (vlog-13069) prueba.sv(35): near ""(*"": syntax error, unexpected (*.
** Error: (vlog-13069) prueba.sv(36): near ""(*"": syntax error, unexpected (*.
** Error: (vlog-13069) prueba.sv(37): near ""(*"": syntax error, unexpected (*.
** Error: (vlog-13069) prueba.sv(38): near ""(*"": syntax error, unexpected (*.
** Error: (vlog-13069) prueba.sv(39): near ""(*"": syntax error, unexpected (*.
** Error: (vlog-13069) prueba.sv(40): near ""(*"": syntax error, unexpected (*.",1772746645.0986063,328,670
"module lc_ctrl_perm_check (
    input  logic [2:0] lc_state_i,
    input  logic [1:0] lc_transition_i,
    output logic       allow_o,
    output logic       violation_o
);

    always_comb begin
        allow_o     = 1'b0;
        violation_o = 1'b0;

        unique case (lc_state_i)
            3'b000: begin // TEST_UNLOCKED
                case (lc_transition_i)
                    2'b00, 2'b01: allow_o = 1'b1;
                    default: violation_o = 1'b1;
                endcase
            end

            3'b001: begin // DEV
                case (lc_transition_i)
                    2'b01: allow_o = 1'b1;
                    default: violation_o = 1'b1;
                endcase
            end

            3'b010: begin // PROD
                case (lc_transition_i)
                    2'b10: allow_o = 1'b1;
                    default: violation_o = 1'b1;
                endcase
            end

            default: violation_o = 1'b1;
        endcase
    end

endmodule","module lc_ctrl_perm_check (
    input  logic [2:0] lc_state_i,
    input  logic [1:0] lc_transition_i,
    output logic       allow_o,
    output logic       violation_o
);

    always_comb begin
        allow_o     = 1'b0;
        violation_o = 1'b0;

        unique case (lc_state_i)
            3'b000: begin // TEST_UNLOCKED
                case (lc_transition_i)
                    2'b00, 2'b01: allow_o = 1'b1;
                    default: violation_o = 1'b1;
                endcase
            end

            3'b001: begin // DEV
                case (lc_transition_i)
                    2'b01: allow_o = 1'b1;
                    default: violation_o = 1'b1;
                endcase
            end

            3'b010: begin // PROD
                case (lc_transition_i)
                    2'b10: allow_o = 1'b1;
                    default: violation_o = 1'b1;
                endcase
            end

            default: violation_o = 1'b1;
        endcase
    end

    // Properties and assertions to ensure the correct behavior of the module
    property p_test_unlocked;
        (lc_state_i == 3'b000) |-> ((lc_transition_i inside {2'b00, 2'b01}) ? allow_o : violation_o);
    endproperty

    property p_dev;
        (lc_state_i == 3'b001) |-> ((lc_transition_i == 2'b01) ? allow_o : violation_o);
    endproperty

    property p_prod;
        (lc_state_i == 3'b010) |-> ((lc_transition_i == 2'b10) ? allow_o : violation_o);
    endproperty

    property p_default;
        (lc_state_i inside {3'b011, 3'b100, 3'b101, 3'b110, 3'b111}) |-> violation_o;
    endproperty

    // Assertions to verify the properties
    a_test_unlocked: assert property (p_test_unlocked) else $error(""Test Unlocked state transition error"");
    a_dev:           assert property (p_dev)           else $error(""Dev state transition error"");
    a_prod:          assert property (p_prod)          else $error(""Prod state transition error"");
    a_default:       assert property (p_default)       else $error(""Default state transition error"");

endmodule","** Error (suppressible): prueba.sv(56): (vlog-1957) The sva directive is not sensitive to a clock. Unclocked directives are not supported.
** Error (suppressible): prueba.sv(57): (vlog-1957) The sva directive is not sensitive to a clock. Unclocked directives are not supported.
** Error (suppressible): prueba.sv(58): (vlog-1957) The sva directive is not sensitive to a clock. Unclocked directives are not supported.
** Error (suppressible): prueba.sv(59): (vlog-1957) The sva directive is not sensitive to a clock. Unclocked directives are not supported.",1772746701.008011,343,571
"module obi_host_resp_gen (
    input  logic [1:0] obi_result_i,
    input  logic       obi_priv_i,
    output logic [1:0] obi_resp_o
);

    always_comb begin
        obi_resp_o = 2'b00;

        unique case (obi_result_i)
            2'b00: obi_resp_o = 2'b00; // OK

            2'b01: begin // Decode error
                case (obi_priv_i)
                    1'b1: obi_resp_o = 2'b10;
                    default: obi_resp_o = 2'b11;
                endcase
            end

            2'b10: begin // Access error
                case (obi_priv_i)
                    1'b1: obi_resp_o = 2'b11;
                    default: obi_resp_o = 2'b10;
                endcase
            end

            default: obi_resp_o = 2'b11;
        endcase
    end

endmodule","module obi_host_resp_gen (
    input  logic [1:0] obi_result_i,
    input  logic       obi_priv_i,
    output logic [1:0] obi_resp_o
);

    // Properties for assertions
    property p_decode_error;
        (obi_result_i == 2'b01) |-> (obi_priv_i ? (obi_resp_o == 2'b10) : (obi_resp_o == 2'b11));
    endproperty

    property p_access_error;
        (obi_result_i == 2'b10) |-> (obi_priv_i ? (obi_resp_o == 2'b11) : (obi_resp_o == 2'b10));
    endproperty

    property p_ok_or_default;
        (obi_result_i inside {2'b00, 2'b11}) |-> (obi_resp_o == 2'b00);
    endproperty

    // Assertions based on the properties
    a_decode_error : assert property (@(posedge clk) disable iff (!rst_n) p_decode_error)
        else $error(""Decode error response mismatch"");

    a_access_error : assert property (@(posedge clk) disable iff (!rst_n) p_access_error)
        else $error(""Access error response mismatch"");

    a_ok_or_default : assert property (@(posedge clk) disable iff (!rst_n) p_ok_or_default)
        else $error(""OK or default response mismatch"");

    always_comb begin
        obi_resp_o = 2'b00;

        unique case (obi_result_i)
            2'b00: obi_resp_o = 2'b00; // OK

            2'b01: begin // Decode error
                case (obi_priv_i)
                    1'b1: obi_resp_o = 2'b10;
                    default: obi_resp_o = 2'b11;
                endcase
            end

            2'b10: begin // Access error
                case (obi_priv_i)
                    1'b1: obi_resp_o = 2'b11;
                    default: obi_resp_o = 2'b10;
                endcase
            end

            default: obi_resp_o = 2'b11;
        endcase
    end

endmodule","** Error: prueba.sv(21): (vlog-2730) Undefined variable: 'clk'.
** Error: prueba.sv(21): (vlog-2730) Undefined variable: 'rst_n'.",1772746748.765391,307,588
"module reg_if_write_filter (
    input  logic        we_i,
    input  logic [11:0] addr_i,
    output logic        wr_en_o,
    output logic        err_o
);

    logic [7:0] reg_offset;
    assign reg_offset = addr_i[11:4];

    always_comb begin
        wr_en_o = 1'b0;
        err_o   = 1'b0;

        if (we_i) begin
            unique case (reg_offset)
                8'h00, 8'h04: wr_en_o = 1'b1;
                8'h10: err_o = 1'b1; // read-only
                default: err_o = 1'b1;
            endcase
        end
    end

endmodule","module reg_if_write_filter (
    input  logic        we_i,
    input  logic [11:0] addr_i,
    output logic        wr_en_o,
    output logic        err_o
);

    logic [7:0] reg_offset;
    assign reg_offset = addr_i[11:4];

    always_comb begin
        wr_en_o = 1'b0;
        err_o   = 1'b0;

        if (we_i) begin
            unique case (reg_offset)
                8'h00, 8'h04: wr_en_o = 1'b1;
                8'h10: err_o = 1'b1; // read-only
                default: err_o = 1'b1;
            endcase
        end
    end

    // Properties and assertions
    property p_write_enable_valid_address;
        @(posedge we_i)
            (reg_offset == 8'h00 || reg_offset == 8'h04) |-> wr_en_o;
    endproperty

    property p_read_only_address_error;
        @(posedge we_i)
            (reg_offset == 8'h10) |-> err_o;
    endproperty

    property p_default_error;
        @(posedge we_i)
            !((reg_offset == 8'h00 || reg_offset == 8'h04 || reg_offset == 8'h10)) |-> err_o;
    endproperty

    a_write_enable_valid_address: assert property (p_write_enable_valid_address);
    a_read_only_address_error: assert property (p_read_only_address_error);
    a_default_error: assert property (p_default_error);

endmodule",OK,1772746797.7719452,249,360
"module tl_a_perm_check (
    input  logic        a_valid,
    input  logic [2:0]  a_opcode,
    input  logic [2:0]  a_param,
    input  logic [2:0]  a_size,
    output logic        deny
);

    always_comb begin
        deny = 1'b0;

        if (a_valid) begin
            unique case (a_opcode)
                3'b000: begin // Get
                    case (a_size)
                        3'b000, 3'b001, 3'b010: ;
                        default: deny = 1'b1;
                    endcase
                end

                3'b001: begin // PutFull
                    case (a_param)
                        3'b000: begin
                            case (a_size)
                                3'b001, 3'b010: ;
                                default: deny = 1'b1;
                            endcase
                        end
                        default: deny = 1'b1;
                    endcase
                end

                3'b010: begin // PutPartial
                    case (a_param)
                        3'b001: ;
                        default: deny = 1'b1;
                    endcase
                end

                default: deny = 1'b1;
            endcase
        end
    end

endmodule","module tl_a_perm_check (
    input  logic        a_valid,
    input  logic [2:0]  a_opcode,
    input  logic [2:0]  a_param,
    input  logic [2:0]  a_size,
    output logic        deny
);

    always_comb begin
        deny = 1'b0;

        if (a_valid) begin
            unique case (a_opcode)
                3'b000: begin // Get
                    case (a_size)
                        3'b000, 3'b001, 3'b010: ;
                        default: deny = 1'b1;
                    endcase
                end

                3'b001: begin // PutFull
                    case (a_param)
                        3'b000: begin
                            case (a_size)
                                3'b001, 3'b010: ;
                                default: deny = 1'b1;
                            endcase
                        end
                        default: deny = 1'b1;
                    endcase
                end

                3'b010: begin // PutPartial
                    case (a_param)
                        3'b001: ;
                        default: deny = 1'b1;
                    endcase
                end

                default: deny = 1'b1;
            endcase
        end
    end

    // Properties and assertions
    property p_get_valid_size;
        @(posedge clk) disable iff (!rst_n)
        (a_valid && a_opcode == 3'b000) |-> (a_size inside {3'b000, 3'b001, 3'b010});
    endproperty

    property p_putfull_valid_param_size;
        @(posedge clk) disable iff (!rst_n)
        (a_valid && a_opcode == 3'b001 && a_param == 3'b000) |-> (a_size inside {3'b001, 3'b010});
    endproperty

    property p_putpartial_valid_param;
        @(posedge clk) disable iff (!rst_n)
        (a_valid && a_opcode == 3'b010) |-> (a_param == 3'b001);
    endproperty

    // Assertions
    assert property (p_get_valid_size) else $error(""Invalid size for Get operation"");
    assert property (p_putfull_valid_param_size) else $error(""Invalid param or size for PutFull operation"");
    assert property (p_putpartial_valid_param) else $error(""Invalid param for PutPartial operation"");

endmodule","** Error: prueba.sv(47): (vlog-2730) Undefined variable: 'rst_n'.
** Error: prueba.sv(47): (vlog-2730) Undefined variable: 'clk'.",1772746827.8379643,377,665
"module tl_d_resp_gen (
    input  logic        d_valid,
    input  logic [2:0]  d_opcode,
    input  logic        denied,
    output logic        d_error
);

    always_comb begin
        d_error = 1'b0;

        if (d_valid) begin
            unique case (d_opcode)
                3'b000, 3'b001: begin
                    case (denied)
                        1'b1: d_error = 1'b1;
                        default: ;
                    endcase
                end

                default: d_error = 1'b1;
            endcase
        end
    end

endmodule","module tl_d_resp_gen (
    input  logic        d_valid,
    input  logic [2:0]  d_opcode,
    input  logic        denied,
    output logic        d_error
);

    always_comb begin
        d_error = 1'b0;

        if (d_valid) begin
            unique case (d_opcode)
                3'b000, 3'b001: begin
                    case (denied)
                        1'b1: d_error = 1'b1;
                        default: ;
                    endcase
                end

                default: d_error = 1'b1;
            endcase
        end
    end

    // Property to check that when d_valid is high and d_opcode is either 000 or 001,
    // d_error should be set based on the value of denied.
    property p_d_error_on_valid_opcode_denied;
        @(posedge clk) disable iff (!rst_n)
            (d_valid && (d_opcode == 3'b000 || d_opcode == 3'b001)) |-> 
                (denied ? $rose(d_error) : !d_error);
    endproperty

    // Property to check that when d_valid is high and d_opcode is not 000 or 001,
    // d_error should be set.
    property p_d_error_on_invalid_opcode;
        @(posedge clk) disable iff (!rst_n)
            (d_valid && !(d_opcode inside {3'b000, 3'b001})) |-> $rose(d_error);
    endproperty

    // Assertions based on the properties
    a_d_error_on_valid_opcode_denied: assert property (p_d_error_on_valid_opcode_denied) 
        else $error(""When d_valid is high and d_opcode is 000 or 001, d_error should be set based on denied."");

    a_d_error_on_invalid_opcode: assert property (p_d_error_on_invalid_opcode)
        else $error(""When d_valid is high and d_opcode is not 000 or 001, d_error should be set."");

endmodule","** Error: prueba.sv(28): (vlog-2730) Undefined variable: 'rst_n'.
** Error: prueba.sv(28): (vlog-2730) Undefined variable: 'clk'.",1772746883.4406557,221,526
"module axil_aw_decode (
    input  logic        awvalid,
    input  logic [31:0] awaddr,
    input  logic [2:0]  awprot,
    output logic        awready,
    output logic        awerror
);

    logic [3:0] region;
    assign region = awaddr[31:28];

    always_comb begin
        awready = 1'b0;
        awerror = 1'b0;

        if (awvalid) begin
            unique case (region)
                4'h0: begin // ROM
                    awerror = 1'b1;
                end

                4'h1: begin // RAM
                    case (awprot[1]) // privileged
                        1'b1: awready = 1'b1;
                        default: awerror = 1'b1;
                    endcase
                end

                4'h2: begin // MMIO
                    awready = 1'b1;
                end

                default: awerror = 1'b1;
            endcase
        end
    end

endmodule","module axil_aw_decode (
    input  logic        awvalid,
    input  logic [31:0] awaddr,
    input  logic [2:0]  awprot,
    output logic        awready,
    output logic        awerror
);

    logic [3:0] region;
    assign region = awaddr[31:28];

    // Properties and assertions

    // Property: When awvalid is high, awready should be high if access to RAM or MMIO is attempted with correct privileges.
    property p_awready_assertion;
        @(posedge clk) disable iff (!rst_n)
            (awvalid && (region == 4'h1 && awprot[1] || region == 4'h2)) |-> ##0 awready;
    endproperty

    // Property: When awvalid is high, awerror should be high if accessing ROM or attempting illegal access.
    property p_awerror_assertion;
        @(posedge clk) disable iff (!rst_n)
            (awvalid && (region == 4'h0 || region > 4'h2 || (region == 4'h1 && !awprot[1]))) |-> ##0 awerror;
    endproperty

    // Assertion for awready
    a_awready: assert property(p_awready_assertion) else $error(""Assertion failed: awready not asserted correctly."");

    // Assertion for awerror
    a_awerror: assert property(p_awerror_assertion) else $error(""Assertion failed: awerror not asserted correctly."");


    always_comb begin
        awready = 1'b0;
        awerror = 1'b0;

        if (awvalid) begin
            unique case (region)
                4'h0: begin // ROM
                    awerror = 1'b1;
                end

                4'h1: begin // RAM
                    case (awprot[1]) // privileged
                        1'b1: awready = 1'b1;
                        default: awerror = 1'b1;
                    endcase
                end

                4'h2: begin // MMIO
                    awready = 1'b1;
                end

                default: awerror = 1'b1;
            endcase
        end
    end

endmodule","** Error: prueba.sv(16): (vlog-2730) Undefined variable: 'rst_n'.
** Error: prueba.sv(16): (vlog-2730) Undefined variable: 'clk'.",1772746927.2424958,314,547
"module axil_r_resp (
    input  logic        rvalid,
    input  logic [1:0]  rresp,
    input  logic        secure,
    output logic        fault
);

    always_comb begin
        fault = 1'b0;

        if (rvalid) begin
            unique case (rresp)
                2'b00: ; // OKAY
                2'b10: begin // SLVERR
                    case (secure)
                        1'b0: fault = 1'b1;
                        default: ;
                    endcase
                end
                default: fault = 1'b1;
            endcase
        end
    end

endmodule","module axil_r_resp (
    input  logic        rvalid,
    input  logic [1:0]  rresp,
    input  logic        secure,
    output logic        fault
);

    // Properties to describe the behavior
    property p_no_fault_on_okay;
        @(posedge clk) disable iff (!rst_n)
            (rvalid && (rresp == 2'b00)) |-> !fault;
    endproperty

    property p_fault_on_slverr_unsecure;
        @(posedge clk) disable iff (!rst_n)
            (rvalid && (rresp == 2'b10) && !secure) |=> fault;
    endproperty

    property p_fault_on_default_response;
        @(posedge clk) disable iff (!rst_n)
            (rvalid && (rresp != 2'b00) && (rresp != 2'b10)) |-> fault;
    endproperty

    // Assertions based on the properties
    a_no_fault_on_okay: assert property(p_no_fault_on_okay);
    a_fault_on_slverr_unsecure: assert property(p_fault_on_slverr_unsecure);
    a_fault_on_default_response: assert property(p_fault_on_default_response);

    always_comb begin
        fault = 1'b0;

        if (rvalid) begin
            unique case (rresp)
                2'b00: ; // OKAY
                2'b10: begin // SLVERR
                    case (secure)
                        1'b0: fault = 1'b1;
                        default: ;
                    endcase
                end
                default: fault = 1'b1;
            endcase
        end
    end

endmodule","** Error: prueba.sv(10): (vlog-2730) Undefined variable: 'rst_n'.
** Error: prueba.sv(10): (vlog-2730) Undefined variable: 'clk'.",1772746972.9860091,223,413
"module wb_slave_decode (
    input  logic        wb_cyc_i,
    input  logic        wb_stb_i,
    input  logic        wb_we_i,
    input  logic [31:0] wb_adr_i,
    output logic        wb_ack_o,
    output logic        wb_err_o
);

    logic [3:0] region;
    assign region = wb_adr_i[31:28];

    always_comb begin
        wb_ack_o = 1'b0;
        wb_err_o = 1'b0;

        if (wb_cyc_i && wb_stb_i) begin
            unique case (region)
                4'h0: begin // ROM
                    case (wb_we_i)
                        1'b0: wb_ack_o = 1'b1;
                        default: wb_err_o = 1'b1;
                    endcase
                end

                4'h1: begin // RAM
                    wb_ack_o = 1'b1;
                end

                default: wb_err_o = 1'b1;
            endcase
        end
    end

endmodule","module wb_slave_decode (
    input  logic        wb_cyc_i,
    input  logic        wb_stb_i,
    input  logic        wb_we_i,
    input  logic [31:0] wb_adr_i,
    output logic        wb_ack_o,
    output logic        wb_err_o
);

    logic [3:0] region;
    assign region = wb_adr_i[31:28];

    // Properties
    property p_wb_ack_when_cyc_stb_and_region_1_or_non_we_in_0;
        @(posedge wb_cyc_i) disable iff (!wb_stb_i)
            (region == 4'h1 || (region == 4'h0 && !wb_we_i)) |-> ##1 wb_ack_o;
    endproperty

    property p_wb_err_when_cyc_stb_and_region_not_1_or_we_in_0;
        @(posedge wb_cyc_i) disable iff (!wb_stb_i)
            (region != 4'h1 || (region == 4'h0 && wb_we_i)) |-> ##1 wb_err_o;
    endproperty

    // Assertions
    a_wb_ack_when_cyc_stb_and_region_1_or_non_we_in_0 : assert property (p_wb_ack_when_cyc_stb_and_region_1_or_non_we_in_0)
        else $error(""Assertion failed: wb_ack_o should be 1 when wb_cyc_i and wb_stb_i are high, region is 1 or (region is 0 and wb_we_i is low)"");

    a_wb_err_when_cyc_stb_and_region_not_1_or_we_in_0 : assert property (p_wb_err_when_cyc_stb_and_region_not_1_or_we_in_0)
        else $error(""Assertion failed: wb_err_o should be 1 when wb_cyc_i and wb_stb_i are high, region is not 1 or (region is 0 and wb_we_i is high)"");

    always_comb begin
        wb_ack_o = 1'b0;
        wb_err_o = 1'b0;

        if (wb_cyc_i && wb_stb_i) begin
            unique case (region)
                4'h0: begin // ROM
                    case (wb_we_i)
                        1'b0: wb_ack_o = 1'b1;
                        default: wb_err_o = 1'b1;
                    endcase
                end

                4'h1: begin // RAM
                    wb_ack_o = 1'b1;
                end

                default: wb_err_o = 1'b1;
            endcase
        end
    end

endmodule",OK,1772747007.4259088,313,732
"module wb_err_policy (
    input  logic [1:0] err_src,
    output logic       retry,
    output logic       fatal
);

    always_comb begin
        retry = 1'b0;
        fatal = 1'b0;

        unique case (err_src)
            2'b00: ;
            2'b01: retry = 1'b1;
            2'b10: fatal = 1'b1;
            default: fatal = 1'b1;
        endcase
    end

endmodule","module wb_err_policy (
    input  logic [1:0] err_src,
    output logic       retry,
    output logic       fatal
);

    // Properties and assertions
    property no_retry_on_00;
        @(posedge clk) disable iff (reset)
            (err_src == 2'b00) |-> (!retry);
    endproperty

    property retry_on_01;
        @(posedge clk) disable iff (reset)
            (err_src == 2'b01) |-> retry;
    endproperty

    property fatal_on_10;
        @(posedge clk) disable iff (reset)
            (err_src == 2'b10) |-> fatal;
    endproperty

    property default_fatal;
        @(posedge clk) disable iff (reset)
            (!($isunknown(err_src)) && err_src != 2'b00 && err_src != 2'b01 && err_src != 2'b10) |-> fatal;
    endproperty

    // Asserts
    assert property (no_retry_on_00) else $error(""Retry should not be set when err_src is 00"");
    assert property (retry_on_01) else $error(""Retry should be set when err_src is 01"");
    assert property (fatal_on_10) else $error(""Fatal should be set when err_src is 10"");
    assert property (default_fatal) else $error(""Fatal should be set for undefined err_src values"");

    always_comb begin
        retry = 1'b0;
        fatal = 1'b0;

        unique case (err_src)
            2'b00: ;
            2'b01: retry = 1'b1;
            2'b10: fatal = 1'b1;
            default: fatal = 1'b1;
        endcase
    end

endmodule","** Error: prueba.sv(9): (vlog-2730) Undefined variable: 'reset'.
** Error: prueba.sv(9): (vlog-2730) Undefined variable: 'clk'.
** Error: prueba.sv(14): (vlog-2730) Undefined variable: 'reset'.
** Error: prueba.sv(14): (vlog-2730) Undefined variable: 'clk'.
** Error: prueba.sv(19): (vlog-2730) Undefined variable: 'reset'.
** Error: prueba.sv(19): (vlog-2730) Undefined variable: 'clk'.
** Error: prueba.sv(24): (vlog-2730) Undefined variable: 'reset'.
** Error: prueba.sv(24): (vlog-2730) Undefined variable: 'clk'.
** Error (suppressible): prueba.sv(29): (vlog-1957) The sva directive is not sensitive to a clock. Unclocked directives are not supported.
** Error (suppressible): prueba.sv(30): (vlog-1957) The sva directive is not sensitive to a clock. Unclocked directives are not supported.
** Error (suppressible): prueba.sv(31): (vlog-1957) The sva directive is not sensitive to a clock. Unclocked directives are not supported.
** Error (suppressible): prueba.sv(32): (vlog-1957) The sva directive is not sensitive to a clock. Unclocked directives are not supported.
** Error: prueba.sv(9): (vlog-2730) Undefined variable: 'reset'.
** Error: prueba.sv(9): (vlog-2730) Undefined variable: 'clk'.",1772747068.4807684,192,548
"module litex_csr_filter (
    input  logic        csr_we,
    input  logic [13:0] csr_addr,
    output logic        csr_wr_en,
    output logic        csr_err
);

    logic [7:0] csr_sel;
    assign csr_sel = csr_addr[13:6];

    always_comb begin
        csr_wr_en = 1'b0;
        csr_err   = 1'b0;

        if (csr_we) begin
            unique case (csr_sel)
                8'h00, 8'h01: csr_wr_en = 1'b1;
                8'h10: csr_err = 1'b1; // RO CSR
                default: csr_err = 1'b1;
            endcase
        end
    end

endmodule","module litex_csr_filter (
    input  logic        csr_we,
    input  logic [13:0] csr_addr,
    output logic        csr_wr_en,
    output logic        csr_err
);

    logic [7:0] csr_sel;
    assign csr_sel = csr_addr[13:6];

    // Properties and asserts for verification

    // Property to check that csr_wr_en is asserted only when csr_we is high and csr_sel matches 8'h00 or 8'h01
    property wr_en_valid;
        @(posedge csr_we) disable iff (!csr_we)
            (csr_sel == 8'h00 || csr_sel == 8'h01) |-> csr_wr_en;
    endproperty

    // Property to check that csr_err is asserted when csr_we is high and csr_sel matches 8'h10 or any other value
    property err_valid;
        @(posedge csr_we) disable iff (!csr_we)
            (csr_sel == 8'h10 || !(csr_sel inside {8'h00, 8'h01})) |-> csr_err;
    endproperty

    // Asserts to check the properties
    assert property (wr_en_valid) else $error(""csr_wr_en not asserted correctly"");
    assert property (err_valid) else $error(""csr_err not asserted correctly"");

    always_comb begin
        csr_wr_en = 1'b0;
        csr_err   = 1'b0;

        if (csr_we) begin
            unique case (csr_sel)
                8'h00, 8'h01: csr_wr_en = 1'b1;
                8'h10: csr_err = 1'b1; // RO CSR
                default: csr_err = 1'b1;
            endcase
        end
    end

endmodule",OK,1772747114.0170634,250,397
"module litex_bus_resp (
    input  logic valid,
    input  logic error,
    output logic ack,
    output logic err
);

    always_comb begin
        ack = 1'b0;
        err = 1'b0;

        if (valid) begin
            case (error)
                1'b0: ack = 1'b1;
                1'b1: err = 1'b1;
            endcase
        end
    end

endmodule","module litex_bus_resp (
    input  logic valid,
    input  logic error,
    output logic ack,
    output logic err
);

    always_comb begin
        ack = 1'b0;
        err = 1'b0;

        if (valid) begin
            case (error)
                1'b0: ack = 1'b1;
                1'b1: err = 1'b1;
            endcase
        end
    end

    // Properties and assertions
    property p_valid_no_error_asserts_ack;
        @(posedge valid) disable iff (!valid) (error == 1'b0) |-> (ack == 1'b1);
    endproperty

    property p_valid_with_error_asserts_err;
        @(posedge valid) disable iff (!valid) (error == 1'b1) |-> (err == 1'b1);
    endproperty

    assert property (p_valid_no_error_asserts_ack)
        else $error(""Assertion failed: When valid is high and error is low, ack should be high."");

    assert property (p_valid_with_error_asserts_err)
        else $error(""Assertion failed: When valid is high and error is high, err should be high."");
endmodule",OK,1772747147.1789205,179,268
"module piton_l2_coh_ctrl (
    input  logic [2:0] msg_type_i,
    input  logic [1:0] line_state_i,
    output logic       send_data_o,
    output logic       invalidate_o,
    output logic       nack_o
);

    // msg_type:
    // 000 = ReadShared
    // 001 = ReadExclusive
    // 010 = Upgrade
    // 011 = Writeback

    // line_state:
    // 00 = Invalid
    // 01 = Shared
    // 10 = Exclusive
    // 11 = Modified

    always_comb begin
        send_data_o   = 1'b0;
        invalidate_o = 1'b0;
        nack_o        = 1'b0;

        unique case (msg_type_i)
            3'b000: begin // ReadShared
                case (line_state_i)
                    2'b00: send_data_o = 1'b1;
                    2'b01, 2'b10, 2'b11: send_data_o = 1'b1;
                    default: nack_o = 1'b1;
                endcase
            end

            3'b001: begin // ReadExclusive
                case (line_state_i)
                    2'b00: send_data_o = 1'b1;
                    2'b01: begin
                        send_data_o   = 1'b1;
                        invalidate_o = 1'b1;
                    end
                    2'b10, 2'b11: send_data_o = 1'b1;
                    default: nack_o = 1'b1;
                endcase
            end

            3'b010: begin // Upgrade
                case (line_state_i)
                    2'b01: invalidate_o = 1'b1;
                    default: nack_o = 1'b1;
                endcase
            end

            3'b011: begin // Writeback
                case (line_state_i)
                    2'b10, 2'b11: ;
                    default: nack_o = 1'b1;
                endcase
            end

            default: nack_o = 1'b1;
        endcase
    end

endmodule","module piton_l2_coh_ctrl (
    input  logic [2:0] msg_type_i,
    input  logic [1:0] line_state_i,
    output logic       send_data_o,
    output logic       invalidate_o,
    output logic       nack_o
);

    // msg_type:
    // 000 = ReadShared
    // 001 = ReadExclusive
    // 010 = Upgrade
    // 011 = Writeback

    // line_state:
    // 00 = Invalid
    // 01 = Shared
    // 10 = Exclusive
    // 11 = Modified

    always_comb begin
        send_data_o   = 1'b0;
        invalidate_o = 1'b0;
        nack_o        = 1'b0;

        unique case (msg_type_i)
            3'b000: begin // ReadShared
                case (line_state_i)
                    2'b00: send_data_o = 1'b1;
                    2'b01, 2'b10, 2'b11: send_data_o = 1'b1;
                    default: nack_o = 1'b1;
                endcase
            end

            3'b001: begin // ReadExclusive
                case (line_state_i)
                    2'b00: send_data_o = 1'b1;
                    2'b01: begin
                        send_data_o   = 1'b1;
                        invalidate_o = 1'b1;
                    end
                    2'b10, 2'b11: send_data_o = 1'b1;
                    default: nack_o = 1'b1;
                endcase
            end

            3'b010: begin // Upgrade
                case (line_state_i)
                    2'b01: invalidate_o = 1'b1;
                    default: nack_o = 1'b1;
                endcase
            end

            3'b011: begin // Writeback
                case (line_state_i)
                    2'b10, 2'b11: ;
                    default: nack_o = 1'b1;
                endcase
            end

            default: nack_o = 1'b1;
        endcase
    end

    // Properties and assertions
    property p_read_shared_invalid_line;
        @(posedge clk) disable iff (!rst_n)
            (msg_type_i == 3'b000 && line_state_i == 2'b00) |-> send_data_o;
    endproperty

    property p_read_exclusive_invalid_line;
        @(posedge clk) disable iff (!rst_n)
            (msg_type_i == 3'b001 && line_state_i == 2'b00) |-> send_data_o;
    endproperty

    property p_read_exclusive_shared_line;
        @(posedge clk) disable iff (!rst_n)
            (msg_type_i == 3'b001 && line_state_i == 2'b01) |-> (send_data_o && invalidate_o);
    endproperty

    property p_upgrade_shared_line;
        @(posedge clk) disable iff (!rst_n)
            (msg_type_i == 3'b010 && line_state_i == 2'b01) |-> invalidate_o;
    endproperty

    property p_writeback_exclusive_or_modified_line;
        @(posedge clk) disable iff (!rst_n)
            (msg_type_i == 3'b011) |-> ((line_state_i == 2'b10 || line_state_i == 2'b11) && !nack_o);
    endproperty

    // Assertions
    assert property (p_read_shared_invalid_line) else $error(""ReadShared on Invalid line should send data"");
    assert property (p_read_exclusive_invalid_line) else $error(""ReadExclusive on Invalid line should send data"");
    assert property (p_read_exclusive_shared_line) else $error(""ReadExclusive on Shared line should send data and invalidate"");
    assert property (p_upgrade_shared_line) else $error(""Upgrade on Shared line should invalidate"");
    assert property (p_writeback_exclusive_or_modified_line) else $error(""Writeback should only be valid on Exclusive or Modified lines"");

endmodule","** Error: prueba.sv(67): (vlog-2730) Undefined variable: 'rst_n'.
** Error: prueba.sv(67): (vlog-2730) Undefined variable: 'clk'.",1772747169.498709,575,980
"module piton_dir_state (
    input  logic [1:0] state_i,
    input  logic [2:0] event_i,
    output logic [1:0] state_o,
    output logic       error_o
);

    always_comb begin
        state_o = state_i;
        error_o = 1'b0;

        unique case (state_i)
            2'b00: begin // Invalid
                case (event_i)
                    3'b000: state_o = 2'b01; // ReadShared
                    3'b001: state_o = 2'b10; // ReadExclusive
                    default: error_o = 1'b1;
                endcase
            end

            2'b01: begin // Shared
                case (event_i)
                    3'b001: state_o = 2'b10;
                    3'b010: state_o = 2'b00; // Invalidate
                    default: ;
                endcase
            end

            2'b10: begin // Exclusive
                case (event_i)
                    3'b011: state_o = 2'b11; // Write
                    default: ;
                endcase
            end

            2'b11: begin // Modified
                case (event_i)
                    3'b100: state_o = 2'b00; // Writeback
                    default: ;
                endcase
            end

            default: error_o = 1'b1;
        endcase
    end

endmodule","module piton_dir_state (
    input  logic [1:0] state_i,
    input  logic [2:0] event_i,
    output logic [1:0] state_o,
    output logic       error_o
);

    always_comb begin
        state_o = state_i;
        error_o = 1'b0;

        unique case (state_i)
            2'b00: begin // Invalid
                case (event_i)
                    3'b000: state_o = 2'b01; // ReadShared
                    3'b001: state_o = 2'b10; // ReadExclusive
                    default: error_o = 1'b1;
                endcase
            end

            2'b01: begin // Shared
                case (event_i)
                    3'b001: state_o = 2'b10;
                    3'b010: state_o = 2'b00; // Invalidate
                    default: ;
                endcase
            end

            2'b10: begin // Exclusive
                case (event_i)
                    3'b011: state_o = 2'b11; // Write
                    default: ;
                endcase
            end

            2'b11: begin // Modified
                case (event_i)
                    3'b100: state_o = 2'b00; // Writeback
                    default: ;
                endcase
            end

            default: error_o = 1'b1;
        endcase
    end

    // Properties and assertions
    property p_invalid_to_shared;
        @(posedge clk) disable iff (reset)
            state_i == 2'b00 && event_i == 3'b000 |=> state_o == 2'b01;
    endproperty

    property p_invalid_to_exclusive;
        @(posedge clk) disable iff (reset)
            state_i == 2'b00 && event_i == 3'b001 |=> state_o == 2'b10;
    endproperty

    property p_shared_to_exclusive;
        @(posedge clk) disable iff (reset)
            state_i == 2'b01 && event_i == 3'b001 |=> state_o == 2'b10;
    endproperty

    property p_shared_to_invalid;
        @(posedge clk) disable iff (reset)
            state_i == 2'b01 && event_i == 3'b010 |=> state_o == 2'b00;
    endproperty

    property p_exclusive_to_modified;
        @(posedge clk) disable iff (reset)
            state_i == 2'b10 && event_i == 3'b011 |=> state_o == 2'b11;
    endproperty

    property p_modified_to_invalid;
        @(posedge clk) disable iff (reset)
            state_i == 2'b11 && event_i == 3'b100 |=> state_o == 2'b00;
    endproperty

    // Assertions
    assert property (p_invalid_to_shared);
    assert property (p_invalid_to_exclusive);
    assert property (p_shared_to_exclusive);
    assert property (p_shared_to_invalid);
    assert property (p_exclusive_to_modified);
    assert property (p_modified_to_invalid);

endmodule","** Error: prueba.sv(49): (vlog-2730) Undefined variable: 'reset'.
** Error: prueba.sv(49): (vlog-2730) Undefined variable: 'clk'.
** Error: prueba.sv(54): (vlog-2730) Undefined variable: 'reset'.
** Error: prueba.sv(54): (vlog-2730) Undefined variable: 'clk'.
** Error: prueba.sv(59): (vlog-2730) Undefined variable: 'reset'.
** Error: prueba.sv(59): (vlog-2730) Undefined variable: 'clk'.
** Error: prueba.sv(64): (vlog-2730) Undefined variable: 'reset'.
** Error: prueba.sv(64): (vlog-2730) Undefined variable: 'clk'.
** Error: prueba.sv(69): (vlog-2730) Undefined variable: 'reset'.
** Error: prueba.sv(69): (vlog-2730) Undefined variable: 'clk'.
** Error: prueba.sv(74): (vlog-2730) Undefined variable: 'reset'.
** Error: prueba.sv(74): (vlog-2730) Undefined variable: 'clk'.
** Error (suppressible): prueba.sv(79): (vlog-1957) The sva directive is not sensitive to a clock. Unclocked directives are not supported.
** Error (suppressible): prueba.sv(80): (vlog-1957) The sva directive is not sensitive to a clock. Unclocked directives are not supported.
** Error (suppressible): prueba.sv(81): (vlog-1957) The sva directive is not sensitive to a clock. Unclocked directives are not supported.
** Error (suppressible): prueba.sv(82): (vlog-1957) The sva directive is not sensitive to a clock. Unclocked directives are not supported.
** Error (suppressible): prueba.sv(83): (vlog-1957) The sva directive is not sensitive to a clock. Unclocked directives are not supported.
** Error (suppressible): prueba.sv(84): (vlog-1957) The sva directive is not sensitive to a clock. Unclocked directives are not supported.
** Error: prueba.sv(49): (vlog-2730) Undefined variable: 'reset'.
** Error: prueba.sv(49): (vlog-2730) Undefined variable: 'clk'.",1772747251.8731637,415,786
"module chisel_priority_mux (
    input  logic [3:0] sel_i,
    input  logic [7:0] in0_i,
    input  logic [7:0] in1_i,
    input  logic [7:0] in2_i,
    input  logic [7:0] in3_i,
    output logic [7:0] out_o
);

    always_comb begin
        out_o = 8'h00;

        case (1'b1)
            sel_i[0]: out_o = in0_i;
            sel_i[1]: out_o = in1_i;
            sel_i[2]: out_o = in2_i;
            sel_i[3]: out_o = in3_i;
            default: out_o = 8'h00;
        endcase
    end

endmodule","module chisel_priority_mux (
    input  logic [3:0] sel_i,
    input  logic [7:0] in0_i,
    input  logic [7:0] in1_i,
    input  logic [7:0] in2_i,
    input  logic [7:0] in3_i,
    output logic [7:0] out_o
);

    always_comb begin
        out_o = 8'h00;

        case (1'b1)
            sel_i[0]: out_o = in0_i;
            sel_i[1]: out_o = in1_i;
            sel_i[2]: out_o = in2_i;
            sel_i[3]: out_o = in3_i;
            default: out_o = 8'h00;
        endcase
    end

    // Property: Only one selection bit can be high at a time
    property single_select_bit_high;
        $onehot0(sel_i);
    endproperty : single_select_bit_high

    // Assertion: Ensure only one selection bit is high
    assert property (single_select_bit_high)
        else $error(""More than one selection bit is high"");

    // Property: Output should match the selected input
    property output_matches_selected_input;
        @(posedge sel_i[0]) disable iff (!sel_i[0]) (out_o == in0_i);
        @(posedge sel_i[1]) disable iff (!sel_i[1]) (out_o == in1_i);
        @(posedge sel_i[2]) disable iff (!sel_i[2]) (out_o == in2_i);
        @(posedge sel_i[3]) disable iff (!sel_i[3]) (out_o == in3_i);
    endproperty : output_matches_selected_input

    // Assertion: Ensure output matches the selected input
    assert property (output_matches_selected_input)
        else $error(""Output does not match the selected input"");

endmodule","** Error: (vlog-13069) prueba.sv(34): near ""@"": syntax error, unexpected '@', expecting ""SystemVerilog keyword 'endproperty'"".",1772747317.6018507,256,507
"module chisel_fsm_ctrl (
    input  logic [3:0] state_i,
    input  logic       fire_i,
    output logic       advance_o,
    output logic       stall_o
);

    always_comb begin
        advance_o = 1'b0;
        stall_o   = 1'b0;

        unique case (state_i)
            4'd0: begin
                case (fire_i)
                    1'b1: advance_o = 1'b1;
                    default: stall_o = 1'b1;
                endcase
            end

            4'd1, 4'd2: begin
                case (fire_i)
                    1'b1: advance_o = 1'b1;
                    default: ;
                endcase
            end

            4'd15: stall_o = 1'b1;

            default: stall_o = 1'b1;
        endcase
    end

endmodule","module chisel_fsm_ctrl (
    input  logic [3:0] state_i,
    input  logic       fire_i,
    output logic       advance_o,
    output logic       stall_o
);

    always_comb begin
        advance_o = 1'b0;
        stall_o   = 1'b0;

        unique case (state_i)
            4'd0: begin
                case (fire_i)
                    1'b1: advance_o = 1'b1;
                    default: stall_o = 1'b1;
                endcase
            end

            4'd1, 4'd2: begin
                case (fire_i)
                    1'b1: advance_o = 1'b1;
                    default: ;
                endcase
            end

            4'd15: stall_o = 1'b1;

            default: stall_o = 1'b1;
        endcase
    end

    // Properties and assertions
    property p_state_0_fire_assert;
        @(posedge fire_i) disable iff (state_i != 4'd0)
        state_i == 4'd0 |-> advance_o;
    endproperty : p_state_0_fire_assert

    property p_state_0_no_fire_assert;
        @(posedge !fire_i) disable iff (state_i != 4'd0)
        state_i == 4'd0 |-> stall_o;
    endproperty : p_state_0_no_fire_assert

    property p_states_1_2_fire_assert;
        @(posedge fire_i) disable iff (!(state_i inside {4'd1, 4'd2}))
        (state_i inside {4'd1, 4'd2}) |-> advance_o;
    endproperty : p_states_1_2_fire_assert

    property p_state_15_assert;
        @(posedge state_i) disable iff (state_i != 4'd15)
        state_i == 4'd15 |-> stall_o;
    endproperty : p_state_15_assert

    property p_default_stall_assert;
        @(posedge state_i) disable iff (!(state_i inside {[0:3'b1011]}))
        (state_i inside {[0:3'b1011]}) |-> stall_o;
    endproperty : p_default_stall_assert

    assert property (p_state_0_fire_assert);
    assert property (p_state_0_no_fire_assert);
    assert property (p_states_1_2_fire_assert);
    assert property (p_state_15_assert);
    assert property (p_default_stall_assert);

endmodule",OK,1772747359.8467195,276,556
"module axil_to_tlul_opcode (
    input  logic awvalid,
    input  logic arvalid,
    input  logic wvalid,
    output logic [2:0] tl_a_opcode_o,
    output logic       tl_a_valid_o
);

    always_comb begin
        tl_a_opcode_o = 3'b000;
        tl_a_valid_o  = 1'b0;

        unique case (1'b1)
            arvalid: begin
                tl_a_opcode_o = 3'b000; // Get
                tl_a_valid_o  = 1'b1;
            end

            awvalid && wvalid: begin
                tl_a_opcode_o = 3'b001; // PutFull
                tl_a_valid_o  = 1'b1;
            end

            default: ;
        endcase
    end

endmodule","module axil_to_tlul_opcode (
    input  logic awvalid,
    input  logic arvalid,
    input  logic wvalid,
    output logic [2:0] tl_a_opcode_o,
    output logic       tl_a_valid_o
);

    always_comb begin
        tl_a_opcode_o = 3'b000;
        tl_a_valid_o  = 1'b0;

        unique case (1'b1)
            arvalid: begin
                tl_a_opcode_o = 3'b000; // Get
                tl_a_valid_o  = 1'b1;
            end

            awvalid && wvalid: begin
                tl_a_opcode_o = 3'b001; // PutFull
                tl_a_valid_o  = 1'b1;
            end

            default: ;
        endcase
    end

    // Properties and Assertions
    property p_arvalid_and_awvalid_wvalid_not_together;
        @(posedge clk) disable iff (!rst_n)
            arvalid && (awvalid && wvalid) |-> $rose(tl_a_valid_o) && (tl_a_opcode_o == 3'b001);
    endproperty

    property p_arvalid_only_get_op;
        @(posedge clk) disable iff (!rst_n)
            arvalid && !(awvalid && wvalid) |-> $rose(tl_a_valid_o) && (tl_a_opcode_o == 3'b000);
    endproperty

    assert property (p_arvalid_and_awvalid_wvalid_not_together)
        else $error(""Assertion failed: arvalid and awvalid & wvalid should result in PutFull operation"");

    assert property (p_arvalid_only_get_op)
        else $error(""Assertion failed: arvalid alone should result in Get operation"");
endmodule","** Error: prueba.sv(30): (vlog-2730) Undefined variable: 'rst_n'.
** Error: prueba.sv(30): (vlog-2730) Undefined variable: 'clk'.",1772747406.158702,260,433
"module tlul_to_obi_req (
    input  logic        tl_a_valid,
    input  logic [2:0]  tl_a_opcode,
    output logic        obi_req_o,
    output logic        obi_we_o
);

    always_comb begin
        obi_req_o = 1'b0;
        obi_we_o  = 1'b0;

        if (tl_a_valid) begin
            unique case (tl_a_opcode)
                3'b000: begin // Get
                    obi_req_o = 1'b1;
                    obi_we_o  = 1'b0;
                end

                3'b001, 3'b010: begin // Put
                    obi_req_o = 1'b1;
                    obi_we_o  = 1'b1;
                end

                default: ;
            endcase
        end
    end

endmodule","module tlul_to_obi_req (
    input  logic        tl_a_valid,
    input  logic [2:0]  tl_a_opcode,
    output logic        obi_req_o,
    output logic        obi_we_o
);

    always_comb begin
        obi_req_o = 1'b0;
        obi_we_o  = 1'b0;

        if (tl_a_valid) begin
            unique case (tl_a_opcode)
                3'b000: begin // Get
                    obi_req_o = 1'b1;
                    obi_we_o  = 1'b0;
                end

                3'b001, 3'b010: begin // Put
                    obi_req_o = 1'b1;
                    obi_we_o  = 1'b1;
                end

                default: ;
            endcase
        end
    end

    // Properties and asserts
    property p_obi_req_on_valid_get_put;
        @(posedge tl_a_valid) (tl_a_opcode inside {3'b000, 3'b001, 3'b010}) |-> obi_req_o == 1'b1;
    endproperty

    assert property (p_obi_req_on_valid_get_put)
        else $error(""obi_req_o should be high when tl_a_valid is high and tl_a_opcode is Get or Put"");

    property p_obi_we_high_on_put;
        @(posedge tl_a_valid) (tl_a_opcode inside {3'b001, 3'b010}) |-> obi_we_o == 1'b1;
    endproperty

    assert property (p_obi_we_high_on_put)
        else $error(""obi_we_o should be high when tl_a_valid is high and tl_a_opcode is Put"");

    property p_obi_we_low_on_get;
        @(posedge tl_a_valid) (tl_a_opcode == 3'b000) |-> obi_we_o == 1'b0;
    endproperty

    assert property (p_obi_we_low_on_get)
        else $error(""obi_we_o should be low when tl_a_valid is high and tl_a_opcode is Get"");

endmodule",OK,1772747442.2950697,273,479
"module obi_to_axil_resp (
    input  logic [1:0] obi_resp_i,
    output logic [1:0] axil_rresp_o,
    output logic [1:0] axil_bresp_o
);

    always_comb begin
        axil_rresp_o = 2'b00;
        axil_bresp_o = 2'b00;

        unique case (obi_resp_i)
            2'b00: begin
                axil_rresp_o = 2'b00;
                axil_bresp_o = 2'b00;
            end

            2'b10: begin
                axil_rresp_o = 2'b10;
                axil_bresp_o = 2'b10;
            end

            default: begin
                axil_rresp_o = 2'b11;
                axil_bresp_o = 2'b11;
            end
        endcase
    end

endmodule","module obi_to_axil_resp (
    input  logic [1:0] obi_resp_i,
    output logic [1:0] axil_rresp_o,
    output logic [1:0] axil_bresp_o
);

    // Properties and assertions
    property p_obi_to_axil_resp;
        @(posedge clk) disable iff (!rst_n)
        (obi_resp_i == 2'b00) |-> (axil_rresp_o == 2'b00 && axil_bresp_o == 2'b00);
        (obi_resp_i == 2'b10) |-> (axil_rresp_o == 2'b10 && axil_bresp_o == 2'b10);
        (obi_resp_i != 2'b00 && obi_resp_i != 2'b10) |-> (axil_rresp_o == 2'b11 && axil_bresp_o == 2'b11);
    endproperty

    assert property (p_obi_to_axil_resp)
        else $error(""obi_to_axil_resp assertion failed"");

    always_comb begin
        axil_rresp_o = 2'b00;
        axil_bresp_o = 2'b00;

        unique case (obi_resp_i)
            2'b00: begin
                axil_rresp_o = 2'b00;
                axil_bresp_o = 2'b00;
            end

            2'b10: begin
                axil_rresp_o = 2'b10;
                axil_bresp_o = 2'b10;
            end

            default: begin
                axil_rresp_o = 2'b11;
                axil_bresp_o = 2'b11;
            end
        endcase
    end

endmodule","** Error: (vlog-13069) prueba.sv(11): near ""("": syntax error, unexpected '(', expecting ""SystemVerilog keyword 'endproperty'"".",1772747482.2308574,288,452
"module piton_l2_arbiter (
    input  logic [3:0] req_i,           // per-core request valid
    input  logic [1:0] line_state_i [3:0], // MESI state per core
    input  logic [2:0] msg_type_i [3:0],   // message type per core
    output logic [3:0] grant_o,
    output logic [3:0] nack_o
);

    always_comb begin
        grant_o = 4'b0000;
        nack_o  = 4'b0000;

        for (int i=0; i<4; i++) begin
            if (req_i[i]) begin
                unique case (msg_type_i[i])
                    3'b000: begin // ReadShared
                        unique case (line_state_i[i])
                            2'b00: grant_o[i] = 1'b1;
                            2'b01, 2'b10: grant_o[i] = 1'b1;
                            default: nack_o[i] = 1'b1;
                        endcase
                    end

                    3'b001: begin // ReadExclusive
                        unique case (line_state_i[i])
                            2'b00: grant_o[i] = 1'b1;
                            2'b01: begin
                                grant_o[i] = 1'b1;
                                // invalidate other sharers
                                for (int j=0; j<4; j++) if (j!=i) nack_o[j] = 1'b1;
                            end
                            2'b10, 2'b11: grant_o[i] = 1'b1;
                            default: nack_o[i] = 1'b1;
                        endcase
                    end

                    3'b010: begin // Upgrade
                        unique case (line_state_i[i])
                            2'b01: grant_o[i] = 1'b1;
                            default: nack_o[i] = 1'b1;
                        endcase
                    end

                    default: nack_o[i] = 1'b1;
                endcase
            end
        end
    end

endmodule","module piton_l2_arbiter (
    input  logic [3:0] req_i,           // per-core request valid
    input  logic [1:0] line_state_i [3:0], // MESI state per core
    input  logic [2:0] msg_type_i [3:0],   // message type per core
    output logic [3:0] grant_o,
    output logic [3:0] nack_o
);

    always_comb begin
        grant_o = 4'b0000;
        nack_o  = 4'b0000;

        for (int i=0; i<4; i++) begin
            if (req_i[i]) begin
                unique case (msg_type_i[i])
                    3'b000: begin // ReadShared
                        unique case (line_state_i[i])
                            2'b00: grant_o[i] = 1'b1;
                            2'b01, 2'b10: grant_o[i] = 1'b1;
                            default: nack_o[i] = 1'b1;
                        endcase
                    end

                    3'b001: begin // ReadExclusive
                        unique case (line_state_i[i])
                            2'b00: grant_o[i] = 1'b1;
                            2'b01: begin
                                grant_o[i] = 1'b1;
                                // invalidate other sharers
                                for (int j=0; j<4; j++) if (j!=i) nack_o[j] = 1'b1;
                            end
                            2'b10, 2'b11: grant_o[i] = 1'b1;
                            default: nack_o[i] = 1'b1;
                        endcase
                    end

                    3'b010: begin // Upgrade
                        unique case (line_state_i[i])
                            2'b01: grant_o[i] = 1'b1;
                            default: nack_o[i] = 1'b1;
                        endcase
                    end

                    default: nack_o[i] = 1'b1;
                endcase
            end
        end
    end

    // Properties and assertions
    property p_single_grant;
        @(posedge clk) disable iff (!reset_n)
        $onehot0(grant_o);
    endproperty : p_single_grant

    assert property (p_single_grant) else $fatal(""More than one grant given in a cycle"");

    property p_nack_on_invalid_request;
        @(posedge clk) disable iff (!reset_n)
        req_i |-> !nack_o == req_i;
    endproperty : p_nack_on_invalid_request

    assert property (p_nack_on_invalid_request) else $fatal(""NACK should be set for invalid requests"");

endmodule","** Error: prueba.sv(52): (vlog-2730) Undefined variable: 'reset_n'.
** Error: prueba.sv(52): (vlog-2730) Undefined variable: 'clk'.",1772747519.9710822,552,661
"module chisel_deep_fsm (
    input  logic [7:0] event_i,
    input  logic       ready_i,
    input  logic       valid_i,
    output logic       fire_o,
    output logic       stall_o
);

    logic [3:0] state;
    always_comb begin
        fire_o  = 1'b0;
        stall_o = 1'b0;

        unique case (state)
            4'd0: begin
                if (valid_i) begin
                    unique case (event_i[1:0])
                        2'b00: fire_o  = 1'b1;
                        2'b01: stall_o = 1'b1;
                        default: stall_o = 1'b1;
                    endcase
                end
            end

            4'd1: begin
                if (ready_i) begin
                    unique case (event_i[3:2])
                        2'b00: fire_o = 1'b1;
                        2'b01: stall_o = 1'b1;
                        default: stall_o = 1'b1;
                    endcase
                end
            end

            4'd2: begin
                unique case (event_i[5:4])
                    2'b00: fire_o = 1'b1;
                    2'b01: stall_o = 1'b1;
                    default: stall_o = 1'b1;
                endcase
            end

            4'd15: stall_o = 1'b1;

            default: stall_o = 1'b1;
        endcase
    end

endmodule","module chisel_deep_fsm (
    input  logic [7:0] event_i,
    input  logic       ready_i,
    input  logic       valid_i,
    output logic       fire_o,
    output logic       stall_o
);

    logic [3:0] state;

    // Properties and Assertions
    property p_fire_stall_mutual_exclusion;
        @(posedge clk) disable iff (!reset_n)
            (fire_o && stall_o) |-> 0;
    endproperty

    assert property (p_fire_stall_mutual_exclusion)
        else $error(""Assertion failed: fire_o and stall_o should not be high at the same time."");

    property p_valid_event_transition;
        @(posedge clk) disable iff (!reset_n)
            (state == 4'd0 && valid_i) |-> event_i[1:0] inside {2'b00, 2'b01};
    endproperty

    assert property (p_valid_event_transition)
        else $error(""Assertion failed: When in state 0 and valid_i is high, event_i[1:0] should be either 2'b00 or 2'b01."");

    property p_ready_event_transition;
        @(posedge clk) disable iff (!reset_n)
            (state == 4'd1 && ready_i) |-> event_i[3:2] inside {2'b00, 2'b01};
    endproperty

    assert property (p_ready_event_transition)
        else $error(""Assertion failed: When in state 1 and ready_i is high, event_i[3:2] should be either 2'b00 or 2'b01."");

    property p_default_state_stall;
        @(posedge clk) disable iff (!reset_n)
            (state inside {[4'd3:4'd14], 4'd15}) |-> stall_o;
    endproperty

    assert property (p_default_state_stall)
        else $error(""Assertion failed: In states other than 0, 1, and 2, stall_o should be high."");

    always_comb begin
        fire_o  = 1'b0;
        stall_o = 1'b0;

        unique case (state)
            4'd0: begin
                if (valid_i) begin
                    unique case (event_i[1:0])
                        2'b00: fire_o  = 1'b1;
                        2'b01: stall_o = 1'b1;
                        default: stall_o = 1'b1;
                    endcase
                end
            end

            4'd1: begin
                if (ready_i) begin
                    unique case (event_i[3:2])
                        2'b00: fire_o = 1'b1;
                        2'b01: stall_o = 1'b1;
                        default: stall_o = 1'b1;
                    endcase
                end
            end

            4'd2: begin
                unique case (event_i[5:4])
                    2'b00: fire_o = 1'b1;
                    2'b01: stall_o = 1'b1;
                    default: stall_o = 1'b1;
                endcase
            end

            4'd15: stall_o = 1'b1;

            default: stall_o = 1'b1;
        endcase
    end

endmodule","** Error: prueba.sv(13): (vlog-2730) Undefined variable: 'reset_n'.
** Error: prueba.sv(13): (vlog-2730) Undefined variable: 'clk'.",1772747575.5981295,426,785
"module axil_tl_obi_bridge (
    input  logic        awvalid_i,
    input  logic        arvalid_i,
    input  logic        wvalid_i,
    input  logic [31:0] awaddr_i,
    input  logic [2:0]  awprot_i,
    input  logic [2:0]  tl_opcode_i,
    input  logic [1:0]  obi_resp_i,
    output logic        tl_a_valid_o,
    output logic [2:0]  tl_a_opcode_o,
    output logic        obi_req_o,
    output logic        obi_we_o,
    output logic [1:0]  axil_rresp_o
);

    always_comb begin
        tl_a_valid_o   = 1'b0;
        tl_a_opcode_o  = 3'b000;
        obi_req_o      = 1'b0;
        obi_we_o       = 1'b0;
        axil_rresp_o   = 2'b00;

        // AXI ? TL
        unique case (1'b1)
            arvalid_i: begin
                tl_a_valid_o  = 1'b1;
                tl_a_opcode_o = 3'b000; // Get
            end

            awvalid_i && wvalid_i: begin
                tl_a_valid_o  = 1'b1;
                tl_a_opcode_o = 3'b001; // PutFull
            end

            default: ;
        endcase

        // TL ? OBI
        if (tl_a_valid_o) begin
            unique case (tl_a_opcode_o)
                3'b000: begin
                    obi_req_o = 1'b1;
                    obi_we_o  = 1'b0;
                end

                3'b001, 3'b010: begin
                    obi_req_o = 1'b1;
                    obi_we_o  = 1'b1;
                end

                default: ;
            endcase
        end

        // OBI ? AXI Response
        unique case (obi_resp_i)
            2'b00: axil_rresp_o = 2'b00; // OKAY
            2'b10: axil_rresp_o = 2'b10; // SLVERR
            default: axil_rresp_o = 2'b11; // DECERR
        endcase
    end

endmodule","module axil_tl_obi_bridge (
    input  logic        awvalid_i,
    input  logic        arvalid_i,
    input  logic        wvalid_i,
    input  logic [31:0] awaddr_i,
    input  logic [2:0]  awprot_i,
    input  logic [2:0]  tl_opcode_i,
    input  logic [1:0]  obi_resp_i,
    output logic        tl_a_valid_o,
    output logic [2:0]  tl_a_opcode_o,
    output logic        obi_req_o,
    output logic        obi_we_o,
    output logic [1:0]  axil_rresp_o
);

    // Properties and assertions

    // Property to check that if arvalid_i is high, tl_a_valid_o should be high with opcode 'Get'
    property p_arvalid_to_get;
        @(posedge clk) disable iff (!rst_n)
            arvalid_i |-> (tl_a_valid_o && (tl_a_opcode_o == 3'b000));
    endproperty

    // Property to check that if awvalid_i and wvalid_i are high, tl_a_valid_o should be high with opcode 'PutFull'
    property p_awwvalid_to_putfull;
        @(posedge clk) disable iff (!rst_n)
            (awvalid_i && wvalid_i) |-> (tl_a_valid_o && (tl_a_opcode_o == 3'b001));
    endproperty

    // Property to check that if tl_a_valid_o is high with opcode 'Get', obi_req_o should be high and obi_we_o should be low
    property p_get_to_obi_read;
        @(posedge clk) disable iff (!rst_n)
            (tl_a_valid_o && (tl_a_opcode_o == 3'b000)) |-> (obi_req_o && !obi_we_o);
    endproperty

    // Property to check that if tl_a_valid_o is high with opcode 'PutFull', obi_req_o should be high and obi_we_o should be high
    property p_putfull_to_obi_write;
        @(posedge clk) disable iff (!rst_n)
            (tl_a_valid_o && (tl_a_opcode_o == 3'b001)) |-> (obi_req_o && obi_we_o);
    endproperty

    // Property to check that obi_resp_i maps correctly to axil_rresp_o
    property p_obi_resp_to_axil_rresp;
        @(posedge clk) disable iff (!rst_n)
            unique case (obi_resp_i)
                2'b00: |-> (axil_rresp_o == 2'b00); // OKAY
                2'b10: |-> (axil_rresp_o == 2'b10); // SLVERR
                default: |-> (axil_rresp_o == 2'b11); // DECERR
            endcase
    endproperty

    // Assertions for the properties defined above
    assert property (p_arvalid_to_get) else $error(""Assertion failed: arvalid_i high but tl_a_valid_o not high with opcode 'Get'"");
    assert property (p_awwvalid_to_putfull) else $error(""Assertion failed: awvalid_i and wvalid_i high but tl_a_valid_o not high with opcode 'PutFull'"");
    assert property (p_get_to_obi_read) else $error(""Assertion failed: tl_a_valid_o high with opcode 'Get' but obi_req_o low or obi_we_o high"");
    assert property (p_putfull_to_obi_write) else $error(""Assertion failed: tl_a_valid_o high with opcode 'PutFull' but obi_req_o low or obi_we_o low"");
    assert property (p_obi_resp_to_axil_rresp) else $error(""Assertion failed: obi_resp_i not mapped correctly to axil_rresp_o"");

    always_comb begin
        tl_a_valid_o   = 1'b0;
        tl_a_opcode_o  = 3'b000;
        obi_req_o      = 1'b0;
        obi_we_o       = 1'b0;
        axil_rresp_o   = 2'b00;

        // AXI ? TL
        unique case (1'b1)
            arvalid_i: begin
                tl_a_valid_o  = 1'b1;
                tl_a_opcode_o = 3'b000; // Get
            end

            awvalid_i && wvalid_i: begin
                tl_a_valid_o  = 1'b1;
                tl_a_opcode_o = 3'b001; // PutFull
            end

            default: ;
        endcase

        // TL ? OBI
        if (tl_a_valid_o) begin
            unique case (tl_a_opcode_o)
                3'b000: begin
                    obi_req_o = 1'b1;
                    obi_we_o  = 1'b0;
                end

                3'b001, 3'b010: begin
                    obi_req_o = 1'b1;
                    obi_we_o  = 1'b1;
                end

                default: ;
            endcase
        end

        // OBI ? AXI Response
        unique case (obi_resp_i)
            2'b00: axil_rresp_o = 2'b00; // OKAY
            2'b10: axil_rresp_o = 2'b10; // SLVERR
            default: axil_rresp_o = 2'b11; // DECERR
        endcase
    end

endmodule","** Error: (vlog-13069) prueba.sv(45): near ""unique"": syntax error, unexpected ""SystemVerilog keyword 'unique'"".",1772747641.2528138,608,1281
"module sec_lc_gate (
    input  logic sec_req_i,
    input  logic [2:0] lc_state_i,
    input  logic [1:0] access_type_i,
    output logic allow_o,
    output logic violation_o
);

    always_comb begin
        allow_o     = 1'b0;
        violation_o = 1'b0;

        if (sec_req_i) begin
            unique case (lc_state_i)
                3'b000: begin // TEST
                    unique case (access_type_i)
                        2'b00: allow_o = 1'b1;
                        2'b01: violation_o = 1'b1;
                        default: violation_o = 1'b1;
                    endcase
                end

                3'b001: begin // DEV
                    unique case (access_type_i)
                        2'b00, 2'b01: allow_o = 1'b1;
                        default: violation_o = 1'b1;
                    endcase
                end

                3'b010: begin // PROD
                    unique case (access_type_i)
                        2'b01: allow_o = 1'b1;
                        default: violation_o = 1'b1;
                    endcase
                end

                default: violation_o = 1'b1;
            endcase
        end
    end

endmodule","module sec_lc_gate (
    input  logic sec_req_i,
    input  logic [2:0] lc_state_i,
    input  logic [1:0] access_type_i,
    output logic allow_o,
    output logic violation_o
);

    always_comb begin
        allow_o     = 1'b0;
        violation_o = 1'b0;

        if (sec_req_i) begin
            unique case (lc_state_i)
                3'b000: begin // TEST
                    unique case (access_type_i)
                        2'b00: allow_o = 1'b1;
                        2'b01, default: violation_o = 1'b1;
                    endcase
                end

                3'b001: begin // DEV
                    unique case (access_type_i)
                        2'b00, 2'b01: allow_o = 1'b1;
                        default: violation_o = 1'b1;
                    endcase
                end

                3'b010: begin // PROD
                    unique case (access_type_i)
                        2'b01: allow_o = 1'b1;
                        default: violation_o = 1'b1;
                    endcase
                end

                default: violation_o = 1'b1;
            endcase
        end
    end

    // Properties and assertions
    property p_test_access;
        @(posedge sec_req_i) disable iff (!sec_req_i)
        (lc_state_i == 3'b000 && access_type_i inside {2'b00})
        |-> allow_o ##1 violation_o == 1'b0;
    endproperty

    property p_dev_access;
        @(posedge sec_req_i) disable iff (!sec_req_i)
        (lc_state_i == 3'b001 && access_type_i inside {2'b00, 2'b01})
        |-> allow_o ##1 violation_o == 1'b0;
    endproperty

    property p_prod_access;
        @(posedge sec_req_i) disable iff (!sec_req_i)
        (lc_state_i == 3'b010 && access_type_i inside {2'b01})
        |-> allow_o ##1 violation_o == 1'b0;
    endproperty

    assert property (p_test_access) else $error(""Access violation in TEST state"");
    assert property (p_dev_access) else $error(""Access violation in DEV state"");
    assert property (p_prod_access) else $error(""Access violation in PROD state"");

endmodule","** Error: (vlog-13069) prueba.sv(18): near ""default"": syntax error, unexpected default.",1772747749.0745206,376,643
"module piton_l2_repl (
    input  logic [3:0] req_i,            // request from 4 cores
    input  logic [1:0] line_state_i [3:0], // MESI states per core
    input  logic [1:0] lru_i [3:0],     // LRU priority
    output logic [3:0] grant_o,
    output logic [3:0] evict_o,
    output logic [3:0] stall_o
);

    always_comb begin
        grant_o = 4'b0000;
        evict_o = 4'b0000;
        stall_o = 4'b0000;

        for (int i = 0; i < 4; i++) begin
            if (req_i[i]) begin
                unique case (line_state_i[i])
                    2'b00: grant_o[i] = 1'b1; // Invalid ? grant
                    2'b01: begin
                        unique case (lru_i[i])
                            2'b00: grant_o[i] = 1'b1;
                            2'b01: evict_o[i] = 1'b1;
                            default: stall_o[i] = 1'b1;
                        endcase
                    end
                    2'b10: begin
                        unique case (lru_i[i])
                            2'b00, 2'b01: grant_o[i] = 1'b1;
                            2'b10: evict_o[i] = 1'b1;
                            default: stall_o[i] = 1'b1;
                        endcase
                    end
                    2'b11: stall_o[i] = 1'b1;
                    default: stall_o[i] = 1'b1;
                endcase
            end
        end
    end
endmodule","module piton_l2_repl (
    input  logic [3:0] req_i,            // request from 4 cores
    input  logic [1:0] line_state_i [3:0], // MESI states per core
    input  logic [1:0] lru_i [3:0],     // LRU priority
    output logic [3:0] grant_o,
    output logic [3:0] evict_o,
    output logic [3:0] stall_o
);

    always_comb begin
        grant_o = 4'b0000;
        evict_o = 4'b0000;
        stall_o = 4'b0000;

        for (int i = 0; i < 4; i++) begin
            if (req_i[i]) begin
                unique case (line_state_i[i])
                    2'b00: grant_o[i] = 1'b1; // Invalid ? grant
                    2'b01: begin
                        unique case (lru_i[i])
                            2'b00: grant_o[i] = 1'b1;
                            2'b01: evict_o[i] = 1'b1;
                            default: stall_o[i] = 1'b1;
                        endcase
                    end
                    2'b10: begin
                        unique case (lru_i[i])
                            2'b00, 2'b01: grant_o[i] = 1'b1;
                            2'b10: evict_o[i] = 1'b1;
                            default: stall_o[i] = 1'b1;
                        endcase
                    end
                    2'b11: stall_o[i] = 1'b1;
                    default: stall_o[i] = 1'b1;
                endcase
            end
        end
    end

    // Properties and Assertions

    // Property: Only one grant is given at a time
    property single_grant;
        @(posedge req_i) $countones(grant_o) <= 1;
    endproperty

    // Assertion: Check the single_grant property
    assert_single_grant : assert property (single_grant)
        else $error(""More than one grant given simultaneously"");

    // Property: If a core requests and line is invalid, it gets a grant
    property request_invalid_grant;
        @(posedge req_i) disable iff (!req_i)
            (line_state_i[$] == 2'b00) |-> ##1 (grant_o[$] == 1'b1);
    endproperty

    // Assertion: Check the request_invalid_grant property
    assert_request_invalid_grant : assert property (request_invalid_grant)
        else $error(""Core requested invalid line but did not get a grant"");

    // Property: If a core requests and line is Modified, it stalls
    property request_modified_stall;
        @(posedge req_i) disable iff (!req_i)
            (line_state_i[$] == 2'b11) |-> ##1 (stall_o[$] == 1'b1);
    endproperty

    // Assertion: Check the request_modified_stall property
    assert_request_modified_stall : assert property (request_modified_stall)
        else $error(""Core requested modified line but did not stall"");

endmodule","** Error: prueba.sv(54): '$' may only be used as an index into a queue.
** Error: prueba.sv(54): '$' may only be used as an index into a queue.
** Error (suppressible): prueba.sv(58): (vlog-1957) The sva directive is not sensitive to a clock. Unclocked directives are not supported.
** Error: prueba.sv(64): '$' may only be used as an index into a queue.
** Error: prueba.sv(64): '$' may only be used as an index into a queue.
** Error (suppressible): prueba.sv(68): (vlog-1957) The sva directive is not sensitive to a clock. Unclocked directives are not supported.",1772747802.8713453,486,723
"module chisel_event_dispatch (
    input  logic [7:0] evt_i,
    input  logic [3:0] fsm_state_i,
    output logic       fire_o,
    output logic       stall_o,
    output logic       error_o
);

    always_comb begin
        fire_o  = 1'b0;
        stall_o = 1'b0;
        error_o = 1'b0;

        unique case (fsm_state_i)
            4'd0: begin
                unique case (evt_i[1:0])
                    2'b00: fire_o = 1'b1;
                    2'b01: stall_o = 1'b1;
                    default: error_o = 1'b1;
                endcase
            end

            4'd1: begin
                unique case (evt_i[3:2])
                    2'b00: fire_o = 1'b1;
                    2'b01: stall_o = 1'b1;
                    default: error_o = 1'b1;
                endcase
            end

            4'd2: begin
                unique case (evt_i[5:4])
                    2'b00: fire_o = 1'b1;
                    2'b01: stall_o = 1'b1;
                    default: error_o = 1'b1;
                endcase
            end

            4'd3: begin
                unique case (evt_i[7:6])
                    2'b00: fire_o = 1'b1;
                    2'b01: stall_o = 1'b1;
                    default: error_o = 1'b1;
                endcase
            end

            default: error_o = 1'b1;
        endcase
    end
endmodule","module chisel_event_dispatch (
    input  logic [7:0] evt_i,
    input  logic [3:0] fsm_state_i,
    output logic       fire_o,
    output logic       stall_o,
    output logic       error_o
);

    always_comb begin
        fire_o  = 1'b0;
        stall_o = 1'b0;
        error_o = 1'b0;

        unique case (fsm_state_i)
            4'd0: begin
                unique case (evt_i[1:0])
                    2'b00: fire_o = 1'b1;
                    2'b01: stall_o = 1'b1;
                    default: error_o = 1'b1;
                endcase
            end

            4'd1: begin
                unique case (evt_i[3:2])
                    2'b00: fire_o = 1'b1;
                    2'b01: stall_o = 1'b1;
                    default: error_o = 1'b1;
                endcase
            end

            4'd2: begin
                unique case (evt_i[5:4])
                    2'b00: fire_o = 1'b1;
                    2'b01: stall_o = 1'b1;
                    default: error_o = 1'b1;
                endcase
            end

            4'd3: begin
                unique case (evt_i[7:6])
                    2'b00: fire_o = 1'b1;
                    2'b01: stall_o = 1'b1;
                    default: error_o = 1'b1;
                endcase
            end

            default: error_o = 1'b1;
        endcase
    end

    // Properties and Assertions
    property p_only_one_output_high;
        @(posedge clk) disable iff (!reset_n)
        $onehot0({fire_o, stall_o, error_o});
    endproperty

    a_only_one_output_high: assert property (p_only_one_output_high) else $error(""More than one output is high"");

    property p_valid_states;
        @(posedge clk) disable iff (!reset_n)
        fsm_state_i inside {4'd0, 4'd1, 4'd2, 4'd3};
    endproperty

    a_valid_states: assert property (p_valid_states) else $error(""FSM state is out of valid range"");

endmodule","** Error: prueba.sv(53): (vlog-2730) Undefined variable: 'reset_n'.
** Error: prueba.sv(53): (vlog-2730) Undefined variable: 'clk'.",1772747863.5779662,462,668
"module multi_proto_arbiter (
    input  logic tl_valid_i,
    input  logic axi_awvalid_i,
    input  logic axi_arvalid_i,
    input  logic obi_req_i,
    input  logic [2:0] tl_opcode_i,
    input  logic [1:0] obi_resp_i,
    output logic grant_o,
    output logic deny_o,
    output logic error_o
);

    always_comb begin
        grant_o = 1'b0;
        deny_o  = 1'b0;
        error_o = 1'b0;

        unique case (1'b1)
            tl_valid_i: begin
                unique case (tl_opcode_i)
                    3'b000: grant_o = 1'b1; // Get
                    3'b001, 3'b010: grant_o = 1'b1; // Put
                    default: deny_o = 1'b1;
                endcase
            end

            axi_awvalid_i || axi_arvalid_i: begin
                grant_o = 1'b1;
            end

            obi_req_i: begin
                unique case (obi_resp_i)
                    2'b00: grant_o = 1'b1;
                    2'b10: deny_o = 1'b1;
                    default: error_o = 1'b1;
                endcase
            end

            default: error_o = 1'b1;
        endcase
    end
endmodule","module multi_proto_arbiter (
    input  logic tl_valid_i,
    input  logic axi_awvalid_i,
    input  logic axi_arvalid_i,
    input  logic obi_req_i,
    input  logic [2:0] tl_opcode_i,
    input  logic [1:0] obi_resp_i,
    output logic grant_o,
    output logic deny_o,
    output logic error_o
);

    always_comb begin
        grant_o = 1'b0;
        deny_o  = 1'b0;
        error_o = 1'b0;

        unique case (1'b1)
            tl_valid_i: begin
                unique case (tl_opcode_i)
                    3'b000: grant_o = 1'b1; // Get
                    3'b001, 3'b010: grant_o = 1'b1; // Put
                    default: deny_o = 1'b1;
                endcase
            end

            axi_awvalid_i || axi_arvalid_i: begin
                grant_o = 1'b1;
            end

            obi_req_i: begin
                unique case (obi_resp_i)
                    2'b00: grant_o = 1'b1;
                    2'b10: deny_o = 1'b1;
                    default: error_o = 1'b1;
                endcase
            end

            default: error_o = 1'b1;
        endcase
    end

    // Properties and assertions
    property tl_valid_no_error;
        @(posedge clk) disable iff (!rst_n)
            tl_valid_i |-> !error_o;
    endproperty : tl_valid_no_error

    property axi_valid_grant;
        @(posedge clk) disable iff (!rst_n)
            (axi_awvalid_i || axi_arvalid_i) |=> grant_o;
    endproperty : axi_valid_grant

    property obi_req_grant_or_deny;
        @(posedge clk) disable iff (!rst_n)
            obi_req_i |-> (grant_o || deny_o);
    endproperty : obi_req_grant_or_deny

    property no_multiple_grants;
        @(posedge clk) disable iff (!rst_n)
            !(tl_valid_i && (axi_awvalid_i || axi_arvalid_i) && obi_req_i);
    endproperty : no_multiple_grants

    // Assertions
    assert property (tl_valid_no_error) else $error(""Error: tl_valid_i is set but error_o should not be"");
    assert property (axi_valid_grant) else $error(""Error: axi_awvalid_i or axi_arvalid_i is set but grant_o should be"");
    assert property (obi_req_grant_or_deny) else $error(""Error: obi_req_i is set but neither grant_o nor deny_o is set"");
    assert property (no_multiple_grants) else $error(""Error: Multiple requests are valid simultaneously"");

endmodule","** Error: prueba.sv(45): (vlog-2730) Undefined variable: 'rst_n'.
** Error: prueba.sv(45): (vlog-2730) Undefined variable: 'clk'.",1772747919.6687124,399,769
"module sec_lc_multi_gate (
    input  logic sec_req_i,
    input  logic [2:0] lc_state_i,
    input  logic [1:0] access_type_i,
    input  logic priv_i,
    output logic allow_o,
    output logic violation_o
);

    always_comb begin
        allow_o     = 1'b0;
        violation_o = 1'b0;

        if (sec_req_i) begin
            unique case (lc_state_i)
                3'b000: begin
                    unique case (access_type_i)
                        2'b00: begin
                            unique case (priv_i)
                                1'b1: allow_o = 1'b1;
                                default: violation_o = 1'b1;
                            endcase
                        end
                        2'b01: violation_o = 1'b1;
                        default: violation_o = 1'b1;
                    endcase
                end

                3'b001: begin
                    unique case (access_type_i)
                        2'b00, 2'b01: begin
                            unique case (priv_i)
                                1'b1: allow_o = 1'b1;
                                default: violation_o = 1'b1;
                            endcase
                        end
                        default: violation_o = 1'b1;
                    endcase
                end

                3'b010: begin
                    unique case (access_type_i)
                        2'b01: begin
                            unique case (priv_i)
                                1'b1: allow_o = 1'b1;
                                default: violation_o = 1'b1;
                            endcase
                        end
                        default: violation_o = 1'b1;
                    endcase
                end

                default: violation_o = 1'b1;
            endcase
        end
    end
endmodule","module sec_lc_multi_gate (
    input  logic sec_req_i,
    input  logic [2:0] lc_state_i,
    input  logic [1:0] access_type_i,
    input  logic priv_i,
    output logic allow_o,
    output logic violation_o
);

    always_comb begin
        allow_o     = 1'b0;
        violation_o = 1'b0;

        if (sec_req_i) begin
            unique case (lc_state_i)
                3'b000: begin
                    unique case (access_type_i)
                        2'b00: begin
                            unique case (priv_i)
                                1'b1: allow_o = 1'b1;
                                default: violation_o = 1'b1;
                            endcase
                        end
                        2'b01, default: violation_o = 1'b1;
                    endcase
                end

                3'b001: begin
                    unique case (access_type_i)
                        2'b00, 2'b01: begin
                            unique case (priv_i)
                                1'b1: allow_o = 1'b1;
                                default: violation_o = 1'b1;
                            endcase
                        end
                        default: violation_o = 1'b1;
                    endcase
                end

                3'b010: begin
                    unique case (access_type_i)
                        2'b01: begin
                            unique case (priv_i)
                                1'b1: allow_o = 1'b1;
                                default: violation_o = 1'b1;
                            endcase
                        end
                        default: violation_o = 1'b1;
                    endcase
                end

                default: violation_o = 1'b1;
            endcase
        end
    end

    // Properties and Assertions
    property p_allow_when_privileged_in_state_000_and_access_type_00;
        @(posedge sec_req_i)
            (lc_state_i == 3'b000 && access_type_i == 2'b00 && priv_i) |-> (allow_o == 1'b1);
    endproperty

    property p_violation_when_unprivileged_in_state_000_and_access_type_00;
        @(posedge sec_req_i)
            (lc_state_i == 3'b000 && access_type_i == 2'b00 && !priv_i) |-> (violation_o == 1'b1);
    endproperty

    property p_violation_when_access_type_is_not_00_in_state_000;
        @(posedge sec_req_i)
            (lc_state_i == 3'b000 && access_type_i != 2'b00) |-> (violation_o == 1'b1);
    endproperty

    property p_allow_when_privileged_in_states_001_and_access_types_00_or_01;
        @(posedge sec_req_i)
            ((lc_state_i == 3'b001 && access_type_i inside {2'b00, 2'b01}) && priv_i) |-> (allow_o == 1'b1);
    endproperty

    property p_violation_when_unprivileged_in_states_001_and_access_types_00_or_01;
        @(posedge sec_req_i)
            ((lc_state_i == 3'b001 && access_type_i inside {2'b00, 2'b01}) && !priv_i) |-> (violation_o == 1'b1);
    endproperty

    property p_violation_when_access_type_is_not_00_or_01_in_state_001;
        @(posedge sec_req_i)
            (lc_state_i == 3'b001 && access_type_i not inside {2'b00, 2'b01}) |-> (violation_o == 1'b1);
    endproperty

    property p_allow_when_privileged_in_state_010_and_access_type_01;
        @(posedge sec_req_i)
            (lc_state_i == 3'b010 && access_type_i == 2'b01 && priv_i) |-> (allow_o == 1'b1);
    endproperty

    property p_violation_when_unprivileged_in_state_010_and_access_type_01;
        @(posedge sec_req_i)
            (lc_state_i == 3'b010 && access_type_i == 2'b01 && !priv_i) |-> (violation_o == 1'b1);
    endproperty

    property p_violation_when_access_type_is_not_01_in_state_010;
        @(posedge sec_req_i)
            (lc_state_i == 3'b010 && access_type_i != 2'b01) |-> (violation_o == 1'b1);
    endproperty

    property p_violation_for_default_states_and_access_types;
        @(posedge sec_req_i)
            (lc_state_i not inside {3'b000, 3'b001, 3'b010}) |-> (violation_o == 1'b1);
    endproperty

    // Assertions
    assert property (p_allow_when_privileged_in_state_000_and_access_type_00)
        else $error(""Assertion failed: allow_o should be high when priv_i is true, lc_state_i is 3'b000 and access_type_i is 2'b00"");

    assert property (p_violation_when_unprivileged_in_state_000_and_access_type_00)
        else $error(""Assertion failed: violation_o should be high when priv_i is false, lc_state_i is 3'b000 and access_type_i is 2'b00"");

    assert property (p_violation_when_access_type_is_not_00_in_state_000)
        else $error(""Assertion failed: violation_o should be high for any access_type_i other than 2'b00 when lc_state_i is 3'b000"");

    assert property (p_allow_when_privileged_in_states_001_and_access_types_00_or_01)
        else $error(""Assertion failed: allow_o should be high when priv_i is true, lc_state_i is 3'b001 and access_type_i is either 2'b00 or 2'b01"");

    assert property (p_violation_when_unprivileged_in_states_001_and_access_types_00_or_01)
        else $error(""Assertion failed: violation_o should be high when priv_i is false, lc_state_i is 3'b001 and access_type_i is either 2'b00 or 2'b01"");

    assert property (p_violation_when_access_type_is_not_00_or_01_in_state_001)
        else $error(""Assertion failed: violation_o should be high for any access_type_i other than 2'b00 and 2'b01 when lc_state_i is 3'b001"");

    assert property (p_allow_when_privileged_in_state_010_and_access_type_01)
        else $error(""Assertion failed: allow_o should be high when priv_i is true, lc_state_i is 3'b010 and access_type_i is 2'b01"");

    assert property (p_violation_when_unprivileged_in_state_010_and_access_type_01)
        else $error(""Assertion failed: violation_o should be high when priv_i is false, lc_state_i is 3'b010 and access_type_i is 2'b01"");

    assert property (p_violation_when_access_type_is_not_01_in_state_010)
        else $error(""Assertion failed: violation_o should be high for any access_type_i other than 2'b01 when lc_state_i is 3'b010"");

    assert property (p_violation_for_default_states_and_access_types)
        else $error(""Assertion failed: violation_o should be high for default lc_state_i values not covered by cases 3'b000, 3'b001 and 3'b010"");
endmodule","** Error: (vlog-13069) prueba.sv(24): near ""default"": syntax error, unexpected default.
** Error: (vlog-13069) prueba.sv(85): near ""not"": syntax error, unexpected not.",1772747984.0167603,476,1862
"module multi_core_cache_arb (
    input  logic [3:0] req_i,
    input  logic [1:0] line_state_i [3:0],
    input  logic [2:0] msg_type_i [3:0],
    input  logic priv_i [3:0],
    output logic [3:0] grant_o,
    output logic [3:0] nack_o
);

    always_comb begin
        grant_o = 4'b0000;
        nack_o  = 4'b0000;

        for (int i=0; i<4; i++) begin
            if (req_i[i]) begin
                unique case (line_state_i[i])
                    2'b00: begin
                        unique case (msg_type_i[i])
                            3'b000: begin
                                unique case (priv_i[i])
                                    1'b1: grant_o[i] = 1'b1;
                                    default: nack_o[i] = 1'b1;
                                endcase
                            end
                            3'b001: grant_o[i] = 1'b1;
                            default: nack_o[i] = 1'b1;
                        endcase
                    end
                    2'b01: begin
                        unique case (msg_type_i[i])
                            3'b010: grant_o[i] = 1'b1;
                            default: nack_o[i] = 1'b1;
                        endcase
                    end
                    2'b10, 2'b11: nack_o[i] = 1'b1;
                    default: nack_o[i] = 1'b1;
                endcase
            end
        end
    end
endmodule","module multi_core_cache_arb (
    input  logic [3:0] req_i,
    input  logic [1:0] line_state_i [3:0],
    input  logic [2:0] msg_type_i [3:0],
    input  logic priv_i [3:0],
    output logic [3:0] grant_o,
    output logic [3:0] nack_o
);

    always_comb begin
        grant_o = 4'b0000;
        nack_o  = 4'b0000;

        for (int i=0; i<4; i++) begin
            if (req_i[i]) begin
                unique case (line_state_i[i])
                    2'b00: begin
                        unique case (msg_type_i[i])
                            3'b000: begin
                                unique case (priv_i[i])
                                    1'b1: grant_o[i] = 1'b1;
                                    default: nack_o[i] = 1'b1;
                                endcase
                            end
                            3'b001: grant_o[i] = 1'b1;
                            default: nack_o[i] = 1'b1;
                        endcase
                    end
                    2'b01: begin
                        unique case (msg_type_i[i])
                            3'b010: grant_o[i] = 1'b1;
                            default: nack_o[i] = 1'b1;
                        endcase
                    end
                    2'b10, 2'b11: nack_o[i] = 1'b1;
                    default: nack_o[i] = 1'b1;
                endcase
            end
        end
    end

    // Properties and Assertions
    property p_grant_exclusivity;
        @(posedge clk) $onehot0(grant_o);
    endproperty : p_grant_exclusivity

    property p_nack_generation;
        @(posedge clk) (req_i[i] & !grant_o[i]) |-> nack_o[i];
    endproperty : p_nack_generation

    generate
        for (genvar i = 0; i < 4; i++) begin: gen_asserts
            assert property (p_nack_generation)
                else $error(""Assertion failed: NACK not generated when request is present and grant is absent."");
        end
    endgenerate

    // Assuming a clock signal clk is available in the design.
    always_ff @(posedge clk) begin
        assert property (p_grant_exclusivity)
            else $error(""Assertion failed: More than one core granted at the same time or no core granted when requests are present."");
    end

endmodule : multi_core_cache_arb",** Error: prueba.sv(59): (vlog-2730) Undefined variable: 'clk'.,1772748140.5677888,447,735
"module piton_l2_evict_ctrl (
    input  logic [3:0] req_i,
    input  logic [1:0] line_state_i [3:0],
    input  logic [1:0] lru_i [3:0],
    input  logic priv_i [3:0],
    output logic [3:0] grant_o,
    output logic [3:0] evict_o,
    output logic [3:0] stall_o
);

    always_comb begin
        grant_o = 4'b0000;
        evict_o = 4'b0000;
        stall_o = 4'b0000;

        for (int i = 0; i < 4; i++) begin
            if (req_i[i]) begin
                unique case (line_state_i[i])
                    2'b00: begin
                        unique case (priv_i[i])
                            1'b1: grant_o[i] = 1'b1;
                            default: stall_o[i] = 1'b1;
                        endcase
                    end
                    2'b01: begin
                        unique case (lru_i[i])
                            2'b00: grant_o[i] = 1'b1;
                            2'b01: evict_o[i] = 1'b1;
                            default: stall_o[i] = 1'b1;
                        endcase
                    end
                    2'b10: begin
                        unique case (lru_i[i])
                            2'b00, 2'b01: grant_o[i] = 1'b1;
                            2'b10: evict_o[i] = 1'b1;
                            default: stall_o[i] = 1'b1;
                        endcase
                    end
                    2'b11: stall_o[i] = 1'b1;
                    default: stall_o[i] = 1'b1;
                endcase
            end
        end
    end
endmodule","module piton_l2_evict_ctrl (
    input  logic [3:0] req_i,
    input  logic [1:0] line_state_i [3:0],
    input  logic [1:0] lru_i [3:0],
    input  logic priv_i [3:0],
    output logic [3:0] grant_o,
    output logic [3:0] evict_o,
    output logic [3:0] stall_o
);

    // Properties and Assertions
    property req_and_grant;
        @(posedge clk) disable iff (!reset_n)
            (req_i & ~stall_o) |-> ##1 grant_o;
    endproperty

    property req_and_evict;
        @(posedge clk) disable iff (!reset_n)
            (req_i & ~stall_o) |-> ##1 evict_o;
    endproperty

    property no_req_no_stall;
        @(posedge clk) disable iff (!reset_n)
            (~|req_i) |-> ~|stall_o;
    endproperty

    assert property (req_and_grant) else $error(""Request but not granted without stalling"");
    assert property (req_and_evict) else $error(""Request but not evicted without stalling"");
    assert property (no_req_no_stall) else $error(""No request but stall"");

    always_comb begin
        grant_o = 4'b0000;
        evict_o = 4'b0000;
        stall_o = 4'b0000;

        for (int i = 0; i < 4; i++) begin
            if (req_i[i]) begin
                unique case (line_state_i[i])
                    2'b00: begin
                        unique case (priv_i[i])
                            1'b1: grant_o[i] = 1'b1;
                            default: stall_o[i] = 1'b1;
                        endcase
                    end
                    2'b01: begin
                        unique case (lru_i[i])
                            2'b00: grant_o[i] = 1'b1;
                            2'b01: evict_o[i] = 1'b1;
                            default: stall_o[i] = 1'b1;
                        endcase
                    end
                    2'b10: begin
                        unique case (lru_i[i])
                            2'b00, 2'b01: grant_o[i] = 1'b1;
                            2'b10: evict_o[i] = 1'b1;
                            default: stall_o[i] = 1'b1;
                        endcase
                    end
                    2'b11: stall_o[i] = 1'b1;
                    default: stall_o[i] = 1'b1;
                endcase
            end
        end
    end
endmodule","** Error: prueba.sv(13): (vlog-2730) Undefined variable: 'reset_n'.
** Error: prueba.sv(13): (vlog-2730) Undefined variable: 'clk'.",1772748202.2298334,508,881
"module tl_axi_obi_bridge (
    input  logic tl_valid_i,
    input  logic [2:0] tl_opcode_i,
    input  logic axi_awvalid_i,
    input  logic axi_arvalid_i,
    input  logic [1:0] obi_resp_i,
    input  logic priv_i,
    output logic tl_a_valid_o,
    output logic [2:0] tl_a_opcode_o,
    output logic obi_req_o,
    output logic obi_we_o,
    output logic [1:0] axi_rresp_o
);

    always_comb begin
        tl_a_valid_o  = 1'b0;
        tl_a_opcode_o = 3'b000;
        obi_req_o     = 1'b0;
        obi_we_o      = 1'b0;
        axi_rresp_o   = 2'b00;

        // TL ? OBI
        if (tl_valid_i) begin
            unique case (tl_opcode_i)
                3'b000: begin
                    tl_a_valid_o  = 1'b1;
                    tl_a_opcode_o = 3'b000; // Get
                    obi_req_o     = 1'b1;
                    obi_we_o      = 1'b0;
                end
                3'b001, 3'b010: begin
                    tl_a_valid_o  = 1'b1;
                    tl_a_opcode_o = tl_opcode_i;
                    obi_req_o     = 1'b1;
                    obi_we_o      = 1'b1;
                end
                default: axi_rresp_o = 2'b11; // DECERR
            endcase
        end

        // AXI ? TL mapping
        unique case (1'b1)
            axi_arvalid_i: begin
                tl_a_valid_o  = 1'b1;
                tl_a_opcode_o = 3'b000; // Get
            end
            axi_awvalid_i: begin
                tl_a_valid_o  = 1'b1;
                tl_a_opcode_o = 3'b001; // PutFull
            end
        endcase

        // OBI ? AXI Response
        unique case (obi_resp_i)
            2'b00: axi_rresp_o = 2'b00; // OKAY
            2'b10: axi_rresp_o = 2'b10; // SLVERR
            default: axi_rresp_o = 2'b11; // DECERR
        endcase

        // Privilege enforcement
        if (!priv_i) begin
            axi_rresp_o = 2'b10;
            tl_a_valid_o = 1'b0;
            obi_req_o    = 1'b0;
        end
    end
endmodule","module tl_axi_obi_bridge (
    input  logic tl_valid_i,
    input  logic [2:0] tl_opcode_i,
    input  logic axi_awvalid_i,
    input  logic axi_arvalid_i,
    input  logic [1:0] obi_resp_i,
    input  logic priv_i,
    output logic tl_a_valid_o,
    output logic [2:0] tl_a_opcode_o,
    output logic obi_req_o,
    output logic obi_we_o,
    output logic [1:0] axi_rresp_o
);

    always_comb begin
        tl_a_valid_o  = 1'b0;
        tl_a_opcode_o = 3'b000;
        obi_req_o     = 1'b0;
        obi_we_o      = 1'b0;
        axi_rresp_o   = 2'b00;

        // TL ? OBI
        if (tl_valid_i) begin
            unique case (tl_opcode_i)
                3'b000: begin
                    tl_a_valid_o  = 1'b1;
                    tl_a_opcode_o = 3'b000; // Get
                    obi_req_o     = 1'b1;
                    obi_we_o      = 1'b0;
                end
                3'b001, 3'b010: begin
                    tl_a_valid_o  = 1'b1;
                    tl_a_opcode_o = tl_opcode_i;
                    obi_req_o     = 1'b1;
                    obi_we_o      = 1'b1;
                end
                default: axi_rresp_o = 2'b11; // DECERR
            endcase
        end

        // AXI ? TL mapping
        unique case (1'b1)
            axi_arvalid_i: begin
                tl_a_valid_o  = 1'b1;
                tl_a_opcode_o = 3'b000; // Get
            end
            axi_awvalid_i: begin
                tl_a_valid_o  = 1'b1;
                tl_a_opcode_o = 3'b001; // PutFull
            end
        endcase

        // OBI ? AXI Response
        unique case (obi_resp_i)
            2'b00: axi_rresp_o = 2'b00; // OKAY
            2'b10: axi_rresp_o = 2'b10; // SLVERR
            default: axi_rresp_o = 2'b11; // DECERR
        endcase

        // Privilege enforcement
        if (!priv_i) begin
            axi_rresp_o = 2'b10;
            tl_a_valid_o = 1'b0;
            obi_req_o    = 1'b0;
        end
    end

    // Properties and Assertions

    // Property: When priv_i is low, no requests should be made and response should be SLVERR (2'b10)
    property no_request_when_no_privilege;
        !priv_i |-> (!tl_a_valid_o && axi_rresp_o == 2'b10);
    endproperty

    // Assertion for the above property
    assert property(no_request_when_no_privilege) else $error(""Assertion failed: When priv_i is low, no requests should be made and response should be SLVERR (2'b10)"");

    // Property: When tl_valid_i is high and opcode is invalid, axi_rresp_o should be DECERR (2'b11)
    property invalid_opcode_response;
        tl_valid_i && !(tl_opcode_i inside {3'b000, 3'b001, 3'b010}) |-> (axi_rresp_o == 2'b11);
    endproperty

    // Assertion for the above property
    assert property(invalid_opcode_response) else $error(""Assertion failed: When tl_valid_i is high and opcode is invalid, axi_rresp_o should be DECERR (2'b11)"");

endmodule","** Error (suppressible): prueba.sv(76): (vlog-1957) The sva directive is not sensitive to a clock. Unclocked directives are not supported.
** Error (suppressible): prueba.sv(84): (vlog-1957) The sva directive is not sensitive to a clock. Unclocked directives are not supported.",1772748276.1966877,695,1077
"module multi_core_bus_arb (
    input  logic [3:0] req_i,
    input  logic [1:0] line_state_i [3:0],
    input  logic [2:0] msg_type_i [3:0],
    input  logic priv_i [3:0],
    output logic [3:0] grant_o,
    output logic [3:0] nack_o
);

    always_comb begin
        grant_o = 4'b0000;
        nack_o  = 4'b0000;

        for (int i=0; i<4; i++) begin
            if (req_i[i]) begin
                unique case (line_state_i[i])
                    2'b00: begin
                        unique case (msg_type_i[i])
                            3'b000: begin
                                unique case (priv_i[i])
                                    1'b1: grant_o[i] = 1'b1;
                                    default: nack_o[i] = 1'b1;
                                endcase
                            end
                            3'b001: grant_o[i] = 1'b1;
                            default: nack_o[i] = 1'b1;
                        endcase
                    end
                    2'b01: begin
                        unique case (msg_type_i[i])
                            3'b010: grant_o[i] = 1'b1;
                            default: nack_o[i] = 1'b1;
                        endcase
                    end
                    2'b10, 2'b11: nack_o[i] = 1'b1;
                    default: nack_o[i] = 1'b1;
                endcase
            end
        end
    end
endmodule","module multi_core_bus_arb (
    input  logic [3:0] req_i,
    input  logic [1:0] line_state_i [3:0],
    input  logic [2:0] msg_type_i [3:0],
    input  logic priv_i [3:0],
    output logic [3:0] grant_o,
    output logic [3:0] nack_o
);

    always_comb begin
        grant_o = 4'b0000;
        nack_o  = 4'b0000;

        for (int i=0; i<4; i++) begin
            if (req_i[i]) begin
                unique case (line_state_i[i])
                    2'b00: begin
                        unique case (msg_type_i[i])
                            3'b000: begin
                                unique case (priv_i[i])
                                    1'b1: grant_o[i] = 1'b1;
                                    default: nack_o[i] = 1'b1;
                                endcase
                            end
                            3'b001: grant_o[i] = 1'b1;
                            default: nack_o[i] = 1'b1;
                        endcase
                    end
                    2'b01: begin
                        unique case (msg_type_i[i])
                            3'b010: grant_o[i] = 1'b1;
                            default: nack_o[i] = 1'b1;
                        endcase
                    end
                    2'b10, 2'b11: nack_o[i] = 1'b1;
                    default: nack_o[i] = 1'b1;
                endcase
            end
        end
    end

    // Properties and Assertions
    property p_single_grant;
        @(posedge clk) disable iff (!rst_n)
        $onehot0(grant_o);
    endproperty : p_single_grant

    a_single_grant: assert property (p_single_grant) else
        $error(""More than one grant is asserted"");

    property p_no_grant_if_nack;
        @(posedge clk) disable iff (!rst_n)
        !(grant_o & nack_o);
    endproperty : p_no_grant_if_nack

    a_no_grant_if_nack: assert property (p_no_grant_if_nack) else
        $error(""Grant and Nack are both asserted for the same core"");

endmodule","** Error: prueba.sv(44): (vlog-2730) Undefined variable: 'rst_n'.
** Error: prueba.sv(44): (vlog-2730) Undefined variable: 'clk'.",1772748367.0932882,447,616
"module sec_lc_gate_4lvl (
    input  logic sec_req_i,
    input  logic [2:0] lc_state_i,
    input  logic [1:0] access_type_i,
    input  logic priv_i,
    output logic allow_o,
    output logic violation_o
);

    always_comb begin
        allow_o     = 1'b0;
        violation_o = 1'b0;

        if (sec_req_i) begin
            unique case (lc_state_i)
                3'b000: begin
                    unique case (access_type_i)
                        2'b00: begin
                            unique case (priv_i)
                                1'b1: allow_o = 1'b1;
                                default: violation_o = 1'b1;
                            endcase
                        end
                        2'b01: violation_o = 1'b1;
                        default: violation_o = 1'b1;
                    endcase
                end

                3'b001: begin
                    unique case (access_type_i)
                        2'b00, 2'b01: begin
                            unique case (priv_i)
                                1'b1: allow_o = 1'b1;
                                default: violation_o = 1'b1;
                            endcase
                        end
                        default: violation_o = 1'b1;
                    endcase
                end

                3'b010: begin
                    unique case (access_type_i)
                        2'b01: begin
                            unique case (priv_i)
                                1'b1: allow_o = 1'b1;
                                default: violation_o = 1'b1;
                            endcase
                        end
                        default: violation_o = 1'b1;
                    endcase
                end

                default: violation_o = 1'b1;
            endcase
        end
    end
endmodule","module sec_lc_gate_4lvl (
    input  logic sec_req_i,
    input  logic [2:0] lc_state_i,
    input  logic [1:0] access_type_i,
    input  logic priv_i,
    output logic allow_o,
    output logic violation_o
);

    always_comb begin
        allow_o     = 1'b0;
        violation_o = 1'b0;

        if (sec_req_i) begin
            unique case (lc_state_i)
                3'b000: begin
                    unique case (access_type_i)
                        2'b00: begin
                            unique case (priv_i)
                                1'b1: allow_o = 1'b1;
                                default: violation_o = 1'b1;
                            endcase
                        end
                        2'b01, 2'b10, 2'b11: violation_o = 1'b1;
                    endcase
                end

                3'b001: begin
                    unique case (access_type_i)
                        2'b00, 2'b01: begin
                            unique case (priv_i)
                                1'b1: allow_o = 1'b1;
                                default: violation_o = 1'b1;
                            endcase
                        end
                        2'b10, 2'b11: violation_o = 1'b1;
                    endcase
                end

                3'b010: begin
                    unique case (access_type_i)
                        2'b01: begin
                            unique case (priv_i)
                                1'b1: allow_o = 1'b1;
                                default: violation_o = 1'b1;
                            endcase
                        end
                        2'b00, 2'b10, 2'b11: violation_o = 1'b1;
                    endcase
                end

                3'b011, 3'b100, 3'b101, 3'b110, 3'b111: violation_o = 1'b1;
            endcase
        end
    end

    // Properties and Assertions
    property p_no_simultaneous_allow_violation;
        @(posedge sec_req_i) disable iff (!sec_req_i)
            !(allow_o && violation_o);
    endproperty

    a_no_simultaneous_allow_violation: assert property (p_no_simultaneous_allow_violation)
        else $error(""Allow and Violation cannot be high simultaneously"");

    property p_valid_states;
        @(posedge sec_req_i) disable iff (!sec_req_i)
            lc_state_i inside {3'b000, 3'b001, 3'b010};
    endproperty

    a_valid_states: assert property (p_valid_states)
        else $error(""LC state is out of valid range"");

    property p_access_types;
        @(posedge sec_req_i) disable iff (!sec_req_i)
            access_type_i inside {2'b00, 2'b01};
    endproperty

    a_access_types: assert property (p_access_types)
        else $error(""Access type is out of valid range"");

endmodule",OK,1772748418.8164527,478,804
"module chisel_priority_mux_nested (
    input  logic [3:0] sel_i,
    input  logic [7:0] in0_i,
    input  logic [7:0] in1_i,
    input  logic [7:0] in2_i,
    input  logic [7:0] in3_i,
    input  logic event_i,
    output logic [7:0] out_o
);

    always_comb begin
        out_o = 8'h00;

        case (1'b1)
            sel_i[0]: begin
                unique case (event_i)
                    1'b1: out_o = in0_i;
                    default: out_o = 8'hFF;
                endcase
            end
            sel_i[1]: begin
                unique case (event_i)
                    1'b1: out_o = in1_i;
                    default: out_o = 8'hFF;
                endcase
            end
            sel_i[2]: begin
                unique case (event_i)
                    1'b1: out_o = in2_i;
                    default: out_o = 8'hFF;
                endcase
            end
            sel_i[3]: begin
                unique case (event_i)
                    1'b1: out_o = in3_i;
                    default: out_o = 8'hFF;
                endcase
            end
            default: out_o = 8'h00;
        endcase
    end
endmodule","module chisel_priority_mux_nested (
    input  logic [3:0] sel_i,
    input  logic [7:0] in0_i,
    input  logic [7:0] in1_i,
    input  logic [7:0] in2_i,
    input  logic [7:0] in3_i,
    input  logic event_i,
    output logic [7:0] out_o
);

    always_comb begin
        out_o = 8'h00;

        case (1'b1)
            sel_i[0]: begin
                unique case (event_i)
                    1'b1: out_o = in0_i;
                    default: out_o = 8'hFF;
                endcase
            end
            sel_i[1]: begin
                unique case (event_i)
                    1'b1: out_o = in1_i;
                    default: out_o = 8'hFF;
                endcase
            end
            sel_i[2]: begin
                unique case (event_i)
                    1'b1: out_o = in2_i;
                    default: out_o = 8'hFF;
                endcase
            end
            sel_i[3]: begin
                unique case (event_i)
                    1'b1: out_o = in3_i;
                    default: out_o = 8'hFF;
                endcase
            end
            default: out_o = 8'h00;
        endcase
    end

    // Properties and Assertions

    // Property to check if out_o is correct when event_i is high
    property p_out_correct_event_high;
        @(posedge sel_i or posedge event_i) disable iff (!event_i)
            (sel_i[0] & event_i) |=> (out_o == in0_i) else
            (sel_i[1] & event_i) |=> (out_o == in1_i) else
            (sel_i[2] & event_i) |=> (out_o == in2_i) else
            (sel_i[3] & event_i) |=> (out_o == in3_i);
    endproperty

    // Property to check if out_o is 8'hFF when event_i is low and any sel_i is high
    property p_out_ff_event_low;
        @(posedge sel_i or posedge event_i) disable iff (event_i)
            ($onehot0(sel_i)) |=> (out_o == 8'hFF);
    endproperty

    // Assert the properties
    a_p_out_correct_event_high: assert property (p_out_correct_event_high) else $error(""Output is not correct when event_i is high"");
    a_p_out_ff_event_low: assert property (p_out_ff_event_low) else $error(""Output is not 8'hFF when event_i is low and any sel_i is high"");

endmodule","** Error: (vlog-13069) prueba.sv(48): near ""else"": syntax error, unexpected else, expecting ""SystemVerilog keyword 'endproperty'"".",1772748486.2551117,396,783
"module piton_l2_coh_evict (
    input  logic [3:0] req_i,
    input  logic [1:0] line_state_i [3:0],
    input  logic [1:0] lru_i [3:0],
    input  logic [2:0] msg_type_i [3:0],
    output logic [3:0] grant_o,
    output logic [3:0] evict_o,
    output logic [3:0] nack_o
);

    always_comb begin
        grant_o = 4'b0000;
        evict_o = 4'b0000;
        nack_o  = 4'b0000;

        for (int i = 0; i < 4; i++) begin
            if (req_i[i]) begin
                unique case (line_state_i[i])
                    2'b00: begin
                        unique case (msg_type_i[i])
                            3'b000: grant_o[i] = 1'b1;
                            3'b001: begin
                                unique case (lru_i[i])
                                    2'b00: grant_o[i] = 1'b1;
                                    2'b01: evict_o[i] = 1'b1;
                                    default: nack_o[i] = 1'b1;
                                endcase
                            end
                            default: nack_o[i] = 1'b1;
                        endcase
                    end
                    2'b01: begin
                        unique case (msg_type_i[i])
                            3'b010: grant_o[i] = 1'b1;
                            default: nack_o[i] = 1'b1;
                        endcase
                    end
                    2'b10, 2'b11: nack_o[i] = 1'b1;
                    default: nack_o[i] = 1'b1;
                endcase
            end
        end
    end
endmodule","module piton_l2_coh_evict (
    input  logic [3:0] req_i,
    input  logic [1:0] line_state_i [3:0],
    input  logic [1:0] lru_i [3:0],
    input  logic [2:0] msg_type_i [3:0],
    output logic [3:0] grant_o,
    output logic [3:0] evict_o,
    output logic [3:0] nack_o
);

    always_comb begin
        grant_o = 4'b0000;
        evict_o = 4'b0000;
        nack_o  = 4'b0000;

        for (int i = 0; i < 4; i++) begin
            if (req_i[i]) begin
                unique case (line_state_i[i])
                    2'b00: begin
                        unique case (msg_type_i[i])
                            3'b000: grant_o[i] = 1'b1;
                            3'b001: begin
                                unique case (lru_i[i])
                                    2'b00: grant_o[i] = 1'b1;
                                    2'b01: evict_o[i] = 1'b1;
                                    default: nack_o[i] = 1'b1;
                                endcase
                            end
                            default: nack_o[i] = 1'b1;
                        endcase
                    end
                    2'b01: begin
                        unique case (msg_type_i[i])
                            3'b010: grant_o[i] = 1'b1;
                            default: nack_o[i] = 1'b1;
                        endcase
                    end
                    2'b10, 2'b11: nack_o[i] = 1'b1;
                    default: nack_o[i] = 1'b1;
                endcase
            end
        end
    end

    // Properties and Assertions
    property p_single_grant_per_request;
        @(posedge clk) disable iff (!rst_n)
            $onehot0(grant_o);
    endproperty

    property p_evict_only_when_req_and_lru_01;
        @(posedge clk) disable iff (!rst_n)
            evict_o[i] |-> (req_i[i] && lru_i[i] == 2'b01);
    endproperty

    property p_nack_on_invalid_state_or_msg;
        @(posedge clk) disable iff (!rst_n)
            nack_o[i] |-> (line_state_i[i] != 2'b00 || msg_type_i[i] not inside {3'b000, 3'b001});
    endproperty

    // Asserts
    assert property (p_single_grant_per_request) else $error(""More than one grant signal is active."");
    assert property (p_evict_only_when_req_and_lru_01) else $error(""Evict signal is active without request or LRU being 01."");
    assert property (p_nack_on_invalid_state_or_msg) else $error(""Nack signal is active for invalid line state or message type."");

endmodule","** Error: (vlog-13069) prueba.sv(58): near ""not"": syntax error, unexpected not.",1772748551.7318149,503,802
"module tl_axi_obi_bridge_sec (
    input  logic tl_valid_i,
    input  logic [2:0] tl_opcode_i,
    input  logic axi_awvalid_i,
    input  logic axi_arvalid_i,
    input  logic [1:0] obi_resp_i,
    input  logic priv_i,
    output logic tl_a_valid_o,
    output logic [2:0] tl_a_opcode_o,
    output logic obi_req_o,
    output logic obi_we_o,
    output logic [1:0] axi_rresp_o
);

    always_comb begin
        tl_a_valid_o  = 1'b0;
        tl_a_opcode_o = 3'b000;
        obi_req_o     = 1'b0;
        obi_we_o      = 1'b0;
        axi_rresp_o   = 2'b00;

        if (tl_valid_i) begin
            unique case (tl_opcode_i)
                3'b000: begin
                    tl_a_valid_o  = 1'b1;
                    tl_a_opcode_o = 3'b000; // Get
                    obi_req_o     = 1'b1;
                    obi_we_o      = 1'b0;
                end
                3'b001, 3'b010: begin
                    tl_a_valid_o  = 1'b1;
                    tl_a_opcode_o = tl_opcode_i;
                    obi_req_o     = 1'b1;
                    obi_we_o      = 1'b1;
                end
                default: axi_rresp_o = 2'b11;
            endcase
        end

        unique case (1'b1)
            axi_arvalid_i: begin
                tl_a_valid_o  = 1'b1;
                tl_a_opcode_o = 3'b000;
            end
            axi_awvalid_i: begin
                tl_a_valid_o  = 1'b1;
                tl_a_opcode_o = 3'b001;
            end
        endcase

        unique case (obi_resp_i)
            2'b00: axi_rresp_o = 2'b00;
            2'b10: axi_rresp_o = 2'b10;
            default: axi_rresp_o = 2'b11;
        endcase

        if (!priv_i) begin
            axi_rresp_o = 2'b10;
            tl_a_valid_o = 1'b0;
            obi_req_o    = 1'b0;
        end
    end
endmodule","module tl_axi_obi_bridge_sec (
    input  logic tl_valid_i,
    input  logic [2:0] tl_opcode_i,
    input  logic axi_awvalid_i,
    input  logic axi_arvalid_i,
    input  logic [1:0] obi_resp_i,
    input  logic priv_i,
    output logic tl_a_valid_o,
    output logic [2:0] tl_a_opcode_o,
    output logic obi_req_o,
    output logic obi_we_o,
    output logic [1:0] axi_rresp_o
);

    // Properties and assertions

    property p_tlv_and_opcode;
        @(posedge clk) disable iff (!reset_n)
            (tl_valid_i && tl_opcode_i inside {[3'b000 : 3'b010]})
                |-> ($changed(tl_a_valid_o) && $changed(tl_a_opcode_o));
    endproperty

    property p_axi_ar_and_aw;
        @(posedge clk) disable iff (!reset_n)
            (axi_arvalid_i || axi_awvalid_i)
                |=> (tl_a_valid_o);
    endproperty

    property p_obi_resp_handling;
        @(posedge clk) disable iff (!reset_n)
            (obi_resp_i inside {[2'b00 : 2'b10]})
                |-> ($changed(axi_rresp_o));
    endproperty

    property p_priv_check;
        @(posedge clk) disable iff (!reset_n)
            !priv_i
                |->
                (tl_a_valid_o == 1'b0 && obi_req_o == 1'b0);
    endproperty

    // Assertions

    assert property (p_tlv_and_opcode)
        else $error(""Error: tl_valid_i and tl_opcode_i not handled correctly"");

    assert property (p_axi_ar_and_aw)
        else $error(""Error: axi_arvalid_i or axi_awvalid_i not handled correctly"");

    assert property (p_obi_resp_handling)
        else $error(""Error: obi_resp_i not handled correctly"");

    assert property (p_priv_check)
        else $error(""Error: priv_i check failed"");

    always_comb begin
        tl_a_valid_o  = 1'b0;
        tl_a_opcode_o = 3'b000;
        obi_req_o     = 1'b0;
        obi_we_o      = 1'b0;
        axi_rresp_o   = 2'b00;

        if (tl_valid_i) begin
            unique case (tl_opcode_i)
                3'b000: begin
                    tl_a_valid_o  = 1'b1;
                    tl_a_opcode_o = 3'b000; // Get
                    obi_req_o     = 1'b1;
                    obi_we_o      = 1'b0;
                end
                3'b001, 3'b010: begin
                    tl_a_valid_o  = 1'b1;
                    tl_a_opcode_o = tl_opcode_i;
                    obi_req_o     = 1'b1;
                    obi_we_o      = 1'b1;
                end
                default: axi_rresp_o = 2'b11;
            endcase
        end

        unique case (1'b1)
            axi_arvalid_i: begin
                tl_a_valid_o  = 1'b1;
                tl_a_opcode_o = 3'b000;
            end
            axi_awvalid_i: begin
                tl_a_valid_o  = 1'b1;
                tl_a_opcode_o = 3'b001;
            end
        endcase

        unique case (obi_resp_i)
            2'b00: axi_rresp_o = 2'b00;
            2'b10: axi_rresp_o = 2'b10;
            default: axi_rresp_o = 2'b11;
        endcase

        if (!priv_i) begin
            axi_rresp_o = 2'b10;
            tl_a_valid_o = 1'b0;
            obi_req_o    = 1'b0;
        end
    end
endmodule","** Error: prueba.sv(18): (vlog-2730) Undefined variable: 'reset_n'.
** Error: prueba.sv(18): (vlog-2730) Undefined variable: 'clk'.",1772748619.08261,643,978
"module chisel_priority_fsm (
    input  logic [7:0] evt_i,
    input  logic [3:0] state_i,
    output logic fire_o,
    output logic stall_o,
    output logic error_o
);

    always_comb begin
        fire_o  = 1'b0;
        stall_o = 1'b0;
        error_o = 1'b0;

        unique case (state_i)
            4'd0: unique case (evt_i[1:0])
                      2'b00: fire_o = 1'b1;
                      2'b01: stall_o = 1'b1;
                      default: error_o = 1'b1;
                  endcase
            4'd1: unique case (evt_i[3:2])
                      2'b00: fire_o = 1'b1;
                      2'b01: stall_o = 1'b1;
                      default: error_o = 1'b1;
                  endcase
            4'd2: unique case (evt_i[5:4])
                      2'b00: fire_o = 1'b1;
                      2'b01: stall_o = 1'b1;
                      default: error_o = 1'b1;
                  endcase
            4'd3: unique case (evt_i[7:6])
                      2'b00: fire_o = 1'b1;
                      2'b01: stall_o = 1'b1;
                      default: error_o = 1'b1;
                  endcase
            default: error_o = 1'b1;
        endcase
    end
endmodule","module chisel_priority_fsm (
    input  logic [7:0] evt_i,
    input  logic [3:0] state_i,
    output logic fire_o,
    output logic stall_o,
    output logic error_o
);

    always_comb begin
        fire_o  = 1'b0;
        stall_o = 1'b0;
        error_o = 1'b0;

        unique case (state_i)
            4'd0: unique case (evt_i[1:0])
                      2'b00: fire_o = 1'b1;
                      2'b01: stall_o = 1'b1;
                      default: error_o = 1'b1;
                  endcase
            4'd1: unique case (evt_i[3:2])
                      2'b00: fire_o = 1'b1;
                      2'b01: stall_o = 1'b1;
                      default: error_o = 1'b1;
                  endcase
            4'd2: unique case (evt_i[5:4])
                      2'b00: fire_o = 1'b1;
                      2'b01: stall_o = 1'b1;
                      default: error_o = 1'b1;
                  endcase
            4'd3: unique case (evt_i[7:6])
                      2'b00: fire_o = 1'b1;
                      2'b01: stall_o = 1'b1;
                      default: error_o = 1'b1;
                  endcase
            default: error_o = 1'b1;
        endcase
    end

    // Properties and assertions
    property p_fire_stall_error_mutual_exclusion;
        @(posedge clk) disable iff (reset_n)
        fire_o | stall_o | error_o ? !(fire_o & stall_o) && !(fire_o & error_o) && !(stall_o & error_o) : 1'b0;
    endproperty

    assert property (p_fire_stall_error_mutual_exclusion) else $error(""Fire, Stall, and Error should not be asserted simultaneously"");

    property p_valid_state;
        @(posedge clk) disable iff (reset_n)
        state_i inside {[4'd0:4'd3]};
    endproperty

    assert property (p_valid_state) else $error(""Invalid state detected"");

endmodule","** Error: prueba.sv(41): (vlog-2730) Undefined variable: 'reset_n'.
** Error: prueba.sv(41): (vlog-2730) Undefined variable: 'clk'.
** Error (suppressible): prueba.sv(45): (vlog-1957) The sva directive is not sensitive to a clock. Unclocked directives are not supported.
** Error: prueba.sv(48): (vlog-2730) Undefined variable: 'reset_n'.
** Error: prueba.sv(48): (vlog-2730) Undefined variable: 'clk'.
** Error (suppressible): prueba.sv(52): (vlog-1957) The sva directive is not sensitive to a clock. Unclocked directives are not supported.
** Error: prueba.sv(41): (vlog-2730) Undefined variable: 'reset_n'.
** Error: prueba.sv(41): (vlog-2730) Undefined variable: 'clk'.",1772748701.4815466,432,631
"module sec_lc_gate_nested (
    input  logic sec_req_i,
    input  logic [2:0] lc_state_i,
    input  logic [1:0] access_type_i,
    input  logic priv_i,
    input  logic alert_i,
    output logic allow_o,
    output logic violation_o
);

    always_comb begin
        allow_o     = 1'b0;
        violation_o = 1'b0;

        if (sec_req_i) begin
            unique case (lc_state_i)
                3'b000: unique case (access_type_i)
                            2'b00: unique case (priv_i)
                                        1'b1: unique case (alert_i)
                                                    1'b0: allow_o = 1'b1;
                                                    default: violation_o = 1'b1;
                                                endcase
                                        default: violation_o = 1'b1;
                                    endcase
                            2'b01: violation_o = 1'b1;
                            default: violation_o = 1'b1;
                        endcase
                3'b001: unique case (access_type_i)
                            2'b00, 2'b01: unique case (priv_i)
                                              1'b1: allow_o = 1'b1;
                                              default: violation_o = 1'b1;
                                          endcase
                            default: violation_o = 1'b1;
                        endcase
                3'b010: unique case (access_type_i)
                            2'b01: unique case (priv_i)
                                      1'b1: allow_o = 1'b1;
                                      default: violation_o = 1'b1;
                                  endcase
                            default: violation_o = 1'b1;
                        endcase
                default: violation_o = 1'b1;
            endcase
        end
    end
endmodule","module sec_lc_gate_nested (
    input  logic sec_req_i,
    input  logic [2:0] lc_state_i,
    input  logic [1:0] access_type_i,
    input  logic priv_i,
    input  logic alert_i,
    output logic allow_o,
    output logic violation_o
);

    // Properties to specify the behavior of the module
    property p_allow;
        sec_req_i && lc_state_i == 3'b000 && access_type_i == 2'b00 && priv_i && !alert_i |-> ##1 allow_o;
    endproperty

    property p_violation;
        !(sec_req_i && lc_state_i == 3'b000 && access_type_i == 2'b00 && priv_i && !alert_i) |-> ##1 violation_o;
    endproperty

    // Assertions based on the properties
    a_allow: assert property (p_allow) else $error(""Allow condition not met"");
    a_violation: assert property (p_violation) else $error(""Violation condition not met"");

    always_comb begin
        allow_o     = 1'b0;
        violation_o = 1'b0;

        if (sec_req_i) begin
            unique case (lc_state_i)
                3'b000: unique case (access_type_i)
                            2'b00: unique case (priv_i)
                                        1'b1: unique case (alert_i)
                                                    1'b0: allow_o = 1'b1;
                                                    default: violation_o = 1'b1;
                                                endcase
                                        default: violation_o = 1'b1;
                                    endcase
                            2'b01: violation_o = 1'b1;
                            default: violation_o = 1'b1;
                        endcase
                3'b001: unique case (access_type_i)
                            2'b00, 2'b01: unique case (priv_i)
                                              1'b1: allow_o = 1'b1;
                                              default: violation_o = 1'b1;
                                          endcase
                            default: violation_o = 1'b1;
                        endcase
                3'b010: unique case (access_type_i)
                            2'b01: unique case (priv_i)
                                      1'b1: allow_o = 1'b1;
                                      default: violation_o = 1'b1;
                                  endcase
                            default: violation_o = 1'b1;
                        endcase
                default: violation_o = 1'b1;
            endcase
        end
    end
endmodule","** Error (suppressible): prueba.sv(21): (vlog-1957) The sva directive is not sensitive to a clock. Unclocked directives are not supported.
** Error (suppressible): prueba.sv(22): (vlog-1957) The sva directive is not sensitive to a clock. Unclocked directives are not supported.",1772748754.3465858,474,564
"module multi_core_bus_ctrl (
    input  logic [3:0] req_i,
    input  logic [1:0] line_state_i [3:0],
    input  logic [2:0] msg_type_i [3:0],
    input  logic priv_i [3:0],
    output logic [3:0] grant_o,
    output logic [3:0] nack_o
);

    always_comb begin
        grant_o = 4'b0000;
        nack_o  = 4'b0000;

        for (int i=0; i<4; i++) begin
            if (req_i[i]) begin
                unique case (line_state_i[i])
                    2'b00: unique case (msg_type_i[i])
                                3'b000: unique case (priv_i[i])
                                            1'b1: grant_o[i] = 1'b1;
                                            default: nack_o[i] = 1'b1;
                                        endcase
                                3'b001: grant_o[i] = 1'b1;
                                default: nack_o[i] = 1'b1;
                            endcase
                    2'b01: unique case (msg_type_i[i])
                                3'b010: grant_o[i] = 1'b1;
                                default: nack_o[i] = 1'b1;
                            endcase
                    2'b10, 2'b11: nack_o[i] = 1'b1;
                    default: nack_o[i] = 1'b1;
                endcase
            end
        end
    end
endmodule","module multi_core_bus_ctrl (
    input  logic [3:0] req_i,
    input  logic [1:0] line_state_i [3:0],
    input  logic [2:0] msg_type_i [3:0],
    input  logic priv_i [3:0],
    output logic [3:0] grant_o,
    output logic [3:0] nack_o
);

    // Properties and assertions
    property req_nack_relation;
        @(posedge clk)
            (|req_i) |-> (|nack_o);
    endproperty

    property grant_exclusion;
        @(posedge clk)
            $onehot0(grant_o);
    endproperty

    assert property (req_nack_relation)
        else $error(""At least one request should result in a NACK if not granted"");

    assert property (grant_exclusion)
        else $error(""Only one core can be granted access at any time"");

    always_comb begin
        grant_o = 4'b0000;
        nack_o  = 4'b0000;

        for (int i=0; i<4; i++) begin
            if (req_i[i]) begin
                unique case (line_state_i[i])
                    2'b00: unique case (msg_type_i[i])
                                3'b000: unique case (priv_i[i])
                                            1'b1: grant_o[i] = 1'b1;
                                            default: nack_o[i] = 1'b1;
                                        endcase
                                3'b001: grant_o[i] = 1'b1;
                                default: nack_o[i] = 1'b1;
                            endcase
                    2'b01: unique case (msg_type_i[i])
                                3'b010: grant_o[i] = 1'b1;
                                default: nack_o[i] = 1'b1;
                            endcase
                    2'b10, 2'b11: nack_o[i] = 1'b1;
                    default: nack_o[i] = 1'b1;
                endcase
            end
        end
    end
endmodule","** Error: prueba.sv(12): (vlog-2730) Undefined variable: 'clk'.
** Error: prueba.sv(17): (vlog-2730) Undefined variable: 'clk'.
** Error (suppressible): prueba.sv(21): (vlog-1957) The sva directive is not sensitive to a clock. Unclocked directives are not supported.
** Error (suppressible): prueba.sv(24): (vlog-1957) The sva directive is not sensitive to a clock. Unclocked directives are not supported.
** Error: prueba.sv(12): (vlog-2730) Undefined variable: 'clk'.",1772748801.8027468,428,601
"module piton_l2_evict_coh (
    input  logic [3:0] req_i,
    input  logic [1:0] line_state_i [3:0],
    input  logic [1:0] lru_i [3:0],
    input  logic [2:0] msg_type_i [3:0],
    input  logic priv_i [3:0],
    output logic [3:0] grant_o,
    output logic [3:0] evict_o,
    output logic [3:0] nack_o
);

    always_comb begin
        grant_o = 4'b0000;
        evict_o = 4'b0000;
        nack_o  = 4'b0000;

        for (int i = 0; i < 4; i++) begin
            if (req_i[i]) begin
                unique case (line_state_i[i])
                    2'b00: unique case (msg_type_i[i])
                                3'b000: unique case (priv_i[i])
                                            1'b1: grant_o[i] = 1'b1;
                                            default: nack_o[i] = 1'b1;
                                        endcase
                                3'b001: evict_o[i] = 1'b1;
                                default: nack_o[i] = 1'b1;
                            endcase
                    2'b01: unique case (lru_i[i])
                                2'b00: grant_o[i] = 1'b1;
                                2'b01: evict_o[i] = 1'b1;
                                default: nack_o[i] = 1'b1;
                            endcase
                    2'b10, 2'b11: nack_o[i] = 1'b1;
                    default: nack_o[i] = 1'b1;
                endcase
            end
        end
    end
endmodule","module piton_l2_evict_coh (
    input  logic [3:0] req_i,
    input  logic [1:0] line_state_i [3:0],
    input  logic [1:0] lru_i [3:0],
    input  logic [2:0] msg_type_i [3:0],
    input  logic priv_i [3:0],
    output logic [3:0] grant_o,
    output logic [3:0] evict_o,
    output logic [3:0] nack_o
);

    // Properties and Assertions
    property p_grant_nack_mutual_exclusion;
        @(posedge clk) disable iff (!rst_n)
            $onehot0({grant_o, nack_o});
    endproperty

    property p_evict_nack_mutual_exclusion;
        @(posedge clk) disable iff (!rst_n)
            $onehot0({evict_o, nack_o});
    endproperty

    property p_grant_evict_mutual_exclusion;
        @(posedge clk) disable iff (!rst_n)
            $onehot0({grant_o, evict_o});
    endproperty

    // Assertions
    assert property (p_grant_nack_mutual_exclusion)
        else $error(""Grant and Nack should not be high simultaneously"");

    assert property (p_evict_nack_mutual_exclusion)
        else $error(""Evict and Nack should not be high simultaneously"");

    assert property (p_grant_evict_mutual_exclusion)
        else $error(""Grant and Evict should not be high simultaneously"");

    always_comb begin
        grant_o = 4'b0000;
        evict_o = 4'b0000;
        nack_o  = 4'b0000;

        for (int i = 0; i < 4; i++) begin
            if (req_i[i]) begin
                unique case (line_state_i[i])
                    2'b00: unique case (msg_type_i[i])
                                3'b000: unique case (priv_i[i])
                                            1'b1: grant_o[i] = 1'b1;
                                            default: nack_o[i] = 1'b1;
                                        endcase
                                3'b001: evict_o[i] = 1'b1;
                                default: nack_o[i] = 1'b1;
                            endcase
                    2'b01: unique case (lru_i[i])
                                2'b00: grant_o[i] = 1'b1;
                                2'b01: evict_o[i] = 1'b1;
                                default: nack_o[i] = 1'b1;
                            endcase
                    2'b10, 2'b11: nack_o[i] = 1'b1;
                    default: nack_o[i] = 1'b1;
                endcase
            end
        end
    end
endmodule","** Error: prueba.sv(14): (vlog-2730) Undefined variable: 'rst_n'.
** Error: prueba.sv(14): (vlog-2730) Undefined variable: 'clk'.",1772748852.139578,494,755
"module axi_tl_obi_sec (
    input  logic axi_awvalid_i,
    input  logic axi_arvalid_i,
    input  logic tl_valid_i,
    input  logic [2:0] tl_opcode_i,
    input  logic [1:0] obi_resp_i,
    input  logic priv_i,
    output logic tl_a_valid_o,
    output logic [2:0] tl_a_opcode_o,
    output logic obi_req_o,
    output logic obi_we_o,
    output logic [1:0] axi_rresp_o
);

    always_comb begin
        tl_a_valid_o  = 1'b0;
        tl_a_opcode_o = 3'b000;
        obi_req_o     = 1'b0;
        obi_we_o      = 1'b0;
        axi_rresp_o   = 2'b00;

        // TL ? OBI mapping
        if (tl_valid_i) begin
            unique case (tl_opcode_i)
                3'b000: begin
                    tl_a_valid_o  = 1'b1;
                    tl_a_opcode_o = 3'b000; // Get
                    obi_req_o     = 1'b1;
                    obi_we_o      = 1'b0;
                end
                3'b001, 3'b010: begin
                    tl_a_valid_o  = 1'b1;
                    tl_a_opcode_o = tl_opcode_i;
                    obi_req_o     = 1'b1;
                    obi_we_o      = 1'b1;
                end
                default: axi_rresp_o = 2'b11;
            endcase
        end

        // AXI ? TL mapping
        unique case (1'b1)
            axi_arvalid_i: begin
                tl_a_valid_o  = 1'b1;
                tl_a_opcode_o = 3'b000;
            end
            axi_awvalid_i: begin
                tl_a_valid_o  = 1'b1;
                tl_a_opcode_o = 3'b001;
            end
        endcase

        // OBI ? AXI response
        unique case (obi_r_","module axi_tl_obi_sec (
    input  logic axi_awvalid_i,
    input  logic axi_arvalid_i,
    input  logic tl_valid_i,
    input  logic [2:0] tl_opcode_i,
    input  logic [1:0] obi_resp_i,
    input  logic priv_i,
    output logic tl_a_valid_o,
    output logic [2:0] tl_a_opcode_o,
    output logic obi_req_o,
    output logic obi_we_o,
    output logic [1:0] axi_rresp_o
);

    always_comb begin
        tl_a_valid_o  = 1'b0;
        tl_a_opcode_o = 3'b000;
        obi_req_o     = 1'b0;
        obi_we_o      = 1'b0;
        axi_rresp_o   = 2'b00;

        // TL ? OBI mapping
        if (tl_valid_i) begin
            unique case (tl_opcode_i)
                3'b000: begin
                    tl_a_valid_o  = 1'b1;
                    tl_a_opcode_o = 3'b000; // Get
                    obi_req_o     = 1'b1;
                    obi_we_o      = 1'b0;
                end
                3'b001, 3'b010: begin
                    tl_a_valid_o  = 1'b1;
                    tl_a_opcode_o = tl_opcode_i;
                    obi_req_o     = 1'b1;
                    obi_we_o      = 1'b1;
                end
                default: axi_rresp_o = 2'b11;
            endcase
        end

        // AXI ? TL mapping
        unique case (1'b1)
            axi_arvalid_i: begin
                tl_a_valid_o  = 1'b1;
                tl_a_opcode_o = 3'b000; // Get for read
            end
            axi_awvalid_i: begin
                tl_a_valid_o  = 1'b1;
                tl_a_opcode_o = 3'b001; // PutFullData for write
            end
        endcase

        // OBI ? AXI response
        unique case (obi_resp_i)
            2'b00: axi_rresp_o = 2'b00; // Success
            2'b01: axi_rresp_o = 2'b01; // Decoding error
            2'b10, 2'b11: axi_rresp_o = 2'b10; // Access fault or other errors
        endcase
    end

    // Properties and assertions to verify the module behavior
    property tl_valid_assert;
        @(posedge clk) disable iff (reset_n)
            $rose(tl_valid_i) |-> ##[1:3] tl_a_valid_o;
    endproperty

    property obi_req_assert;
        @(posedge clk) disable iff (reset_n)
            (tl_valid_i && (tl_opcode_i == 3'b000 || tl_opcode_i == 3'b001 || tl_opcode_i == 3'b010)) |-> ##[1:2] obi_req_o;
    endproperty

    property axi_rresp_assert;
        @(posedge clk) disable iff (reset_n)
            $rose(obi_resp_i) |-> axi_rresp_o inside {2'b00, 2'b01, 2'b10};
    endproperty

    assert property (tl_valid_assert) else $error(""TL valid assertion failed"");
    assert property (obi_req_assert) else $error(""OBI request assertion failed"");
    assert property (axi_rresp_assert) else $error(""AXI response assertion failed"");

endmodule","** Error: prueba.sv(63): (vlog-2730) Undefined variable: 'reset_n'.
** Error: prueba.sv(63): (vlog-2730) Undefined variable: 'clk'.
** Error: prueba.sv(68): (vlog-2730) Undefined variable: 'reset_n'.
** Error: prueba.sv(68): (vlog-2730) Undefined variable: 'clk'.
** Error: prueba.sv(73): (vlog-2730) Undefined variable: 'reset_n'.
** Error: prueba.sv(73): (vlog-2730) Undefined variable: 'clk'.
** Error (suppressible): prueba.sv(77): (vlog-1957) The sva directive is not sensitive to a clock. Unclocked directives are not supported.
** Error (suppressible): prueba.sv(78): (vlog-1957) The sva directive is not sensitive to a clock. Unclocked directives are not supported.
** Error (suppressible): prueba.sv(79): (vlog-1957) The sva directive is not sensitive to a clock. Unclocked directives are not supported.
** Error: prueba.sv(63): (vlog-2730) Undefined variable: 'reset_n'.
** Error: prueba.sv(63): (vlog-2730) Undefined variable: 'clk'.",1772748915.4493787,556,954
"module chisel_event_fsm (
    input  logic [7:0] evt_i,
    input  logic [3:0] state_i,
    output logic fire_o,
    output logic stall_o,
    output logic error_o
);

    always_comb begin
        fire_o  = 1'b0;
        stall_o = 1'b0;
        error_o = 1'b0;

        unique case (state_i)
            4'd0: unique case (evt_i[1:0])
                      2'b00: fire_o = 1'b1;
                      2'b01: stall_o = 1'b1;
                      default: error_o = 1'b1;
                  endcase
            4'd1: unique case (evt_i[3:2])
                      2'b00: fire_o = 1'b1;
                      2'b01: stall_o = 1'b1;
                      default: error_o = 1'b1;
                  endcase
            4'd2: unique case (evt_i[5:4])
                      2'b00: fire_o = 1'b1;
                      2'b01: stall_o = 1'b1;
                      default: error_o = 1'b1;
                  endcase
            4'd3: unique case (evt_i[7:6])
                      2'b00: fire_o = 1'b1;
                      2'b01: stall_o = 1'b1;
                      default: error_o = 1'b1;
                  endcase
            default: error_o = 1'b1;
        endcase
    end
endmodule","module chisel_event_fsm (
    input  logic [7:0] evt_i,
    input  logic [3:0] state_i,
    output logic fire_o,
    output logic stall_o,
    output logic error_o
);

    always_comb begin
        fire_o  = 1'b0;
        stall_o = 1'b0;
        error_o = 1'b0;

        unique case (state_i)
            4'd0: unique case (evt_i[1:0])
                      2'b00: fire_o = 1'b1;
                      2'b01: stall_o = 1'b1;
                      default: error_o = 1'b1;
                  endcase
            4'd1: unique case (evt_i[3:2])
                      2'b00: fire_o = 1'b1;
                      2'b01: stall_o = 1'b1;
                      default: error_o = 1'b1;
                  endcase
            4'd2: unique case (evt_i[5:4])
                      2'b00: fire_o = 1'b1;
                      2'b01: stall_o = 1'b1;
                      default: error_o = 1'b1;
                  endcase
            4'd3: unique case (evt_i[7:6])
                      2'b00: fire_o = 1'b1;
                      2'b01: stall_o = 1'b1;
                      default: error_o = 1'b1;
                  endcase
            default: error_o = 1'b1;
        endcase
    end

    // Properties and assertions
    property p_fire_stall_error_mutual_exclusion;
        @(posedge clk) disable iff (!reset_n)
            $onehot0({fire_o, stall_o, error_o});
    endproperty

    assert property (p_fire_stall_error_mutual_exclusion)
        else $error(""Multiple outputs are asserted simultaneously"");

    property p_valid_state_and_event;
        @(posedge clk) disable iff (!reset_n)
            unique case (state_i)
                4'd0: evt_i[1:0] inside {2'b00, 2'b01},
                4'd1: evt_i[3:2] inside {2'b00, 2'b01},
                4'd2: evt_i[5:4] inside {2'b00, 2'b01},
                4'd3: evt_i[7:6] inside {2'b00, 2'b01},
                default: 1;
            endcase |-> error_o == 1'b0;
    endproperty

    assert property (p_valid_state_and_event)
        else $error(""Invalid state and event combination detected"");

endmodule","** Error: (vlog-13069) prueba.sv(50): near ""unique"": syntax error, unexpected ""SystemVerilog keyword 'unique'"".",1772748995.4753928,432,740
"module sec_lc_multi_lvl (
    input  logic sec_req_i,
    input  logic [2:0] lc_state_i,
    input  logic [1:0] access_type_i,
    input  logic priv_i,
    input  logic alert_i,
    output logic allow_o,
    output logic violation_o
);

    always_comb begin
        allow_o     = 1'b0;
        violation_o = 1'b0;

        if (sec_req_i) begin
            unique case (lc_state_i)
                3'b000: unique case (access_type_i)
                            2'b00: unique case (priv_i)
                                        1'b1: unique case (alert_i)
                                                    1'b0: allow_o = 1'b1;
                                                    default: violation_o = 1'b1;
                                                endcase
                                        default: violation_o = 1'b1;
                                    endcase
                            2'b01: violation_o = 1'b1;
                            default: violation_o = 1'b1;
                        endcase
                3'b001: unique case (access_type_i)
                            2'b00, 2'b01: unique case (priv_i)
                                              1'b1: allow_o = 1'b1;
                                              default: violation_o = 1'b1;
                                          endcase
                            default: violation_o = 1'b1;
                        endcase
                3'b010: unique case (access_type_i)
                            2'b01: unique case (priv_i)
                                      1'b1: allow_o = 1'b1;
                                      default: violation_o = 1'b1;
                                  endcase
                            default: violation_o = 1'b1;
                        endcase
                default: violation_o = 1'b1;
            endcase
        end
    end
endmodule","module sec_lc_multi_lvl (
    input  logic sec_req_i,
    input  logic [2:0] lc_state_i,
    input  logic [1:0] access_type_i,
    input  logic priv_i,
    input  logic alert_i,
    output logic allow_o,
    output logic violation_o
);

    always_comb begin
        allow_o     = 1'b0;
        violation_o = 1'b0;

        if (sec_req_i) begin
            unique case (lc_state_i)
                3'b000: unique case (access_type_i)
                            2'b00: unique case (priv_i)
                                        1'b1: unique case (alert_i)
                                                    1'b0: allow_o = 1'b1;
                                                    default: violation_o = 1'b1;
                                                endcase
                                        default: violation_o = 1'b1;
                                    endcase
                            2'b01: violation_o = 1'b1;
                            default: violation_o = 1'b1;
                        endcase
                3'b001: unique case (access_type_i)
                            2'b00, 2'b01: unique case (priv_i)
                                              1'b1: allow_o = 1'b1;
                                              default: violation_o = 1'b1;
                                          endcase
                            default: violation_o = 1'b1;
                        endcase
                3'b010: unique case (access_type_i)
                            2'b01: unique case (priv_i)
                                      1'b1: allow_o = 1'b1;
                                      default: violation_o = 1'b1;
                                  endcase
                            default: violation_o = 1'b1;
                        endcase
                default: violation_o = 1'b1;
            endcase
        end
    end

    // Properties and assertions
    property p_allow_when_sec_req_lc_000_at_00_priv_1_alert_0;
        (sec_req_i && lc_state_i == 3'b000 && access_type_i == 2'b00 && priv_i && !alert_i) |-> (allow_o && !violation_o);
    endproperty

    property p_violation_when_sec_req_lc_not_000;
        (sec_req_i && lc_state_i != 3'b000) |-> violation_o;
    endproperty

    property p_violation_when_sec_req_lc_000_at_01;
        (sec_req_i && lc_state_i == 3'b000 && access_type_i == 2'b01) |-> violation_o;
    endproperty

    property p_allow_when_sec_req_lc_001_priv_1;
        (sec_req_i && lc_state_i == 3'b001 && priv_i) |-> allow_o;
    endproperty

    property p_violation_when_sec_req_lc_001_at_not_00_or_01;
        (sec_req_i && lc_state_i == 3'b001 && access_type_i != 2'b00 && access_type_i != 2'b01) |-> violation_o;
    endproperty

    property p_allow_when_sec_req_lc_010_at_01_priv_1;
        (sec_req_i && lc_state_i == 3'b010 && access_type_i == 2'b01 && priv_i) |-> allow_o;
    endproperty

    property p_violation_when_sec_req_lc_010_at_not_01;
        (sec_req_i && lc_state_i == 3'b010 && access_type_i != 2'b01) |-> violation_o;
    endproperty

    // Assertions
    assert property (p_allow_when_sec_req_lc_000_at_00_priv_1_alert_0) else $error(""Violation of allow condition for lc_state = 3'b000, access_type = 2'b00, priv_i = 1'b1, alert_i = 1'b0"");
    assert property (p_violation_when_sec_req_lc_not_000) else $error(""Violation of violation_o when sec_req_i is high and lc_state is not 3'b000"");
    assert property (p_violation_when_sec_req_lc_000_at_01) else $error(""Violation of violation_o for lc_state = 3'b000, access_type = 2'b01"");
    assert property (p_allow_when_sec_req_lc_001_priv_1) else $error(""Violation of allow condition for lc_state = 3'b001 and priv_i = 1'b1"");
    assert property (p_violation_when_sec_req_lc_001_at_not_00_or_01) else $error(""Violation of violation_o when sec_req_i is high, lc_state = 3'b001, and access_type is not 2'b00 or 2'b01"");
    assert property (p_allow_when_sec_req_lc_010_at_01_priv_1) else $error(""Violation of allow condition for lc_state = 3'b010, access_type = 2'b01, and priv_i = 1'b1"");
    assert property (p_violation_when_sec_req_lc_010_at_not_01) else $error(""Violation of violation_o when sec_req_i is high, lc_state = 3'b010, and access_type is not 2'b01"");

endmodule","** Error (suppressible): prueba.sv(77): (vlog-1957) The sva directive is not sensitive to a clock. Unclocked directives are not supported.
** Error (suppressible): prueba.sv(78): (vlog-1957) The sva directive is not sensitive to a clock. Unclocked directives are not supported.
** Error (suppressible): prueba.sv(79): (vlog-1957) The sva directive is not sensitive to a clock. Unclocked directives are not supported.
** Error (suppressible): prueba.sv(80): (vlog-1957) The sva directive is not sensitive to a clock. Unclocked directives are not supported.
** Error (suppressible): prueba.sv(81): (vlog-1957) The sva directive is not sensitive to a clock. Unclocked directives are not supported.
** Error (suppressible): prueba.sv(82): (vlog-1957) The sva directive is not sensitive to a clock. Unclocked directives are not supported.
** Error (suppressible): prueba.sv(83): (vlog-1957) The sva directive is not sensitive to a clock. Unclocked directives are not supported.",1772749057.346539,474,1251
"module multi_core_bus_arb (
    input  logic [3:0] req_i,
    input  logic [1:0] line_state_i [3:0],
    input  logic [2:0] msg_type_i [3:0],
    input  logic priv_i [3:0],
    output logic [3:0] grant_o,
    output logic [3:0] nack_o
);

    always_comb begin
        grant_o = 4'b0000;
        nack_o  = 4'b0000;

        for (int i=0; i<4; i++) begin
            if (req_i[i]) begin
                unique case (line_state_i[i])
                    2'b00: unique case (msg_type_i[i])
                                3'b000: unique case (priv_i[i])
                                            1'b1: grant_o[i] = 1'b1;
                                            default: nack_o[i] = 1'b1;
                                        endcase
                                3'b001: grant_o[i] = 1'b1;
                                default: nack_o[i] = 1'b1;
                            endcase
                    2'b01: unique case (msg_type_i[i])
                                3'b010: grant_o[i] = 1'b1;
                                default: nack_o[i] = 1'b1;
                            endcase
                    2'b10, 2'b11: nack_o[i] = 1'b1;
                    default: nack_o[i] = 1'b1;
                endcase
            end
        end
    end
endmodule","module multi_core_bus_arb (
    input  logic [3:0] req_i,
    input  logic [1:0] line_state_i [3:0],
    input  logic [2:0] msg_type_i [3:0],
    input  logic priv_i [3:0],
    output logic [3:0] grant_o,
    output logic [3:0] nack_o
);

    always_comb begin
        grant_o = 4'b0000;
        nack_o  = 4'b0000;

        for (int i=0; i<4; i++) begin
            if (req_i[i]) begin
                unique case (line_state_i[i])
                    2'b00: unique case (msg_type_i[i])
                                3'b000: unique case (priv_i[i])
                                            1'b1: grant_o[i] = 1'b1;
                                            default: nack_o[i] = 1'b1;
                                        endcase
                                3'b001: grant_o[i] = 1'b1;
                                default: nack_o[i] = 1'b1;
                            endcase
                    2'b01: unique case (msg_type_i[i])
                                3'b010: grant_o[i] = 1'b1;
                                default: nack_o[i] = 1'b1;
                            endcase
                    2'b10, 2'b11: nack_o[i] = 1'b1;
                    default: nack_o[i] = 1'b1;
                endcase
            end
        end
    end

    // Properties and Assertions
    property p_grant_nack_exclusive;
        @(posedge clk) disable iff (!reset_n)
        grant_o & nack_o |-> $onehot0(grant_o) && !$any(nack_o);
    endproperty

    assert property (p_grant_nack_exclusive)
    else begin
        $error(""Grant and Nack should not overlap for the same requestor"");
    end

    property p_valid_grant;
        @(posedge clk) disable iff (!reset_n)
        grant_o[i] |-> req_i[i];
    endproperty

    genvar i;
    generate
        for (i = 0; i < 4; i++) begin : gen_asserts
            assert property (p_valid_grant)
            else begin
                $error(""Grant should only be given to a requester who has requested"");
            end
        end
    endgenerate

endmodule","** Error: prueba.sv(38): (vlog-2730) Undefined variable: 'reset_n'.
** Error: prueba.sv(38): (vlog-2730) Undefined variable: 'clk'.",1772749162.1369853,429,716
"module piton_l2_coh_evict_arb (
    input  logic [3:0] req_i,
    input  logic [1:0] line_state_i [3:0],
    input  logic [1:0] lru_i [3:0],
    input  logic [2:0] msg_type_i [3:0],
    input  logic priv_i [3:0],
    output logic [3:0] grant_o,
    output logic [3:0] evict_o,
    output logic [3:0] nack_o
);

    always_comb begin
        grant_o = 4'b0000;
        evict_o = 4'b0000;
        nack_o  = 4'b0000;

        for (int i = 0; i < 4; i++) begin
            if (req_i[i]) begin
                unique case (line_state_i[i])
                    2'b00: unique case (msg_type_i[i])
                                3'b000: unique case (priv_i[i])
                                            1'b1: grant_o[i] = 1'b1;
                                            default: nack_o[i] = 1'b1;
                                        endcase
                                3'b001: evict_o[i] = 1'b1;
                                default: nack_o[i] = 1'b1;
                            endcase
                    2'b01: unique case (lru_i[i])
                                2'b00: grant_o[i] = 1'b1;
                                2'b01: evict_o[i] = 1'b1;
                                default: nack_o[i] = 1'b1;
                            endcase
                    2'b10, 2'b11: nack_o[i] = 1'b1;
                    default: nack_o[i] = 1'b1;
                endcase
            end
        end
    end
endmodule","module piton_l2_coh_evict_arb (
    input  logic [3:0] req_i,
    input  logic [1:0] line_state_i [3:0],
    input  logic [1:0] lru_i [3:0],
    input  logic [2:0] msg_type_i [3:0],
    input  logic priv_i [3:0],
    output logic [3:0] grant_o,
    output logic [3:0] evict_o,
    output logic [3:0] nack_o
);

    // Properties and assertions
    property P_GRANT_ON_VALID_PRIV;
        @(posedge clk) disable iff (!reset_n)
            (req_i && priv_i && (line_state_i == 2'b00) && (msg_type_i == 3'b000)) |=> grant_o;
    endproperty

    property P_EVICT_ON_MSG_TYPE_1;
        @(posedge clk) disable iff (!reset_n)
            (req_i && (line_state_i == 2'b00) && (msg_type_i == 3'b001)) |=> evict_o;
    endproperty

    property P_NACK_ON_INVALID_LINE_STATE;
        @(posedge clk) disable iff (!reset_n)
            (req_i && ((line_state_i == 2'b10) || (line_state_i == 2'b11))) |=> nack_o;
    endproperty

    // Assertions
    assert property (P_GRANT_ON_VALID_PRIV) else $error(""Grant not given on valid priv request"");
    assert property (P_EVICT_ON_MSG_TYPE_1) else $error(""Evict not initiated on msg_type 1"");
    assert property (P_NACK_ON_INVALID_LINE_STATE) else $error(""Nack not given on invalid line state"");

    always_comb begin
        grant_o = 4'b0000;
        evict_o = 4'b0000;
        nack_o  = 4'b0000;

        for (int i = 0; i < 4; i++) begin
            if (req_i[i]) begin
                unique case (line_state_i[i])
                    2'b00: unique case (msg_type_i[i])
                                3'b000: unique case (priv_i[i])
                                            1'b1: grant_o[i] = 1'b1;
                                            default: nack_o[i] = 1'b1;
                                        endcase
                                3'b001: evict_o[i] = 1'b1;
                                default: nack_o[i] = 1'b1;
                            endcase
                    2'b01: unique case (lru_i[i])
                                2'b00: grant_o[i] = 1'b1;
                                2'b01: evict_o[i] = 1'b1;
                                default: nack_o[i] = 1'b1;
                            endcase
                    2'b10, 2'b11: nack_o[i] = 1'b1;
                    default: nack_o[i] = 1'b1;
                endcase
            end
        end
    end
endmodule","** Error: prueba.sv(14): (vlog-2730) Undefined variable: 'reset_n'.
** Error: prueba.sv(14): (vlog-2730) Undefined variable: 'clk'.
** Error: prueba.sv(15): (vlog-2990) Illegal operation on unpacked type.",1772749222.0653,496,740
"module tl_axi_obi_bridge_err (
    input  logic tl_valid_i,
    input  logic [2:0] tl_opcode_i,
    input  logic axi_awvalid_i,
    input  logic axi_arvalid_i,
    input  logic [1:0] obi_resp_i,
    input  logic priv_i,
    output logic tl_a_valid_o,
    output logic [2:0] tl_a_opcode_o,
    output logic obi_req_o,
    output logic obi_we_o,
    output logic [1:0] axi_rresp_o
);

    always_comb begin
        tl_a_valid_o  = 1'b0;
        tl_a_opcode_o = 3'b000;
        obi_req_o     = 1'b0;
        obi_we_o      = 1'b0;
        axi_rresp_o   = 2'b00;

        // TL ? OBI mapping
        if (tl_valid_i) begin
            unique case (tl_opcode_i)
                3'b000: begin
                    tl_a_valid_o  = 1'b1;
                    tl_a_opcode_o = 3'b000; // Get
                    obi_req_o     = 1'b1;
                    obi_we_o      = 1'b0;
                end
                3'b001, 3'b010: begin
                    tl_a_valid_o  = 1'b1;
                    tl_a_opcode_o = tl_opcode_i;
                    obi_req_o     = 1'b1;
                    obi_we_o      = 1'b1;
                end
                default: axi_rresp_o = 2'b11; // DECERR
            endcase
        end

        // AXI ? TL mapping
        unique case (1'b1)
            axi_arvalid_i: begin
                tl_a_valid_o  = 1'b1;
                tl_a_opcode_o = 3'b000;
            end
            axi_awvalid_i: begin
                tl_a_valid_o  = 1'b1;
                tl_a_opcode_o = 3'b001;
            end
        endcase

        // OBI ? AXI Response
        unique case (obi_resp_i)
            2'b00: axi_rresp_o = 2'b00;
            2'b10: axi_rresp_o = 2'b10;
            default: axi_rresp_o = 2'b11;
        endcase

        // Privilege enforcement
        if (!priv_i) begin
            tl_a_valid_o = 1'b0;
            obi_req_o    = 1'b0;
            axi_rresp_o  = 2'b10;
        end
    end
endmodule","module tl_axi_obi_bridge_err (
    input  logic tl_valid_i,
    input  logic [2:0] tl_opcode_i,
    input  logic axi_awvalid_i,
    input  logic axi_arvalid_i,
    input  logic [1:0] obi_resp_i,
    input  logic priv_i,
    output logic tl_a_valid_o,
    output logic [2:0] tl_a_opcode_o,
    output logic obi_req_o,
    output logic obi_we_o,
    output logic [1:0] axi_rresp_o
);

    // Properties and Assertions

    // Property to ensure that when tl_valid_i is high, either tl_a_valid_o or axi_rresp_o[1] (DECERR) should be set.
    property p_tl_valid_check;
        @(posedge clk) disable iff (!rst_n)
            tl_valid_i |-> (tl_a_valid_o || axi_rresp_o[1]);
    endproperty

    // Property to ensure that when axi_arvalid_i or axi_awvalid_i is high, tl_a_valid_o should be set.
    property p_axi_req_check;
        @(posedge clk) disable iff (!rst_n)
            (axi_arvalid_i || axi_awvalid_i) |-> tl_a_valid_o;
    endproperty

    // Property to ensure that when obi_resp_i is OKAY, axi_rresp_o should be OKAY.
    property p_obi_okay_check;
        @(posedge clk) disable iff (!rst_n)
            (obi_resp_i == 2'b00) |-> (axi_rresp_o == 2'b00);
    endproperty

    // Property to ensure that when obi_resp_i is ERROR, axi_rresp_o should be SLVERR.
    property p_obi_error_check;
        @(posedge clk) disable iff (!rst_n)
            (obi_resp_i == 2'b10) |-> (axi_rresp_o == 2'b10);
    endproperty

    // Property to ensure that when obi_resp_i is not OKAY or ERROR, axi_rresp_o should be DECERR.
    property p_obi_other_check;
        @(posedge clk) disable iff (!rst_n)
            (obi_resp_i != 2'b00 && obi_resp_i != 2'b10) |-> (axi_rresp_o == 2'b11);
    endproperty

    // Property to ensure that when priv_i is low, neither tl_a_valid_o nor obi_req_o should be set.
    property p_priv_check;
        @(posedge clk) disable iff (!rst_n)
            !priv_i |-> (!tl_a_valid_o && !obi_req_o);
    endproperty

    // Assertions
    assert property (p_tl_valid_check) else $error(""When tl_valid_i is high, either tl_a_valid_o or axi_rresp_o[1] should be set."");
    assert property (p_axi_req_check) else $error(""When axi_arvalid_i or axi_awvalid_i is high, tl_a_valid_o should be set."");
    assert property (p_obi_okay_check) else $error(""When obi_resp_i is OKAY, axi_rresp_o should be OKAY."");
    assert property (p_obi_error_check) else $error(""When obi_resp_i is ERROR, axi_rresp_o should be SLVERR."");
    assert property (p_obi_other_check) else $error(""When obi_resp_i is not OKAY or ERROR, axi_rresp_o should be DECERR."");
    assert property (p_priv_check) else $error(""When priv_i is low, neither tl_a_valid_o nor obi_req_o should be set."");

    always_comb begin
        tl_a_valid_o  = 1'b0;
        tl_a_opcode_o = 3'b000;
        obi_req_o     = 1'b0;
        obi_we_o      = 1'b0;
        axi_rresp_o   = 2'b00;

        // TL ? OBI mapping
        if (tl_valid_i) begin
            unique case (tl_opcode_i)
                3'b000: begin
                    tl_a_valid_o  = 1'b1;
                    tl_a_opcode_o = 3'b000; // Get
                    obi_req_o     = 1'b1;
                    obi_we_o      = 1'b0;
                end
                3'b001, 3'b010: begin
                    tl_a_valid_o  = 1'b1;
                    tl_a_opcode_o = tl_opcode_i;
                    obi_req_o     = 1'b1;
                    obi_we_o      = 1'b1;
                end
                default: axi_rresp_o = 2'b11; // DECERR
            endcase
        end

        // AXI ? TL mapping
        unique case (1'b1)
            axi_arvalid_i: begin
                tl_a_valid_o  = 1'b1;
                tl_a_opcode_o = 3'b000;
            end
            axi_awvalid_i: begin
                tl_a_valid_o  = 1'b1;
                tl_a_opcode_o = 3'b001;
            end
        endcase

        // OBI ? AXI Response
        unique case (obi_resp_i)
            2'b00: axi_rresp_o = 2'b00;
            2'b10: axi_rresp_o = 2'b10;
            default: axi_rresp_o = 2'b11;
        endcase

        // Privilege enforcement
        if (!priv_i) begin
            tl_a_valid_o = 1'b0;
            obi_req_o    = 1'b0;
            axi_rresp_o  = 2'b10;
        end
    end
endmodule","** Error: prueba.sv(19): (vlog-2730) Undefined variable: 'rst_n'.
** Error: prueba.sv(19): (vlog-2730) Undefined variable: 'clk'.",1772749284.1453514,679,1351
"module chisel_event_fsm_prio (
    input  logic [7:0] evt_i,
    input  logic [3:0] state_i,
    output logic fire_o,
    output logic stall_o,
    output logic error_o
);

    always_comb begin
        fire_o  = 1'b0;
        stall_o = 1'b0;
        error_o = 1'b0;

        unique case (state_i)
            4'd0: unique case (evt_i[1:0])
                      2'b00: fire_o = 1'b1;
                      2'b01: stall_o = 1'b1;
                      default: error_o = 1'b1;
                  endcase
            4'd1: unique case (evt_i[3:2])
                      2'b00: fire_o = 1'b1;
                      2'b01: stall_o = 1'b1;
                      default: error_o = 1'b1;
                  endcase
            4'd2: unique case (evt_i[5:4])
                      2'b00: fire_o = 1'b1;
                      2'b01: stall_o = 1'b1;
                      default: error_o = 1'b1;
                  endcase
            4'd3: unique case (evt_i[7:6])
                      2'b00: fire_o = 1'b1;
                      2'b01: stall_o = 1'b1;
                      default: error_o = 1'b1;
                  endcase
            default: error_o = 1'b1;
        endcase
    end
endmodule","module chisel_event_fsm_prio (
    input  logic [7:0] evt_i,
    input  logic [3:0] state_i,
    output logic fire_o,
    output logic stall_o,
    output logic error_o
);

    always_comb begin
        fire_o  = 1'b0;
        stall_o = 1'b0;
        error_o = 1'b0;

        unique case (state_i)
            4'd0: unique case (evt_i[1:0])
                      2'b00: fire_o = 1'b1;
                      2'b01: stall_o = 1'b1;
                      default: error_o = 1'b1;
                  endcase
            4'd1: unique case (evt_i[3:2])
                      2'b00: fire_o = 1'b1;
                      2'b01: stall_o = 1'b1;
                      default: error_o = 1'b1;
                  endcase
            4'd2: unique case (evt_i[5:4])
                      2'b00: fire_o = 1'b1;
                      2'b01: stall_o = 1'b1;
                      default: error_o = 1'b1;
                  endcase
            4'd3: unique case (evt_i[7:6])
                      2'b00: fire_o = 1'b1;
                      2'b01: stall_o = 1'b1;
                      default: error_o = 1'b1;
                  endcase
            default: error_o = 1'b1;
        endcase
    end

    // Properties and assertions
    property p_state_0_valid_events;
        (state_i == 4'd0) |-> ((evt_i[1:0] == 2'b00) || (evt_i[1:0] == 2'b01));
    endproperty

    property p_state_1_valid_events;
        (state_i == 4'd1) |-> ((evt_i[3:2] == 2'b00) || (evt_i[3:2] == 2'b01));
    endproperty

    property p_state_2_valid_events;
        (state_i == 4'd2) |-> ((evt_i[5:4] == 2'b00) || (evt_i[5:4] == 2'b01));
    endproperty

    property p_state_3_valid_events;
        (state_i == 4'd3) |-> ((evt_i[7:6] == 2'b00) || (evt_i[7:6] == 2'b01));
    endproperty

    assert property (p_state_0_valid_events);
    assert property (p_state_1_valid_events);
    assert property (p_state_2_valid_events);
    assert property (p_state_3_valid_events);

endmodule","** Error (suppressible): prueba.sv(56): (vlog-1957) The sva directive is not sensitive to a clock. Unclocked directives are not supported.
** Error (suppressible): prueba.sv(57): (vlog-1957) The sva directive is not sensitive to a clock. Unclocked directives are not supported.
** Error (suppressible): prueba.sv(58): (vlog-1957) The sva directive is not sensitive to a clock. Unclocked directives are not supported.
** Error (suppressible): prueba.sv(59): (vlog-1957) The sva directive is not sensitive to a clock. Unclocked directives are not supported.",1772749398.0118732,434,637
"module sec_lc_gate_lvl (
    input  logic sec_req_i,
    input  logic [2:0] lc_state_i,
    input  logic [1:0] access_type_i,
    input  logic priv_i,
    input  logic alert_i,
    output logic allow_o,
    output logic violation_o
);

    always_comb begin
        allow_o     = 1'b0;
        violation_o = 1'b0;

        if (sec_req_i) begin
            unique case (lc_state_i)
                3'b000: unique case (access_type_i)
                            2'b00: unique case (priv_i)
                                        1'b1: unique case (alert_i)
                                                    1'b0: allow_o = 1'b1;
                                                    default: violation_o = 1'b1;
                                                endcase
                                        default: violation_o = 1'b1;
                                    endcase
                            2'b01: violation_o = 1'b1;
                            default: violation_o = 1'b1;
                        endcase
                3'b001: unique case (access_type_i)
                            2'b00, 2'b01: unique case (priv_i)
                                              1'b1: allow_o = 1'b1;
                                              default: violation_o = 1'b1;
                                          endcase
                            default: violation_o = 1'b1;
                        endcase
                3'b010: unique case (access_type_i)
                            2'b01: unique case (priv_i)
                                      1'b1: allow_o = 1'b1;
                                      default: violation_o = 1'b1;
                                  endcase
                            default: violation_o = 1'b1;
                        endcase
                default: violation_o = 1'b1;
            endcase
        end
    end
endmodule","module sec_lc_gate_lvl (
    input  logic sec_req_i,
    input  logic [2:0] lc_state_i,
    input  logic [1:0] access_type_i,
    input  logic priv_i,
    input  logic alert_i,
    output logic allow_o,
    output logic violation_o
);

    always_comb begin
        allow_o     = 1'b0;
        violation_o = 1'b0;

        if (sec_req_i) begin
            unique case (lc_state_i)
                3'b000: unique case (access_type_i)
                            2'b00: unique case (priv_i)
                                        1'b1: unique case (alert_i)
                                                    1'b0: allow_o = 1'b1;
                                                    default: violation_o = 1'b1;
                                                endcase
                                        default: violation_o = 1'b1;
                                    endcase
                            2'b01: violation_o = 1'b1;
                            default: violation_o = 1'b1;
                        endcase
                3'b001: unique case (access_type_i)
                            2'b00, 2'b01: unique case (priv_i)
                                              1'b1: allow_o = 1'b1;
                                              default: violation_o = 1'b1;
                                          endcase
                            default: violation_o = 1'b1;
                        endcase
                3'b010: unique case (access_type_i)
                            2'b01: unique case (priv_i)
                                      1'b1: allow_o = 1'b1;
                                      default: violation_o = 1'b1;
                                  endcase
                            default: violation_o = 1'b1;
                        endcase
                default: violation_o = 1'b1;
            endcase
        end
    end

    // Properties and assertions
    property p_allow_when_sec_req_and_valid_conditions;
        @(posedge sec_req_i)
        (lc_state_i == 3'b000 && access_type_i == 2'b00 && priv_i == 1'b1 && alert_i == 1'b0) |-> (allow_o == 1'b1);
    endproperty

    property p_violation_when_sec_req_and_invalid_conditions;
        @(posedge sec_req_i)
        !((lc_state_i == 3'b000 && access_type_i == 2'b00 && priv_i == 1'b1 && alert_i == 1'b0)) |-> (violation_o == 1'b1);
    endproperty

    assert property(p_allow_when_sec_req_and_valid_conditions) else $error(""Allow condition not met when it should be."");
    assert property(p_violation_when_sec_req_and_invalid_conditions) else $error(""Violation condition not met when it should be."");

endmodule",OK,1772749451.3805714,474,684
"module multi_core_bus_ctrl_lvl (
    input  logic [3:0] req_i,
    input  logic [1:0] line_state_i [3:0],
    input  logic [2:0] msg_type_i [3:0],
    input  logic priv_i [3:0],
    output logic [3:0] grant_o,
    output logic [3:0] nack_o
);

    always_comb begin
        grant_o = 4'b0000;
        nack_o  = 4'b0000;

        for (int i=0; i<4; i++) begin
            if (req_i[i]) begin
                unique case (line_state_i[i])
                    2'b00: unique case (msg_type_i[i])
                                3'b000: unique case (priv_i[i])
                                            1'b1: grant_o[i] = 1'b1;
                                            default: nack_o[i] = 1'b1;
                                        endcase
                                3'b001: grant_o[i] = 1'b1;
                                default: nack_o[i] = 1'b1;
                            endcase
                    2'b01: unique case (msg_type_i[i])
                                3'b010: grant_o[i] = 1'b1;
                                default: nack_o[i] = 1'b1;
                            endcase
                    2'b10, 2'b11: nack_o[i] = 1'b1;
                    default: nack_o[i] = 1'b1;
                endcase
            end
        end
    end
endmodule","module multi_core_bus_ctrl_lvl (
    input  logic [3:0] req_i,
    input  logic [1:0] line_state_i [3:0],
    input  logic [2:0] msg_type_i [3:0],
    input  logic priv_i [3:0],
    output logic [3:0] grant_o,
    output logic [3:0] nack_o
);

    // Properties and assertions
    property req_nack_prop;
        @(posedge clk)
            (req_i && !grant_o) |=> nack_o;
    endproperty

    assert property (req_nack_prop)
        else $error(""When a request is made and not granted, a NACK should be sent"");

    property grant_excl_prop;
        @(posedge clk)
            |0 (grant_o == 1);
    endproperty

    assert property (grant_excl_prop)
        else $error(""Only one core can be granted at any given time"");

    always_comb begin
        grant_o = 4'b0000;
        nack_o  = 4'b0000;

        for (int i=0; i<4; i++) begin
            if (req_i[i]) begin
                unique case (line_state_i[i])
                    2'b00: unique case (msg_type_i[i])
                                3'b000: unique case (priv_i[i])
                                            1'b1: grant_o[i] = 1'b1;
                                            default: nack_o[i] = 1'b1;
                                        endcase
                                3'b001: grant_o[i] = 1'b1;
                                default: nack_o[i] = 1'b1;
                            endcase
                    2'b01: unique case (msg_type_i[i])
                                3'b010: grant_o[i] = 1'b1;
                                default: nack_o[i] = 1'b1;
                            endcase
                    2'b10, 2'b11: nack_o[i] = 1'b1;
                    default: nack_o[i] = 1'b1;
                endcase
            end
        end
    end
endmodule","** Error: (vlog-13069) prueba.sv(21): near ""("": syntax error, unexpected '(', expecting ""SystemVerilog keyword 'endproperty'"".",1772749508.815545,429,528
"module piton_l2_evict_coh_priv (
    input  logic [3:0] req_i,
    input  logic [1:0] line_state_i [3:0],
    input  logic [1:0] lru_i [3:0],
    input  logic [2:0] msg_type_i [3:0],
    input  logic priv_i [3:0],
    output logic [3:0] grant_o,
    output logic [3:0] evict_o,
    output logic [3:0] nack_o
);

    always_comb begin
        grant_o = 4'b0000;
        evict_o = 4'b0000;
        nack_o  = 4'b0000;

        for (int i = 0; i < 4; i++) begin
            if (req_i[i]) begin
                unique case (line_state_i[i])
                    2'b00: unique case (msg_type_i[i])
                                3'b000: unique case (priv_i[i])
                                            1'b1: grant_o[i] = 1'b1;
                                            default: nack_o[i] = 1'b1;
                                        endcase
                                3'b001: evict_o[i] = 1'b1;
                                default: nack_o[i] = 1'b1;
                            endcase
                    2'b01: unique case (lru_i[i])
                                2'b00: grant_o[i] = 1'b1;
                                2'b01: evict_o[i] = 1'b1;
                                default: nack_o[i] = 1'b1;
                            endcase
                    2'b10, 2'b11: nack_o[i] = 1'b1;
                    default: nack_o[i] = 1'b1;
                endcase
            end
        end
    end
endmodule","module piton_l2_evict_coh_priv (
    input  logic [3:0] req_i,
    input  logic [1:0] line_state_i [3:0],
    input  logic [1:0] lru_i [3:0],
    input  logic [2:0] msg_type_i [3:0],
    input  logic priv_i [3:0],
    output logic [3:0] grant_o,
    output logic [3:0] evict_o,
    output logic [3:0] nack_o
);

    always_comb begin
        grant_o = 4'b0000;
        evict_o = 4'b0000;
        nack_o  = 4'b0000;

        for (int i = 0; i < 4; i++) begin
            if (req_i[i]) begin
                unique case (line_state_i[i])
                    2'b00: unique case (msg_type_i[i])
                                3'b000: unique case (priv_i[i])
                                            1'b1: grant_o[i] = 1'b1;
                                            default: nack_o[i] = 1'b1;
                                        endcase
                                3'b001: evict_o[i] = 1'b1;
                                default: nack_o[i] = 1'b1;
                            endcase
                    2'b01: unique case (lru_i[i])
                                2'b00: grant_o[i] = 1'b1;
                                2'b01: evict_o[i] = 1'b1;
                                default: nack_o[i] = 1'b1;
                            endcase
                    2'b10, 2'b11: nack_o[i] = 1'b1;
                    default: nack_o[i] = 1'b1;
                endcase
            end
        end
    end

    // Properties and assertions
    property p_grant_nack_exclusion;
        @(posedge clk) disable iff (!rst_n)
        (grant_o & nack_o) == 'b0;
    endproperty

    assert property (p_grant_nack_exclusion) else $error(""Grant and NACK should not be asserted simultaneously."");

    property p_evict_nack_exclusion;
        @(posedge clk) disable iff (!rst_n)
        (evict_o & nack_o) == 'b0;
    endproperty

    assert property (p_evict_nack_exclusion) else $error(""Evict and NACK should not be asserted simultaneously."");

endmodule","** Error: prueba.sv(42): (vlog-2730) Undefined variable: 'rst_n'.
** Error: prueba.sv(42): (vlog-2730) Undefined variable: 'clk'.",1772749553.136193,495,663
"module tl_axi_obi_sec (
    input  logic tl_valid_i,
    input  logic [2:0] tl_opcode_i,
    input  logic axi_awvalid_i,
    input  logic axi_arvalid_i,
    input  logic [1:0] obi_resp_i,
    input  logic priv_i,
    output logic tl_a_valid_o,
    output logic [2:0] tl_a_opcode_o,
    output logic obi_req_o,
    output logic obi_we_o,
    output logic [1:0] axi_rresp_o
);

    always_comb begin
        tl_a_valid_o  = 1'b0;
        tl_a_opcode_o = 3'b000;
        obi_req_o     = 1'b0;
        obi_we_o      = 1'b0;
        axi_rresp_o   = 2'b00;

        if (tl_valid_i) begin
            unique case (tl_opcode_i)
                3'b000: begin
                    tl_a_valid_o  = 1'b1;
                    tl_a_opcode_o = 3'b000;
                    obi_req_o     = 1'b1;
                    obi_we_o      = 1'b0;
                end
                3'b001, 3'b010: begin
                    tl_a_valid_o  = 1'b1;
                    tl_a_opcode_o = tl_opcode_i;
                    obi_req_o     = 1'b1;
                    obi_we_o      = 1'b1;
                end
                default: axi_rresp_o = 2'b11;
            endcase
        end

        unique case (1'b1)
            axi_arvalid_i: begin
                tl_a_valid_o  = 1'b1;
                tl_a_opcode_o = 3'b000;
            end
            axi_awvalid_i: begin
                tl_a_valid_o  = 1'b1;
                tl_a_opcode_o = 3'b001;
            end
        endcase

        unique case (obi_resp_i)
            2'b00: axi_rresp_o = 2'b00;
            2'b10: axi_rresp_o = 2'b10;
            default: axi_rresp_o = 2'b11;
        endcase

        if (!priv_i) begin
            tl_a_valid_o = 1'b0;
            obi_req_o    = 1'b0;
            axi_rresp_o  = 2'b10;
        end
    end
endmodule","module tl_axi_obi_sec (
    input  logic tl_valid_i,
    input  logic [2:0] tl_opcode_i,
    input  logic axi_awvalid_i,
    input  logic axi_arvalid_i,
    input  logic [1:0] obi_resp_i,
    input  logic priv_i,
    output logic tl_a_valid_o,
    output logic [2:0] tl_a_opcode_o,
    output logic obi_req_o,
    output logic obi_we_o,
    output logic [1:0] axi_rresp_o
);

    // Properties and Assertions
    property p_tl_valid_priv;
        @(posedge clk) disable iff (!reset_n)
            (tl_valid_i && !priv_i) |-> ($stable(tl_a_valid_o) && tl_a_valid_o == 1'b0);
    endproperty

    property p_obi_req_priv;
        @(posedge clk) disable iff (!reset_n)
            (tl_valid_i && !priv_i) |-> ($stable(obi_req_o) && obi_req_o == 1'b0);
    endproperty

    property p_axi_rresp_invalid;
        @(posedge clk) disable iff (!reset_n)
            (tl_valid_i && tl_opcode_i not in {3'b000, 3'b001, 3'b010}) |-> ($stable(axi_rresp_o) && axi_rresp_o == 2'b11);
    endproperty

    property p_axi_rresp_obi;
        @(posedge clk) disable iff (!reset_n)
            (tl_valid_i && obi_resp_i not in {2'b00, 2'b10}) |-> ($stable(axi_rresp_o) && axi_rresp_o == 2'b11);
    endproperty

    assert property (p_tl_valid_priv) else $error(""Assertion failed: tl_a_valid_o should be deasserted when priv_i is low and tl_valid_i is high."");
    assert property (p_obi_req_priv) else $error(""Assertion failed: obi_req_o should be deasserted when priv_i is low and tl_valid_i is high."");
    assert property (p_axi_rresp_invalid) else $error(""Assertion failed: axi_rresp_o should be 2'b11 for invalid tl_opcode_i."");
    assert property (p_axi_rresp_obi) else $error(""Assertion failed: axi_rresp_o should be 2'b11 for invalid obi_resp_i."");

    always_comb begin
        tl_a_valid_o  = 1'b0;
        tl_a_opcode_o = 3'b000;
        obi_req_o     = 1'b0;
        obi_we_o      = 1'b0;
        axi_rresp_o   = 2'b00;

        if (tl_valid_i) begin
            unique case (tl_opcode_i)
                3'b000: begin
                    tl_a_valid_o  = 1'b1;
                    tl_a_opcode_o = 3'b000;
                    obi_req_o     = 1'b1;
                    obi_we_o      = 1'b0;
                end
                3'b001, 3'b010: begin
                    tl_a_valid_o  = 1'b1;
                    tl_a_opcode_o = tl_opcode_i;
                    obi_req_o     = 1'b1;
                    obi_we_o      = 1'b1;
                end
                default: axi_rresp_o = 2'b11;
            endcase
        end

        unique case (1'b1)
            axi_arvalid_i: begin
                tl_a_valid_o  = 1'b1;
                tl_a_opcode_o = 3'b000;
            end
            axi_awvalid_i: begin
                tl_a_valid_o  = 1'b1;
                tl_a_opcode_o = 3'b001;
            end
        endcase

        unique case (obi_resp_i)
            2'b00: axi_rresp_o = 2'b00;
            2'b10: axi_rresp_o = 2'b10;
            default: axi_rresp_o = 2'b11;
        endcase

        if (!priv_i) begin
            tl_a_valid_o = 1'b0;
            obi_req_o    = 1'b0;
            axi_rresp_o  = 2'b10;
        end
    end
endmodule","** Error: (vlog-13069) prueba.sv(28): near ""not"": syntax error, unexpected not.",1772749608.847261,640,1034
"module chisel_event_fsm_alert (
    input  logic [7:0] evt_i,
    input  logic [3:0] state_i,
    input  logic alert_i,
    output logic fire_o,
    output logic stall_o,
    output logic error_o
);

    always_comb begin
        fire_o  = 1'b0;
        stall_o = 1'b0;
        error_o = 1'b0;

        unique case (state_i)
            4'd0: unique case (evt_i[1:0])
                      2'b00: fire_o = alert_i ? 1'b0 : 1'b1;
                      2'b01: stall_o = 1'b1;
                      default: error_o = 1'b1;
                  endcase
            4'd1: unique case (evt_i[3:2])
                      2'b00: fire_o = alert_i ? 1'b0 : 1'b1;
                      2'b01: stall_o = 1'b1;
                      default: error_o = 1'b1;
                  endcase
            4'd2: unique case (evt_i[5:4])
                      2'b00: fire_o = alert_i ? 1'b0 : 1'b1;
                      2'b01: stall_o = 1'b1;
                      default: error_o = 1'b1;
                  endcase
            4'd3: unique case (evt_i[7:6])
                      2'b00: fire_o = alert_i ? 1'b0 : 1'b1;
                      2'b01: stall_o = 1'b1;
                      default: error_o = 1'b1;
                  endcase
            default: error_o = 1'b1;
        endcase
    end
endmodule","module chisel_event_fsm_alert (
    input  logic [7:0] evt_i,
    input  logic [3:0] state_i,
    input  logic alert_i,
    output logic fire_o,
    output logic stall_o,
    output logic error_o
);

    always_comb begin
        fire_o  = 1'b0;
        stall_o = 1'b0;
        error_o = 1'b0;

        unique case (state_i)
            4'd0: unique case (evt_i[1:0])
                      2'b00: fire_o = alert_i ? 1'b0 : 1'b1;
                      2'b01: stall_o = 1'b1;
                      default: error_o = 1'b1;
                  endcase
            4'd1: unique case (evt_i[3:2])
                      2'b00: fire_o = alert_i ? 1'b0 : 1'b1;
                      2'b01: stall_o = 1'b1;
                      default: error_o = 1'b1;
                  endcase
            4'd2: unique case (evt_i[5:4])
                      2'b00: fire_o = alert_i ? 1'b0 : 1'b1;
                      2'b01: stall_o = 1'b1;
                      default: error_o = 1'b1;
                  endcase
            4'd3: unique case (evt_i[7:6])
                      2'b00: fire_o = alert_i ? 1'b0 : 1'b1;
                      2'b01: stall_o = 1'b1;
                      default: error_o = 1'b1;
                  endcase
            default: error_o = 1'b1;
        endcase
    end

    // Property and assertions
    property valid_state_and_event;
        @(posedge clk) disable iff (reset)
            (state_i inside {[0:3]}) |-> (fire_o || stall_o || error_o);
    endproperty

    assert property (valid_state_and_event) else $error(""Invalid state or event handling"");

    property no_fire_and_stall;
        @(posedge clk) disable iff (reset)
            fire_o && stall_o;
    endproperty

    assert property (!no_fire_and_stall) else $error(""fire_o and stall_o should not be both high at the same time"");

endmodule","** Error: prueba.sv(42): (vlog-2730) Undefined variable: 'reset'.
** Error: prueba.sv(42): (vlog-2730) Undefined variable: 'clk'.
** Error (suppressible): prueba.sv(46): (vlog-1957) The sva directive is not sensitive to a clock. Unclocked directives are not supported.
** Error: prueba.sv(49): (vlog-2730) Undefined variable: 'reset'.
** Error: prueba.sv(49): (vlog-2730) Undefined variable: 'clk'.
** Error: prueba.sv(53): Illegal SVA expression in Verilog expression.
** Error (suppressible): prueba.sv(53): (vlog-1957) The sva directive is not sensitive to a clock. Unclocked directives are not supported.
** Error: prueba.sv(42): (vlog-2730) Undefined variable: 'reset'.
** Error: prueba.sv(42): (vlog-2730) Undefined variable: 'clk'.",1772749695.87018,472,719
"module sec_lc_gate_alert (
    input  logic sec_req_i,
    input  logic [2:0] lc_state_i,
    input  logic [1:0] access_type_i,
    input  logic priv_i,
    input  logic alert_i,
    output logic allow_o,
    output logic violation_o
);

    always_comb begin
        allow_o     = 1'b0;
        violation_o = 1'b0;

        if (sec_req_i) begin
            unique case (lc_state_i)
                3'b000: unique case (access_type_i)
                            2'b00: unique case (priv_i)
                                        1'b1: allow_o = alert_i ? 1'b0 : 1'b1;
                                        default: violation_o = 1'b1;
                                    endcase
                            2'b01: violation_o = 1'b1;
                            default: violation_o = 1'b1;
                        endcase
                3'b001: unique case (access_type_i)
                            2'b00, 2'b01: unique case (priv_i)
                                              1'b1: allow_o = alert_i ? 1'b0 : 1'b1;
                                              default: violation_o = 1'b1;
                                          endcase
                            default: violation_o = 1'b1;
                        endcase
                3'b010: unique case (access_type_i)
                            2'b01: unique case (priv_i)
                                      1'b1: allow_o = alert_i ? 1'b0 : 1'b1;
                                      default: violation_o = 1'b1;
                                  endcase
                            default: violation_o = 1'b1;
                        endcase
                default: violation_o = 1'b1;
            endcase
        end
    end
endmodule","module sec_lc_gate_alert (
    input  logic sec_req_i,
    input  logic [2:0] lc_state_i,
    input  logic [1:0] access_type_i,
    input  logic priv_i,
    input  logic alert_i,
    output logic allow_o,
    output logic violation_o
);

    always_comb begin
        allow_o     = 1'b0;
        violation_o = 1'b0;

        if (sec_req_i) begin
            unique case (lc_state_i)
                3'b000: unique case (access_type_i)
                            2'b00: unique case (priv_i)
                                        1'b1: allow_o = alert_i ? 1'b0 : 1'b1;
                                        default: violation_o = 1'b1;
                                    endcase
                            2'b01: violation_o = 1'b1;
                            default: violation_o = 1'b1;
                        endcase
                3'b001: unique case (access_type_i)
                            2'b00, 2'b01: unique case (priv_i)
                                              1'b1: allow_o = alert_i ? 1'b0 : 1'b1;
                                              default: violation_o = 1'b1;
                                          endcase
                            default: violation_o = 1'b1;
                        endcase
                3'b010: unique case (access_type_i)
                            2'b01: unique case (priv_i)
                                      1'b1: allow_o = alert_i ? 1'b0 : 1'b1;
                                      default: violation_o = 1'b1;
                                  endcase
                            default: violation_o = 1'b1;
                        endcase
                default: violation_o = 1'b1;
            endcase
        end
    end

    // Properties and Assertions
    property P_ALLOW_SET_IF_PRIV_AND_NO_ALERT;
        (sec_req_i && lc_state_i inside {3'b000, 3'b001} && access_type_i inside {2'b00, 2'b01} && priv_i && !alert_i) |-> allow_o;
    endproperty

    property P_VIOLATION_SET_IF_PRIV_AND_ALERT_OR_INVALID_ACCESS;
        (sec_req_i && ((lc_state_i inside {3'b000, 3'b001, 3'b010} && access_type_i inside {2'b01, 2'b10, 2'b11}) || !priv_i)) |-> violation_o;
    endproperty

    property P_VIOLATION_SET_IF_INVALID_LC_STATE;
        (sec_req_i && lc_state_i not inside {3'b000, 3'b001, 3'b010}) |-> violation_o;
    endproperty

    assert property (P_ALLOW_SET_IF_PRIV_AND_NO_ALERT) else $error(""allow_o should be set if priv_i and !alert_i"");
    assert property (P_VIOLATION_SET_IF_PRIV_AND_ALERT_OR_INVALID_ACCESS) else $error(""violation_o should be set if invalid access or priv_i and alert_i"");
    assert property (P_VIOLATION_SET_IF_INVALID_LC_STATE) else $error(""violation_o should be set for invalid lc_state_i"");

endmodule","** Error: (vlog-13069) prueba.sv(54): near ""not"": syntax error, unexpected not.",1772749756.1374118,471,715
"module multi_core_bus_arb_alert (
    input  logic [3:0] req_i,
    input  logic [1:0] line_state_i [3:0],
    input  logic [2:0] msg_type_i [3:0],
    input  logic priv_i [3:0],
    input  logic alert_i,
    output logic [3:0] grant_o,
    output logic [3:0] nack_o
);

    always_comb begin
        grant_o = 4'b0000;
        nack_o  = 4'b0000;

        for (int i=0; i<4; i++) begin
            if (req_i[i]) begin
                unique case (line_state_i[i])
                    2'b00: unique case (msg_type_i[i])
                                3'b000: unique case (priv_i[i])
                                            1'b1: grant_o[i] = alert_i ? 1'b0 : 1'b1;
                                            default: nack_o[i] = 1'b1;
                                        endcase
                                3'b001: grant_o[i] = alert_i ? 1'b0 : 1'b1;
                                default: nack_o[i] = 1'b1;
                            endcase
                    2'b01: unique case (msg_type_i[i])
                                3'b010: grant_o[i] = alert_i ? 1'b0 : 1'b1;
                                default: nack_o[i] = 1'b1;
                            endcase
                    2'b10, 2'b11: nack_o[i] = 1'b1;
                    default: nack_o[i] = 1'b1;
                endcase
            end
        end
    end
endmodule","module multi_core_bus_arb_alert (
    input  logic [3:0] req_i,
    input  logic [1:0] line_state_i [3:0],
    input  logic [2:0] msg_type_i [3:0],
    input  logic priv_i [3:0],
    input  logic alert_i,
    output logic [3:0] grant_o,
    output logic [3:0] nack_o
);

    always_comb begin
        grant_o = 4'b0000;
        nack_o  = 4'b0000;

        for (int i=0; i<4; i++) begin
            if (req_i[i]) begin
                unique case (line_state_i[i])
                    2'b00: unique case (msg_type_i[i])
                                3'b000: unique case (priv_i[i])
                                            1'b1: grant_o[i] = alert_i ? 1'b0 : 1'b1;
                                            default: nack_o[i] = 1'b1;
                                        endcase
                                3'b001: grant_o[i] = alert_i ? 1'b0 : 1'b1;
                                default: nack_o[i] = 1'b1;
                            endcase
                    2'b01: unique case (msg_type_i[i])
                                3'b010: grant_o[i] = alert_i ? 1'b0 : 1'b1;
                                default: nack_o[i] = 1'b1;
                            endcase
                    2'b10, 2'b11: nack_o[i] = 1'b1;
                    default: nack_o[i] = 1'b1;
                endcase
            end
        end
    end

    // Properties and Assertions
    property p_grant_only_when_req_and_not_alert;
        @(posedge clk)
            (|req_i) && !alert_i |-> $onehot(grant_o);
    endproperty

    assert property (p_grant_only_when_req_and_not_alert)
        else $error(""Grant should be one-hot when request is present and alert is not active"");

    property p_nack_when_no_valid_request_or_alert;
        @(posedge clk)
            (!(|req_i) || alert_i) |-> (grant_o == 4'b0) && (nack_o != 4'b0);
    endproperty

    assert property (p_nack_when_no_valid_request_or_alert)
        else $error(""Nack should be active when no valid request or alert is present"");

endmodule","** Error: prueba.sv(39): (vlog-2730) Undefined variable: 'clk'.
** Error (suppressible): prueba.sv(43): (vlog-1957) The sva directive is not sensitive to a clock. Unclocked directives are not supported.
** Error: prueba.sv(47): (vlog-2730) Undefined variable: 'clk'.
** Error (suppressible): prueba.sv(51): (vlog-1957) The sva directive is not sensitive to a clock. Unclocked directives are not supported.
** Error: prueba.sv(39): (vlog-2730) Undefined variable: 'clk'.",1772749816.0863557,461,681
"module piton_l2_repl_priv (
    input  logic [3:0] req_i,
    input  logic [1:0] line_state_i [3:0],
    input  logic [1:0] lru_i [3:0],
    input  logic priv_i [3:0],
    output logic [3:0] grant_o,
    output logic [3:0] evict_o,
    output logic [3:0] stall_o
);

    always_comb begin
        grant_o = 4'b0000;
        evict_o = 4'b0000;
        stall_o = 4'b0000;

        for (int i = 0; i < 4; i++) begin
            if (req_i[i]) begin
                unique case (line_state_i[i])
                    2'b00: grant_o[i] = priv_i[i];
                    2'b01: unique case (lru_i[i])
                                2'b00: grant_o[i] = 1'b1;
                                2'b01: evict_o[i] = 1'b1;
                                default: stall_o[i] = 1'b1;
                            endcase
                    2'b10: evict_o[i] = 1'b1;
                    2'b11: stall_o[i] = 1'b1;
                    default: stall_o[i] = 1'b1;
                endcase
            end
        end
    end
endmodule","module piton_l2_repl_priv (
    input  logic [3:0] req_i,
    input  logic [1:0] line_state_i [3:0],
    input  logic [1:0] lru_i [3:0],
    input  logic priv_i [3:0],
    output logic [3:0] grant_o,
    output logic [3:0] evict_o,
    output logic [3:0] stall_o
);

    // Properties and Assertions
    property no_grant_if_not_priv;
        @(posedge clk) disable iff (!reset_n)
            (req_i & ~priv_i) |-> (~grant_o);
    endproperty

    property grant_only_one_request;
        @(posedge clk) disable iff (!reset_n)
            $onehot0(grant_o);
    endproperty

    property evict_only_on_lru_or_valid_line;
        @(posedge clk) disable iff (!reset_n)
            (req_i & |evict_o) |-> (|lru_i == 2'b1 || line_state_i inside {[2'b01:2'b11]});
    endproperty

    property stall_only_on_invalid_or_lru_not_set;
        @(posedge clk) disable iff (!reset_n)
            (req_i & |stall_o) |-> (line_state_i == 2'b11 || lru_i != 2'b0);
    endproperty

    // Assertions
    assert property (no_grant_if_not_priv) else $error(""Grant should not be given if not privileged"");
    assert property (grant_only_one_request) else $error(""Only one request can be granted at a time"");
    assert property (evict_only_on_lru_or_valid_line) else $error(""Eviction should only happen on LRU or valid lines"");
    assert property (stall_only_on_invalid_or_lru_not_set) else $error(""Stall should only happen on invalid lines or when LRU is not set"");

    always_comb begin
        grant_o = 4'b0000;
        evict_o = 4'b0000;
        stall_o = 4'b0000;

        for (int i = 0; i < 4; i++) begin
            if (req_i[i]) begin
                unique case (line_state_i[i])
                    2'b00: grant_o[i] = priv_i[i];
                    2'b01: unique case (lru_i[i])
                                2'b00: grant_o[i] = 1'b1;
                                2'b01: evict_o[i] = 1'b1;
                                default: stall_o[i] = 1'b1;
                            endcase
                    2'b10: evict_o[i] = 1'b1;
                    2'b11: stall_o[i] = 1'b1;
                    default: stall_o[i] = 1'b1;
                endcase
            end
        end
    end
endmodule","** Error: prueba.sv(13): (vlog-2730) Undefined variable: 'reset_n'.
** Error: prueba.sv(13): (vlog-2730) Undefined variable: 'clk'.
** Error: prueba.sv(14): (vlog-2990) Illegal operation on unpacked type.
** Error: prueba.sv(14): (vlog-2990) Illegal operation on unpacked type.",1772749873.246677,404,713
"module axi_tl_bridge_fsm (
    input  logic axi_awvalid_i,
    input  logic axi_arvalid_i,
    input  logic tl_ready_i,
    input  logic [2:0] tl_opcode_i,
    output logic tl_valid_o,
    output logic [2:0] tl_a_opcode_o,
    output logic error_o
);

    always_comb begin
        tl_valid_o = 1'b0;
        tl_a_opcode_o = 3'b000;
        error_o = 1'b0;

        if (axi_awvalid_i) begin
            tl_valid_o = tl_ready_i;
            tl_a_opcode_o = 3'b001;
        end else if (axi_arvalid_i) begin
            tl_valid_o = tl_ready_i;
            tl_a_opcode_o = 3'b000;
        end else begin
            error_o = 1'b1;
        end
    end
endmodule","module axi_tl_bridge_fsm (
    input  logic axi_awvalid_i,
    input  logic axi_arvalid_i,
    input  logic tl_ready_i,
    input  logic [2:0] tl_opcode_i,
    output logic tl_valid_o,
    output logic [2:0] tl_a_opcode_o,
    output logic error_o
);

    // Properties and assertions
    property aw_ar_mutual_exclusion;
        @(posedge clk) disable iff (!reset_n)
            axi_awvalid_i && axi_arvalid_i |-> ##1 !axi_awvalid_i || !axi_arvalid_i;
    endproperty

    assert property (aw_ar_mutual_exclusion)
        else $error(""AW and AR valid signals should not be high simultaneously"");

    always_comb begin
        tl_valid_o = 1'b0;
        tl_a_opcode_o = 3'b000;
        error_o = 1'b0;

        if (axi_awvalid_i) begin
            tl_valid_o = tl_ready_i;
            tl_a_opcode_o = 3'b001;
        end else if (axi_arvalid_i) begin
            tl_valid_o = tl_ready_i;
            tl_a_opcode_o = 3'b000;
        end else begin
            error_o = 1'b1;
        end
    end
endmodule","** Error: prueba.sv(13): (vlog-2730) Undefined variable: 'reset_n'.
** Error: prueba.sv(13): (vlog-2730) Undefined variable: 'clk'.",1772749932.92578,281,380
"module multi_core_cache_arb_lvl (
    input  logic [3:0] req_i,
    input  logic [1:0] line_state_i [3:0],
    input  logic [2:0] msg_type_i [3:0],
    input  logic priv_i [3:0],
    output logic [3:0] grant_o,
    output logic [3:0] nack_o
);

    always_comb begin
        grant_o = 4'b0000;
        nack_o  = 4'b0000;

        for (int i=0; i<4; i++) begin
            if (req_i[i]) begin
                unique case (line_state_i[i])
                    2'b00: unique case (msg_type_i[i])
                                3'b000: unique case (priv_i[i])
                                            1'b1: grant_o[i] = 1'b1;
                                            default: nack_o[i] = 1'b1;
                                        endcase
                                default: nack_o[i] = 1'b1;
                            endcase
                    2'b01: nack_o[i] = 1'b0;
                    2'b10,2'b11: nack_o[i] = 1'b1;
                    default: nack_o[i] = 1'b1;
                endcase
            end
        end
    end
endmodule","module multi_core_cache_arb_lvl (
    input  logic [3:0] req_i,
    input  logic [1:0] line_state_i [3:0],
    input  logic [2:0] msg_type_i [3:0],
    input  logic priv_i [3:0],
    output logic [3:0] grant_o,
    output logic [3:0] nack_o
);

    // Properties and assertions
    property p_req_grant_nack;
        @(posedge clk) disable iff (reset)
            req_i |-> (grant_o == 4'b0 || nack_o == 4'b0);
    endproperty

    property p_unique_grant;
        @(posedge clk) disable iff (reset)
            $onehot0(grant_o);
    endproperty

    property p_nack_generation;
        @(posedge clk) disable iff (reset)
            (|req_i && line_state_i inside {[2'b10:2'b11]}) |-> ($onehot(nack_o));
    endproperty

    // Assertions
    a_req_grant_nack : assert property (p_req_grant_nack);
    a_unique_grant   : assert property (p_unique_grant);
    a_nack_generation: assert property (p_nack_generation);

    always_comb begin
        grant_o = 4'b0000;
        nack_o  = 4'b0000;

        for (int i=0; i<4; i++) begin
            if (req_i[i]) begin
                unique case (line_state_i[i])
                    2'b00: unique case (msg_type_i[i])
                                3'b000: unique case (priv_i[i])
                                            1'b1: grant_o[i] = 1'b1;
                                            default: nack_o[i] = 1'b1;
                                        endcase
                                default: nack_o[i] = 1'b1;
                            endcase
                    2'b01: nack_o[i] = 1'b0;
                    2'b10,2'b11: nack_o[i] = 1'b1;
                    default: nack_o[i] = 1'b1;
                endcase
            end
        end
    end
endmodule","** Error: prueba.sv(12): (vlog-2730) Undefined variable: 'reset'.
** Error: prueba.sv(12): (vlog-2730) Undefined variable: 'clk'.
** Error: prueba.sv(17): (vlog-2730) Undefined variable: 'reset'.
** Error: prueba.sv(17): (vlog-2730) Undefined variable: 'clk'.
** Error: prueba.sv(22): (vlog-2730) Undefined variable: 'reset'.
** Error: prueba.sv(22): (vlog-2730) Undefined variable: 'clk'.
** Error: prueba.sv(23): (vlog-2728) Inside operator requires a singular type.
** Error (suppressible): prueba.sv(27): (vlog-1957) The sva directive is not sensitive to a clock. Unclocked directives are not supported.
** Error (suppressible): prueba.sv(28): (vlog-1957) The sva directive is not sensitive to a clock. Unclocked directives are not supported.
** Error (suppressible): prueba.sv(29): (vlog-1957) The sva directive is not sensitive to a clock. Unclocked directives are not supported.
** Error: prueba.sv(12): (vlog-2730) Undefined variable: 'reset'.
** Error: prueba.sv(12): (vlog-2730) Undefined variable: 'clk'.",1772749964.7311082,378,534
"module chisel_prio_mux_masked (
    input  logic [3:0] sel_i,
    input  logic [7:0] in0_i, in1_i, in2_i, in3_i,
    input  logic mask_i,
    output logic [7:0] out_o
);

    always_comb begin
        out_o = 8'h00;

        case (1'b1)
            sel_i[0]: out_o = mask_i ? 8'h00 : in0_i;
            sel_i[1]: out_o = mask_i ? 8'h00 : in1_i;
            sel_i[2]: out_o = mask_i ? 8'h00 : in2_i;
            sel_i[3]: out_o = mask_i ? 8'h00 : in3_i;
            default: out_o = 8'h00;
        endcase
    end
endmodule","module chisel_prio_mux_masked (
    input  logic [3:0] sel_i,
    input  logic [7:0] in0_i, in1_i, in2_i, in3_i,
    input  logic mask_i,
    output logic [7:0] out_o
);

    always_comb begin
        out_o = 8'h00;

        case (1'b1)
            sel_i[0]: out_o = mask_i ? 8'h00 : in0_i;
            sel_i[1]: out_o = mask_i ? 8'h00 : in1_i;
            sel_i[2]: out_o = mask_i ? 8'h00 : in2_i;
            sel_i[3]: out_o = mask_i ? 8'h00 : in3_i;
            default: out_o = 8'h00;
        endcase
    end

    // Properties and assertions
    property p_only_one_selected;
        @(posedge clk)
        disable iff (reset_n == 1'b0)
        $onehot0(sel_i);
    endproperty

    assert property (p_only_one_selected) else $error(""More than one input selected simultaneously"");

    property p_masked_output_zero;
        @(posedge clk)
        disable iff (reset_n == 1'b0)
        mask_i |-> (out_o == 8'h00);
    endproperty

    assert property (p_masked_output_zero) else $error(""Output is not zero when masked"");

endmodule","** Error: prueba.sv(23): (vlog-2730) Undefined variable: 'reset_n'.
** Error: prueba.sv(22): (vlog-2730) Undefined variable: 'clk'.",1772750009.4034374,275,384
"module sec_lc_gate_priv_mask (
    input  logic sec_req_i,
    input  logic [2:0] lc_state_i,
    input  logic [1:0] access_type_i,
    input  logic priv_i,
    input  logic mask_i,
    output logic allow_o,
    output logic violation_o
);

    always_comb begin
        allow_o = 1'b0;
        violation_o = 1'b0;

        if (sec_req_i) begin
            unique case (lc_state_i)
                3'b000: allow_o = (access_type_i==2'b00 && priv_i && !mask_i);
                3'b001: allow_o = ((access_type_i==2'b00 || access_type_i==2'b01) && priv_i && !mask_i);
                3'b010: allow_o = (access_type_i==2'b01 && priv_i && !mask_i);
                default: violation_o = 1'b1;
            endcase
        end
    end
endmodule","module sec_lc_gate_priv_mask (
    input  logic sec_req_i,
    input  logic [2:0] lc_state_i,
    input  logic [1:0] access_type_i,
    input  logic priv_i,
    input  logic mask_i,
    output logic allow_o,
    output logic violation_o
);

    always_comb begin
        allow_o = 1'b0;
        violation_o = 1'b0;

        if (sec_req_i) begin
            unique case (lc_state_i)
                3'b000: allow_o = (access_type_i==2'b00 && priv_i && !mask_i);
                3'b001: allow_o = ((access_type_i==2'b00 || access_type_i==2'b01) && priv_i && !mask_i);
                3'b010: allow_o = (access_type_i==2'b01 && priv_i && !mask_i);
                default: violation_o = 1'b1;
            endcase
        end
    end

    // Properties and assertions
    property p_sec_req_low_allow_zero;
        disable iff (!sec_req_i)
        |-> (allow_o == 1'b0);
    endproperty

    assert property (@(posedge clk) p_sec_req_low_allow_zero);

    property p_valid_lc_state_no_violation;
        disable iff (!sec_req_i)
        lc_state_i inside {3'b000, 3'b001, 3'b010}
        |-> (violation_o == 1'b0);
    endproperty

    assert property (@(posedge clk) p_valid_lc_state_no_violation);

    property p_invalid_lc_state_violation;
        disable iff (!sec_req_i)
        lc_state_i not inside {3'b000, 3'b001, 3'b010}
        |-> (violation_o == 1'b1);
    endproperty

    assert property (@(posedge clk) p_invalid_lc_state_violation);

endmodule","** Error: (vlog-13069) prueba.sv(28): near ""|->"": syntax error, unexpected |-> .
** Error: (vlog-13069) prueba.sv(43): near ""not"": syntax error, unexpected not, expecting ""SystemVerilog keyword 'endproperty'"".",1772750041.4669304,304,486
