original_code,generated_code,iverilog_output,time(s),prompt_tkns,output_tkns
"module case_example1(input logic [1:0] a, output logic y);
    always_comb begin
        case(a)
            2'b00: y = 0;
            2'b01: y = 1;
            2'b10: y = 1;
            2'b11: y = 0;
            default: y = 0;
        endcase
    end
endmodule","property p_y_00_assign;
@(posedge clk) (a == 2'b00) |-> (y == 0);
endproperty
assert property (p_y_00_assign);

property p_y_01_assign;
@(posedge clk) (a == 2'b01) |-> (y == 1);
endproperty
assert property (p_y_01_assign);

property p_y_10_assign;
@(posedge clk) (a == 2'b10) |-> (y == 1);
endproperty
assert property (p_y_10_assign);

property p_y_11_assign;
@(posedge clk) (a == 2'b11) |-> (y == 0);
endproperty
assert property (p_y_11_assign);

property p_y_default_assign;
@(posedge clk) (a != 2'b00 && a != 2'b01 && a != 2'b10 && a != 2'b11) |-> (y == 0);
endproperty
assert property (p_y_default_assign);","** Error: prueba.sv(9): (vlog-2730) Undefined variable: 'clk'.
** Error (suppressible): prueba.sv(11): (vlog-1957) The sva directive is not sensitive to a clock. Unclocked directives are not supported.
** Error: prueba.sv(14): (vlog-2730) Undefined variable: 'clk'.
** Error (suppressible): prueba.sv(16): (vlog-1957) The sva directive is not sensitive to a clock. Unclocked directives are not supported.
** Error: prueba.sv(19): (vlog-2730) Undefined variable: 'clk'.
** Error (suppressible): prueba.sv(21): (vlog-1957) The sva directive is not sensitive to a clock. Unclocked directives are not supported.
** Error: prueba.sv(24): (vlog-2730) Undefined variable: 'clk'.
** Error (suppressible): prueba.sv(26): (vlog-1957) The sva directive is not sensitive to a clock. Unclocked directives are not supported.
** Error: prueba.sv(29): (vlog-2730) Undefined variable: 'clk'.
** Error (suppressible): prueba.sv(31): (vlog-1957) The sva directive is not sensitive to a clock. Unclocked directives are not supported.
** Error: prueba.sv(9): (vlog-2730) Undefined variable: 'clk'.",102.6496753692627,2531,296
"module case_example2(input logic [3:0] a, output logic [1:0] y);
    always_comb begin
        case(a)
            4'd0: y = 2'b00;
            4'd1: y = 2'b01;
            4'd2: y = 2'b10;
            default: y = 2'b11;
        endcase
    end
endmodule
","property p_y_assign_00;
@(posedge clk) (a == 4'd0) |-> (y == 2'b00);
endproperty
assert property (p_y_assign_00);

property p_y_assign_01;
@(posedge clk) (a == 4'd1) |-> (y == 2'b01);
endproperty
assert property (p_y_assign_01);

property p_y_assign_10;
@(posedge clk) (a == 4'd2) |-> (y == 2'b10);
endproperty
assert property (p_y_assign_10);

property p_y_default_assign;
@(posedge clk) (a != 4'd0 && a != 4'd1 && a != 4'd2) |-> (y == 2'b11);
endproperty
assert property (p_y_default_assign);","** Error: prueba.sv(9): (vlog-2730) Undefined variable: 'clk'.
** Error (suppressible): prueba.sv(11): (vlog-1957) The sva directive is not sensitive to a clock. Unclocked directives are not supported.
** Error: prueba.sv(14): (vlog-2730) Undefined variable: 'clk'.
** Error (suppressible): prueba.sv(16): (vlog-1957) The sva directive is not sensitive to a clock. Unclocked directives are not supported.
** Error: prueba.sv(19): (vlog-2730) Undefined variable: 'clk'.
** Error (suppressible): prueba.sv(21): (vlog-1957) The sva directive is not sensitive to a clock. Unclocked directives are not supported.
** Error: prueba.sv(24): (vlog-2730) Undefined variable: 'clk'.
** Error (suppressible): prueba.sv(26): (vlog-1957) The sva directive is not sensitive to a clock. Unclocked directives are not supported.
** Error: prueba.sv(9): (vlog-2730) Undefined variable: 'clk'.",33.670992612838745,2531,244
"module case2(input logic [2:0] sel, output logic z);
    always_comb begin
        case(sel)
            3'b000: z = 0;
            3'b001: z = 1;
            3'b010: z = 1;
            3'b011: z = 0;
            3'b100: z = 1;
            default: z = 0;
        endcase
    end
endmodule
","property p_z_assign_000;
@(posedge clk) (sel == 3'b000) |-> (z == 0);
endproperty
assert property (p_z_assign_000);

property p_z_assign_001;
@(posedge clk) (sel == 3'b001) |-> (z == 1);
endproperty
assert property (p_z_assign_001);

property p_z_assign_010;
@(posedge clk) (sel == 3'b010) |-> (z == 1);
endproperty
assert property (p_z_assign_010);

property p_z_assign_011;
@(posedge clk) (sel == 3'b011) |-> (z == 0);
endproperty
assert property (p_z_assign_011);

property p_z_assign_100;
@(posedge clk) (sel == 3'b100) |-> (z == 1);
endproperty
assert property (p_z_assign_100);

property p_z_default_assign;
@(posedge clk) (sel != 3'b000 && sel != 3'b001 && sel != 3'b010 && sel != 3'b011 && sel != 3'b100) |-> (z == 0);
endproperty
assert property (p_z_default_assign);","** Error: prueba.sv(9): (vlog-2730) Undefined variable: 'clk'.
** Error (suppressible): prueba.sv(11): (vlog-1957) The sva directive is not sensitive to a clock. Unclocked directives are not supported.
** Error: prueba.sv(14): (vlog-2730) Undefined variable: 'clk'.
** Error (suppressible): prueba.sv(16): (vlog-1957) The sva directive is not sensitive to a clock. Unclocked directives are not supported.
** Error: prueba.sv(19): (vlog-2730) Undefined variable: 'clk'.
** Error (suppressible): prueba.sv(21): (vlog-1957) The sva directive is not sensitive to a clock. Unclocked directives are not supported.
** Error: prueba.sv(24): (vlog-2730) Undefined variable: 'clk'.
** Error (suppressible): prueba.sv(26): (vlog-1957) The sva directive is not sensitive to a clock. Unclocked directives are not supported.
** Error: prueba.sv(29): (vlog-2730) Undefined variable: 'clk'.
** Error (suppressible): prueba.sv(31): (vlog-1957) The sva directive is not sensitive to a clock. Unclocked directives are not supported.
** Error: prueba.sv(34): (vlog-2730) Undefined variable: 'clk'.
** Error (suppressible): prueba.sv(36): (vlog-1957) The sva directive is not sensitive to a clock. Unclocked directives are not supported.
** Error: prueba.sv(9): (vlog-2730) Undefined variable: 'clk'.",51.95220589637756,2549,378
"module case3(input logic [1:0] sel, input logic a, b, c, d, output logic y);
    always_comb begin
        case(sel)
            2'b00: y = a;
            2'b01: y = b;
            2'b10: y = c;
            2'b11: y = d;
        endcase
    end
endmodule
","property p_y_a_assign;
@(posedge clk) (sel == 2'b00) |-> (y == a);
endproperty
assert property (p_y_a_assign);

property p_y_b_assign;
@(posedge clk) (sel == 2'b01) |-> (y == b);
endproperty
assert property (p_y_b_assign);

property p_y_c_assign;
@(posedge clk) (sel == 2'b10) |-> (y == c);
endproperty
assert property (p_y_c_assign);

property p_y_d_assign;
@(posedge clk) (sel == 2'b11) |-> (y == d);
endproperty
assert property (p_y_d_assign);","** Error: prueba.sv(9): (vlog-2730) Undefined variable: 'clk'.
** Error (suppressible): prueba.sv(11): (vlog-1957) The sva directive is not sensitive to a clock. Unclocked directives are not supported.
** Error: prueba.sv(14): (vlog-2730) Undefined variable: 'clk'.
** Error (suppressible): prueba.sv(16): (vlog-1957) The sva directive is not sensitive to a clock. Unclocked directives are not supported.
** Error: prueba.sv(19): (vlog-2730) Undefined variable: 'clk'.
** Error (suppressible): prueba.sv(21): (vlog-1957) The sva directive is not sensitive to a clock. Unclocked directives are not supported.
** Error: prueba.sv(24): (vlog-2730) Undefined variable: 'clk'.
** Error (suppressible): prueba.sv(26): (vlog-1957) The sva directive is not sensitive to a clock. Unclocked directives are not supported.
** Error: prueba.sv(9): (vlog-2730) Undefined variable: 'clk'.",28.12239956855774,2518,206
"module case4(input logic [3:0] in, output logic out);
    always_comb begin
        case(in)
            4'b0001: out = 1;
            4'b0010: out = 0;
            4'b0100: out = 1;
            4'b1000: out = 0;
            default: out = 0;
        endcase
    end
endmodule
","property p_out_assign_1;
@(posedge clk) (in == 4'b0001) |-> (out == 1);
endproperty
assert property (p_out_assign_1);

property p_out_assign_2;
@(posedge clk) (in == 4'b0010) |-> (out == 0);
endproperty
assert property (p_out_assign_2);

property p_out_assign_3;
@(posedge clk) (in == 4'b0100) |-> (out == 1);
endproperty
assert property (p_out_assign_3);

property p_out_assign_4;
@(posedge clk) (in == 4'b1000) |-> (out == 0);
endproperty
assert property (p_out_assign_4);

property p_out_default_assign;
@(posedge clk) (in != 4'b0001 && in != 4'b0010 && in != 4'b0100 && in != 4'b1000) |-> (out == 0);
endproperty
assert property (p_out_default_assign);","** Error: prueba.sv(9): (vlog-2730) Undefined variable: 'clk'.
** Error (suppressible): prueba.sv(11): (vlog-1957) The sva directive is not sensitive to a clock. Unclocked directives are not supported.
** Error: prueba.sv(14): (vlog-2730) Undefined variable: 'clk'.
** Error (suppressible): prueba.sv(16): (vlog-1957) The sva directive is not sensitive to a clock. Unclocked directives are not supported.
** Error: prueba.sv(19): (vlog-2730) Undefined variable: 'clk'.
** Error (suppressible): prueba.sv(21): (vlog-1957) The sva directive is not sensitive to a clock. Unclocked directives are not supported.
** Error: prueba.sv(24): (vlog-2730) Undefined variable: 'clk'.
** Error (suppressible): prueba.sv(26): (vlog-1957) The sva directive is not sensitive to a clock. Unclocked directives are not supported.
** Error: prueba.sv(29): (vlog-2730) Undefined variable: 'clk'.
** Error (suppressible): prueba.sv(31): (vlog-1957) The sva directive is not sensitive to a clock. Unclocked directives are not supported.
** Error: prueba.sv(9): (vlog-2730) Undefined variable: 'clk'.",41.64358615875244,2539,304
"module case5(input logic [1:0] op, input logic [3:0] a, b, output logic [3:0] result);
    always_comb begin
        case(op)
            2'b00: result = a + b;
            2'b01: result = a - b;
            2'b10: result = a & b;
            2'b11: result = a | b;
        endcase
    end
endmodule
","property p_result_add;
@(posedge clk) (op == 2'b00) |-> (result == a + b);
endproperty
assert property (p_result_add);

property p_result_sub;
@(posedge clk) (op == 2'b01) |-> (result == a - b);
endproperty
assert property (p_result_sub);

property p_result_and;
@(posedge clk) (op == 2'b10) |-> (result == a & b);
endproperty
assert property (p_result_and);

property p_result_or;
@(posedge clk) (op == 2'b11) |-> (result == a | b);
endproperty
assert property (p_result_or);","** Error: prueba.sv(9): (vlog-2730) Undefined variable: 'clk'.
** Error (suppressible): prueba.sv(11): (vlog-1957) The sva directive is not sensitive to a clock. Unclocked directives are not supported.
** Error: prueba.sv(14): (vlog-2730) Undefined variable: 'clk'.
** Error (suppressible): prueba.sv(16): (vlog-1957) The sva directive is not sensitive to a clock. Unclocked directives are not supported.
** Error: prueba.sv(19): (vlog-2730) Undefined variable: 'clk'.
** Error (suppressible): prueba.sv(21): (vlog-1957) The sva directive is not sensitive to a clock. Unclocked directives are not supported.
** Error: prueba.sv(24): (vlog-2730) Undefined variable: 'clk'.
** Error (suppressible): prueba.sv(26): (vlog-1957) The sva directive is not sensitive to a clock. Unclocked directives are not supported.
** Error: prueba.sv(9): (vlog-2730) Undefined variable: 'clk'.",27.49213409423828,2526,198
"module case6(input logic [1:0] state, output logic [2:0] light);
    always_comb begin
        case(state)
            2'b00: light = 3'b100; // Red
            2'b01: light = 3'b010; // Yellow
            2'b10: light = 3'b001; // Green
            default: light = 3'b100;
        endcase
    end
endmodule
","property p_light_state_00;
@(posedge clk) (state == 2'b00) |-> (light == 3'b100);
endproperty
assert property (p_light_state_00);

property p_light_state_01;
@(posedge clk) (state == 2'b01) |-> (light == 3'b010);
endproperty
assert property (p_light_state_01);

property p_light_state_10;
@(posedge clk) (state == 2'b10) |-> (light == 3'b001);
endproperty
assert property (p_light_state_10);

property p_light_default;
@(posedge clk) (state != 2'b00 && state != 2'b01 && state != 2'b10) |-> (light == 3'b100);
endproperty
assert property (p_light_default);","** Error: prueba.sv(9): (vlog-2730) Undefined variable: 'clk'.
** Error (suppressible): prueba.sv(11): (vlog-1957) The sva directive is not sensitive to a clock. Unclocked directives are not supported.
** Error: prueba.sv(14): (vlog-2730) Undefined variable: 'clk'.
** Error (suppressible): prueba.sv(16): (vlog-1957) The sva directive is not sensitive to a clock. Unclocked directives are not supported.
** Error: prueba.sv(19): (vlog-2730) Undefined variable: 'clk'.
** Error (suppressible): prueba.sv(21): (vlog-1957) The sva directive is not sensitive to a clock. Unclocked directives are not supported.
** Error: prueba.sv(24): (vlog-2730) Undefined variable: 'clk'.
** Error (suppressible): prueba.sv(26): (vlog-1957) The sva directive is not sensitive to a clock. Unclocked directives are not supported.
** Error: prueba.sv(9): (vlog-2730) Undefined variable: 'clk'.",34.90429210662842,2541,250
"module case8(input logic [3:0] in, output logic [1:0] out);
    always_comb begin
        case(in)
            4'b0001: out = 2'b00;
            4'b0010: out = 2'b01;
            4'b0100: out = 2'b10;
            4'b1000: out = 2'b11;
            default: out = 2'b00;
        endcase
    end
endmodule
","property p_out_assign_0001;
@(posedge clk) (in == 4'b0001) |-> (out == 2'b00);
endproperty
assert property (p_out_assign_0001);

property p_out_assign_0010;
@(posedge clk) (in == 4'b0010) |-> (out == 2'b01);
endproperty
assert property (p_out_assign_0010);

property p_out_assign_0100;
@(posedge clk) (in == 4'b0100) |-> (out == 2'b10);
endproperty
assert property (p_out_assign_0100);

property p_out_assign_1000;
@(posedge clk) (in == 4'b1000) |-> (out == 2'b11);
endproperty
assert property (p_out_assign_1000);

property p_out_default_assign;
@(posedge clk) (in != 4'b0001 && in != 4'b0010 && in != 4'b0100 && in != 4'b1000) |-> (out == 2'b00);
endproperty
assert property (p_out_default_assign);","** Error: prueba.sv(9): (vlog-2730) Undefined variable: 'clk'.
** Error (suppressible): prueba.sv(11): (vlog-1957) The sva directive is not sensitive to a clock. Unclocked directives are not supported.
** Error: prueba.sv(14): (vlog-2730) Undefined variable: 'clk'.
** Error (suppressible): prueba.sv(16): (vlog-1957) The sva directive is not sensitive to a clock. Unclocked directives are not supported.
** Error: prueba.sv(19): (vlog-2730) Undefined variable: 'clk'.
** Error (suppressible): prueba.sv(21): (vlog-1957) The sva directive is not sensitive to a clock. Unclocked directives are not supported.
** Error: prueba.sv(24): (vlog-2730) Undefined variable: 'clk'.
** Error (suppressible): prueba.sv(26): (vlog-1957) The sva directive is not sensitive to a clock. Unclocked directives are not supported.
** Error: prueba.sv(29): (vlog-2730) Undefined variable: 'clk'.
** Error (suppressible): prueba.sv(31): (vlog-1957) The sva directive is not sensitive to a clock. Unclocked directives are not supported.
** Error: prueba.sv(9): (vlog-2730) Undefined variable: 'clk'.",48.07732963562012,2559,348
"module case9(input logic [3:0] digit, output logic [6:0] seg);
    always_comb begin
        case(digit)
            4'd0: seg = 7'b0111111;
            4'd1: seg = 7'b0000110;
            4'd2: seg = 7'b1011011;
            4'd3: seg = 7'b1001111;
            4'd4: seg = 7'b1100110;
            4'd5: seg = 7'b1101101;
            4'd6: seg = 7'b1111101;
            4'd7: seg = 7'b0000111;
            4'd8: seg = 7'b1111111;
            4'd9: seg = 7'b1101111;
            default: seg = 7'b0000000;
        endcase
    end
endmodule
","property p_seg_digit_0;
@(posedge clk) (digit == 4'd0) |-> (seg == 7'b0111111);
endproperty
assert property (p_seg_digit_0);

property p_seg_digit_1;
@(posedge clk) (digit == 4'd1) |-> (seg == 7'b0000110);
endproperty
assert property (p_seg_digit_1);

property p_seg_digit_2;
@(posedge clk) (digit == 4'd2) |-> (seg == 7'b1011011);
endproperty
assert property (p_seg_digit_2);

property p_seg_digit_3;
@(posedge clk) (digit == 4'd3) |-> (seg == 7'b1001111);
endproperty
assert property (p_seg_digit_3);

property p_seg_digit_4;
@(posedge clk) (digit == 4'd4) |-> (seg == 7'b1100110);
endproperty
assert property (p_seg_digit_4);

property p_seg_digit_5;
@(posedge clk) (digit == 4'd5) |-> (seg == 7'b1101101);
endproperty
assert property (p_seg_digit_5);

property p_seg_digit_6;
@(posedge clk) (digit == 4'd6) |-> (seg == 7'b1111101);
endproperty
assert property (p_seg_digit_6);

property p_seg_digit_7;
@(posedge clk) (digit == 4'd7) |-> (seg == 7'b0000111);
endproperty
assert property (p_seg_digit_7);

property p_seg_digit_8;
@(posedge clk) (digit == 4'd8) |-> (seg == 7'b1111111);
endproperty
assert property (p_seg_digit_8);

property p_seg_digit_9;
@(posedge clk) (digit == 4'd9) |-> (seg == 7'b1101111);
endproperty
assert property (p_seg_digit_9);

property p_seg_default;
@(posedge clk) (digit != 4'd0 && digit != 4'd1 && digit != 4'd2 && digit != 4'd3 && digit != 4'd4 && digit != 4'd5 && digit != 4'd6 && digit != 4'd7 && digit != 4'd8 && digit != 4'd9) |-> (seg == 7'b0000000);
endproperty
assert property (p_seg_default);","** Error: prueba.sv(9): (vlog-2730) Undefined variable: 'clk'.
** Error (suppressible): prueba.sv(11): (vlog-1957) The sva directive is not sensitive to a clock. Unclocked directives are not supported.
** Error: prueba.sv(14): (vlog-2730) Undefined variable: 'clk'.
** Error (suppressible): prueba.sv(16): (vlog-1957) The sva directive is not sensitive to a clock. Unclocked directives are not supported.
** Error: prueba.sv(19): (vlog-2730) Undefined variable: 'clk'.
** Error (suppressible): prueba.sv(21): (vlog-1957) The sva directive is not sensitive to a clock. Unclocked directives are not supported.
** Error: prueba.sv(24): (vlog-2730) Undefined variable: 'clk'.
** Error (suppressible): prueba.sv(26): (vlog-1957) The sva directive is not sensitive to a clock. Unclocked directives are not supported.
** Error: prueba.sv(29): (vlog-2730) Undefined variable: 'clk'.
** Error (suppressible): prueba.sv(31): (vlog-1957) The sva directive is not sensitive to a clock. Unclocked directives are not supported.
** Error: prueba.sv(34): (vlog-2730) Undefined variable: 'clk'.
** Error (suppressible): prueba.sv(36): (vlog-1957) The sva directive is not sensitive to a clock. Unclocked directives are not supported.
** Error: prueba.sv(39): (vlog-2730) Undefined variable: 'clk'.
** Error (suppressible): prueba.sv(41): (vlog-1957) The sva directive is not sensitive to a clock. Unclocked directives are not supported.
** Error: prueba.sv(44): (vlog-2730) Undefined variable: 'clk'.
** Error (suppressible): prueba.sv(46): (vlog-1957) The sva directive is not sensitive to a clock. Unclocked directives are not supported.
** Error: prueba.sv(49): (vlog-2730) Undefined variable: 'clk'.
** Error (suppressible): prueba.sv(51): (vlog-1957) The sva directive is not sensitive to a clock. Unclocked directives are not supported.
** Error: prueba.sv(54): (vlog-2730) Undefined variable: 'clk'.
** Error (suppressible): prueba.sv(56): (vlog-1957) The sva directive is not sensitive to a clock. Unclocked directives are not supported.
** Error: prueba.sv(59): (vlog-2730) Undefined variable: 'clk'.
** Error (suppressible): prueba.sv(61): (vlog-1957) The sva directive is not sensitive to a clock. Unclocked directives are not supported.
** Error: prueba.sv(9): (vlog-2730) Undefined variable: 'clk'.",106.62392234802246,2698,723
"module case10(input logic [2:0] pattern, output logic match);
    always_comb begin
        case(pattern)
            3'b101: match = 1;
            3'b010: match = 1;
            3'b111: match = 0;
            default: match = 0;
        endcase
    end
endmodule
","property p_match_101;
@(posedge clk) (pattern == 3'b101) |-> (match == 1);
endproperty
assert property (p_match_101);

property p_match_010;
@(posedge clk) (pattern == 3'b010) |-> (match == 1);
endproperty
assert property (p_match_010);

property p_match_111;
@(posedge clk) (pattern == 3'b111) |-> (match == 0);
endproperty
assert property (p_match_111);

property p_match_default;
@(posedge clk) (pattern != 3'b101 && pattern != 3'b010 && pattern != 3'b111) |-> (match == 0);
endproperty
assert property (p_match_default);","** Error: prueba.sv(9): (vlog-2730) Undefined variable: 'clk'.
** Error (suppressible): prueba.sv(11): (vlog-1957) The sva directive is not sensitive to a clock. Unclocked directives are not supported.
** Error: prueba.sv(14): (vlog-2730) Undefined variable: 'clk'.
** Error (suppressible): prueba.sv(16): (vlog-1957) The sva directive is not sensitive to a clock. Unclocked directives are not supported.
** Error: prueba.sv(19): (vlog-2730) Undefined variable: 'clk'.
** Error (suppressible): prueba.sv(21): (vlog-1957) The sva directive is not sensitive to a clock. Unclocked directives are not supported.
** Error: prueba.sv(24): (vlog-2730) Undefined variable: 'clk'.
** Error (suppressible): prueba.sv(26): (vlog-1957) The sva directive is not sensitive to a clock. Unclocked directives are not supported.
** Error: prueba.sv(9): (vlog-2730) Undefined variable: 'clk'.",31.37483048439026,2521,230
"module case11(input logic toggle, output logic state);
    always_comb begin
        case(toggle)
            1'b0: state = 0;
            1'b1: state = 1;
        endcase
    end
endmodule
","property p_state_zero_assign;
@(posedge clk) (toggle == 1'b0) |-> (state == 0);
endproperty
assert property (p_state_zero_assign);

property p_state_one_assign;
@(posedge clk) (toggle == 1'b1) |-> (state == 1);
endproperty
assert property (p_state_one_assign);","** Error: prueba.sv(9): (vlog-2730) Undefined variable: 'clk'.
** Error (suppressible): prueba.sv(11): (vlog-1957) The sva directive is not sensitive to a clock. Unclocked directives are not supported.
** Error: prueba.sv(14): (vlog-2730) Undefined variable: 'clk'.
** Error (suppressible): prueba.sv(16): (vlog-1957) The sva directive is not sensitive to a clock. Unclocked directives are not supported.
** Error: prueba.sv(9): (vlog-2730) Undefined variable: 'clk'.",14.720532178878784,2494,106
"module case12(input logic [2:0] in, output logic [7:0] out);
    always_comb begin
        case(in)
            3'b000: out = 8'b00000001;
            3'b001: out = 8'b00000010;
            3'b010: out = 8'b00000100;
            3'b011: out = 8'b00001000;
            3'b100: out = 8'b00010000;
            3'b101: out = 8'b00100000;
            3'b110: out = 8'b01000000;
            3'b111: out = 8'b10000000;
        endcase
    end
endmodule
","property p_out_000_assign;
@(posedge clk) (in == 3'b000) |-> (out == 8'b00000001);
endproperty
assert property (p_out_000_assign);

property p_out_001_assign;
@(posedge clk) (in == 3'b001) |-> (out == 8'b00000010);
endproperty
assert property (p_out_001_assign);

property p_out_010_assign;
@(posedge clk) (in == 3'b010) |-> (out == 8'b00000100);
endproperty
assert property (p_out_010_assign);

property p_out_011_assign;
@(posedge clk) (in == 3'b011) |-> (out == 8'b00001000);
endproperty
assert property (p_out_011_assign);

property p_out_100_assign;
@(posedge clk) (in == 3'b100) |-> (out == 8'b00010000);
endproperty
assert property (p_out_100_assign);

property p_out_101_assign;
@(posedge clk) (in == 3'b101) |-> (out == 8'b00100000);
endproperty
assert property (p_out_101_assign);

property p_out_110_assign;
@(posedge clk) (in == 3'b110) |-> (out == 8'b01000000);
endproperty
assert property (p_out_110_assign);

property p_out_111_assign;
@(posedge clk) (in == 3'b111) |-> (out == 8'b10000000);
endproperty
assert property (p_out_111_assign);","** Error: prueba.sv(9): (vlog-2730) Undefined variable: 'clk'.
** Error (suppressible): prueba.sv(11): (vlog-1957) The sva directive is not sensitive to a clock. Unclocked directives are not supported.
** Error: prueba.sv(14): (vlog-2730) Undefined variable: 'clk'.
** Error (suppressible): prueba.sv(16): (vlog-1957) The sva directive is not sensitive to a clock. Unclocked directives are not supported.
** Error: prueba.sv(19): (vlog-2730) Undefined variable: 'clk'.
** Error (suppressible): prueba.sv(21): (vlog-1957) The sva directive is not sensitive to a clock. Unclocked directives are not supported.
** Error: prueba.sv(24): (vlog-2730) Undefined variable: 'clk'.
** Error (suppressible): prueba.sv(26): (vlog-1957) The sva directive is not sensitive to a clock. Unclocked directives are not supported.
** Error: prueba.sv(29): (vlog-2730) Undefined variable: 'clk'.
** Error (suppressible): prueba.sv(31): (vlog-1957) The sva directive is not sensitive to a clock. Unclocked directives are not supported.
** Error: prueba.sv(34): (vlog-2730) Undefined variable: 'clk'.
** Error (suppressible): prueba.sv(36): (vlog-1957) The sva directive is not sensitive to a clock. Unclocked directives are not supported.
** Error: prueba.sv(39): (vlog-2730) Undefined variable: 'clk'.
** Error (suppressible): prueba.sv(41): (vlog-1957) The sva directive is not sensitive to a clock. Unclocked directives are not supported.
** Error: prueba.sv(44): (vlog-2730) Undefined variable: 'clk'.
** Error (suppressible): prueba.sv(46): (vlog-1957) The sva directive is not sensitive to a clock. Unclocked directives are not supported.
** Error: prueba.sv(9): (vlog-2730) Undefined variable: 'clk'.",77.60105490684509,2662,534
"module case14(input logic [1:0] op, input logic [3:0] a, b, output logic [3:0] result);
    always_comb begin
        case(op)
            2'b00: result = a ^ b; // XOR
            2'b01: result = ~(a & b); // NAND
            2'b10: result = a | b; // OR
            2'b11: result = a & b; // AND
        endcase
    end
endmodule
","property p_result_xor_assign;
@(posedge clk) (op == 2'b00) |-> (result == a ^ b);
endproperty
assert property (p_result_xor_assign);

property p_result_nand_assign;
@(posedge clk) (op == 2'b01) |-> (result == ~(a & b));
endproperty
assert property (p_result_nand_assign);

property p_result_or_assign;
@(posedge clk) (op == 2'b10) |-> (result == a | b);
endproperty
assert property (p_result_or_assign);

property p_result_and_assign;
@(posedge clk) (op == 2'b11) |-> (result == a & b);
endproperty
assert property (p_result_and_assign);","** Error: prueba.sv(9): (vlog-2730) Undefined variable: 'clk'.
** Error (suppressible): prueba.sv(11): (vlog-1957) The sva directive is not sensitive to a clock. Unclocked directives are not supported.
** Error: prueba.sv(14): (vlog-2730) Undefined variable: 'clk'.
** Error (suppressible): prueba.sv(16): (vlog-1957) The sva directive is not sensitive to a clock. Unclocked directives are not supported.
** Error: prueba.sv(19): (vlog-2730) Undefined variable: 'clk'.
** Error (suppressible): prueba.sv(21): (vlog-1957) The sva directive is not sensitive to a clock. Unclocked directives are not supported.
** Error: prueba.sv(24): (vlog-2730) Undefined variable: 'clk'.
** Error (suppressible): prueba.sv(26): (vlog-1957) The sva directive is not sensitive to a clock. Unclocked directives are not supported.
** Error: prueba.sv(9): (vlog-2730) Undefined variable: 'clk'.",30.744059324264526,2531,220
"module case15(input logic [3:0] num, output logic [1:0] mod3);
    always_comb begin
        case(num % 3)
            2'd0: mod3 = 2'b00;
            2'd1: mod3 = 2'b01;
            2'd2: mod3 = 2'b10;
        endcase
    end
endmodule
","property p_mod3_00_assign;
@(posedge clk) (num % 3 == 2'd0) |-> (mod3 == 2'b00);
endproperty
assert property (p_mod3_00_assign);

property p_mod3_01_assign;
@(posedge clk) (num % 3 == 2'd1) |-> (mod3 == 2'b01);
endproperty
assert property (p_mod3_01_assign);

property p_mod3_10_assign;
@(posedge clk) (num % 3 == 2'd2) |-> (mod3 == 2'b10);
endproperty
assert property (p_mod3_10_assign);","** Error: prueba.sv(9): (vlog-2730) Undefined variable: 'clk'.
** Error (suppressible): prueba.sv(11): (vlog-1957) The sva directive is not sensitive to a clock. Unclocked directives are not supported.
** Error: prueba.sv(14): (vlog-2730) Undefined variable: 'clk'.
** Error (suppressible): prueba.sv(16): (vlog-1957) The sva directive is not sensitive to a clock. Unclocked directives are not supported.
** Error: prueba.sv(19): (vlog-2730) Undefined variable: 'clk'.
** Error (suppressible): prueba.sv(21): (vlog-1957) The sva directive is not sensitive to a clock. Unclocked directives are not supported.
** Error: prueba.sv(9): (vlog-2730) Undefined variable: 'clk'.",26.81890606880188,2524,192
"module case17(input logic [1:0] state, output logic [1:0] next);
    always_comb begin
        case(state)
            2'b00: next = 2'b01;
            2'b01: next = 2'b10;
            2'b10: next = 2'b11;
            2'b11: next = 2'b00;
            default: next = 2'b00; // safe default
        endcase
    end
endmodule
","property p_next_state_00_to_01;
@(posedge clk) (state == 2'b00) |-> (next == 2'b01);
endproperty
assert property (p_next_state_00_to_01);

property p_next_state_01_to_10;
@(posedge clk) (state == 2'b01) |-> (next == 2'b10);
endproperty
assert property (p_next_state_01_to_10);

property p_next_state_10_to_11;
@(posedge clk) (state == 2'b10) |-> (next == 2'b11);
endproperty
assert property (p_next_state_10_to_11);

property p_next_state_11_to_00;
@(posedge clk) (state == 2'b11) |-> (next == 2'b00);
endproperty
assert property (p_next_state_11_to_00);

property p_next_state_default_to_00;
@(posedge clk) (state != 2'b00 && state != 2'b01 && state != 2'b10 && state != 2'b11) |-> (next == 2'b00);
endproperty
assert property (p_next_state_default_to_00);","** Error: prueba.sv(9): (vlog-2730) Undefined variable: 'clk'.
** Error (suppressible): prueba.sv(11): (vlog-1957) The sva directive is not sensitive to a clock. Unclocked directives are not supported.
** Error: prueba.sv(14): (vlog-2730) Undefined variable: 'clk'.
** Error (suppressible): prueba.sv(16): (vlog-1957) The sva directive is not sensitive to a clock. Unclocked directives are not supported.
** Error: prueba.sv(19): (vlog-2730) Undefined variable: 'clk'.
** Error (suppressible): prueba.sv(21): (vlog-1957) The sva directive is not sensitive to a clock. Unclocked directives are not supported.
** Error: prueba.sv(24): (vlog-2730) Undefined variable: 'clk'.
** Error (suppressible): prueba.sv(26): (vlog-1957) The sva directive is not sensitive to a clock. Unclocked directives are not supported.
** Error: prueba.sv(29): (vlog-2730) Undefined variable: 'clk'.
** Error (suppressible): prueba.sv(31): (vlog-1957) The sva directive is not sensitive to a clock. Unclocked directives are not supported.
** Error: prueba.sv(9): (vlog-2730) Undefined variable: 'clk'.",50.41949534416199,2552,366
"module case18(input logic [3:0] key, output logic [6:0] seg);
    always_comb begin
        case(key)
            4'd0: seg = 7'b0111111;
            4'd1: seg = 7'b0000110;
            4'd2: seg = 7'b1011011;
            4'd3: seg = 7'b1001111;
            default: seg = 7'b0000000;
        endcase
    end
endmodule
","property p_seg_assign_0;
@(posedge clk) (key == 4'd0) |-> (seg == 7'b0111111);
endproperty
assert property (p_seg_assign_0);

property p_seg_assign_1;
@(posedge clk) (key == 4'd1) |-> (seg == 7'b0000110);
endproperty
assert property (p_seg_assign_1);

property p_seg_assign_2;
@(posedge clk) (key == 4'd2) |-> (seg == 7'b1011011);
endproperty
assert property (p_seg_assign_2);

property p_seg_assign_3;
@(posedge clk) (key == 4'd3) |-> (seg == 7'b1001111);
endproperty
assert property (p_seg_assign_3);

property p_seg_default_assign;
@(posedge clk) (key != 4'd0 && key != 4'd1 && key != 4'd2 && key != 4'd3) |-> (seg == 7'b0000000);
endproperty
assert property (p_seg_default_assign);","** Error: prueba.sv(9): (vlog-2730) Undefined variable: 'clk'.
** Error (suppressible): prueba.sv(11): (vlog-1957) The sva directive is not sensitive to a clock. Unclocked directives are not supported.
** Error: prueba.sv(14): (vlog-2730) Undefined variable: 'clk'.
** Error (suppressible): prueba.sv(16): (vlog-1957) The sva directive is not sensitive to a clock. Unclocked directives are not supported.
** Error: prueba.sv(19): (vlog-2730) Undefined variable: 'clk'.
** Error (suppressible): prueba.sv(21): (vlog-1957) The sva directive is not sensitive to a clock. Unclocked directives are not supported.
** Error: prueba.sv(24): (vlog-2730) Undefined variable: 'clk'.
** Error (suppressible): prueba.sv(26): (vlog-1957) The sva directive is not sensitive to a clock. Unclocked directives are not supported.
** Error: prueba.sv(29): (vlog-2730) Undefined variable: 'clk'.
** Error (suppressible): prueba.sv(31): (vlog-1957) The sva directive is not sensitive to a clock. Unclocked directives are not supported.
** Error: prueba.sv(9): (vlog-2730) Undefined variable: 'clk'.",45.80660009384155,2572,325
"module case21(input logic [1:0] counter, input logic reset, output logic [1:0] next_count);
    always_comb begin
        case({reset, counter})
            3'b100: next_count = 2'b00; // reset active
            3'b000: next_count = 2'b01;
            3'b001: next_count = 2'b10;
            3'b010: next_count = 2'b11;
            3'b011: next_count = 2'b00;
            default: next_count = 2'b00;
        endcase
    end
endmodule
","property p_next_count_reset;
@(posedge clk) ({reset, counter} == 3'b100) |-> (next_count == 2'b00);
endproperty
assert property (p_next_count_reset);

property p_next_count_000;
@(posedge clk) ({reset, counter} == 3'b000) |-> (next_count == 2'b01);
endproperty
assert property (p_next_count_000);

property p_next_count_001;
@(posedge clk) ({reset, counter} == 3'b001) |-> (next_count == 2'b10);
endproperty
assert property (p_next_count_001);

property p_next_count_010;
@(posedge clk) ({reset, counter} == 3'b010) |-> (next_count == 2'b11);
endproperty
assert property (p_next_count_010);

property p_next_count_011;
@(posedge clk) ({reset, counter} == 3'b011) |-> (next_count == 2'b00);
endproperty
assert property (p_next_count_011);

property p_next_count_default;
@(posedge clk) ({reset, counter} != 3'b100 && {reset, counter} != 3'b000 && {reset, counter} != 3'b001 && {reset, counter} != 3'b010 && {reset, counter} != 3'b011) |-> (next_count == 2'b00);
endproperty
assert property (p_next_count_default);","** Error: prueba.sv(9): (vlog-2730) Undefined variable: 'clk'.
** Error (suppressible): prueba.sv(11): (vlog-1957) The sva directive is not sensitive to a clock. Unclocked directives are not supported.
** Error: prueba.sv(14): (vlog-2730) Undefined variable: 'clk'.
** Error (suppressible): prueba.sv(16): (vlog-1957) The sva directive is not sensitive to a clock. Unclocked directives are not supported.
** Error: prueba.sv(19): (vlog-2730) Undefined variable: 'clk'.
** Error (suppressible): prueba.sv(21): (vlog-1957) The sva directive is not sensitive to a clock. Unclocked directives are not supported.
** Error: prueba.sv(24): (vlog-2730) Undefined variable: 'clk'.
** Error (suppressible): prueba.sv(26): (vlog-1957) The sva directive is not sensitive to a clock. Unclocked directives are not supported.
** Error: prueba.sv(29): (vlog-2730) Undefined variable: 'clk'.
** Error (suppressible): prueba.sv(31): (vlog-1957) The sva directive is not sensitive to a clock. Unclocked directives are not supported.
** Error: prueba.sv(34): (vlog-2730) Undefined variable: 'clk'.
** Error (suppressible): prueba.sv(36): (vlog-1957) The sva directive is not sensitive to a clock. Unclocked directives are not supported.
** Error: prueba.sv(9): (vlog-2730) Undefined variable: 'clk'.",62.438167095184326,2588,445
"module case27(input logic [3:0] temp, output logic warning);
    always_comb begin
        case(temp)
            4'd0, 4'd1, 4'd2, 4'd3, 4'd4, 4'd5: warning = 0;
            4'd6, 4'd7, 4'd8, 4'd9, 4'd10: warning = 1;
            default: warning = 0;
        endcase
    end
endmodule
","property p_warning_0;
@(posedge clk) (temp inside {4'd0, 4'd1, 4'd2, 4'd3, 4'd4, 4'd5}) |-> (warning == 0);
endproperty
assert property (p_warning_0);

property p_warning_1;
@(posedge clk) (temp inside {4'd6, 4'd7, 4'd8, 4'd9, 4'd10}) |-> (warning == 1);
endproperty
assert property (p_warning_1);

property p_warning_default;
@(posedge clk) !(temp inside {4'd0, 4'd1, 4'd2, 4'd3, 4'd4, 4'd5}) && !(temp inside {4'd6, 4'd7, 4'd8, 4'd9, 4'd10}) |-> (warning == 0);
endproperty
assert property (p_warning_default);","** Error: prueba.sv(9): (vlog-2730) Undefined variable: 'clk'.
** Error (suppressible): prueba.sv(11): (vlog-1957) The sva directive is not sensitive to a clock. Unclocked directives are not supported.
** Error: prueba.sv(14): (vlog-2730) Undefined variable: 'clk'.
** Error (suppressible): prueba.sv(16): (vlog-1957) The sva directive is not sensitive to a clock. Unclocked directives are not supported.
** Error: prueba.sv(19): (vlog-2730) Undefined variable: 'clk'.
** Error (suppressible): prueba.sv(21): (vlog-1957) The sva directive is not sensitive to a clock. Unclocked directives are not supported.
** Error: prueba.sv(9): (vlog-2730) Undefined variable: 'clk'.",37.092801570892334,2558,264
"module case31(input logic [3:0] value, output logic flag);
    always_comb begin
        case(value)
            4'd1, 4'd3, 4'd5, 4'd7: flag = 1; // odd numbers
            default: flag = 0;
        endcase
    end
endmodule
","property p_flag_set_assign;
@(posedge clk) (value inside {4'd1, 4'd3, 4'd5, 4'd7}) |-> (flag == 1);
endproperty
assert property (p_flag_set_assign);

property p_flag_default_assign;
@(posedge clk) !(value inside {4'd1, 4'd3, 4'd5, 4'd7}) |-> (flag == 0);
endproperty
assert property (p_flag_default_assign);","** Error: prueba.sv(9): (vlog-2730) Undefined variable: 'clk'.
** Error (suppressible): prueba.sv(11): (vlog-1957) The sva directive is not sensitive to a clock. Unclocked directives are not supported.
** Error: prueba.sv(14): (vlog-2730) Undefined variable: 'clk'.
** Error (suppressible): prueba.sv(16): (vlog-1957) The sva directive is not sensitive to a clock. Unclocked directives are not supported.
** Error: prueba.sv(9): (vlog-2730) Undefined variable: 'clk'.",19.84652090072632,2510,142
"module case32(input logic [3:0] temp, output logic warning);
    always_comb begin
        case(temp)
            4'd0: warning = 0;
            4'd1: warning = 0;
            4'd2: warning = 0;
            4'd3: warning = 0;
            4'd4, 4'd5, 4'd6: warning = 1; // range 4 to 6
            default: warning = 0;
        endcase
    end
endmodule
","property p_warning_zero;
@(posedge clk) (temp == 4'd0 || temp == 4'd1 || temp == 4'd2 || temp == 4'd3 || temp >= 7) |-> (warning == 0);
endproperty
assert property (p_warning_zero);

property p_warning_one;
@(posedge clk) (temp == 4'd4 || temp == 4'd5 || temp == 4'd6) |-> (warning == 1);
endproperty
assert property (p_warning_one);","** Error: prueba.sv(9): (vlog-2730) Undefined variable: 'clk'.
** Error (suppressible): prueba.sv(11): (vlog-1957) The sva directive is not sensitive to a clock. Unclocked directives are not supported.
** Error: prueba.sv(14): (vlog-2730) Undefined variable: 'clk'.
** Error (suppressible): prueba.sv(16): (vlog-1957) The sva directive is not sensitive to a clock. Unclocked directives are not supported.
** Error: prueba.sv(9): (vlog-2730) Undefined variable: 'clk'.",21.837568521499637,2552,143
"module case34(input logic [3:0] level, output logic alarm);
    always_comb begin
        case(level)
            4'd0, 4'd1, 4'd2: alarm = 0;   // safe range
            4'd3, 4'd4, 4'd5, 4'd6: alarm = 1; // warning range
            4'd7, 4'd8, 4'd9, 4'd10: alarm = 1; // critical range
            default: alarm = 0;
        endcase
    end
endmodule
","property p_alarm_low_assign;
@(posedge clk) (level inside {4'd0, 4'd1, 4'd2}) |-> (alarm == 0);
endproperty
assert property (p_alarm_low_assign);

property p_alarm_mid_assign;
@(posedge clk) (level inside {4'd3, 4'd4, 4'd5, 4'd6}) |-> (alarm == 1);
endproperty
assert property (p_alarm_mid_assign);

property p_alarm_high_assign;
@(posedge clk) (level inside {4'd7, 4'd8, 4'd9, 4'd10}) |-> (alarm == 1);
endproperty
assert property (p_alarm_high_assign);

property p_alarm_default_assign;
@(posedge clk) !(level inside {4'd0, 4'd1, 4'd2, 4'd3, 4'd4, 4'd5, 4'd6, 4'd7, 4'd8, 4'd9, 4'd10}) |-> (alarm == 0);
endproperty
assert property (p_alarm_default_assign);","** Error: prueba.sv(9): (vlog-2730) Undefined variable: 'clk'.
** Error (suppressible): prueba.sv(11): (vlog-1957) The sva directive is not sensitive to a clock. Unclocked directives are not supported.
** Error: prueba.sv(14): (vlog-2730) Undefined variable: 'clk'.
** Error (suppressible): prueba.sv(16): (vlog-1957) The sva directive is not sensitive to a clock. Unclocked directives are not supported.
** Error: prueba.sv(19): (vlog-2730) Undefined variable: 'clk'.
** Error (suppressible): prueba.sv(21): (vlog-1957) The sva directive is not sensitive to a clock. Unclocked directives are not supported.
** Error: prueba.sv(24): (vlog-2730) Undefined variable: 'clk'.
** Error (suppressible): prueba.sv(26): (vlog-1957) The sva directive is not sensitive to a clock. Unclocked directives are not supported.
** Error: prueba.sv(9): (vlog-2730) Undefined variable: 'clk'.",44.47332072257996,2567,316
"module case35(input logic [3:0] digit, output logic display);
    always_comb begin
        case(digit)
            4'd0, 4'd2, 4'd4, 4'd6, 4'd8: display = 1; // even numbers
            4'd1, 4'd3, 4'd5, 4'd7, 4'd9: display = 0; // odd numbers
            default: display = 0;
        endcase
    end
endmodule
","property p_display_even;
@(posedge clk) (digit == 4'd0 || digit == 4'd2 || digit == 4'd4 || digit == 4'd6 || digit == 4'd8) |-> (display == 1);
endproperty
assert property (p_display_even);

property p_display_odd;
@(posedge clk) (digit == 4'd1 || digit == 4'd3 || digit == 4'd5 || digit == 4'd7 || digit == 4'd9) |-> (display == 0);
endproperty
assert property (p_display_odd);

property p_display_default;
@(posedge clk) !(digit inside {4'd0, 4'd1, 4'd2, 4'd3, 4'd4, 4'd5, 4'd6, 4'd7, 4'd8, 4'd9}) |-> (display == 0);
endproperty
assert property (p_display_default);","** Error: prueba.sv(9): (vlog-2730) Undefined variable: 'clk'.
** Error (suppressible): prueba.sv(11): (vlog-1957) The sva directive is not sensitive to a clock. Unclocked directives are not supported.
** Error: prueba.sv(14): (vlog-2730) Undefined variable: 'clk'.
** Error (suppressible): prueba.sv(16): (vlog-1957) The sva directive is not sensitive to a clock. Unclocked directives are not supported.
** Error: prueba.sv(19): (vlog-2730) Undefined variable: 'clk'.
** Error (suppressible): prueba.sv(21): (vlog-1957) The sva directive is not sensitive to a clock. Unclocked directives are not supported.
** Error: prueba.sv(9): (vlog-2730) Undefined variable: 'clk'.",36.63684105873108,2553,262
"module case40(input logic [3:0] req, output logic [1:0] grant);
    always_comb begin
        case(req)
            4'd1, 4'd2: grant = 2'b00; // low priority
            4'd3, 4'd4, 4'd5: grant = 2'b01; // medium priority
            4'd6, 4'd7: grant = 2'b10; // high priority
            4'd8, 4'd9: grant = 2'b11; // highest priority
            default: grant = 2'b00;
        endcase
    end
endmodule
","property p_grant_00_assign;
@(posedge clk) (req == 4'd1 || req == 4'd2) |-> (grant == 2'b00);
endproperty
assert property (p_grant_00_assign);

property p_grant_01_assign;
@(posedge clk) (req == 4'd3 || req == 4'd4 || req == 4'd5) |-> (grant == 2'b01);
endproperty
assert property (p_grant_01_assign);

property p_grant_10_assign;
@(posedge clk) (req == 4'd6 || req == 4'd7) |-> (grant == 2'b10);
endproperty
assert property (p_grant_10_assign);

property p_grant_11_assign;
@(posedge clk) (req == 4'd8 || req == 4'd9) |-> (grant == 2'b11);
endproperty
assert property (p_grant_11_assign);

property p_grant_default_assign;
@(posedge clk) (req != 4'd1 && req != 4'd2 && req != 4'd3 && req != 4'd4 && req != 4'd5 && req != 4'd6 && req != 4'd7 && req != 4'd8 && req != 4'd9) |-> (grant == 2'b00);
endproperty
assert property (p_grant_default_assign);","** Error: prueba.sv(9): (vlog-2730) Undefined variable: 'clk'.
** Error (suppressible): prueba.sv(11): (vlog-1957) The sva directive is not sensitive to a clock. Unclocked directives are not supported.
** Error: prueba.sv(14): (vlog-2730) Undefined variable: 'clk'.
** Error (suppressible): prueba.sv(16): (vlog-1957) The sva directive is not sensitive to a clock. Unclocked directives are not supported.
** Error: prueba.sv(19): (vlog-2730) Undefined variable: 'clk'.
** Error (suppressible): prueba.sv(21): (vlog-1957) The sva directive is not sensitive to a clock. Unclocked directives are not supported.
** Error: prueba.sv(24): (vlog-2730) Undefined variable: 'clk'.
** Error (suppressible): prueba.sv(26): (vlog-1957) The sva directive is not sensitive to a clock. Unclocked directives are not supported.
** Error: prueba.sv(29): (vlog-2730) Undefined variable: 'clk'.
** Error (suppressible): prueba.sv(31): (vlog-1957) The sva directive is not sensitive to a clock. Unclocked directives are not supported.
** Error: prueba.sv(9): (vlog-2730) Undefined variable: 'clk'.",54.518685817718506,2581,388
"module case41(input int temp, output logic warning);
    always_comb begin
        case(temp)
            0:10: warning = 0;   // safe
            11:20: warning = 1;  // moderate
            21:30: warning = 1;  // high
            default: warning = 1; // out of range
        endcase
    end
endmodule","property p_warning_0;
@(posedge clk) (temp >= 0 && temp <= 10) |-> (warning == 0);
endproperty
assert property (p_warning_0);

property p_warning_1_low;
@(posedge clk) (temp >= 11 && temp <= 20) |-> (warning == 1);
endproperty
assert property (p_warning_1_low);

property p_warning_1_high;
@(posedge clk) (temp >= 21 && temp <= 30) |-> (warning == 1);
endproperty
assert property (p_warning_1_high);

property p_warning_default;
@(posedge clk) (temp < 0 || temp > 30) |-> (warning == 1);
endproperty
assert property (p_warning_default);","** Error: prueba.sv(9): (vlog-2730) Undefined variable: 'clk'.
** Error (suppressible): prueba.sv(11): (vlog-1957) The sva directive is not sensitive to a clock. Unclocked directives are not supported.
** Error: prueba.sv(14): (vlog-2730) Undefined variable: 'clk'.
** Error (suppressible): prueba.sv(16): (vlog-1957) The sva directive is not sensitive to a clock. Unclocked directives are not supported.
** Error: prueba.sv(19): (vlog-2730) Undefined variable: 'clk'.
** Error (suppressible): prueba.sv(21): (vlog-1957) The sva directive is not sensitive to a clock. Unclocked directives are not supported.
** Error: prueba.sv(24): (vlog-2730) Undefined variable: 'clk'.
** Error (suppressible): prueba.sv(26): (vlog-1957) The sva directive is not sensitive to a clock. Unclocked directives are not supported.
** Error: prueba.sv(9): (vlog-2730) Undefined variable: 'clk'.",29.056732416152958,2521,212
"module case42(input int score, output logic [1:0] grade);
    always_comb begin
        case(score)
            0:49: grade = 2'b00;   // F
            50:69: grade = 2'b01;  // D-C
            70:89: grade = 2'b10;  // B
            90:100: grade = 2'b11; // A
            default: grade = 2'b00; // invalid
        endcase
    end
endmodule
","property p_grade_0_49;
@(posedge clk) (score >= 0 && score <= 49) |-> (grade == 2'b00);
endproperty
assert property (p_grade_0_49);

property p_grade_50_69;
@(posedge clk) (score >= 50 && score <= 69) |-> (grade == 2'b01);
endproperty
assert property (p_grade_50_69);

property p_grade_70_89;
@(posedge clk) (score >= 70 && score <= 89) |-> (grade == 2'b10);
endproperty
assert property (p_grade_70_89);

property p_grade_90_100;
@(posedge clk) (score >= 90 && score <= 100) |-> (grade == 2'b11);
endproperty
assert property (p_grade_90_100);

property p_grade_default;
@(posedge clk) (score < 0 || score > 100) |-> (grade == 2'b00);
endproperty
assert property (p_grade_default);","** Error: prueba.sv(9): (vlog-2730) Undefined variable: 'clk'.
** Error (suppressible): prueba.sv(11): (vlog-1957) The sva directive is not sensitive to a clock. Unclocked directives are not supported.
** Error: prueba.sv(14): (vlog-2730) Undefined variable: 'clk'.
** Error (suppressible): prueba.sv(16): (vlog-1957) The sva directive is not sensitive to a clock. Unclocked directives are not supported.
** Error: prueba.sv(19): (vlog-2730) Undefined variable: 'clk'.
** Error (suppressible): prueba.sv(21): (vlog-1957) The sva directive is not sensitive to a clock. Unclocked directives are not supported.
** Error: prueba.sv(24): (vlog-2730) Undefined variable: 'clk'.
** Error (suppressible): prueba.sv(26): (vlog-1957) The sva directive is not sensitive to a clock. Unclocked directives are not supported.
** Error: prueba.sv(29): (vlog-2730) Undefined variable: 'clk'.
** Error (suppressible): prueba.sv(31): (vlog-1957) The sva directive is not sensitive to a clock. Unclocked directives are not supported.
** Error: prueba.sv(9): (vlog-2730) Undefined variable: 'clk'.",43.16752791404724,2556,308
"module case43(input int temp, output logic [1:0] fan_speed);
    always_comb begin
        case(temp)
            0:25: fan_speed = 0;   // off
            26:50: fan_speed = 1;  // low
            51:75: fan_speed = 2;  // medium
            76:100: fan_speed = 3; // high
            default: fan_speed = 0;
        endcase
    end
endmodule
","property p_fan_speed_0;
@(posedge clk) (temp >= 0 && temp <= 25) |-> (fan_speed == 0);
endproperty
assert property (p_fan_speed_0);

property p_fan_speed_1;
@(posedge clk) (temp >= 26 && temp <= 50) |-> (fan_speed == 1);
endproperty
assert property (p_fan_speed_1);

property p_fan_speed_2;
@(posedge clk) (temp >= 51 && temp <= 75) |-> (fan_speed == 2);
endproperty
assert property (p_fan_speed_2);

property p_fan_speed_3;
@(posedge clk) (temp >= 76 && temp <= 100) |-> (fan_speed == 3);
endproperty
assert property (p_fan_speed_3);

property p_fan_speed_default;
@(posedge clk) (temp < 0 || temp > 100) |-> (fan_speed == 0);
endproperty
assert property (p_fan_speed_default);","** Error: prueba.sv(9): (vlog-2730) Undefined variable: 'clk'.
** Error (suppressible): prueba.sv(11): (vlog-1957) The sva directive is not sensitive to a clock. Unclocked directives are not supported.
** Error: prueba.sv(14): (vlog-2730) Undefined variable: 'clk'.
** Error (suppressible): prueba.sv(16): (vlog-1957) The sva directive is not sensitive to a clock. Unclocked directives are not supported.
** Error: prueba.sv(19): (vlog-2730) Undefined variable: 'clk'.
** Error (suppressible): prueba.sv(21): (vlog-1957) The sva directive is not sensitive to a clock. Unclocked directives are not supported.
** Error: prueba.sv(24): (vlog-2730) Undefined variable: 'clk'.
** Error (suppressible): prueba.sv(26): (vlog-1957) The sva directive is not sensitive to a clock. Unclocked directives are not supported.
** Error: prueba.sv(29): (vlog-2730) Undefined variable: 'clk'.
** Error (suppressible): prueba.sv(31): (vlog-1957) The sva directive is not sensitive to a clock. Unclocked directives are not supported.
** Error: prueba.sv(9): (vlog-2730) Undefined variable: 'clk'.",39.62439179420471,2545,286
"module case44(input int load, output logic [2:0] power);
    always_comb begin
        case(load)
            0:10: power = 3'b001;   // very low
            11:20: power = 3'b010;  // low
            21:50: power = 3'b100;  // medium
            51:100: power = 3'b111; // high
            default: power = 3'b000;
        endcase
    end
endmodule
","property p_power_0_to_10;
@(posedge clk) (load >= 0 && load <= 10) |-> (power == 3'b001);
endproperty
assert property (p_power_0_to_10);

property p_power_11_to_20;
@(posedge clk) (load >= 11 && load <= 20) |-> (power == 3'b010);
endproperty
assert property (p_power_11_to_20);

property p_power_21_to_50;
@(posedge clk) (load >= 21 && load <= 50) |-> (power == 3'b100);
endproperty
assert property (p_power_21_to_50);

property p_power_51_to_100;
@(posedge clk) (load >= 51 && load <= 100) |-> (power == 3'b111);
endproperty
assert property (p_power_51_to_100);

property p_power_default;
@(posedge clk) (load < 0 || load > 100) |-> (power == 3'b000);
endproperty
assert property (p_power_default);","** Error: prueba.sv(9): (vlog-2730) Undefined variable: 'clk'.
** Error (suppressible): prueba.sv(11): (vlog-1957) The sva directive is not sensitive to a clock. Unclocked directives are not supported.
** Error: prueba.sv(14): (vlog-2730) Undefined variable: 'clk'.
** Error (suppressible): prueba.sv(16): (vlog-1957) The sva directive is not sensitive to a clock. Unclocked directives are not supported.
** Error: prueba.sv(19): (vlog-2730) Undefined variable: 'clk'.
** Error (suppressible): prueba.sv(21): (vlog-1957) The sva directive is not sensitive to a clock. Unclocked directives are not supported.
** Error: prueba.sv(24): (vlog-2730) Undefined variable: 'clk'.
** Error (suppressible): prueba.sv(26): (vlog-1957) The sva directive is not sensitive to a clock. Unclocked directives are not supported.
** Error: prueba.sv(29): (vlog-2730) Undefined variable: 'clk'.
** Error (suppressible): prueba.sv(31): (vlog-1957) The sva directive is not sensitive to a clock. Unclocked directives are not supported.
** Error: prueba.sv(9): (vlog-2730) Undefined variable: 'clk'.",45.73932766914368,2560,329
"module case48(input int hp, output logic [1:0] status);
    always_comb begin
        case(hp)
            0:25: status = 2'b00;   // critical
            26:50: status = 2'b01;  // weak
            51:75: status = 2'b10;  // healthy
            76:100: status = 2'b11; // full
            default: status = 2'b00;
        endcase
    end
endmodule
","property p_status_00_assign;
@(posedge clk) (hp >= 0 && hp <= 25) |-> (status == 2'b00);
endproperty
assert property (p_status_00_assign);

property p_status_01_assign;
@(posedge clk) (hp >= 26 && hp <= 50) |-> (status == 2'b01);
endproperty
assert property (p_status_01_assign);

property p_status_10_assign;
@(posedge clk) (hp >= 51 && hp <= 75) |-> (status == 2'b10);
endproperty
assert property (p_status_10_assign);

property p_status_11_assign;
@(posedge clk) (hp >= 76 && hp <= 100) |-> (status == 2'b11);
endproperty
assert property (p_status_11_assign);

property p_status_default_assign;
@(posedge clk) (hp < 0 || hp > 100) |-> (status == 2'b00);
endproperty
assert property (p_status_default_assign);","** Error: prueba.sv(9): (vlog-2730) Undefined variable: 'clk'.
** Error (suppressible): prueba.sv(11): (vlog-1957) The sva directive is not sensitive to a clock. Unclocked directives are not supported.
** Error: prueba.sv(14): (vlog-2730) Undefined variable: 'clk'.
** Error (suppressible): prueba.sv(16): (vlog-1957) The sva directive is not sensitive to a clock. Unclocked directives are not supported.
** Error: prueba.sv(19): (vlog-2730) Undefined variable: 'clk'.
** Error (suppressible): prueba.sv(21): (vlog-1957) The sva directive is not sensitive to a clock. Unclocked directives are not supported.
** Error: prueba.sv(24): (vlog-2730) Undefined variable: 'clk'.
** Error (suppressible): prueba.sv(26): (vlog-1957) The sva directive is not sensitive to a clock. Unclocked directives are not supported.
** Error: prueba.sv(29): (vlog-2730) Undefined variable: 'clk'.
** Error (suppressible): prueba.sv(31): (vlog-1957) The sva directive is not sensitive to a clock. Unclocked directives are not supported.
** Error: prueba.sv(9): (vlog-2730) Undefined variable: 'clk'.",42.46537041664124,2555,304
"module fsm51(
    input logic clk, reset,
    output logic state_out
);
    typedef enum logic [0:0] {S0, S1} state_t;
    state_t state, next_state;

    // Next-state logic
    always_comb begin
        case(state)
            S0: next_state = S1;
            S1: next_state = S0;
            default: next_state = S0;
        endcase
    end

    // State register
    always_ff @(posedge clk or posedge reset) begin
        if(reset)
            state <= S0;
        else
            state <= next_state;
    end

    // Output logic (Moore)
    assign state_out = (state == S1);
endmodule
","property p_reset_state;
@(posedge clk) reset |-> (state == S0);
endproperty
assert property (p_reset_state);

property p_next_state_S0;
@(posedge clk) disable iff (reset) (state == S0) |-> (next_state == S1);
endproperty
assert property (p_next_state_S0);

property p_next_state_S1;
@(posedge clk) disable iff (reset) (state == S1) |-> (next_state == S0);
endproperty
assert property (p_next_state_S1);

property p_next_state_default;
@(posedge clk) disable iff (reset) (state != S0 && state != S1) |-> (next_state == S0);
endproperty
assert property (p_next_state_default);",OK,30.787816047668457,2546,215
"module fsm52(
    input logic clk, reset, in_bit,
    output logic detected
);
    typedef enum logic [1:0] {IDLE, S1, S2} state_t;
    state_t state, next_state;

    always_comb begin
        case(state)
            IDLE: next_state = (in_bit) ? S1 : IDLE;
            S1:   next_state = (in_bit) ? S2 : IDLE;
            S2:   next_state = (in_bit) ? S2 : IDLE;
            default: next_state = IDLE;
        endcase
    end

    always_ff @(posedge clk or posedge reset) begin
        if(reset) state <= IDLE;
        else state <= next_state;
    end

    assign detected = (state == S2);
endmodule
","property p_reset_state;
@(posedge clk) reset |=> (state == IDLE);
endproperty
assert property (p_reset_state);

property p_idle_to_s1;
@(posedge clk) disable iff (reset) (state == IDLE && in_bit) |=> (state == S1);
endproperty
assert property (p_idle_to_s1);

property p_s1_to_s2;
@(posedge clk) disable iff (reset) (state == S1 && in_bit) |=> (state == S2);
endproperty
assert property (p_s1_to_s2);

property p_s2_loop;
@(posedge clk) disable iff (reset) (state == S2 && in_bit) |=> (state == S2);
endproperty
assert property (p_s2_loop);

property p_idle_remain;
@(posedge clk) disable iff (reset) (state == IDLE && !in_bit) |=> (state == IDLE);
endproperty
assert property (p_idle_remain);

property p_s1_to_idle;
@(posedge clk) disable iff (reset) (state == S1 && !in_bit) |=> (state == IDLE);
endproperty
assert property (p_s1_to_idle);

property p_s2_to_idle;
@(posedge clk) disable iff (reset) (state == S2 && !in_bit) |=> (state == IDLE);
endproperty
assert property (p_s2_to_idle);",OK,54.13678860664368,2583,387
"module fsm53(
    input logic clk, reset,
    output logic [2:0] light
);
    typedef enum logic [1:0] {RED, GREEN, YELLOW} state_t;
    state_t state, next_state;

    always_comb begin
        case(state)
            RED:    next_state = GREEN;
            GREEN:  next_state = YELLOW;
            YELLOW: next_state = RED;
            default: next_state = RED;
        endcase
    end

    always_ff @(posedge clk or posedge reset) begin
        if(reset) state <= RED;
        else state <= next_state;
    end

    always_comb begin
        case(state)
            RED: light = 3'b100;
            GREEN: light = 3'b001;
            YELLOW: light = 3'b010;
            default: light = 3'b100;
        endcase
    end
endmodule
","property p_reset_state;
@(posedge clk) reset |=> (state == RED);
endproperty
assert property (p_reset_state);

property p_red_to_green;
@(posedge clk) disable iff (reset) (state == RED) |-> ##1 (next_state == GREEN && light == 3'b100);
endproperty
assert property (p_red_to_green);

property p_green_to_yellow;
@(posedge clk) disable iff (reset) (state == GREEN) |-> ##1 (next_state == YELLOW && light == 3'b001);
endproperty
assert property (p_green_to_yellow);

property p_yellow_to_red;
@(posedge clk) disable iff (reset) (state == YELLOW) |-> ##1 (next_state == RED && light == 3'b010);
endproperty
assert property (p_yellow_to_red);

property p_default_to_red;
@(posedge clk) disable iff (reset) (state != RED && state != GREEN && state != YELLOW) |-> ##1 (next_state == RED && light == 3'b100);
endproperty
assert property (p_default_to_red);",OK,45.808380126953125,2628,313
"module fsm54(
    input logic clk, reset,
    output logic [1:0] count
);
    typedef enum logic [1:0] {C0, C1, C2, C3} state_t;
    state_t state, next_state;

    always_comb begin
        case(state)
            C0: next_state = C1;
            C1: next_state = C2;
            C2: next_state = C3;
            C3: next_state = C0;
            default: next_state = C0;
        endcase
    end

    always_ff @(posedge clk or posedge reset) begin
        if(reset) state <= C0;
        else state <= next_state;
    end

    assign count = state;
endmodule
","property p_reset_to_C0;
@(posedge clk) reset |=> (state == C0);
endproperty
assert property (p_reset_to_C0);

property p_C0_to_C1;
@(posedge clk) disable iff (reset) state == C0 |=> next_state == C1;
endproperty
assert property (p_C0_to_C1);

property p_C1_to_C2;
@(posedge clk) disable iff (reset) state == C1 |=> next_state == C2;
endproperty
assert property (p_C1_to_C2);

property p_C2_to_C3;
@(posedge clk) disable iff (reset) state == C2 |=> next_state == C3;
endproperty
assert property (p_C2_to_C3);

property p_C3_to_C0;
@(posedge clk) disable iff (reset) state == C3 |=> next_state == C0;
endproperty
assert property (p_C3_to_C0);

property p_default_to_C0;
@(posedge clk) disable iff (reset) state != C0 && state != C1 && state != C2 && state != C3 |=> next_state == C0;
endproperty
assert property (p_default_to_C0);",OK,46.90759563446045,2566,338
"module fsm55(
    input logic clk, reset, code_entered,
    output logic unlock
);
    typedef enum logic [1:0] {LOCKED, WAIT, UNLOCKED} state_t;
    state_t state, next_state;

    always_comb begin
        case(state)
            LOCKED: next_state = code_entered ? WAIT : LOCKED;
            WAIT:   next_state = code_entered ? UNLOCKED : LOCKED;
            UNLOCKED: next_state = LOCKED;
            default: next_state = LOCKED;
        endcase
    end

    always_ff @(posedge clk or posedge reset) begin
        if(reset) state <= LOCKED;
        else state <= next_state;
    end

    assign unlock = (state == UNLOCKED);
endmodule
","property p_reset_state;
@(posedge clk) reset |=> (state == LOCKED);
endproperty
assert property (p_reset_state);

property p_locked_to_wait;
@(posedge clk) disable iff (reset)
(state == LOCKED && code_entered) |-> (next_state == WAIT);
endproperty
assert property (p_locked_to_wait);

property p_locked_stay;
@(posedge clk) disable iff (reset)
(state == LOCKED && !code_entered) |-> (next_state == LOCKED);
endproperty
assert property (p_locked_stay);

property p_wait_to_unlocked;
@(posedge clk) disable iff (reset)
(state == WAIT && code_entered) |-> (next_state == UNLOCKED);
endproperty
assert property (p_wait_to_unlocked);

property p_wait_back_to_locked;
@(posedge clk) disable iff (reset)
(state == WAIT && !code_entered) |-> (next_state == LOCKED);
endproperty
assert property (p_wait_back_to_locked);

property p_unlocked_to_locked;
@(posedge clk) disable iff (reset)
(state == UNLOCKED) |-> (next_state == LOCKED);
endproperty
assert property (p_unlocked_to_locked);

property p_default_to_locked;
@(posedge clk) disable iff (reset)
(state != LOCKED && state != WAIT && state != UNLOCKED) |-> (next_state == LOCKED);
endproperty
assert property (p_default_to_locked);",OK,56.0331871509552,2569,405
"module fsm56(
    input logic clk, reset, coin,
    output logic dispense
);
    typedef enum logic [1:0] {S0, S1, S2} state_t;
    state_t state, next_state;

    always_comb begin
        case(state)
            S0: next_state = coin ? S1 : S0;
            S1: next_state = coin ? S2 : S1;
            S2: next_state = S0;
            default: next_state = S0;
        endcase
    end

    always_ff @(posedge clk or posedge reset) begin
        if(reset) state <= S0;
        else state <= next_state;
    end

    assign dispense = (state == S2);
endmodule
","property p_reset_state;
@(posedge clk) reset |=> (state == S0);
endproperty
assert property (p_reset_state);

property p_state_update;
@(posedge clk) disable iff (reset)
(state == $past(next_state));
endproperty
assert property (p_state_update);

property p_s0_to_s1;
@(posedge clk) disable iff (reset)
(state == S0 && coin) |=> (state == S1);
endproperty
assert property (p_s0_to_s1);

property p_s1_to_s2;
@(posedge clk) disable iff (reset)
(state == S1 && coin) |=> (state == S2);
endproperty
assert property (p_s1_to_s2);

property p_s2_to_s0;
@(posedge clk) disable iff (reset)
(state == S2) |=> (state == S0);
endproperty
assert property (p_s2_to_s0);

property p_default_next_state;
@(posedge clk) disable iff (reset)
(state != S0 && state != S1 && state != S2) |=> (state == S0);
endproperty
assert property (p_default_next_state);",OK,45.54375171661377,2564,327
"module fsm57(
    input logic clk, reset, start,
    output logic a, b
);
    typedef enum logic [1:0] {IDLE, STATE1, STATE2} state_t;
    state_t state, next_state;

    always_comb begin
        case(state)
            IDLE: next_state = start ? STATE1 : IDLE;
            STATE1: next_state = STATE2;
            STATE2: next_state = IDLE;
            default: next_state = IDLE;
        endcase
    end

    always_ff @(posedge clk or posedge reset) begin
        if(reset) state <= IDLE;
        else state <= next_state;
    end

    always_comb begin
        case(state)
            IDLE:   begin a=0; b=0; end
            STATE1: begin a=1; b=0; end
            STATE2: begin a=0; b=1; end
            default: begin a=0; b=0; end
        endcase
    end
endmodule
","property p_reset_state;
@(posedge clk) reset |=> (state == IDLE);
endproperty
assert property (p_reset_state);

property p_idle_to_state1;
@(posedge clk) disable iff (reset) (state == IDLE && start) |=> (state == STATE1);
endproperty
assert property (p_idle_to_state1);

property p_state1_to_state2;
@(posedge clk) disable iff (reset) (state == STATE1) |=> (state == STATE2);
endproperty
assert property (p_state1_to_state2);

property p_state2_to_idle;
@(posedge clk) disable iff (reset) (state == STATE2) |=> (state == IDLE);
endproperty
assert property (p_state2_to_idle);

property p_default_next_state;
@(posedge clk) disable iff (reset) (state != IDLE && state != STATE1 && state != STATE2) |-> (next_state == IDLE);
endproperty
assert property (p_default_next_state);

property p_idle_a0_b0;
@(posedge clk) disable iff (reset) (state == IDLE) |-> (a == 0 && b == 0);
endproperty
assert property (p_idle_a0_b0);

property p_state1_a1_b0;
@(posedge clk) disable iff (reset) (state == STATE1) |-> (a == 1 && b == 0);
endproperty
assert property (p_state1_a1_b0);

property p_state2_a0_b1;
@(posedge clk) disable iff (reset) (state == STATE2) |-> (a == 0 && b == 1);
endproperty
assert property (p_state2_a0_b1);

property p_default_a0_b0;
@(posedge clk) disable iff (reset) (state != IDLE && state != STATE1 && state != STATE2) |-> (a == 0 && b == 0);
endproperty
assert property (p_default_a0_b0);",OK,76.16377782821655,2637,532
"module fsm59(
    input logic clk, reset, trigger,
    output logic done
);
    typedef enum logic [1:0] {IDLE, BUSY, DONE} state_t;
    state_t state, next_state;
    logic [3:0] counter;

    always_comb begin
        case(state)
            IDLE:   next_state = trigger ? BUSY : IDLE;
            BUSY:   next_state = (counter==4'd10) ? DONE : BUSY;
            DONE:   next_state = IDLE;
            default: next_state = IDLE;
        endcase
    end

    always_ff @(posedge clk or posedge reset) begin
        if(reset) begin
            state <= IDLE;
            counter <= 0;
        end else begin
            state <= next_state;
            if(state==BUSY) counter <= counter+1;
            else counter <= 0;
        end
    end

    assign done = (state==DONE);
endmodule
","property p_reset_state;
@(posedge clk) reset |-> (state == IDLE);
endproperty
assert property (p_reset_state);

property p_reset_counter;
@(posedge clk) reset |-> (counter == 0);
endproperty
assert property (p_reset_counter);

property p_state_update;
@(posedge clk) disable iff (reset)
(state == $past(next_state));
endproperty
assert property (p_state_update);

property p_idle_to_busy;
@(posedge clk) disable iff (reset)
(state == IDLE && trigger) |=> (state == BUSY);
endproperty
assert property (p_idle_to_busy);

property p_busy_counter_increment;
@(posedge clk) disable iff (reset)
(state == BUSY) |-> (counter == $past(counter) + 1);
endproperty
assert property (p_busy_counter_increment);

property p_busy_to_done;
@(posedge clk) disable iff (reset)
(state == BUSY && counter == 4'd10) |=> (state == DONE);
endproperty
assert property (p_busy_to_done);

property p_done_to_idle;
@(posedge clk) disable iff (reset)
(state == DONE) |=> (state == IDLE);
endproperty
assert property (p_done_to_idle);

property p_counter_reset_nonbusy;
@(posedge clk) disable iff (reset)
(state != BUSY && state != $past(BUSY)) |-> (counter == 0);
endproperty
assert property (p_counter_reset_nonbusy);",OK,59.48768138885498,2615,419
"module fsm60(
    input logic clk, reset, in_bit,
    output logic detected
);
    typedef enum logic [1:0] {S0, S1, S2} state_t;
    state_t state, next_state;

    always_comb begin
        case(state)
            S0: next_state = in_bit ? S1 : S0;
            S1: next_state = in_bit ? S2 : S0;
            S2: next_state = in_bit ? S2 : S0;
            default: next_state = S0;
        endcase
    end

    always_ff @(posedge clk or posedge reset) begin
        if(reset) state <= S0;
        else state <= next_state;
    end

    always_comb begin
        case({state, in_bit})
            {S2,1'b0}: detected = 1; // pattern detected
            default: detected = 0;
        endcase
    end
endmodule
","property p_reset_state;
@(posedge clk) reset |-> (state == S0);
endproperty
assert property (p_reset_state);

property p_next_state_S0;
@(posedge clk) disable iff (reset) (state == S0 && in_bit) |=> (state == S1);
endproperty
assert property (p_next_state_S0);

property p_next_state_S0_no_in_bit;
@(posedge clk) disable iff (reset) (state == S0 && !in_bit) |=> (state == S0);
endproperty
assert property (p_next_state_S0_no_in_bit);

property p_next_state_S1;
@(posedge clk) disable iff (reset) (state == S1 && in_bit) |=> (state == S2);
endproperty
assert property (p_next_state_S1);

property p_next_state_S1_no_in_bit;
@(posedge clk) disable iff (reset) (state == S1 && !in_bit) |=> (state == S0);
endproperty
assert property (p_next_state_S1_no_in_bit);

property p_next_state_S2;
@(posedge clk) disable iff (reset) (state == S2 && in_bit) |=> (state == S2);
endproperty
assert property (p_next_state_S2);

property p_next_state_S2_no_in_bit;
@(posedge clk) disable iff (reset) (state == S2 && !in_bit) |=> (state == S0);
endproperty
assert property (p_next_state_S2_no_in_bit);

property p_default_next_state;
@(posedge clk) disable iff (reset) (state != S0 && state != S1 && state != S2) |=> (state == S0);
endproperty
assert property (p_default_next_state);

property p_detected_S2_with_in_bit;
@(posedge clk) ({state, in_bit} == {S2, 1'b0}) |-> (detected == 1);
endproperty
assert property (p_detected_S2_with_in_bit);

property p_default_detected;
@(posedge clk) ({state, in_bit} != {S2, 1'b0}) |-> (detected == 0);
endproperty
assert property (p_default_detected);",OK,87.35117602348328,2623,617
"module case61(
    input logic sel,
    input logic a, b,
    output logic y
);
    always_comb begin
        case(sel)
            1'b0: y = a;
            1'b1: y = b;
        endcase
    end
endmodule
","property p_y_a_assign;
@(posedge clk) (sel == 1'b0) |-> (y == a);
endproperty
assert property (p_y_a_assign);

property p_y_b_assign;
@(posedge clk) (sel == 1'b1) |-> (y == b);
endproperty
assert property (p_y_b_assign);","** Error: prueba.sv(11): (vlog-2730) Undefined variable: 'clk'.
** Error (suppressible): prueba.sv(13): (vlog-1957) The sva directive is not sensitive to a clock. Unclocked directives are not supported.
** Error: prueba.sv(16): (vlog-2730) Undefined variable: 'clk'.
** Error (suppressible): prueba.sv(18): (vlog-1957) The sva directive is not sensitive to a clock. Unclocked directives are not supported.
** Error: prueba.sv(11): (vlog-2730) Undefined variable: 'clk'.",14.63965916633606,2492,104
"module case62(
    input logic [1:0] sel,
    input logic [3:0] data,
    output logic y
);
    always_comb begin
        case(sel)
            2'b00: y = data[0];
            2'b01: y = data[1];
            2'b10: y = data[2];
            2'b11: y = data[3];
        endcase
    end
endmodule
","property p_y_data0_assign;
@(posedge clk) (sel == 2'b00) |-> (y == data[0]);
endproperty
assert property (p_y_data0_assign);

property p_y_data1_assign;
@(posedge clk) (sel == 2'b01) |-> (y == data[1]);
endproperty
assert property (p_y_data1_assign);

property p_y_data2_assign;
@(posedge clk) (sel == 2'b10) |-> (y == data[2]);
endproperty
assert property (p_y_data2_assign);

property p_y_data3_assign;
@(posedge clk) (sel == 2'b11) |-> (y == data[3]);
endproperty
assert property (p_y_data3_assign);","** Error: prueba.sv(11): (vlog-2730) Undefined variable: 'clk'.
** Error (suppressible): prueba.sv(13): (vlog-1957) The sva directive is not sensitive to a clock. Unclocked directives are not supported.
** Error: prueba.sv(16): (vlog-2730) Undefined variable: 'clk'.
** Error (suppressible): prueba.sv(18): (vlog-1957) The sva directive is not sensitive to a clock. Unclocked directives are not supported.
** Error: prueba.sv(21): (vlog-2730) Undefined variable: 'clk'.
** Error (suppressible): prueba.sv(23): (vlog-1957) The sva directive is not sensitive to a clock. Unclocked directives are not supported.
** Error: prueba.sv(26): (vlog-2730) Undefined variable: 'clk'.
** Error (suppressible): prueba.sv(28): (vlog-1957) The sva directive is not sensitive to a clock. Unclocked directives are not supported.
** Error: prueba.sv(11): (vlog-2730) Undefined variable: 'clk'.",30.47222399711609,2526,222
"module case63(
    input logic [1:0] op,
    input logic [3:0] a, b,
    output logic [3:0] result
);
    always_comb begin
        case(op)
            2'b00: result = a + b;
            2'b01: result = a - b;
            2'b10: result = a & b;
            2'b11: result = a | b;
        endcase
    end
endmodule
","property p_result_add_assign;
@(posedge clk) (op == 2'b00) |-> (result == a + b);
endproperty
assert property (p_result_add_assign);

property p_result_sub_assign;
@(posedge clk) (op == 2'b01) |-> (result == a - b);
endproperty
assert property (p_result_sub_assign);

property p_result_and_assign;
@(posedge clk) (op == 2'b10) |-> (result == a & b);
endproperty
assert property (p_result_and_assign);

property p_result_or_assign;
@(posedge clk) (op == 2'b11) |-> (result == a | b);
endproperty
assert property (p_result_or_assign);","** Error: prueba.sv(11): (vlog-2730) Undefined variable: 'clk'.
** Error (suppressible): prueba.sv(13): (vlog-1957) The sva directive is not sensitive to a clock. Unclocked directives are not supported.
** Error: prueba.sv(16): (vlog-2730) Undefined variable: 'clk'.
** Error (suppressible): prueba.sv(18): (vlog-1957) The sva directive is not sensitive to a clock. Unclocked directives are not supported.
** Error: prueba.sv(21): (vlog-2730) Undefined variable: 'clk'.
** Error (suppressible): prueba.sv(23): (vlog-1957) The sva directive is not sensitive to a clock. Unclocked directives are not supported.
** Error: prueba.sv(26): (vlog-2730) Undefined variable: 'clk'.
** Error (suppressible): prueba.sv(28): (vlog-1957) The sva directive is not sensitive to a clock. Unclocked directives are not supported.
** Error: prueba.sv(11): (vlog-2730) Undefined variable: 'clk'.",29.677447080612183,2526,214
"module case64(
    input logic [3:0] req,
    output logic [1:0] grant
);
    always_comb begin
        case(req)
            4'b0001: grant = 2'b00;
            4'b0010: grant = 2'b01;
            4'b0100: grant = 2'b10;
            4'b1000: grant = 2'b11;
            default: grant = 2'b00;
        endcase
    end
endmodule
","property p_grant_00_assign;
@(posedge clk) (req == 4'b0001) |-> (grant == 2'b00);
endproperty
assert property (p_grant_00_assign);

property p_grant_01_assign;
@(posedge clk) (req == 4'b0010) |-> (grant == 2'b01);
endproperty
assert property (p_grant_01_assign);

property p_grant_10_assign;
@(posedge clk) (req == 4'b0100) |-> (grant == 2'b10);
endproperty
assert property (p_grant_10_assign);

property p_grant_11_assign;
@(posedge clk) (req == 4'b1000) |-> (grant == 2'b11);
endproperty
assert property (p_grant_11_assign);

property p_grant_default_assign;
@(posedge clk) (req != 4'b0001 && req != 4'b0010 && req != 4'b0100 && req != 4'b1000) |-> (grant == 2'b00);
endproperty
assert property (p_grant_default_assign);","** Error: prueba.sv(10): (vlog-2730) Undefined variable: 'clk'.
** Error (suppressible): prueba.sv(12): (vlog-1957) The sva directive is not sensitive to a clock. Unclocked directives are not supported.
** Error: prueba.sv(15): (vlog-2730) Undefined variable: 'clk'.
** Error (suppressible): prueba.sv(17): (vlog-1957) The sva directive is not sensitive to a clock. Unclocked directives are not supported.
** Error: prueba.sv(20): (vlog-2730) Undefined variable: 'clk'.
** Error (suppressible): prueba.sv(22): (vlog-1957) The sva directive is not sensitive to a clock. Unclocked directives are not supported.
** Error: prueba.sv(25): (vlog-2730) Undefined variable: 'clk'.
** Error (suppressible): prueba.sv(27): (vlog-1957) The sva directive is not sensitive to a clock. Unclocked directives are not supported.
** Error: prueba.sv(30): (vlog-2730) Undefined variable: 'clk'.
** Error (suppressible): prueba.sv(32): (vlog-1957) The sva directive is not sensitive to a clock. Unclocked directives are not supported.
** Error: prueba.sv(10): (vlog-2730) Undefined variable: 'clk'.",46.04628324508667,2559,332
"module case65(
    input logic [3:0] val,
    output logic match
);
    always_comb begin
        case(val)
            4'd1, 4'd3, 4'd5, 4'd7: match = 1; // selected values
            default: match = 0;
        endcase
    end
endmodule
","property p_match_1_assign;
@(posedge clk) (val == 4'd1 || val == 4'd3 || val == 4'd5 || val == 4'd7) |-> (match == 1);
endproperty
assert property (p_match_1_assign);

property p_match_0_assign;
@(posedge clk) !(val == 4'd1 || val == 4'd3 || val == 4'd5 || val == 4'd7) |-> (match == 0);
endproperty
assert property (p_match_0_assign);","** Error: prueba.sv(10): (vlog-2730) Undefined variable: 'clk'.
** Error (suppressible): prueba.sv(12): (vlog-1957) The sva directive is not sensitive to a clock. Unclocked directives are not supported.
** Error: prueba.sv(15): (vlog-2730) Undefined variable: 'clk'.
** Error (suppressible): prueba.sv(17): (vlog-1957) The sva directive is not sensitive to a clock. Unclocked directives are not supported.
** Error: prueba.sv(10): (vlog-2730) Undefined variable: 'clk'.",21.524815559387207,2510,154
"module case67(
    input logic [1:0] gray,
    output logic [1:0] bin
);
    always_comb begin
        case(gray)
            2'b00: bin = 2'b00;
            2'b01: bin = 2'b01;
            2'b11: bin = 2'b10;
            2'b10: bin = 2'b11;
        endcase
    end
endmodule
","property p_bin_00_assign;
@(posedge clk) (gray == 2'b00) |-> (bin == 2'b00);
endproperty
assert property (p_bin_00_assign);

property p_bin_01_assign;
@(posedge clk) (gray == 2'b01) |-> (bin == 2'b01);
endproperty
assert property (p_bin_01_assign);

property p_bin_11_assign;
@(posedge clk) (gray == 2'b11) |-> (bin == 2'b10);
endproperty
assert property (p_bin_11_assign);

property p_bin_10_assign;
@(posedge clk) (gray == 2'b10) |-> (bin == 2'b11);
endproperty
assert property (p_bin_10_assign);","** Error: prueba.sv(10): (vlog-2730) Undefined variable: 'clk'.
** Error (suppressible): prueba.sv(12): (vlog-1957) The sva directive is not sensitive to a clock. Unclocked directives are not supported.
** Error: prueba.sv(15): (vlog-2730) Undefined variable: 'clk'.
** Error (suppressible): prueba.sv(17): (vlog-1957) The sva directive is not sensitive to a clock. Unclocked directives are not supported.
** Error: prueba.sv(20): (vlog-2730) Undefined variable: 'clk'.
** Error (suppressible): prueba.sv(22): (vlog-1957) The sva directive is not sensitive to a clock. Unclocked directives are not supported.
** Error: prueba.sv(25): (vlog-2730) Undefined variable: 'clk'.
** Error (suppressible): prueba.sv(27): (vlog-1957) The sva directive is not sensitive to a clock. Unclocked directives are not supported.
** Error: prueba.sv(10): (vlog-2730) Undefined variable: 'clk'.",32.50223207473755,2538,234
"module case68(
    input logic [3:0] num,
    output logic even
);
    always_comb begin
        case(num[0])
            1'b0: even = 1;
            1'b1: even = 0;
        endcase
    end
endmodule
","property p_even_assign_zero;
@(posedge clk) (num[0] == 1'b0) |-> (even == 1);
endproperty
assert property (p_even_assign_zero);

property p_even_assign_one;
@(posedge clk) (num[0] == 1'b1) |-> (even == 0);
endproperty
assert property (p_even_assign_one);","** Error: prueba.sv(10): (vlog-2730) Undefined variable: 'clk'.
** Error (suppressible): prueba.sv(12): (vlog-1957) The sva directive is not sensitive to a clock. Unclocked directives are not supported.
** Error: prueba.sv(15): (vlog-2730) Undefined variable: 'clk'.
** Error (suppressible): prueba.sv(17): (vlog-1957) The sva directive is not sensitive to a clock. Unclocked directives are not supported.
** Error: prueba.sv(10): (vlog-2730) Undefined variable: 'clk'.",15.61114764213562,2496,112
"module case69(
    input logic [1:0] sel,
    output logic [3:0] leds
);
    always_comb begin
        case(sel)
            2'b00: leds = 4'b0001;
            2'b01: leds = 4'b0010;
            2'b10: leds = 4'b0100;
            2'b11: leds = 4'b1000;
        endcase
    end
endmodule
","property p_leds_00_assign;
@(posedge clk) (sel == 2'b00) |-> (leds == 4'b0001);
endproperty
assert property (p_leds_00_assign);

property p_leds_01_assign;
@(posedge clk) (sel == 2'b01) |-> (leds == 4'b0010);
endproperty
assert property (p_leds_01_assign);

property p_leds_10_assign;
@(posedge clk) (sel == 2'b10) |-> (leds == 4'b0100);
endproperty
assert property (p_leds_10_assign);

property p_leds_11_assign;
@(posedge clk) (sel == 2'b11) |-> (leds == 4'b1000);
endproperty
assert property (p_leds_11_assign);","** Error: prueba.sv(10): (vlog-2730) Undefined variable: 'clk'.
** Error (suppressible): prueba.sv(12): (vlog-1957) The sva directive is not sensitive to a clock. Unclocked directives are not supported.
** Error: prueba.sv(15): (vlog-2730) Undefined variable: 'clk'.
** Error (suppressible): prueba.sv(17): (vlog-1957) The sva directive is not sensitive to a clock. Unclocked directives are not supported.
** Error: prueba.sv(20): (vlog-2730) Undefined variable: 'clk'.
** Error (suppressible): prueba.sv(22): (vlog-1957) The sva directive is not sensitive to a clock. Unclocked directives are not supported.
** Error: prueba.sv(25): (vlog-2730) Undefined variable: 'clk'.
** Error (suppressible): prueba.sv(27): (vlog-1957) The sva directive is not sensitive to a clock. Unclocked directives are not supported.
** Error: prueba.sv(10): (vlog-2730) Undefined variable: 'clk'.",35.442606687545776,2546,254
"module case70(
    input logic [1:0] op,
    input logic [3:0] a, b,
    output logic [7:0] result
);
    always_comb begin
        case(op)
            2'b00: result = a + b;
            2'b01: result = a - b;
            2'b10: result = a * b;
            2'b11: result = a / (b != 0 ? b : 1);
        endcase
    end
endmodule
","property p_result_add;
@(posedge clk) (op == 2'b00) |-> (result == a + b);
endproperty
assert property (p_result_add);

property p_result_sub;
@(posedge clk) (op == 2'b01) |-> (result == a - b);
endproperty
assert property (p_result_sub);

property p_result_mul;
@(posedge clk) (op == 2'b10) |-> (result == a * b);
endproperty
assert property (p_result_mul);

property p_result_div;
@(posedge clk) (op == 2'b11 && b != 0) |-> (result == a / b);
endproperty
assert property (p_result_div);

property p_result_div_by_zero;
@(posedge clk) (op == 2'b11 && b == 0) |-> (result == a / 1);
endproperty
assert property (p_result_div_by_zero);","** Error: prueba.sv(11): (vlog-2730) Undefined variable: 'clk'.
** Error (suppressible): prueba.sv(13): (vlog-1957) The sva directive is not sensitive to a clock. Unclocked directives are not supported.
** Error: prueba.sv(16): (vlog-2730) Undefined variable: 'clk'.
** Error (suppressible): prueba.sv(18): (vlog-1957) The sva directive is not sensitive to a clock. Unclocked directives are not supported.
** Error: prueba.sv(21): (vlog-2730) Undefined variable: 'clk'.
** Error (suppressible): prueba.sv(23): (vlog-1957) The sva directive is not sensitive to a clock. Unclocked directives are not supported.
** Error: prueba.sv(26): (vlog-2730) Undefined variable: 'clk'.
** Error (suppressible): prueba.sv(28): (vlog-1957) The sva directive is not sensitive to a clock. Unclocked directives are not supported.
** Error: prueba.sv(31): (vlog-2730) Undefined variable: 'clk'.
** Error (suppressible): prueba.sv(33): (vlog-1957) The sva directive is not sensitive to a clock. Unclocked directives are not supported.
** Error: prueba.sv(11): (vlog-2730) Undefined variable: 'clk'.",36.37893104553223,2535,265
"module seq_case71(
    input logic clk, reset,
    output logic [1:0] count
);
    always_ff @(posedge clk or posedge reset) begin
        if(reset)
            count <= 2'b00;
        else
            case(count)
                2'b00: count <= 2'b01;
                2'b01: count <= 2'b10;
                2'b10: count <= 2'b11;
                2'b11: count <= 2'b00;
                default: count <= 2'b00;
            endcase
    end
endmodule
","property p_reset_count;
@(posedge clk) reset |=> (count == 2'b00);
endproperty
assert property (p_reset_count);

property p_count_00_to_01;
@(posedge clk) disable iff (reset) (count == 2'b00) |-> nexttime (count == 2'b01);
endproperty
assert property (p_count_00_to_01);

property p_count_01_to_10;
@(posedge clk) disable iff (reset) (count == 2'b01) |-> nexttime (count == 2'b10);
endproperty
assert property (p_count_01_to_10);

property p_count_10_to_11;
@(posedge clk) disable iff (reset) (count == 2'b10) |-> nexttime (count == 2'b11);
endproperty
assert property (p_count_10_to_11);

property p_count_11_to_00;
@(posedge clk) disable iff (reset) (count == 2'b11) |-> nexttime (count == 2'b00);
endproperty
assert property (p_count_11_to_00);",OK,46.69071173667908,2580,328
"module seq_case72(
    input logic clk, reset,
    output logic [1:0] state
);
    always_ff @(posedge clk or posedge reset) begin
        if(reset)
            state <= 2'b00;
        else
            case(state)
                2'b00: state <= 2'b01;
                2'b01: state <= 2'b10;
                2'b10: state <= 2'b00;
                default: state <= 2'b00;
            endcase
    end
endmodule
","property p_reset_state;
@(posedge clk) reset |=> (state == 2'b00);
endproperty
assert property (p_reset_state);

property p_state_transition_00_to_01;
@(posedge clk) disable iff (reset) (state == 2'b00) |=> (state == 2'b01);
endproperty
assert property (p_state_transition_00_to_01);

property p_state_transition_01_to_10;
@(posedge clk) disable iff (reset) (state == 2'b01) |=> (state == 2'b10);
endproperty
assert property (p_state_transition_01_to_10);

property p_state_transition_10_to_00;
@(posedge clk) disable iff (reset) (state == 2'b10) |=> (state == 2'b00);
endproperty
assert property (p_state_transition_10_to_00);

property p_default_state_transition;
@(posedge clk) disable iff (reset) (state != 2'b00 && state != 2'b01 && state != 2'b10) |=> (state == 2'b00);
endproperty
assert property (p_default_state_transition);",OK,47.28905248641968,2563,342
"module seq_case73(
    input logic clk, reset, serial_in,
    output logic [3:0] q
);
    always_ff @(posedge clk or posedge reset) begin
        if(reset)
            q <= 4'b0000;
        else
            case(q)
                default: q <= {q[2:0], serial_in}; // shift left
            endcase
    end
endmodule
","property p_reset_state;
@(posedge clk) reset |-> (q == 4'b0000);
endproperty
assert property (p_reset_state);

property p_shift_behavior;
@(posedge clk) !reset |=> (q == { $past(q[2:0]), serial_in });
endproperty
assert property (p_shift_behavior);",OK,14.470690250396729,2519,100
"module seq_case74(
    input logic clk, reset, in_bit,
    output logic detected
);
    typedef enum logic [1:0] {S0, S1, S2} state_t;
    state_t state, next_state;

    always_comb begin
        case(state)
            S0: next_state = in_bit ? S1 : S0;
            S1: next_state = in_bit ? S2 : S0;
            S2: next_state = in_bit ? S2 : S0;
            default: next_state = S0;
        endcase
    end

    always_ff @(posedge clk or posedge reset) begin
        if(reset) state <= S0;
        else state <= next_state;
    end

    assign detected = (state == S2);
endmodule
","property p_reset_state;
@(posedge clk) reset |=> (state == S0);
endproperty
assert property (p_reset_state);

property p_state_update;
@(posedge clk) disable iff (reset)
(state == $past(next_state));
endproperty
assert property (p_state_update);

property p_s0_to_s1;
@(posedge clk) disable iff (reset)
(state == S0 && in_bit) |=> (state == S1);
endproperty
assert property (p_s0_to_s1);

property p_s0_stay;
@(posedge clk) disable iff (reset)
(state == S0 && !in_bit) |=> (state == S0);
endproperty
assert property (p_s0_stay);

property p_s1_to_s2;
@(posedge clk) disable iff (reset)
(state == S1 && in_bit) |=> (state == S2);
endproperty
assert property (p_s1_to_s2);

property p_s1_to_s0;
@(posedge clk) disable iff (reset)
(state == S1 && !in_bit) |=> (state == S0);
endproperty
assert property (p_s1_to_s0);

property p_s2_stay;
@(posedge clk) disable iff (reset)
(state == S2 && in_bit) |=> (state == S2);
endproperty
assert property (p_s2_stay);

property p_s2_to_s0;
@(posedge clk) disable iff (reset)
(state == S2 && !in_bit) |=> (state == S0);
endproperty
assert property (p_s2_to_s0);",OK,61.5922122001648,2575,446
"module seq_case75(
    input logic clk, reset, enable,
    output logic [3:0] count
);
    always_ff @(posedge clk or posedge reset) begin
        if(reset)
            count <= 4'b0000;
        else
            case(enable)
                1'b0: count <= count;      // hold
                1'b1: count <= count + 1;  // increment
                default: count <= 4'b0000;
            endcase
    end
endmodule
","property p_reset_count;
@(posedge clk) reset |=> (count == 4'b0000);
endproperty
assert property (p_reset_count);

property p_count_no_change;
@(posedge clk) disable iff (reset) (enable == 1'b0) |-> (count == $past(count));
endproperty
assert property (p_count_no_change);

property p_count_increment;
@(posedge clk) disable iff (reset) (enable == 1'b1) |-> (count == $past(count) + 1);
endproperty
assert property (p_count_increment);

property p_count_default_reset;
@(posedge clk) disable iff (reset) (enable != 1'b0 && enable != 1'b1) |-> (count == 4'b0000);
endproperty
assert property (p_count_default_reset);",OK,32.33528423309326,2543,233
"module seq_case76(
    input logic clk, reset, start,
    output logic a, b
);
    typedef enum logic [1:0] {IDLE, STATE1, STATE2} state_t;
    state_t state, next_state;

    always_comb begin
        case(state)
            IDLE: next_state = start ? STATE1 : IDLE;
            STATE1: next_state = STATE2;
            STATE2: next_state = IDLE;
            default: next_state = IDLE;
        endcase
    end

    always_ff @(posedge clk or posedge reset) begin
        if(reset) state <= IDLE;
        else state <= next_state;
    end

    always_ff @(posedge clk) begin
        case(state)
            IDLE: begin a<=0; b<=0; end
            STATE1: begin a<=1; b<=0; end
            STATE2: begin a<=0; b<=1; end
            default: begin a<=0; b<=0; end
        endcase
    end
endmodule
","property p_reset_state;
@(posedge clk) reset |=> (state == IDLE);
endproperty
assert property (p_reset_state);

property p_idle_a_assign;
@(posedge clk) state == IDLE |-> (a == 0 && b == 0);
endproperty
assert property (p_idle_a_assign);

property p_state1_a_assign;
@(posedge clk) state == STATE1 |-> (a == 1 && b == 0);
endproperty
assert property (p_state1_a_assign);

property p_state2_a_assign;
@(posedge clk) state == STATE2 |-> (a == 0 && b == 1);
endproperty
assert property (p_state2_a_assign);

property p_default_a_assign;
@(posedge clk) (state != IDLE && state != STATE1 && state != STATE2) |-> (a == 0 && b == 0);
endproperty
assert property (p_default_a_assign);

property p_idle_to_state1;
@(posedge clk) disable iff (reset)
(state == IDLE && start) |=> (state == STATE1);
endproperty
assert property (p_idle_to_state1);

property p_state1_to_state2;
@(posedge clk) disable iff (reset)
(state == STATE1) |=> (state == STATE2);
endproperty
assert property (p_state1_to_state2);

property p_state2_to_idle;
@(posedge clk) disable iff (reset)
(state == STATE2) |=> (state == IDLE);
endproperty
assert property (p_state2_to_idle);",OK,61.81873869895935,2641,429
"module seq_case79(
    input logic clk, reset, start,
    output logic x, y
);
    typedef enum logic [1:0] {IDLE, S1, S2} state_t;
    state_t state, next_state;

    always_comb begin
        case(state)
            IDLE: next_state = start ? S1 : IDLE;
            S1: next_state = S2;
            S2: next_state = IDLE;
            default: next_state = IDLE;
        endcase
    end

    always_ff @(posedge clk or posedge reset) begin
        if(reset) state <= IDLE;
        else state <= next_state;
    end

    always_ff @(posedge clk) begin
        case(state)
            IDLE: x<=0; y<=0;
            S1: x<=1; y<=0;
            S2: x<=0; y<=1;
            default: x<=0; y<=0;
        endcase
    end
endmodule
","property p_reset_state;
@(posedge clk) reset |=> (state == IDLE);
endproperty
assert property (p_reset_state);

property p_idle_x0_y0;
@(posedge clk) state == IDLE |-> (x == 0 && y == 0);
endproperty
assert property (p_idle_x0_y0);

property p_s1_x1_y0;
@(posedge clk) state == S1 |-> (x == 1 && y == 0);
endproperty
assert property (p_s1_x1_y0);

property p_s2_x0_y1;
@(posedge clk) state == S2 |-> (x == 0 && y == 1);
endproperty
assert property (p_s2_x0_y1);

property p_default_x0_y0;
@(posedge clk) (state != IDLE && state != S1 && state != S2) |-> (x == 0 && y == 0);
endproperty
assert property (p_default_x0_y0);

property p_idle_to_s1;
@(posedge clk) (state == IDLE && start) |=> (next_state == S1);
endproperty
assert property (p_idle_to_s1);

property p_s1_to_s2;
@(posedge clk) state == S1 |=> (next_state == S2);
endproperty
assert property (p_s1_to_s2);

property p_s2_to_idle;
@(posedge clk) state == S2 |=> (next_state == IDLE);
endproperty
assert property (p_s2_to_idle);

property p_default_to_idle;
@(posedge clk) (state != IDLE && state != S1 && state != S2) |-> (next_state == IDLE);
endproperty
assert property (p_default_to_idle);",OK,68.52576971054077,2633,488
"module seq_case80(
    input logic clk, reset, sensor,
    output logic alarm
);
    typedef enum logic [1:0] {SAFE, WARN, DANGER} state_t;
    state_t state, next_state;

    always_comb begin
        case(state)
            SAFE: next_state = sensor ? WARN : SAFE;
            WARN: next_state = sensor ? DANGER : SAFE;
            DANGER: next_state = SAFE;
            default: next_state = SAFE;
        endcase
    end

    always_ff @(posedge clk or posedge reset) begin
        if(reset) state <= SAFE;
        else state <= next_state;
    end

    always_ff @(posedge clk) begin
        case(state)
            SAFE: alarm <= 0;
            WARN: alarm <= 0;
            DANGER: alarm <= 1;
            default: alarm <= 0;
        endcase
    end
endmodule
","property p_reset_to_safe;
@(posedge clk) reset |=> (state == SAFE);
endproperty
assert property (p_reset_to_safe);

property p_alarm_safe;
@(posedge clk) state == SAFE |-> alarm == 0;
endproperty
assert property (p_alarm_safe);

property p_alarm_warn;
@(posedge clk) state == WARN |-> alarm == 0;
endproperty
assert property (p_alarm_warn);

property p_alarm_danger;
@(posedge clk) state == DANGER |-> alarm == 1;
endproperty
assert property (p_alarm_danger);

property p_alarm_default;
@(posedge clk) (state != SAFE && state != WARN && state != DANGER) |-> alarm == 0;
endproperty
assert property (p_alarm_default);

property p_next_state_safe;
@(posedge clk) disable iff (reset) state == SAFE |-> next_state == (sensor ? WARN : SAFE);
endproperty
assert property (p_next_state_safe);

property p_next_state_warn;
@(posedge clk) disable iff (reset) state == WARN |-> next_state == (sensor ? DANGER : SAFE);
endproperty
assert property (p_next_state_warn);

property p_next_state_danger;
@(posedge clk) disable iff (reset) state == DANGER |-> next_state == SAFE;
endproperty
assert property (p_next_state_danger);

property p_next_state_default;
@(posedge clk) disable iff (reset) (state != SAFE && state != WARN && state != DANGER) |-> next_state == SAFE;
endproperty
assert property (p_next_state_default);",OK,135.8863775730133,2629,453
"module nested_case_1(input logic [1:0] op, func, input logic [7:0] a,b, output logic [7:0] y);
always_comb begin
  case(op)
    2'b00: begin
      case(func)
        2'b00: y = a + b;
        2'b01: y = a - b;
        default: y = 0;
      endcase
    end
    2'b01: y = a & b;
    default: y = 8'h00;
  endcase
end
endmodule","property p_y_add_assign;
@(posedge clk) (op == 2'b00 && func == 2'b00) |-> (y == a + b);
endproperty
assert property (p_y_add_assign);

property p_y_sub_assign;
@(posedge clk) (op == 2'b00 && func == 2'b01) |-> (y == a - b);
endproperty
assert property (p_y_sub_assign);

property p_y_default_func_assign;
@(posedge clk) (op == 2'b00 && func != 2'b00 && func != 2'b01) |-> (y == 0);
endproperty
assert property (p_y_default_func_assign);

property p_y_and_assign;
@(posedge clk) (op == 2'b01) |-> (y == a & b);
endproperty
assert property (p_y_and_assign);

property p_y_default_op_assign;
@(posedge clk) (op != 2'b00 && op != 2'b01) |-> (y == 8'h00);
endproperty
assert property (p_y_default_op_assign);","** Error: prueba.sv(9): (vlog-2730) Undefined variable: 'clk'.
** Error (suppressible): prueba.sv(11): (vlog-1957) The sva directive is not sensitive to a clock. Unclocked directives are not supported.
** Error: prueba.sv(14): (vlog-2730) Undefined variable: 'clk'.
** Error (suppressible): prueba.sv(16): (vlog-1957) The sva directive is not sensitive to a clock. Unclocked directives are not supported.
** Error: prueba.sv(19): (vlog-2730) Undefined variable: 'clk'.
** Error (suppressible): prueba.sv(21): (vlog-1957) The sva directive is not sensitive to a clock. Unclocked directives are not supported.
** Error: prueba.sv(24): (vlog-2730) Undefined variable: 'clk'.
** Error (suppressible): prueba.sv(26): (vlog-1957) The sva directive is not sensitive to a clock. Unclocked directives are not supported.
** Error: prueba.sv(29): (vlog-2730) Undefined variable: 'clk'.
** Error (suppressible): prueba.sv(31): (vlog-1957) The sva directive is not sensitive to a clock. Unclocked directives are not supported.
** Error: prueba.sv(9): (vlog-2730) Undefined variable: 'clk'.",47.76040434837341,2555,321
"module nested_case_2(input logic [2:0] mode, sel, output logic [3:0] y);
always_comb begin
  case(mode)
    3'b000: begin
      case(sel)
        3'b000: y = 1;
        3'b001: y = 2;
        default: y = 0;
      endcase
    end
    3'b001: y = 4;
    default: y = 0;
  endcase
end
endmodule
","property p_mode_000_sel_000;
@(posedge clk) (mode == 3'b000 && sel == 3'b000) |-> (y == 1);
endproperty
assert property (p_mode_000_sel_000);

property p_mode_000_sel_001;
@(posedge clk) (mode == 3'b000 && sel == 3'b001) |-> (y == 2);
endproperty
assert property (p_mode_000_sel_001);

property p_mode_000_sel_default;
@(posedge clk) (mode == 3'b000 && sel != 3'b000 && sel != 3'b001) |-> (y == 0);
endproperty
assert property (p_mode_000_sel_default);

property p_mode_001;
@(posedge clk) (mode == 3'b001) |-> (y == 4);
endproperty
assert property (p_mode_001);

property p_mode_default;
@(posedge clk) (mode != 3'b000 && mode != 3'b001) |-> (y == 0);
endproperty
assert property (p_mode_default);","** Error: prueba.sv(9): (vlog-2730) Undefined variable: 'clk'.
** Error (suppressible): prueba.sv(11): (vlog-1957) The sva directive is not sensitive to a clock. Unclocked directives are not supported.
** Error: prueba.sv(14): (vlog-2730) Undefined variable: 'clk'.
** Error (suppressible): prueba.sv(16): (vlog-1957) The sva directive is not sensitive to a clock. Unclocked directives are not supported.
** Error: prueba.sv(19): (vlog-2730) Undefined variable: 'clk'.
** Error (suppressible): prueba.sv(21): (vlog-1957) The sva directive is not sensitive to a clock. Unclocked directives are not supported.
** Error: prueba.sv(24): (vlog-2730) Undefined variable: 'clk'.
** Error (suppressible): prueba.sv(26): (vlog-1957) The sva directive is not sensitive to a clock. Unclocked directives are not supported.
** Error: prueba.sv(29): (vlog-2730) Undefined variable: 'clk'.
** Error (suppressible): prueba.sv(31): (vlog-1957) The sva directive is not sensitive to a clock. Unclocked directives are not supported.
** Error: prueba.sv(9): (vlog-2730) Undefined variable: 'clk'.",51.08794403076172,2552,344
"module nested_case_3(input logic [1:0] a,b,c, output logic y);
always_comb begin
  case(a)
    2'b00: begin
      case(b)
        2'b00: y = c[0];
        2'b01: y = c[1];
        default: y = 0;
      endcase
    end
    default: y = 1;
  endcase
end
endmodule
","property p_y_c0_assign;
@(posedge clk) (a == 2'b00 && b == 2'b00) |-> (y == c[0]);
endproperty
assert property (p_y_c0_assign);

property p_y_c1_assign;
@(posedge clk) (a == 2'b00 && b == 2'b01) |-> (y == c[1]);
endproperty
assert property (p_y_c1_assign);

property p_y_default_inner_case_assign;
@(posedge clk) (a == 2'b00 && b != 2'b00 && b != 2'b01) |-> (y == 0);
endproperty
assert property (p_y_default_inner_case_assign);

property p_y_default_outer_case_assign;
@(posedge clk) (a != 2'b00) |-> (y == 1);
endproperty
assert property (p_y_default_outer_case_assign);","** Error: prueba.sv(9): (vlog-2730) Undefined variable: 'clk'.
** Error (suppressible): prueba.sv(11): (vlog-1957) The sva directive is not sensitive to a clock. Unclocked directives are not supported.
** Error: prueba.sv(14): (vlog-2730) Undefined variable: 'clk'.
** Error (suppressible): prueba.sv(16): (vlog-1957) The sva directive is not sensitive to a clock. Unclocked directives are not supported.
** Error: prueba.sv(19): (vlog-2730) Undefined variable: 'clk'.
** Error (suppressible): prueba.sv(21): (vlog-1957) The sva directive is not sensitive to a clock. Unclocked directives are not supported.
** Error: prueba.sv(24): (vlog-2730) Undefined variable: 'clk'.
** Error (suppressible): prueba.sv(26): (vlog-1957) The sva directive is not sensitive to a clock. Unclocked directives are not supported.
** Error: prueba.sv(9): (vlog-2730) Undefined variable: 'clk'.",39.39260697364807,2537,268
"module nested_case_4(input logic [3:0] op, input logic [1:0] sub, output logic [3:0] y);
always_comb begin
  case(op)
    4'h0: begin
      case(sub)
        2'b00: y = 4'h1;
        2'b01: y = 4'h2;
        default: y = 4'h0;
      endcase
    end
    4'h1: y = 4'hF;
    default: y = 0;
  endcase
end
endmodule
","property p_y_sub_00_assign;
@(posedge clk) (op == 4'h0 && sub == 2'b00) |-> (y == 4'h1);
endproperty
assert property (p_y_sub_00_assign);

property p_y_sub_01_assign;
@(posedge clk) (op == 4'h0 && sub == 2'b01) |-> (y == 4'h2);
endproperty
assert property (p_y_sub_01_assign);

property p_y_sub_default_assign;
@(posedge clk) (op == 4'h0 && sub != 2'b00 && sub != 2'b01) |-> (y == 4'h0);
endproperty
assert property (p_y_sub_default_assign);

property p_y_op_1_assign;
@(posedge clk) (op == 4'h1) |-> (y == 4'hF);
endproperty
assert property (p_y_op_1_assign);

property p_y_default_assign;
@(posedge clk) (op != 4'h0 && op != 4'h1) |-> (y == 0);
endproperty
assert property (p_y_default_assign);","** Error: prueba.sv(9): (vlog-2730) Undefined variable: 'clk'.
** Error (suppressible): prueba.sv(11): (vlog-1957) The sva directive is not sensitive to a clock. Unclocked directives are not supported.
** Error: prueba.sv(14): (vlog-2730) Undefined variable: 'clk'.
** Error (suppressible): prueba.sv(16): (vlog-1957) The sva directive is not sensitive to a clock. Unclocked directives are not supported.
** Error: prueba.sv(19): (vlog-2730) Undefined variable: 'clk'.
** Error (suppressible): prueba.sv(21): (vlog-1957) The sva directive is not sensitive to a clock. Unclocked directives are not supported.
** Error: prueba.sv(24): (vlog-2730) Undefined variable: 'clk'.
** Error (suppressible): prueba.sv(26): (vlog-1957) The sva directive is not sensitive to a clock. Unclocked directives are not supported.
** Error: prueba.sv(29): (vlog-2730) Undefined variable: 'clk'.
** Error (suppressible): prueba.sv(31): (vlog-1957) The sva directive is not sensitive to a clock. Unclocked directives are not supported.
** Error: prueba.sv(9): (vlog-2730) Undefined variable: 'clk'.",49.46297240257263,2558,332
"module nested_case_5(input logic [1:0] s1,s2, output logic y);
always_comb begin
  case(s1)
    2'b00: begin
      case(s2)
        2'b00: y = 1;
        2'b01: y = 0;
        default: y = 0;
      endcase
    end
    2'b01: y = 1;
    default: y = 0;
  endcase
end
endmodule
","property p_y_s1_00_s2_00;
@(posedge clk) (s1 == 2'b00 && s2 == 2'b00) |-> (y == 1);
endproperty
assert property (p_y_s1_00_s2_00);

property p_y_s1_00_s2_01;
@(posedge clk) (s1 == 2'b00 && s2 == 2'b01) |-> (y == 0);
endproperty
assert property (p_y_s1_00_s2_01);

property p_y_s1_00_default;
@(posedge clk) (s1 == 2'b00 && s2 != 2'b00 && s2 != 2'b01) |-> (y == 0);
endproperty
assert property (p_y_s1_00_default);

property p_y_s1_01;
@(posedge clk) (s1 == 2'b01) |-> (y == 1);
endproperty
assert property (p_y_s1_01);

property p_y_default;
@(posedge clk) (s1 != 2'b00 && s1 != 2'b01) |-> (y == 0);
endproperty
assert property (p_y_default);","** Error: prueba.sv(9): (vlog-2730) Undefined variable: 'clk'.
** Error (suppressible): prueba.sv(11): (vlog-1957) The sva directive is not sensitive to a clock. Unclocked directives are not supported.
** Error: prueba.sv(14): (vlog-2730) Undefined variable: 'clk'.
** Error (suppressible): prueba.sv(16): (vlog-1957) The sva directive is not sensitive to a clock. Unclocked directives are not supported.
** Error: prueba.sv(19): (vlog-2730) Undefined variable: 'clk'.
** Error (suppressible): prueba.sv(21): (vlog-1957) The sva directive is not sensitive to a clock. Unclocked directives are not supported.
** Error: prueba.sv(24): (vlog-2730) Undefined variable: 'clk'.
** Error (suppressible): prueba.sv(26): (vlog-1957) The sva directive is not sensitive to a clock. Unclocked directives are not supported.
** Error: prueba.sv(29): (vlog-2730) Undefined variable: 'clk'.
** Error (suppressible): prueba.sv(31): (vlog-1957) The sva directive is not sensitive to a clock. Unclocked directives are not supported.
** Error: prueba.sv(9): (vlog-2730) Undefined variable: 'clk'.",52.978844165802,2550,356
"module nested_case_6(input logic [2:0] a,b, output logic [2:0] y);
always_comb begin
  case(a)
    3'b001: begin
      case(b)
        3'b001: y = 3'b111;
        3'b010: y = 3'b000;
        default: y = 3'b001;
      endcase
    end
    default: y = 0;
  endcase
end
endmodule
","property p_y_1_1_assign;
@(posedge clk) (a == 3'b001 && b == 3'b001) |-> (y == 3'b111);
endproperty
assert property (p_y_1_1_assign);

property p_y_1_2_assign;
@(posedge clk) (a == 3'b001 && b == 3'b010) |-> (y == 3'b000);
endproperty
assert property (p_y_1_2_assign);

property p_y_1_default_assign;
@(posedge clk) (a == 3'b001 && b != 3'b001 && b != 3'b010) |-> (y == 3'b001);
endproperty
assert property (p_y_1_default_assign);

property p_y_default_assign;
@(posedge clk) (a != 3'b001) |-> (y == 3'b000);
endproperty
assert property (p_y_default_assign);","** Error: prueba.sv(9): (vlog-2730) Undefined variable: 'clk'.
** Error (suppressible): prueba.sv(11): (vlog-1957) The sva directive is not sensitive to a clock. Unclocked directives are not supported.
** Error: prueba.sv(14): (vlog-2730) Undefined variable: 'clk'.
** Error (suppressible): prueba.sv(16): (vlog-1957) The sva directive is not sensitive to a clock. Unclocked directives are not supported.
** Error: prueba.sv(19): (vlog-2730) Undefined variable: 'clk'.
** Error (suppressible): prueba.sv(21): (vlog-1957) The sva directive is not sensitive to a clock. Unclocked directives are not supported.
** Error: prueba.sv(24): (vlog-2730) Undefined variable: 'clk'.
** Error (suppressible): prueba.sv(26): (vlog-1957) The sva directive is not sensitive to a clock. Unclocked directives are not supported.
** Error: prueba.sv(9): (vlog-2730) Undefined variable: 'clk'.",43.056944608688354,2553,286
"module nested_case_7(input logic [1:0] a,b,c, output logic [1:0] y);
always_comb begin
  case(a)
    2'b00: begin
      case(b)
        2'b00: y = c;
        default: y = 2'b00;
      endcase
    end
    default: y = 2'b11;
  endcase
end
endmodule
","property p_y_c_assign;
@(posedge clk) (a == 2'b00 && b == 2'b00) |-> (y == c);
endproperty
assert property (p_y_c_assign);

property p_y_default_inner_case;
@(posedge clk) (a == 2'b00 && b != 2'b00) |-> (y == 2'b00);
endproperty
assert property (p_y_default_inner_case);

property p_y_default_outer_case;
@(posedge clk) (a != 2'b00) |-> (y == 2'b11);
endproperty
assert property (p_y_default_outer_case);","** Error: prueba.sv(9): (vlog-2730) Undefined variable: 'clk'.
** Error (suppressible): prueba.sv(11): (vlog-1957) The sva directive is not sensitive to a clock. Unclocked directives are not supported.
** Error: prueba.sv(14): (vlog-2730) Undefined variable: 'clk'.
** Error (suppressible): prueba.sv(16): (vlog-1957) The sva directive is not sensitive to a clock. Unclocked directives are not supported.
** Error: prueba.sv(19): (vlog-2730) Undefined variable: 'clk'.
** Error (suppressible): prueba.sv(21): (vlog-1957) The sva directive is not sensitive to a clock. Unclocked directives are not supported.
** Error: prueba.sv(9): (vlog-2730) Undefined variable: 'clk'.",28.489606380462646,2529,192
"module nested_case_8(input logic [3:0] a, input logic [1:0] b, output logic y);
always_comb begin
  case(a)
    4'hA: begin
      case(b)
        2'b00: y = 1;
        default: y = 0;
      endcase
    end
    default: y = 0;
  endcase
end
endmodule
","property p_y_a_4hA_b_2b00;
@(posedge clk) (a == 4'hA && b == 2'b00) |-> (y == 1);
endproperty
assert property (p_y_a_4hA_b_2b00);

property p_y_a_4hA_default;
@(posedge clk) (a == 4'hA && b != 2'b00) |-> (y == 0);
endproperty
assert property (p_y_a_4hA_default);

property p_y_default;
@(posedge clk) (a != 4'hA) |-> (y == 0);
endproperty
assert property (p_y_default);","** Error: prueba.sv(9): (vlog-2730) Undefined variable: 'clk'.
** Error (suppressible): prueba.sv(11): (vlog-1957) The sva directive is not sensitive to a clock. Unclocked directives are not supported.
** Error: prueba.sv(14): (vlog-2730) Undefined variable: 'clk'.
** Error (suppressible): prueba.sv(16): (vlog-1957) The sva directive is not sensitive to a clock. Unclocked directives are not supported.
** Error: prueba.sv(19): (vlog-2730) Undefined variable: 'clk'.
** Error (suppressible): prueba.sv(21): (vlog-1957) The sva directive is not sensitive to a clock. Unclocked directives are not supported.
** Error: prueba.sv(9): (vlog-2730) Undefined variable: 'clk'.",28.80593061447144,2521,196
"module nested_case_9(input logic [1:0] x,y, output logic z);
always_comb begin
  case(x)
    2'b01: begin
      case(y)
        2'b10: z = 1;
        default: z = 0;
      endcase
    end
    default: z = 0;
  endcase
end
endmodule
","property p_z_1_assign;
@(posedge clk) (x == 2'b01 && y == 2'b10) |-> (z == 1);
endproperty
assert property (p_z_1_assign);

property p_z_default_assign;
@(posedge clk) (x != 2'b01 || (x == 2'b01 && y != 2'b10)) |-> (z == 0);
endproperty
assert property (p_z_default_assign);","** Error: prueba.sv(9): (vlog-2730) Undefined variable: 'clk'.
** Error (suppressible): prueba.sv(11): (vlog-1957) The sva directive is not sensitive to a clock. Unclocked directives are not supported.
** Error: prueba.sv(14): (vlog-2730) Undefined variable: 'clk'.
** Error (suppressible): prueba.sv(16): (vlog-1957) The sva directive is not sensitive to a clock. Unclocked directives are not supported.
** Error: prueba.sv(9): (vlog-2730) Undefined variable: 'clk'.",20.886314630508423,2522,136
"module nested_case_10(input logic [2:0] a,b, output logic y);
always_comb begin
  case(a)
    3'b100: begin
      case(b)
        3'b001: y = 1;
        default: y = 0;
      endcase
    end
    default: y = 0;
  endcase
end
endmodule
","property p_y_1_assign;
@(posedge clk) (a == 3'b100 && b == 3'b001) |-> (y == 1);
endproperty
assert property (p_y_1_assign);

property p_y_0_assign_default_b;
@(posedge clk) (a == 3'b100 && b != 3'b001) |-> (y == 0);
endproperty
assert property (p_y_0_assign_default_b);

property p_y_0_assign_default_a;
@(posedge clk) (a != 3'b100) |-> (y == 0);
endproperty
assert property (p_y_0_assign_default_a);","** Error: prueba.sv(9): (vlog-2730) Undefined variable: 'clk'.
** Error (suppressible): prueba.sv(11): (vlog-1957) The sva directive is not sensitive to a clock. Unclocked directives are not supported.
** Error: prueba.sv(14): (vlog-2730) Undefined variable: 'clk'.
** Error (suppressible): prueba.sv(16): (vlog-1957) The sva directive is not sensitive to a clock. Unclocked directives are not supported.
** Error: prueba.sv(19): (vlog-2730) Undefined variable: 'clk'.
** Error (suppressible): prueba.sv(21): (vlog-1957) The sva directive is not sensitive to a clock. Unclocked directives are not supported.
** Error: prueba.sv(9): (vlog-2730) Undefined variable: 'clk'.",29.70419645309448,2524,198
"module ff_case_1(input logic clk, rst, toggle, output logic state);
always_ff @(posedge clk or posedge rst) begin
  if (rst) state <= 0;
  else begin
    case(state)
      1'b0: if (toggle) state <= 1;
      1'b1: if (toggle) state <= 0;
    endcase
  end
end
endmodule
","property p_reset_state;
@(posedge clk) rst |=> (state == 0);
endproperty
assert property (p_reset_state);

property p_state_toggle_to_1;
@(posedge clk) disable iff (rst) (state == 0 && toggle) |=> (state == 1);
endproperty
assert property (p_state_toggle_to_1);

property p_state_toggle_to_0;
@(posedge clk) disable iff (rst) (state == 1 && toggle) |=> (state == 0);
endproperty
assert property (p_state_toggle_to_0);",OK,24.78785753250122,2529,161
"module ff_case_2(input logic clk, rst, start, done, output logic [1:0] state);
always_ff @(posedge clk or posedge rst) begin
  if (rst) state <= 2'b00;
  else begin
    case(state)
      2'b00: if (start) state <= 2'b01;
      2'b01: if (done)  state <= 2'b00;
      default: state <= 2'b00;
    endcase
  end
end
endmodule
","property p_reset_state;
@(posedge clk) rst |=> (state == 2'b00);
endproperty
assert property (p_reset_state);

property p_state_transition_00_to_01;
@(posedge clk) disable iff (rst) (state == 2'b00 && start) |=> (state == 2'b01);
endproperty
assert property (p_state_transition_00_to_01);

property p_state_transition_01_to_00;
@(posedge clk) disable iff (rst) (state == 2'b01 && done) |=> (state == 2'b00);
endproperty
assert property (p_state_transition_01_to_00);

property p_default_state;
@(posedge clk) disable iff (rst) (state != 2'b00 && state != 2'b01) |=> (state == 2'b00);
endproperty
assert property (p_default_state);",OK,38.68781518936157,2557,262
"module ff_case_3(input logic clk, rst, err, output logic bad);
always_ff @(posedge clk or posedge rst) begin
  if (rst) bad <= 0;
  else begin
    case(bad)
      1'b0: if (err) bad <= 1;
      1'b1: bad <= 1;
    endcase
  end
end
endmodule
","property p_reset_bad;
@(posedge clk) rst |-> (bad == 0);
endproperty
assert property (p_reset_bad);

property p_bad_set_on_err;
@(posedge clk) !rst && bad == 1'b0 && err |=> (bad == 1);
endproperty
assert property (p_bad_set_on_err);

property p_bad_remain_set;
@(posedge clk) !rst && bad == 1'b1 |-> (bad == 1);
endproperty
assert property (p_bad_remain_set);",OK,22.99266290664673,2525,153
"module ff_case_4(input logic clk, rst, input logic [1:0] mode, output logic [3:0] cnt);
always_ff @(posedge clk or posedge rst) begin
  if (rst) cnt <= 0;
  else begin
    case(mode)
      2'b00: cnt <= cnt;
      2'b01: cnt <= cnt + 1;
      2'b10: cnt <= cnt - 1;
      default: cnt <= 0;
    endcase
  end
end
endmodule
","property p_cnt_reset;
@(posedge clk) rst |-> (cnt == 0);
endproperty
assert property (p_cnt_reset);

property p_cnt_hold;
@(posedge clk) disable iff (rst) (mode == 2'b00) |-> (cnt == $past(cnt));
endproperty
assert property (p_cnt_hold);

property p_cnt_increment;
@(posedge clk) disable iff (rst) (mode == 2'b01) |-> (cnt == $past(cnt) + 1);
endproperty
assert property (p_cnt_increment);

property p_cnt_decrement;
@(posedge clk) disable iff (rst) (mode == 2'b10) |-> (cnt == $past(cnt) - 1);
endproperty
assert property (p_cnt_decrement);

property p_cnt_default;
@(posedge clk) disable iff (rst) (mode != 2'b00 && mode != 2'b01 && mode != 2'b10) |-> (cnt == 0);
endproperty
assert property (p_cnt_default);",OK,42.11197471618652,2548,287
"module ff_case_5(input logic clk, rst, load, input logic [7:0] d, output logic [7:0] q);
always_ff @(posedge clk or posedge rst) begin
  if (rst) q <= 0;
  else begin
    case(load)
      1'b0: q <= q;
      1'b1: q <= d;
    endcase
  end
end
endmodule
","property p_reset_q;
@(posedge clk) (rst == 1) |-> (q == 0);
endproperty
assert property (p_reset_q);

property p_no_load_q;
@(posedge clk) disable iff (rst) (load == 1'b0) |-> (q == $past(q));
endproperty
assert property (p_no_load_q);

property p_load_q;
@(posedge clk) disable iff (rst) (load == 1'b1) |-> (q == d);
endproperty
assert property (p_load_q);",OK,23.39717054367065,2519,156
"module ff_case_6(input logic clk, rst, timer, output logic [1:0] light);
always_ff @(posedge clk or posedge rst) begin
  if (rst) light <= 2'b00;
  else begin
    case(light)
      2'b00: if (timer) light <= 2'b01;
      2'b01: if (timer) light <= 2'b10;
      2'b10: if (timer) light <= 2'b00;
      default: light <= 2'b00;
    endcase
  end
end
endmodule
","property p_reset_light;
@(posedge clk) rst |=> (light == 2'b00);
endproperty
assert property (p_reset_light);

property p_light_00_to_01;
@(posedge clk) disable iff (rst) (light == 2'b00 && timer) |=> (light == 2'b01);
endproperty
assert property (p_light_00_to_01);

property p_light_01_to_10;
@(posedge clk) disable iff (rst) (light == 2'b01 && timer) |=> (light == 2'b10);
endproperty
assert property (p_light_01_to_10);

property p_light_10_to_00;
@(posedge clk) disable iff (rst) (light == 2'b10 && timer) |=> (light == 2'b00);
endproperty
assert property (p_light_10_to_00);

property p_light_default_assign;
@(posedge clk) disable iff (rst) (light != 2'b00 && light != 2'b01 && light != 2'b10) |=> (light == 2'b00);
endproperty
assert property (p_light_default_assign);",OK,50.53307867050171,2577,337
"module ff_case_7(input logic clk, rst, stall, output logic [1:0] state);
always_ff @(posedge clk or posedge rst) begin
  if (rst) state <= 2'b00;
  else begin
    case(state)
      2'b00: state <= stall ? 2'b00 : 2'b01;
      2'b01: state <= stall ? 2'b01 : 2'b10;
      2'b10: state <= 2'b00;
      default: state <= 2'b00;
    endcase
  end
end
endmodule
","property p_reset_state;
@(posedge clk) rst |=> (state == 2'b00);
endproperty
assert property (p_reset_state);

property p_state_stall_00;
@(posedge clk) disable iff (rst) (state == 2'b00 && stall) |-> (state == 2'b00);
endproperty
assert property (p_state_stall_00);

property p_state_no_stall_00;
@(posedge clk) disable iff (rst) (state == 2'b00 && !stall) |-> (state == 2'b01);
endproperty
assert property (p_state_no_stall_00);

property p_state_stall_01;
@(posedge clk) disable iff (rst) (state == 2'b01 && stall) |-> (state == 2'b01);
endproperty
assert property (p_state_stall_01);

property p_state_no_stall_01;
@(posedge clk) disable iff (rst) (state == 2'b01 && !stall) |-> (state == 2'b10);
endproperty
assert property (p_state_no_stall_01);

property p_state_transition_10;
@(posedge clk) disable iff (rst) (state == 2'b10) |-> (state == 2'b00);
endproperty
assert property (p_state_transition_10);

property p_default_state;
@(posedge clk) disable iff (rst) (state != 2'b00 && state != 2'b01 && state != 2'b10) |-> (state == 2'b00);
endproperty
assert property (p_default_state);",OK,67.06509017944336,2583,451
"module ff_case_8(input logic clk, rst, en, input logic [3:0] d, output logic [3:0] q);
always_ff @(posedge clk or posedge rst) begin
  if (rst) q <= 0;
  else begin
    case(en)
      1'b1: q <= d;
      1'b0: q <= q;
    endcase
  end
end
endmodule
","property p_reset_q;
@(posedge clk) rst |-> (q == 0);
endproperty
assert property (p_reset_q);

property p_en_high_assign;
@(posedge clk) (en == 1'b1 && !rst) |-> (q == d);
endproperty
assert property (p_en_high_assign);

property p_en_low_retain;
@(posedge clk) (en == 1'b0 && !rst) |-> (q == $past(q));
endproperty
assert property (p_en_low_retain);",OK,22.630950450897217,2519,152
"module ff_case_9(input logic clk, rst, inc, output logic [2:0] cnt);
always_ff @(posedge clk or posedge rst) begin
  if (rst) cnt <= 0;
  else begin
    case(cnt)
      3'b111: cnt <= cnt;
      default: if (inc) cnt <= cnt + 1;
    endcase
  end
end
endmodule
","property p_reset_assign;
@(posedge clk) rst |-> (cnt == 0);
endproperty
assert property (p_reset_assign);

property p_cnt_no_change;
@(posedge clk) disable iff (rst) (cnt == 3'b111 && !inc) |-> (cnt == $past(cnt));
endproperty
assert property (p_cnt_no_change);

property p_cnt_increment;
@(posedge clk) disable iff (rst) (cnt != 3'b111 && inc) |-> (cnt == $past(cnt) + 1);
endproperty
assert property (p_cnt_increment);",OK,25.26414585113525,2525,168
"module ff_case_10(input logic clk, rst, fail, output logic [1:0] state);
always_ff @(posedge clk or posedge rst) begin
  if (rst) state <= 2'b00;
  else begin
    case(state)
      2'b00: state <= 2'b01;
      2'b01: state <= fail ? 2'b10 : 2'b00;
      2'b10: state <= 2'b01;
      default: state <= 2'b00;
    endcase
  end
end
endmodule
","property p_reset_state;
@(posedge clk) rst |=> (state == 2'b00);
endproperty
assert property (p_reset_state);

property p_state_00_to_01;
@(posedge clk) disable iff (rst) (state == 2'b00) |=> (state == 2'b01);
endproperty
assert property (p_state_00_to_01);

property p_state_01_to_10;
@(posedge clk) disable iff (rst) (state == 2'b01 && fail) |=> (state == 2'b10);
endproperty
assert property (p_state_01_to_10);

property p_state_01_to_00;
@(posedge clk) disable iff (rst) (state == 2'b01 && !fail) |=> (state == 2'b00);
endproperty
assert property (p_state_01_to_00);

property p_state_10_to_01;
@(posedge clk) disable iff (rst) (state == 2'b10) |=> (state == 2'b01);
endproperty
assert property (p_state_10_to_01);

property p_state_default_to_00;
@(posedge clk) disable iff (rst) (state != 2'b00 && state != 2'b01 && state != 2'b10) |=> (state == 2'b00);
endproperty
assert property (p_state_default_to_00);",OK,61.102694034576416,2574,410
"module multi_case_1(input logic [1:0] sel, output logic en, valid);
always_comb begin
  case(sel)
    2'b00: begin en = 0; valid = 0; end
    2'b01: begin en = 1; valid = 0; end
    2'b10: begin en = 1; valid = 1; end
    default: begin en = 0; valid = 0; end
  endcase
end
endmodule","property p_sel_00_assign;
@(posedge clk) (sel == 2'b00) |-> (en == 0 && valid == 0);
endproperty
assert property (p_sel_00_assign);

property p_sel_01_assign;
@(posedge clk) (sel == 2'b01) |-> (en == 1 && valid == 0);
endproperty
assert property (p_sel_01_assign);

property p_sel_10_assign;
@(posedge clk) (sel == 2'b10) |-> (en == 1 && valid == 1);
endproperty
assert property (p_sel_10_assign);

property p_sel_default_assign;
@(posedge clk) (sel != 2'b00 && sel != 2'b01 && sel != 2'b10) |-> (en == 0 && valid == 0);
endproperty
assert property (p_sel_default_assign);","** Error: prueba.sv(9): (vlog-2730) Undefined variable: 'clk'.
** Error (suppressible): prueba.sv(11): (vlog-1957) The sva directive is not sensitive to a clock. Unclocked directives are not supported.
** Error: prueba.sv(14): (vlog-2730) Undefined variable: 'clk'.
** Error (suppressible): prueba.sv(16): (vlog-1957) The sva directive is not sensitive to a clock. Unclocked directives are not supported.
** Error: prueba.sv(19): (vlog-2730) Undefined variable: 'clk'.
** Error (suppressible): prueba.sv(21): (vlog-1957) The sva directive is not sensitive to a clock. Unclocked directives are not supported.
** Error: prueba.sv(24): (vlog-2730) Undefined variable: 'clk'.
** Error (suppressible): prueba.sv(26): (vlog-1957) The sva directive is not sensitive to a clock. Unclocked directives are not supported.
** Error: prueba.sv(9): (vlog-2730) Undefined variable: 'clk'.",37.89019656181336,2545,254
"module multi_case_2(input logic [1:0] op, output logic we, mode);
always_comb begin
  case(op)
    2'b00: begin we = 0; mode = 0; end
    2'b01: begin we = 1; mode = 0; end
    2'b10: begin we = 1; mode = 1; end
    default: begin we = 0; mode = 0; end
  endcase
end
endmodule
","property p_op_00_assign;
@(posedge clk) (op == 2'b00) |-> (we == 0 && mode == 0);
endproperty
assert property (p_op_00_assign);

property p_op_01_assign;
@(posedge clk) (op == 2'b01) |-> (we == 1 && mode == 0);
endproperty
assert property (p_op_01_assign);

property p_op_10_assign;
@(posedge clk) (op == 2'b10) |-> (we == 1 && mode == 1);
endproperty
assert property (p_op_10_assign);

property p_op_default_assign;
@(posedge clk) (op != 2'b00 && op != 2'b01 && op != 2'b10) |-> (we == 0 && mode == 0);
endproperty
assert property (p_op_default_assign);","** Error: prueba.sv(9): (vlog-2730) Undefined variable: 'clk'.
** Error (suppressible): prueba.sv(11): (vlog-1957) The sva directive is not sensitive to a clock. Unclocked directives are not supported.
** Error: prueba.sv(14): (vlog-2730) Undefined variable: 'clk'.
** Error (suppressible): prueba.sv(16): (vlog-1957) The sva directive is not sensitive to a clock. Unclocked directives are not supported.
** Error: prueba.sv(19): (vlog-2730) Undefined variable: 'clk'.
** Error (suppressible): prueba.sv(21): (vlog-1957) The sva directive is not sensitive to a clock. Unclocked directives are not supported.
** Error: prueba.sv(24): (vlog-2730) Undefined variable: 'clk'.
** Error (suppressible): prueba.sv(26): (vlog-1957) The sva directive is not sensitive to a clock. Unclocked directives are not supported.
** Error: prueba.sv(9): (vlog-2730) Undefined variable: 'clk'.",37.96295094490051,2545,254
"module multi_case_3(input logic [1:0] state, output logic ready, valid);
always_comb begin
  case(state)
    2'b00: begin ready = 1; valid = 0; end
    2'b01: begin ready = 0; valid = 1; end
    default: begin ready = 0; valid = 0; end
  endcase
end
endmodule
","property p_state_00;
@(posedge clk) (state == 2'b00) |-> (ready == 1 && valid == 0);
endproperty
assert property (p_state_00);

property p_state_01;
@(posedge clk) (state == 2'b01) |-> (ready == 0 && valid == 1);
endproperty
assert property (p_state_01);

property p_state_default;
@(posedge clk) (state != 2'b00 && state != 2'b01) |-> (ready == 0 && valid == 0);
endproperty
assert property (p_state_default);","** Error: prueba.sv(9): (vlog-2730) Undefined variable: 'clk'.
** Error (suppressible): prueba.sv(11): (vlog-1957) The sva directive is not sensitive to a clock. Unclocked directives are not supported.
** Error: prueba.sv(14): (vlog-2730) Undefined variable: 'clk'.
** Error (suppressible): prueba.sv(16): (vlog-1957) The sva directive is not sensitive to a clock. Unclocked directives are not supported.
** Error: prueba.sv(19): (vlog-2730) Undefined variable: 'clk'.
** Error (suppressible): prueba.sv(21): (vlog-1957) The sva directive is not sensitive to a clock. Unclocked directives are not supported.
** Error: prueba.sv(9): (vlog-2730) Undefined variable: 'clk'.",26.72440528869629,2525,175
"module multi_case_4(input logic [1:0] code, output logic err, halt);
always_comb begin
  case(code)
    2'b00: begin err = 0; halt = 0; end
    2'b01: begin err = 1; halt = 0; end
    2'b10: begin err = 1; halt = 1; end
    default: begin err = 0; halt = 0; end
  endcase
end
endmodule
","property p_err_halt_assign_00;
@(posedge clk) (code == 2'b00) |-> (err == 0 && halt == 0);
endproperty
assert property (p_err_halt_assign_00);

property p_err_halt_assign_01;
@(posedge clk) (code == 2'b01) |-> (err == 1 && halt == 0);
endproperty
assert property (p_err_halt_assign_01);

property p_err_halt_assign_10;
@(posedge clk) (code == 2'b10) |-> (err == 1 && halt == 1);
endproperty
assert property (p_err_halt_assign_10);

property p_err_halt_default_assign;
@(posedge clk) (code != 2'b00 && code != 2'b01 && code != 2'b10) |-> (err == 0 && halt == 0);
endproperty
assert property (p_err_halt_default_assign);","** Error: prueba.sv(9): (vlog-2730) Undefined variable: 'clk'.
** Error (suppressible): prueba.sv(11): (vlog-1957) The sva directive is not sensitive to a clock. Unclocked directives are not supported.
** Error: prueba.sv(14): (vlog-2730) Undefined variable: 'clk'.
** Error (suppressible): prueba.sv(16): (vlog-1957) The sva directive is not sensitive to a clock. Unclocked directives are not supported.
** Error: prueba.sv(19): (vlog-2730) Undefined variable: 'clk'.
** Error (suppressible): prueba.sv(21): (vlog-1957) The sva directive is not sensitive to a clock. Unclocked directives are not supported.
** Error: prueba.sv(24): (vlog-2730) Undefined variable: 'clk'.
** Error (suppressible): prueba.sv(26): (vlog-1957) The sva directive is not sensitive to a clock. Unclocked directives are not supported.
** Error: prueba.sv(9): (vlog-2730) Undefined variable: 'clk'.",40.22297763824463,2545,270
"module multi_case_5(input logic [2:0] cmd, output logic rd, wr, busy);
always_comb begin
  case(cmd)
    3'b000: begin rd=0; wr=0; busy=0; end
    3'b001: begin rd=1; wr=0; busy=1; end
    3'b010: begin rd=0; wr=1; busy=1; end
    default: begin rd=0; wr=0; busy=0; end
  endcase
end
endmodule
","property p_cmd_000;
@(posedge clk) (cmd == 3'b000) |-> (rd == 0 && wr == 0 && busy == 0);
endproperty
assert property (p_cmd_000);

property p_cmd_001;
@(posedge clk) (cmd == 3'b001) |-> (rd == 1 && wr == 0 && busy == 1);
endproperty
assert property (p_cmd_001);

property p_cmd_010;
@(posedge clk) (cmd == 3'b010) |-> (rd == 0 && wr == 1 && busy == 1);
endproperty
assert property (p_cmd_010);

property p_cmd_default;
@(posedge clk) (cmd != 3'b000 && cmd != 3'b001 && cmd != 3'b010) |-> (rd == 0 && wr == 0 && busy == 0);
endproperty
assert property (p_cmd_default);","** Error: prueba.sv(9): (vlog-2730) Undefined variable: 'clk'.
** Error (suppressible): prueba.sv(11): (vlog-1957) The sva directive is not sensitive to a clock. Unclocked directives are not supported.
** Error: prueba.sv(14): (vlog-2730) Undefined variable: 'clk'.
** Error (suppressible): prueba.sv(16): (vlog-1957) The sva directive is not sensitive to a clock. Unclocked directives are not supported.
** Error: prueba.sv(19): (vlog-2730) Undefined variable: 'clk'.
** Error (suppressible): prueba.sv(21): (vlog-1957) The sva directive is not sensitive to a clock. Unclocked directives are not supported.
** Error: prueba.sv(24): (vlog-2730) Undefined variable: 'clk'.
** Error (suppressible): prueba.sv(26): (vlog-1957) The sva directive is not sensitive to a clock. Unclocked directives are not supported.
** Error: prueba.sv(9): (vlog-2730) Undefined variable: 'clk'.",40.46853542327881,2556,270
"module multi_case_6(input logic [1:0] pwr, output logic core_on, io_on);
always_comb begin
  case(pwr)
    2'b00: begin core_on=0; io_on=0; end
    2'b01: begin core_on=1; io_on=0; end
    2'b10: begin core_on=1; io_on=1; end
    default: begin core_on=0; io_on=0; end
  endcase
end
endmodule
","property p_core_off_io_off;
@(posedge clk) (pwr == 2'b00) |-> (core_on == 0 && io_on == 0);
endproperty
assert property (p_core_off_io_off);

property p_core_on_io_off;
@(posedge clk) (pwr == 2'b01) |-> (core_on == 1 && io_on == 0);
endproperty
assert property (p_core_on_io_off);

property p_core_on_io_on;
@(posedge clk) (pwr == 2'b10) |-> (core_on == 1 && io_on == 1);
endproperty
assert property (p_core_on_io_on);

property p_default_off;
@(posedge clk) (pwr != 2'b00 && pwr != 2'b01 && pwr != 2'b10) |-> (core_on == 0 && io_on == 0);
endproperty
assert property (p_default_off);","** Error: prueba.sv(9): (vlog-2730) Undefined variable: 'clk'.
** Error (suppressible): prueba.sv(11): (vlog-1957) The sva directive is not sensitive to a clock. Unclocked directives are not supported.
** Error: prueba.sv(14): (vlog-2730) Undefined variable: 'clk'.
** Error (suppressible): prueba.sv(16): (vlog-1957) The sva directive is not sensitive to a clock. Unclocked directives are not supported.
** Error: prueba.sv(19): (vlog-2730) Undefined variable: 'clk'.
** Error (suppressible): prueba.sv(21): (vlog-1957) The sva directive is not sensitive to a clock. Unclocked directives are not supported.
** Error: prueba.sv(24): (vlog-2730) Undefined variable: 'clk'.
** Error (suppressible): prueba.sv(26): (vlog-1957) The sva directive is not sensitive to a clock. Unclocked directives are not supported.
** Error: prueba.sv(9): (vlog-2730) Undefined variable: 'clk'.",41.87822866439819,2554,278
"module multi_case_7(input logic [1:0] level, output logic full, empty);
always_comb begin
  case(level)
    2'b00: begin empty=1; full=0; end
    2'b11: begin empty=0; full=1; end
    default: begin empty=0; full=0; end
  endcase
end
endmodule
","property p_level_00_assign;
@(posedge clk) (level == 2'b00) |-> (empty == 1 && full == 0);
endproperty
assert property (p_level_00_assign);

property p_level_11_assign;
@(posedge clk) (level == 2'b11) |-> (empty == 0 && full == 1);
endproperty
assert property (p_level_11_assign);

property p_level_default_assign;
@(posedge clk) (level != 2'b00 && level != 2'b11) |-> (empty == 0 && full == 0);
endproperty
assert property (p_level_default_assign);","** Error: prueba.sv(9): (vlog-2730) Undefined variable: 'clk'.
** Error (suppressible): prueba.sv(11): (vlog-1957) The sva directive is not sensitive to a clock. Unclocked directives are not supported.
** Error: prueba.sv(14): (vlog-2730) Undefined variable: 'clk'.
** Error (suppressible): prueba.sv(16): (vlog-1957) The sva directive is not sensitive to a clock. Unclocked directives are not supported.
** Error: prueba.sv(19): (vlog-2730) Undefined variable: 'clk'.
** Error (suppressible): prueba.sv(21): (vlog-1957) The sva directive is not sensitive to a clock. Unclocked directives are not supported.
** Error: prueba.sv(9): (vlog-2730) Undefined variable: 'clk'.",27.96340584754944,2519,187
"module multi_case_8(input logic [1:0] resp, output logic ok, retry, fail);
always_comb begin
  case(resp)
    2'b00: begin ok=1; retry=0; fail=0; end
    2'b01: begin ok=0; retry=1; fail=0; end
    2'b10: begin ok=0; retry=0; fail=1; end
    default: begin ok=0; retry=0; fail=0; end
  endcase
end
endmodule
","property p_resp_00;
@(posedge clk) (resp == 2'b00) |-> (ok == 1 && retry == 0 && fail == 0);
endproperty
assert property (p_resp_00);

property p_resp_01;
@(posedge clk) (resp == 2'b01) |-> (ok == 0 && retry == 1 && fail == 0);
endproperty
assert property (p_resp_01);

property p_resp_10;
@(posedge clk) (resp == 2'b10) |-> (ok == 0 && retry == 0 && fail == 1);
endproperty
assert property (p_resp_10);

property p_resp_default;
@(posedge clk) (resp != 2'b00 && resp != 2'b01 && resp != 2'b10) |-> (ok == 0 && retry == 0 && fail == 0);
endproperty
assert property (p_resp_default);","** Error: prueba.sv(9): (vlog-2730) Undefined variable: 'clk'.
** Error (suppressible): prueba.sv(11): (vlog-1957) The sva directive is not sensitive to a clock. Unclocked directives are not supported.
** Error: prueba.sv(14): (vlog-2730) Undefined variable: 'clk'.
** Error (suppressible): prueba.sv(16): (vlog-1957) The sva directive is not sensitive to a clock. Unclocked directives are not supported.
** Error: prueba.sv(19): (vlog-2730) Undefined variable: 'clk'.
** Error (suppressible): prueba.sv(21): (vlog-1957) The sva directive is not sensitive to a clock. Unclocked directives are not supported.
** Error: prueba.sv(24): (vlog-2730) Undefined variable: 'clk'.
** Error (suppressible): prueba.sv(26): (vlog-1957) The sva directive is not sensitive to a clock. Unclocked directives are not supported.
** Error: prueba.sv(9): (vlog-2730) Undefined variable: 'clk'.",38.736594438552856,2553,258
"module multi_case_9(input logic [1:0] st, output logic valid, dirty);
always_comb begin
  case(st)
    2'b00: begin valid=0; dirty=0; end
    2'b01: begin valid=1; dirty=0; end
    2'b10: begin valid=1; dirty=1; end
    default: begin valid=0; dirty=0; end
  endcase
end
endmodule
","property p_valid_dirty_00;
@(posedge clk) (st == 2'b00) |-> (valid == 0 && dirty == 0);
endproperty
assert property (p_valid_dirty_00);

property p_valid_dirty_01;
@(posedge clk) (st == 2'b01) |-> (valid == 1 && dirty == 0);
endproperty
assert property (p_valid_dirty_01);

property p_valid_dirty_10;
@(posedge clk) (st == 2'b10) |-> (valid == 1 && dirty == 1);
endproperty
assert property (p_valid_dirty_10);

property p_valid_dirty_default;
@(posedge clk) (st != 2'b00 && st != 2'b01 && st != 2'b10) |-> (valid == 0 && dirty == 0);
endproperty
assert property (p_valid_dirty_default);","** Error: prueba.sv(9): (vlog-2730) Undefined variable: 'clk'.
** Error (suppressible): prueba.sv(11): (vlog-1957) The sva directive is not sensitive to a clock. Unclocked directives are not supported.
** Error: prueba.sv(14): (vlog-2730) Undefined variable: 'clk'.
** Error (suppressible): prueba.sv(16): (vlog-1957) The sva directive is not sensitive to a clock. Unclocked directives are not supported.
** Error: prueba.sv(19): (vlog-2730) Undefined variable: 'clk'.
** Error (suppressible): prueba.sv(21): (vlog-1957) The sva directive is not sensitive to a clock. Unclocked directives are not supported.
** Error: prueba.sv(24): (vlog-2730) Undefined variable: 'clk'.
** Error (suppressible): prueba.sv(26): (vlog-1957) The sva directive is not sensitive to a clock. Unclocked directives are not supported.
** Error: prueba.sv(9): (vlog-2730) Undefined variable: 'clk'.",37.37808108329773,2537,254
"module multi_case_10(input logic [1:0] g, output logic gnt0, gnt1);
always_comb begin
  case(g)
    2'b01: begin gnt0=1; gnt1=0; end
    2'b10: begin gnt0=0; gnt1=1; end
    default: begin gnt0=0; gnt1=0; end
  endcase
end
endmodule
","property p_gnt0_true_gnt1_false;
@(posedge clk) (g == 2'b01) |-> (gnt0 == 1 && gnt1 == 0);
endproperty
assert property (p_gnt0_true_gnt1_false);

property p_gnt0_false_gnt1_true;
@(posedge clk) (g == 2'b10) |-> (gnt0 == 0 && gnt1 == 1);
endproperty
assert property (p_gnt0_false_gnt1_true);

property p_both_gnts_false;
@(posedge clk) (g != 2'b01 && g != 2'b10) |-> (gnt0 == 0 && gnt1 == 0);
endproperty
assert property (p_both_gnts_false);","** Error: prueba.sv(9): (vlog-2730) Undefined variable: 'clk'.
** Error (suppressible): prueba.sv(11): (vlog-1957) The sva directive is not sensitive to a clock. Unclocked directives are not supported.
** Error: prueba.sv(14): (vlog-2730) Undefined variable: 'clk'.
** Error (suppressible): prueba.sv(16): (vlog-1957) The sva directive is not sensitive to a clock. Unclocked directives are not supported.
** Error: prueba.sv(19): (vlog-2730) Undefined variable: 'clk'.
** Error (suppressible): prueba.sv(21): (vlog-1957) The sva directive is not sensitive to a clock. Unclocked directives are not supported.
** Error: prueba.sv(9): (vlog-2730) Undefined variable: 'clk'.",33.33122777938843,2531,223
"module slice_case_1(input logic [1:0] a, input logic b, output logic y);
always_comb begin
  case({a,b})
    3'b000: y = 0;
    3'b101: y = 1;
    default: y = 0;
  endcase
end
endmodule
","property p_y_000_assign;
@(posedge clk) ({a, b} == 3'b000) |-> (y == 0);
endproperty
assert property (p_y_000_assign);

property p_y_101_assign;
@(posedge clk) ({a, b} == 3'b101) |-> (y == 1);
endproperty
assert property (p_y_101_assign);

property p_y_default_assign;
@(posedge clk) ({a, b} != 3'b000 && {a, b} != 3'b101) |-> (y == 0);
endproperty
assert property (p_y_default_assign);","** Error: prueba.sv(9): (vlog-2730) Undefined variable: 'clk'.
** Error (suppressible): prueba.sv(11): (vlog-1957) The sva directive is not sensitive to a clock. Unclocked directives are not supported.
** Error: prueba.sv(14): (vlog-2730) Undefined variable: 'clk'.
** Error (suppressible): prueba.sv(16): (vlog-1957) The sva directive is not sensitive to a clock. Unclocked directives are not supported.
** Error: prueba.sv(19): (vlog-2730) Undefined variable: 'clk'.
** Error (suppressible): prueba.sv(21): (vlog-1957) The sva directive is not sensitive to a clock. Unclocked directives are not supported.
** Error: prueba.sv(9): (vlog-2730) Undefined variable: 'clk'.",28.179528951644897,2508,193
"module slice_case_2(input logic [3:0] x, output logic y);
always_comb begin
  case({x[3:2],x[0]})
    3'b100: y = 1;
    3'b011: y = 0;
    default: y = 0;
  endcase
end
endmodule
","property p_y_assign_1;
@(posedge clk) ({x[3:2], x[0]} == 3'b100) |-> (y == 1);
endproperty
assert property (p_y_assign_1);

property p_y_assign_0;
@(posedge clk) ({x[3:2], x[0]} == 3'b011) |-> (y == 0);
endproperty
assert property (p_y_assign_0);

property p_y_default_assign;
@(posedge clk) ({x[3:2], x[0]} != 3'b100 && {x[3:2], x[0]} != 3'b011) |-> (y == 0);
endproperty
assert property (p_y_default_assign);","** Error: prueba.sv(9): (vlog-2730) Undefined variable: 'clk'.
** Error (suppressible): prueba.sv(11): (vlog-1957) The sva directive is not sensitive to a clock. Unclocked directives are not supported.
** Error: prueba.sv(14): (vlog-2730) Undefined variable: 'clk'.
** Error (suppressible): prueba.sv(16): (vlog-1957) The sva directive is not sensitive to a clock. Unclocked directives are not supported.
** Error: prueba.sv(19): (vlog-2730) Undefined variable: 'clk'.
** Error (suppressible): prueba.sv(21): (vlog-1957) The sva directive is not sensitive to a clock. Unclocked directives are not supported.
** Error: prueba.sv(9): (vlog-2730) Undefined variable: 'clk'.",30.57276058197021,2515,209
"module slice_case_3(input logic [1:0] a,b, output logic y);
always_comb begin
  case({a[1],b})
    3'b101: y = 1;
    default: y = 0;
  endcase
end
endmodule
","property p_y_assign_1;
@(posedge clk) ({a[1], b} == 3'b101) |-> (y == 1);
endproperty
assert property (p_y_assign_1);

property p_y_default_assign;
@(posedge clk) ({a[1], b} != 3'b101) |-> (y == 0);
endproperty
assert property (p_y_default_assign);","** Error: prueba.sv(9): (vlog-2730) Undefined variable: 'clk'.
** Error (suppressible): prueba.sv(11): (vlog-1957) The sva directive is not sensitive to a clock. Unclocked directives are not supported.
** Error: prueba.sv(14): (vlog-2730) Undefined variable: 'clk'.
** Error (suppressible): prueba.sv(16): (vlog-1957) The sva directive is not sensitive to a clock. Unclocked directives are not supported.
** Error: prueba.sv(9): (vlog-2730) Undefined variable: 'clk'.",17.64579176902771,2496,120
"module slice_case_4(input logic [2:0] op, input logic z, output logic go);
always_comb begin
  case({op[1:0],z})
    3'b001: go = 1;
    3'b111: go = 1;
    default: go = 0;
  endcase
end
endmodule
","property p_go_assign_001;
@(posedge clk) ({op[1:0], z} == 3'b001) |-> (go == 1);
endproperty
assert property (p_go_assign_001);

property p_go_assign_111;
@(posedge clk) ({op[1:0], z} == 3'b111) |-> (go == 1);
endproperty
assert property (p_go_assign_111);

property p_go_default_assign;
@(posedge clk) ({op[1:0], z} != 3'b001 && {op[1:0], z} != 3'b111) |-> (go == 0);
endproperty
assert property (p_go_default_assign);","** Error: prueba.sv(9): (vlog-2730) Undefined variable: 'clk'.
** Error (suppressible): prueba.sv(11): (vlog-1957) The sva directive is not sensitive to a clock. Unclocked directives are not supported.
** Error: prueba.sv(14): (vlog-2730) Undefined variable: 'clk'.
** Error (suppressible): prueba.sv(16): (vlog-1957) The sva directive is not sensitive to a clock. Unclocked directives are not supported.
** Error: prueba.sv(19): (vlog-2730) Undefined variable: 'clk'.
** Error (suppressible): prueba.sv(21): (vlog-1957) The sva directive is not sensitive to a clock. Unclocked directives are not supported.
** Error: prueba.sv(9): (vlog-2730) Undefined variable: 'clk'.",30.34525275230408,2512,209
"module slice_case_5(input logic [7:0] addr, output logic hit);
always_comb begin
  case({addr[7],addr[2:0]})
    4'b1001: hit = 1;
    4'b1010: hit = 1;
    default: hit = 0;
  endcase
end
endmodule
","property p_hit_true_assign;
@(posedge clk) ({addr[7], addr[2:0]} == 4'b1001 || {addr[7], addr[2:0]} == 4'b1010) |-> (hit == 1);
endproperty
assert property (p_hit_true_assign);

property p_hit_false_assign;
@(posedge clk) ({addr[7], addr[2:0]} != 4'b1001 && {addr[7], addr[2:0]} != 4'b1010) |-> (hit == 0);
endproperty
assert property (p_hit_false_assign);","** Error: prueba.sv(9): (vlog-2730) Undefined variable: 'clk'.
** Error (suppressible): prueba.sv(11): (vlog-1957) The sva directive is not sensitive to a clock. Unclocked directives are not supported.
** Error: prueba.sv(14): (vlog-2730) Undefined variable: 'clk'.
** Error (suppressible): prueba.sv(16): (vlog-1957) The sva directive is not sensitive to a clock. Unclocked directives are not supported.
** Error: prueba.sv(9): (vlog-2730) Undefined variable: 'clk'.",25.50718379020691,2517,172
"module slice_case_6(input logic [3:0] ctrl, input logic en, output logic ok);
always_comb begin
  case({ctrl[3:2],en})
    3'b101: ok = 1;
    3'b011: ok = 1;
    default: ok = 0;
  endcase
end
endmodule
","property p_ok_assign_101;
@(posedge clk) ({ctrl[3:2], en} == 3'b101) |-> (ok == 1);
endproperty
assert property (p_ok_assign_101);

property p_ok_assign_011;
@(posedge clk) ({ctrl[3:2], en} == 3'b011) |-> (ok == 1);
endproperty
assert property (p_ok_assign_011);

property p_ok_default_assign;
@(posedge clk) ({ctrl[3:2], en} != 3'b101 && {ctrl[3:2], en} != 3'b011) |-> (ok == 0);
endproperty
assert property (p_ok_default_assign);","** Error: prueba.sv(9): (vlog-2730) Undefined variable: 'clk'.
** Error (suppressible): prueba.sv(11): (vlog-1957) The sva directive is not sensitive to a clock. Unclocked directives are not supported.
** Error: prueba.sv(14): (vlog-2730) Undefined variable: 'clk'.
** Error (suppressible): prueba.sv(16): (vlog-1957) The sva directive is not sensitive to a clock. Unclocked directives are not supported.
** Error: prueba.sv(19): (vlog-2730) Undefined variable: 'clk'.
** Error (suppressible): prueba.sv(21): (vlog-1957) The sva directive is not sensitive to a clock. Unclocked directives are not supported.
** Error: prueba.sv(9): (vlog-2730) Undefined variable: 'clk'.",30.26959872245789,2512,209
"module slice_case_7(input logic [1:0] flags, input logic mode, output logic y);
always_comb begin
  case({flags,mode})
    3'b110: y = 1;
    3'b001: y = 1;
    default: y = 0;
  endcase
end
endmodule
","property p_y_assign_110;
@(posedge clk) ({flags, mode} == 3'b110) |-> (y == 1);
endproperty
assert property (p_y_assign_110);

property p_y_assign_001;
@(posedge clk) ({flags, mode} == 3'b001) |-> (y == 1);
endproperty
assert property (p_y_assign_001);

property p_y_default_assign;
@(posedge clk) ({flags, mode} != 3'b110 && {flags, mode} != 3'b001) |-> (y == 0);
endproperty
assert property (p_y_default_assign);","** Error: prueba.sv(9): (vlog-2730) Undefined variable: 'clk'.
** Error (suppressible): prueba.sv(11): (vlog-1957) The sva directive is not sensitive to a clock. Unclocked directives are not supported.
** Error: prueba.sv(14): (vlog-2730) Undefined variable: 'clk'.
** Error (suppressible): prueba.sv(16): (vlog-1957) The sva directive is not sensitive to a clock. Unclocked directives are not supported.
** Error: prueba.sv(19): (vlog-2730) Undefined variable: 'clk'.
** Error (suppressible): prueba.sv(21): (vlog-1957) The sva directive is not sensitive to a clock. Unclocked directives are not supported.
** Error: prueba.sv(9): (vlog-2730) Undefined variable: 'clk'.",28.49965119361877,2508,193
"module slice_case_8(input logic [4:0] x, output logic y);
always_comb begin
  case({x[4],x[1:0]})
    3'b101: y = 1;
    3'b000: y = 0;
    default: y = 0;
  endcase
end
endmodule
","property p_y_assign_1;
@(posedge clk) ({x[4], x[1:0]} == 3'b101) |-> (y == 1);
endproperty
assert property (p_y_assign_1);

property p_y_assign_0;
@(posedge clk) ({x[4], x[1:0]} == 3'b000) |-> (y == 0);
endproperty
assert property (p_y_assign_0);

property p_y_default_assign;
@(posedge clk) ({x[4], x[1:0]} != 3'b101 && {x[4], x[1:0]} != 3'b000) |-> (y == 0);
endproperty
assert property (p_y_default_assign);","** Error: prueba.sv(9): (vlog-2730) Undefined variable: 'clk'.
** Error (suppressible): prueba.sv(11): (vlog-1957) The sva directive is not sensitive to a clock. Unclocked directives are not supported.
** Error: prueba.sv(14): (vlog-2730) Undefined variable: 'clk'.
** Error (suppressible): prueba.sv(16): (vlog-1957) The sva directive is not sensitive to a clock. Unclocked directives are not supported.
** Error: prueba.sv(19): (vlog-2730) Undefined variable: 'clk'.
** Error (suppressible): prueba.sv(21): (vlog-1957) The sva directive is not sensitive to a clock. Unclocked directives are not supported.
** Error: prueba.sv(9): (vlog-2730) Undefined variable: 'clk'.",31.021222591400143,2515,209
"module slice_case_9(input logic [2:0] bus, input logic err, output logic stop);
always_comb begin
  case({bus[2],err})
    2'b11: stop = 1;
    2'b01: stop = 0;
    default: stop = 0;
  endcase
end
endmodule
","property p_stop_set;
@(posedge clk) ({bus[2], err} == 2'b11) |-> (stop == 1);
endproperty
assert property (p_stop_set);

property p_stop_clear;
@(posedge clk) ({bus[2], err} == 2'b01) |-> (stop == 0);
endproperty
assert property (p_stop_clear);

property p_stop_default_clear;
@(posedge clk) ({bus[2], err} != 2'b11 && {bus[2], err} != 2'b01) |-> (stop == 0);
endproperty
assert property (p_stop_default_clear);","** Error: prueba.sv(9): (vlog-2730) Undefined variable: 'clk'.
** Error (suppressible): prueba.sv(11): (vlog-1957) The sva directive is not sensitive to a clock. Unclocked directives are not supported.
** Error: prueba.sv(14): (vlog-2730) Undefined variable: 'clk'.
** Error (suppressible): prueba.sv(16): (vlog-1957) The sva directive is not sensitive to a clock. Unclocked directives are not supported.
** Error: prueba.sv(19): (vlog-2730) Undefined variable: 'clk'.
** Error (suppressible): prueba.sv(21): (vlog-1957) The sva directive is not sensitive to a clock. Unclocked directives are not supported.
** Error: prueba.sv(9): (vlog-2730) Undefined variable: 'clk'.",26.51321268081665,2508,181
"module slice_case_10(input logic [3:0] mode, output logic y);
always_comb begin
  case({mode[3],mode[0]})
    2'b10: y = 1;
    2'b01: y = 1;
    default: y = 0;
  endcase
end
endmodule
","property p_y_assign_10;
@(posedge clk) ({mode[3], mode[0]} == 2'b10) |-> (y == 1);
endproperty
assert property (p_y_assign_10);

property p_y_assign_01;
@(posedge clk) ({mode[3], mode[0]} == 2'b01) |-> (y == 1);
endproperty
assert property (p_y_assign_01);

property p_y_default_assign;
@(posedge clk) ({mode[3], mode[0]} != 2'b10 && {mode[3], mode[0]} != 2'b01) |-> (y == 0);
endproperty
assert property (p_y_default_assign);","** Error: prueba.sv(9): (vlog-2730) Undefined variable: 'clk'.
** Error (suppressible): prueba.sv(11): (vlog-1957) The sva directive is not sensitive to a clock. Unclocked directives are not supported.
** Error: prueba.sv(14): (vlog-2730) Undefined variable: 'clk'.
** Error (suppressible): prueba.sv(16): (vlog-1957) The sva directive is not sensitive to a clock. Unclocked directives are not supported.
** Error: prueba.sv(19): (vlog-2730) Undefined variable: 'clk'.
** Error (suppressible): prueba.sv(21): (vlog-1957) The sva directive is not sensitive to a clock. Unclocked directives are not supported.
** Error: prueba.sv(9): (vlog-2730) Undefined variable: 'clk'.",29.284909963607788,2511,201
"module proto_case_1(input logic clk, rst, req, output logic gnt);
always_ff @(posedge clk or posedge rst) begin
  if (rst) gnt <= 0;
  else begin
    case(gnt)
      1'b0: if (req) gnt <= 1;
      1'b1: gnt <= 0;
    endcase
  end
end
endmodule
","property p_reset_gnt;
@(posedge clk) rst |-> (gnt == 0);
endproperty
assert property (p_reset_gnt);

property p_gnt_to_1;
@(posedge clk) (!rst && gnt == 0 && req) |=> (gnt == 1);
endproperty
assert property (p_gnt_to_1);

property p_gnt_to_0;
@(posedge clk) (!rst && gnt == 1) |=> (gnt == 0);
endproperty
assert property (p_gnt_to_0);",OK,24.03932499885559,2529,156
"module proto_case_2(input logic clk, rst, valid, output logic ready);
always_ff @(posedge clk or posedge rst) begin
  if (rst) ready <= 1;
  else begin
    case(ready)
      1'b1: if (valid) ready <= 0;
      1'b0: ready <= 1;
    endcase
  end
end
endmodule
","property p_reset_ready;
@(posedge clk) rst |=> (ready == 1);
endproperty
assert property (p_reset_ready);

property p_ready_to_not_ready;
@(posedge clk) disable iff (rst) (ready == 1 && valid) |=> (ready == 0);
endproperty
assert property (p_ready_to_not_ready);

property p_not_ready_to_ready;
@(posedge clk) disable iff (rst) (ready == 0) |=> (ready == 1);
endproperty
assert property (p_not_ready_to_ready);",OK,23.993990182876587,2525,159
"module proto_case_3(input logic clk, rst, send, ack, output logic busy);
always_ff @(posedge clk or posedge rst) begin
  if (rst) busy <= 0;
  else begin
    case(busy)
      1'b0: if (send) busy <= 1;
      1'b1: if (ack) busy <= 0;
    endcase
  end
end
endmodule
","property p_reset_busy;
@(posedge clk) rst |=> (busy == 0);
endproperty
assert property (p_reset_busy);

property p_busy_set;
@(posedge clk) (!busy && send) |=> (busy == 1);
endproperty
assert property (p_busy_set);

property p_busy_clear;
@(posedge clk) (busy && ack) |=> (busy == 0);
endproperty
assert property (p_busy_clear);",OK,19.94156265258789,2529,129
"module proto_case_4(input logic clk, rst, give, take, output logic [1:0] credit);
always_ff @(posedge clk or posedge rst) begin
  if (rst) credit <= 2;
  else begin
    case({give,take})
      2'b10: credit <= credit + 1;
      2'b01: credit <= credit - 1;
      default: credit <= credit;
    endcase
  end
end
endmodule
","property p_credit_reset;
@(posedge clk) rst |-> (credit == 2);
endproperty
assert property (p_credit_reset);

property p_credit_increase;
@(posedge clk) disable iff (rst) ({give, take} == 2'b10) |-> (credit == $past(credit) + 1);
endproperty
assert property (p_credit_increase);

property p_credit_decrease;
@(posedge clk) disable iff (rst) ({give, take} == 2'b01) |-> (credit == $past(credit) - 1);
endproperty
assert property (p_credit_decrease);

property p_credit_unchanged;
@(posedge clk) disable iff (rst) ({give, take} != 2'b10 && {give, take} != 2'b01) |-> (credit == $past(credit));
endproperty
assert property (p_credit_unchanged);",OK,35.194862604141235,2537,241
"module proto_case_5(input logic clk, rst, sop, eop, output logic in_pkt);
always_ff @(posedge clk or posedge rst) begin
  if (rst) in_pkt <= 0;
  else begin
    case(in_pkt)
      1'b0: if (sop) in_pkt <= 1;
      1'b1: if (eop) in_pkt <= 0;
    endcase
  end
end
endmodule
","property p_reset_in_pkt;
@(posedge clk) rst |=> (in_pkt == 0);
endproperty
assert property (p_reset_in_pkt);

property p_start_packet;
@(posedge clk) disable iff (rst) (in_pkt == 1'b0 && sop) |-> nexttime (in_pkt == 1);
endproperty
assert property (p_start_packet);

property p_end_packet;
@(posedge clk) disable iff (rst) (in_pkt == 1'b1 && eop) |-> nexttime (in_pkt == 0);
endproperty
assert property (p_end_packet);",OK,26.701603651046756,2543,177
"module proto_case_6(input logic clk, rst, fail, output logic retry);
always_ff @(posedge clk or posedge rst) begin
  if (rst) retry <= 0;
  else begin
    case(retry)
      1'b0: if (fail) retry <= 1;
      1'b1: retry <= 0;
    endcase
  end
end
endmodule
","property p_reset_retry;
@(posedge clk) rst |-> (retry == 0);
endproperty
assert property (p_reset_retry);

property p_retry_set;
@(posedge clk) (!rst && retry == 1'b0 && fail) |=> (retry == 1);
endproperty
assert property (p_retry_set);

property p_retry_clear;
@(posedge clk) (!rst && retry == 1'b1) |=> (retry == 0);
endproperty
assert property (p_retry_clear);",OK,21.625648975372314,2525,143
"module proto_case_7(input logic clk, rst, lock_req, unlock, output logic locked);
always_ff @(posedge clk or posedge rst) begin
  if (rst) locked <= 0;
  else begin
    case(locked)
      1'b0: if (lock_req) locked <= 1;
      1'b1: if (unlock) locked <= 0;
    endcase
  end
end
endmodule
","property p_reset_locked;
@(posedge clk) rst |-> (locked == 0);
endproperty
assert property (p_reset_locked);

property p_lock_req_assign;
@(posedge clk) (!rst && locked == 1'b0 && lock_req) |=> (locked == 1);
endproperty
assert property (p_lock_req_assign);

property p_unlock_assign;
@(posedge clk) (!rst && locked == 1'b1 && unlock) |=> (locked == 0);
endproperty
assert property (p_unlock_assign);",OK,23.294414520263672,2531,151
"module proto_case_8(input logic clk, rst, start, finish, output logic busy);
always_ff @(posedge clk or posedge rst) begin
  if (rst) busy <= 0;
  else begin
    case(busy)
      1'b0: if (start) busy <= 1;
      1'b1: if (finish) busy <= 0;
    endcase
  end
end
endmodule
","property p_reset_busy;
@(posedge clk) rst |=> (busy == 0);
endproperty
assert property (p_reset_busy);

property p_busy_start_assign;
@(posedge clk) !rst && busy == 1'b0 && start |-> nexttime busy == 1;
endproperty
assert property (p_busy_start_assign);

property p_busy_finish_assign;
@(posedge clk) !rst && busy == 1'b1 && finish |-> nexttime busy == 0;
endproperty
assert property (p_busy_finish_assign);",OK,23.33413338661194,2529,153
"module proto_case_9(input logic clk, rst, go, done, output logic active);
always_ff @(posedge clk or posedge rst) begin
  if (rst) active <= 0;
  else begin
    case(active)
      1'b0: if (go) active <= 1;
      1'b1: if (done) active <= 0;
    endcase
  end
end
endmodule
","property p_reset_active;
@(posedge clk) rst |-> (active == 0);
endproperty
assert property (p_reset_active);

property p_active_to_inactive;
@(posedge clk) disable iff (rst) (active == 1 && done) |=> (active == 0);
endproperty
assert property (p_active_to_inactive);

property p_inactive_to_active;
@(posedge clk) disable iff (rst) (active == 0 && go) |=> (active == 1);
endproperty
assert property (p_inactive_to_active);",OK,23.053094625473022,2529,153
"module router_fsm (
    input  logic clk,
    input  logic rst_n,
    input  logic [3:0] req,
    output logic [1:0] selected,
    output logic grant
);
    typedef enum logic [1:0] {IDLE, LOOKUP, FORWARD, DROP} state_t;
    state_t state;

    always_ff @(posedge clk or negedge rst_n) begin
        if (!rst_n) begin
            state <= IDLE;
            selected <= 2'b00;
            grant <= 1'b0;
        end else begin
            case (state)
                IDLE: begin
                    grant <= 1'b0;
                    if (req != 4'b0000)
                        state <= LOOKUP;
                end

                LOOKUP: begin
                    casez (req)
                        4'b1???: selected <= 2'd3;
                        4'b01??: selected <= 2'd2;
                        4'b001?: selected <= 2'd1;
                        4'b0001: selected <= 2'd0;
                        default: selected <= 2'd0;
                    endcase
                    state <= (req == 4'b0000) ? IDLE : FORWARD;
                end

                FORWARD: begin
                    grant <= 1'b1;
                    if (req[selected] == 1'b0)
                        state <= IDLE;
                end

                DROP: state <= IDLE;
            endcase
        end
    end
endmodule
","property p_reset_state;
@(posedge clk) !rst_n |=> (state == IDLE);
endproperty
assert property (p_reset_state);

property p_reset_selected;
@(posedge clk) !rst_n |=> (selected == 2'b00);
endproperty
assert property (p_reset_selected);

property p_reset_grant;
@(posedge clk) !rst_n |=> (grant == 1'b0);
endproperty
assert property (p_reset_grant);

property p_idle_to_lookup;
@(posedge clk) disable iff (!rst_n)
(state == IDLE && req != 4'b0000) |=> (state == LOOKUP);
endproperty
assert property (p_idle_to_lookup);

property p_lookup_selected_3;
@(posedge clk) disable iff (!rst_n)
(state == LOOKUP && req == 4'b1???) |-> (selected == 2'd3);
endproperty
assert property (p_lookup_selected_3);

property p_lookup_selected_2;
@(posedge clk) disable iff (!rst_n)
(state == LOOKUP && req == 4'b01??) |-> (selected == 2'd2);
endproperty
assert property (p_lookup_selected_2);

property p_lookup_selected_1;
@(posedge clk) disable iff (!rst_n)
(state == LOOKUP && req == 4'b001?) |-> (selected == 2'd1);
endproperty
assert property (p_lookup_selected_1);

property p_lookup_selected_0;
@(posedge clk) disable iff (!rst_n)
(state == LOOKUP && req == 4'b0001) |-> (selected == 2'd0);
endproperty
assert property (p_lookup_selected_0);

property p_lookup_default_selected;
@(posedge clk) disable iff (!rst_n)
(state == LOOKUP && req != 4'b1??? && req != 4'b01?? && req != 4'b001? && req != 4'b0001) |-> (selected == 2'd0);
endproperty
assert property (p_lookup_default_selected);

property p_lookup_to_forward;
@(posedge clk) disable iff (!rst_n)
(state == LOOKUP && req != 4'b0000) |=> (state == FORWARD);
endproperty
assert property (p_lookup_to_forward);

property p_lookup_to_idle;
@(posedge clk) disable iff (!rst_n)
(state == LOOKUP && req == 4'b0000) |=> (state == IDLE);
endproperty
assert property (p_lookup_to_idle);

property p_forward_grant;
@(posedge clk) disable iff (!rst_n)
(state == FORWARD) |-> (grant == 1'b1);
endproperty
assert property (p_forward_grant);

property p_forward_to_idle;
@(posedge clk) disable iff (!rst_n)
(state == FORWARD && req[selected] == 1'b0) |=> (state == IDLE);
endproperty
assert property (p_forward_to_idle);

property p_drop_to_idle;
@(posedge clk) disable iff (!rst_n)
(state == DROP) |=> (state == IDLE);
endproperty
assert property (p_drop_to_idle);",OK,139.92701292037964,2739,876
"module instr_decoder (
    input  logic [31:0] instr,
    output logic [3:0] alu_op,
    output logic writeback,
    output logic [2:0] opcode
);
    typedef enum logic [2:0] {ALU, LOAD, STORE, BRANCH, SYS} op_t;
    always_comb begin
        writeback = 0;
        alu_op = 0;
        opcode = instr[31:29];

        unique case (opcode)
            ALU: begin
                writeback = 1;
                case (instr[28:25])
                    4'h0: alu_op = 4'h1; // ADD
                    4'h1: alu_op = 4'h2; // SUB
                    4'h2: alu_op = 4'h3; // AND
                    default: alu_op = 4'hF; // illegal
                endcase
            end

            LOAD:  writeback = 1;
            STORE: writeback = 0;
            BRANCH: writeback = 0;
            SYS: writeback = 0;
        endcase
    end
endmodule
","property p_writeback_alu;
@(posedge clk) (opcode == ALU) |-> (writeback == 1);
endproperty
assert property (p_writeback_alu);

property p_writeback_load;
@(posedge clk) (opcode == LOAD) |-> (writeback == 1);
endproperty
assert property (p_writeback_load);

property p_writeback_store;
@(posedge clk) (opcode == STORE) |-> (writeback == 0);
endproperty
assert property (p_writeback_store);

property p_writeback_branch;
@(posedge clk) (opcode == BRANCH) |-> (writeback == 0);
endproperty
assert property (p_writeback_branch);

property p_writeback_sys;
@(posedge clk) (opcode == SYS) |-> (writeback == 0);
endproperty
assert property (p_writeback_sys);

property p_alu_op_0;
@(posedge clk) ((opcode == ALU) && (instr[28:25] == 4'h0)) |-> (alu_op == 4'h1);
endproperty
assert property (p_alu_op_0);

property p_alu_op_1;
@(posedge clk) ((opcode == ALU) && (instr[28:25] == 4'h1)) |-> (alu_op == 4'h2);
endproperty
assert property (p_alu_op_1);

property p_alu_op_2;
@(posedge clk) ((opcode == ALU) && (instr[28:25] == 4'h2)) |-> (alu_op == 4'h3);
endproperty
assert property (p_alu_op_2);

property p_alu_op_default;
@(posedge clk) ((opcode == ALU) && (instr[28:25] != 4'h0) && (instr[28:25] != 4'h1) && (instr[28:25] != 4'h2)) |-> (alu_op == 4'hF);
endproperty
assert property (p_alu_op_default);","** Error: prueba.sv(12): (vlog-2730) Undefined variable: 'clk'.
** Error (suppressible): prueba.sv(14): (vlog-1957) The sva directive is not sensitive to a clock. Unclocked directives are not supported.
** Error: prueba.sv(17): (vlog-2730) Undefined variable: 'clk'.
** Error (suppressible): prueba.sv(19): (vlog-1957) The sva directive is not sensitive to a clock. Unclocked directives are not supported.
** Error: prueba.sv(22): (vlog-2730) Undefined variable: 'clk'.
** Error (suppressible): prueba.sv(24): (vlog-1957) The sva directive is not sensitive to a clock. Unclocked directives are not supported.
** Error: prueba.sv(27): (vlog-2730) Undefined variable: 'clk'.
** Error (suppressible): prueba.sv(29): (vlog-1957) The sva directive is not sensitive to a clock. Unclocked directives are not supported.
** Error: prueba.sv(32): (vlog-2730) Undefined variable: 'clk'.
** Error (suppressible): prueba.sv(34): (vlog-1957) The sva directive is not sensitive to a clock. Unclocked directives are not supported.
** Error: prueba.sv(37): (vlog-2730) Undefined variable: 'clk'.
** Error (suppressible): prueba.sv(39): (vlog-1957) The sva directive is not sensitive to a clock. Unclocked directives are not supported.
** Error: prueba.sv(42): (vlog-2730) Undefined variable: 'clk'.
** Error (suppressible): prueba.sv(44): (vlog-1957) The sva directive is not sensitive to a clock. Unclocked directives are not supported.
** Error: prueba.sv(47): (vlog-2730) Undefined variable: 'clk'.
** Error (suppressible): prueba.sv(49): (vlog-1957) The sva directive is not sensitive to a clock. Unclocked directives are not supported.
** Error: prueba.sv(52): (vlog-2730) Undefined variable: 'clk'.
** Error (suppressible): prueba.sv(54): (vlog-1957) The sva directive is not sensitive to a clock. Unclocked directives are not supported.
** Error: prueba.sv(12): (vlog-2730) Undefined variable: 'clk'.",84.03003931045532,2650,544
"module phy_link (
    input logic clk,
    input logic [3:0] mode,
    output logic [1:0] speed,
    output logic training
);
    always_ff @(posedge clk) begin
        casez (mode)
            4'b1???: speed <= 2'b11;   // Gen3
            4'b01??: speed <= 2'b10;   // Gen2
            4'b001?: speed <= 2'b01;   // Gen1
            4'b0001: speed <= 2'b00;   // Safe
        endcase
    end

    always_ff @(posedge clk)
        training <= (speed != 2'b00);
endmodule
","property p_speed_11_assign;
@(posedge clk) (mode == 4'b1??? || mode == 4'b11?? || mode == 4'b10??) |-> (speed == 2'b11);
endproperty
assert property (p_speed_11_assign);

property p_speed_10_assign;
@(posedge clk) (mode == 4'b01?? || mode == 4'b011? || mode == 4'b010?) |-> (speed == 2'b10);
endproperty
assert property (p_speed_10_assign);

property p_speed_01_assign;
@(posedge clk) (mode == 4'b001? || mode == 4'b0011 || mode == 4'b0010) |-> (speed == 2'b01);
endproperty
assert property (p_speed_01_assign);

property p_speed_00_assign;
@(posedge clk) (mode == 4'b0001) |-> (speed == 2'b00);
endproperty
assert property (p_speed_00_assign);","** Error: prueba.sv(8): (vlog-2110) Illegal reference to net ""training"".",44.63214230537415,2552,302
"module mem_ctrl (
    input logic clk,
    input logic [1:0] cmd,
    input logic [1:0] burst,
    output logic ack,
    output logic err
);
    always_ff @(posedge clk) begin
        ack <= 0;
        err <= 0;
        case (cmd)
            2'b00: begin // READ
                case (burst)
                    2'b00, 2'b01: ack <= 1;
                    default: err <= 1;
                endcase
            end

            2'b01: begin // WRITE
                case (burst)
                    2'b00, 2'b10: ack <= 1;
                    default: err <= 1;
                endcase
            end

            default: err <= 1;
        endcase
    end
endmodule
","property p_ack_cmd00_burst00_or_01;
@(posedge clk) (cmd == 2'b00 && (burst == 2'b00 || burst == 2'b01)) |-> (ack == 1);
endproperty
assert property (p_ack_cmd00_burst00_or_01);

property p_err_cmd00_burst_default;
@(posedge clk) (cmd == 2'b00 && !(burst == 2'b00 || burst == 2'b01)) |-> (err == 1);
endproperty
assert property (p_err_cmd00_burst_default);

property p_ack_cmd01_burst00_or_10;
@(posedge clk) (cmd == 2'b01 && (burst == 2'b00 || burst == 2'b10)) |-> (ack == 1);
endproperty
assert property (p_ack_cmd01_burst00_or_10);

property p_err_cmd01_burst_default;
@(posedge clk) (cmd == 2'b01 && !(burst == 2'b00 || burst == 2'b10)) |-> (err == 1);
endproperty
assert property (p_err_cmd01_burst_default);

property p_err_cmd_default;
@(posedge clk) !(cmd == 2'b00 || cmd == 2'b01) |-> (err == 1);
endproperty
assert property (p_err_cmd_default);",OK,60.46627759933472,2602,398
"module dma_engine (
    input logic clk,
    input logic [1:0] size,
    output logic busy,
    output logic done
);
    typedef enum logic [1:0] {SMALL, MEDIUM, LARGE} size_t;

    always_ff @(posedge clk) begin
        case (size)
            SMALL: begin
                busy <= 1;
                done <= ##1 1;
            end

            MEDIUM: begin
                busy <= 1;
                done <= ##2 1;
            end

            LARGE: begin
                busy <= 1;
                done <= ##4 1;
            end
        endcase
    end
endmodule
","property p_small_busy_assign;
@(posedge clk) (size == SMALL) |-> (busy == 1);
endproperty
assert property (p_small_busy_assign);

property p_medium_busy_assign;
@(posedge clk) (size == MEDIUM) |-> (busy == 1);
endproperty
assert property (p_medium_busy_assign);

property p_large_busy_assign;
@(posedge clk) (size == LARGE) |-> (busy == 1);
endproperty
assert property (p_large_busy_assign);

property p_small_done_assign;
@(posedge clk) (size == SMALL) |=> (done == 1);
endproperty
assert property (p_small_done_assign);

property p_medium_done_assign;
@(posedge clk) (size == MEDIUM) |-> ##2 (done == 1);
endproperty
assert property (p_medium_done_assign);

property p_large_done_assign;
@(posedge clk) (size == LARGE) |-> ##4 (done == 1);
endproperty
assert property (p_large_done_assign);",OK,43.046448707580566,2549,290
"module instr_decoder (
    input  logic [31:0] instr,
    output logic        is_branch,
    output logic        is_load,
    output logic        is_store,
    output logic        illegal
);

    logic [6:0] opcode;
    logic [2:0] funct3;
    logic [6:0] funct7;

    assign opcode = instr[6:0];
    assign funct3 = instr[14:12];
    assign funct7 = instr[31:25];

    always_comb begin
        is_branch = 1'b0;
        is_load   = 1'b0;
        is_store  = 1'b0;
        illegal   = 1'b0;

        unique case (opcode)
            7'b1100011: begin // BRANCH
                is_branch = 1'b1;
                unique case (funct3)
                    3'b000, // BEQ
                    3'b001, // BNE
                    3'b100, // BLT
                    3'b101, // BGE
                    3'b110, // BLTU
                    3'b111: ; // BGEU
                    default: illegal = 1'b1;
                endcase
            end

            7'b0000011: begin // LOAD
                is_load = 1'b1;
                unique case (funct3)
                    3'b000, // LB
                    3'b001, // LH
                    3'b010, // LW
                    3'b100, // LBU
                    3'b101: ; // LHU
                    default: illegal = 1'b1;
                endcase
            end

            7'b0100011: begin // STORE
                is_store = 1'b1;
                unique case (funct3)
                    3'b000, // SB
                    3'b001, // SH
                    3'b010: ; // SW
                    default: illegal = 1'b1;
                endcase
            end

            default: illegal = 1'b1;
        endcase
    end

endmodule
","property p_is_branch_set;
@(posedge clk) (opcode == 7'b1100011) |-> is_branch;
endproperty
assert property (p_is_branch_set);

property p_is_load_set;
@(posedge clk) (opcode == 7'b0000011) |-> is_load;
endproperty
assert property (p_is_load_set);

property p_is_store_set;
@(posedge clk) (opcode == 7'b0100011) |-> is_store;
endproperty
assert property (p_is_store_set);

property p_illegal_default;
@(posedge clk) (opcode != 7'b1100011 && opcode != 7'b0000011 && opcode != 7'b0100011) |-> illegal;
endproperty
assert property (p_illegal_default);

property p_funct3_branch_illegal;
@(posedge clk) (opcode == 7'b1100011 && !(funct3 inside {3'b000, 3'b001, 3'b100, 3'b101, 3'b110, 3'b111})) |-> illegal;
endproperty
assert property (p_funct3_branch_illegal);

property p_funct3_load_illegal;
@(posedge clk) (opcode == 7'b0000011 && !(funct3 inside {3'b000, 3'b001, 3'b010, 3'b100, 3'b101})) |-> illegal;
endproperty
assert property (p_funct3_load_illegal);

property p_funct3_store_illegal;
@(posedge clk) (opcode == 7'b0100011 && !(funct3 inside {3'b000, 3'b001, 3'b010})) |-> illegal;
endproperty
assert property (p_funct3_store_illegal);","** Error: prueba.sv(18): (vlog-2730) Undefined variable: 'clk'.
** Error (suppressible): prueba.sv(20): (vlog-1957) The sva directive is not sensitive to a clock. Unclocked directives are not supported.
** Error: prueba.sv(23): (vlog-2730) Undefined variable: 'clk'.
** Error (suppressible): prueba.sv(25): (vlog-1957) The sva directive is not sensitive to a clock. Unclocked directives are not supported.
** Error: prueba.sv(28): (vlog-2730) Undefined variable: 'clk'.
** Error (suppressible): prueba.sv(30): (vlog-1957) The sva directive is not sensitive to a clock. Unclocked directives are not supported.
** Error: prueba.sv(33): (vlog-2730) Undefined variable: 'clk'.
** Error (suppressible): prueba.sv(35): (vlog-1957) The sva directive is not sensitive to a clock. Unclocked directives are not supported.
** Error: prueba.sv(38): (vlog-2730) Undefined variable: 'clk'.
** Error (suppressible): prueba.sv(40): (vlog-1957) The sva directive is not sensitive to a clock. Unclocked directives are not supported.
** Error: prueba.sv(43): (vlog-2730) Undefined variable: 'clk'.
** Error (suppressible): prueba.sv(45): (vlog-1957) The sva directive is not sensitive to a clock. Unclocked directives are not supported.
** Error: prueba.sv(48): (vlog-2730) Undefined variable: 'clk'.
** Error (suppressible): prueba.sv(50): (vlog-1957) The sva directive is not sensitive to a clock. Unclocked directives are not supported.
** Error: prueba.sv(18): (vlog-2730) Undefined variable: 'clk'.",93.69707345962524,2840,547
"module axi_read_fsm (
    input  logic        clk,
    input  logic        rst_n,
    input  logic        arvalid,
    input  logic        rready,
    input  logic        rlast,
    output logic        arready,
    output logic        rvalid
);

    typedef enum logic [2:0] {
        IDLE,
        ADDR_ACCEPT,
        DATA_WAIT,
        DATA_LAST,
        ERROR
    } state_t;

    state_t state, next_state;

    always_ff @(posedge clk or negedge rst_n) begin
        if (!rst_n)
            state <= IDLE;
        else
            state <= next_state;
    end

    always_comb begin
        arready   = 1'b0;
        rvalid    = 1'b0;
        next_state = state;

        priority case (state)
            IDLE: begin
                if (arvalid) begin
                    arready   = 1'b1;
                    next_state = ADDR_ACCEPT;
                end
            end

            ADDR_ACCEPT: begin
                next_state = DATA_WAIT;
            end

            DATA_WAIT: begin
                rvalid = 1'b1;
                if (rready && rlast)
                    next_state = DATA_LAST;
                else if (rready)
                    next_state = DATA_WAIT;
            end

            DATA_LAST: begin
                rvalid = 1'b1;
                if (rready)
                    next_state = IDLE;
            end

            default: begin
                next_state = ERROR;
            end
        endcase
    end

endmodule
","property p_reset_state;
    @(posedge clk) !rst_n |=> (state == IDLE);
endproperty
assert property (p_reset_state);

property p_idle_to_addr_accept;
    @(posedge clk) disable iff (!rst_n) (state == IDLE && arvalid) |-> ##1 (arready == 1'b1 && next_state == ADDR_ACCEPT);
endproperty
assert property (p_idle_to_addr_accept);

property p_addr_accept_to_data_wait;
    @(posedge clk) disable iff (!rst_n) (state == ADDR_ACCEPT) |-> ##1 next_state == DATA_WAIT;
endproperty
assert property (p_addr_accept_to_data_wait);

property p_data_wait_rvalid;
    @(posedge clk) disable iff (!rst_n) (state == DATA_WAIT) |-> rvalid == 1'b1;
endproperty
assert property (p_data_wait_rvalid);

property p_data_wait_to_data_last;
    @(posedge clk) disable iff (!rst_n) (state == DATA_WAIT && rready && rlast) |-> ##1 next_state == DATA_LAST;
endproperty
assert property (p_data_wait_to_data_last);

property p_data_wait_to_data_wait;
    @(posedge clk) disable iff (!rst_n) (state == DATA_WAIT && rready && !rlast) |-> ##1 next_state == DATA_WAIT;
endproperty
assert property (p_data_wait_to_data_wait);

property p_data_last_rvalid;
    @(posedge clk) disable iff (!rst_n) (state == DATA_LAST) |-> rvalid == 1'b1;
endproperty
assert property (p_data_last_rvalid);

property p_data_last_to_idle;
    @(posedge clk) disable iff (!rst_n) (state == DATA_LAST && rready) |-> ##1 next_state == IDLE;
endproperty
assert property (p_data_last_to_idle);

property p_default_error;
    @(posedge clk) disable iff (!rst_n) (state != IDLE && state != ADDR_ACCEPT && state != DATA_WAIT && state != DATA_LAST) |-> next_state == ERROR;
endproperty
assert property (p_default_error);",OK,93.69172310829164,2723,589
"module packet_parser (
    input  logic [63:0] header,
    output logic        is_ipv4,
    output logic        is_ipv6,
    output logic        is_arp,
    output logic        unknown
);

    logic [15:0] ethertype;
    assign ethertype = header[15:0];

    always_comb begin
        is_ipv4  = 1'b0;
        is_ipv6  = 1'b0;
        is_arp   = 1'b0;
        unknown  = 1'b0;

        casez (ethertype)
            16'h0800: is_ipv4 = 1'b1; // IPv4
            16'h86DD: is_ipv6 = 1'b1; // IPv6
            16'h0806: is_arp  = 1'b1; // ARP

            16'h88??: begin
                // Vendor-specific or experimental
                unknown = 1'b1;
            end

            default: unknown = 1'b1;
        endcase
    end

endmodule
","property p_is_ipv4;
@(posedge clk) (ethertype == 16'h0800) |-> (is_ipv4 == 1'b1);
endproperty
assert property (p_is_ipv4);

property p_is_ipv6;
@(posedge clk) (ethertype == 16'h86DD) |-> (is_ipv6 == 1'b1);
endproperty
assert property (p_is_ipv6);

property p_is_arp;
@(posedge clk) (ethertype == 16'h0806) |-> (is_arp == 1'b1);
endproperty
assert property (p_is_arp);

property p_unknown_with_wildcard;
@(posedge clk) (ethertype inside {16'h8800, 16'h8801, 16'h8802, 16'h8803, 16'h8804, 16'h8805, 16'h8806, 16'h8807, 16'h8808, 16'h8809, 16'h880A, 16'h880B, 16'h880C, 16'h880D, 16'h880E, 16'h880F}) |-> (unknown == 1'b1);
endproperty
assert property (p_unknown_with_wildcard);

property p_default_unknown;
@(posedge clk) (ethertype != 16'h0800 && ethertype != 16'h86DD && ethertype != 16'h0806 && !(ethertype inside {16'h8800, 16'h8801, 16'h8802, 16'h8803, 16'h8804, 16'h8805, 16'h8806, 16'h8807, 16'h8808, 16'h8809, 16'h880A, 16'h880B, 16'h880C, 16'h880D, 16'h880E, 16'h880F})) |-> (unknown == 1'b1);
endproperty
assert property (p_default_unknown);","** Error: prueba.sv(14): (vlog-2730) Undefined variable: 'clk'.
** Error (suppressible): prueba.sv(16): (vlog-1957) The sva directive is not sensitive to a clock. Unclocked directives are not supported.
** Error: prueba.sv(19): (vlog-2730) Undefined variable: 'clk'.
** Error (suppressible): prueba.sv(21): (vlog-1957) The sva directive is not sensitive to a clock. Unclocked directives are not supported.
** Error: prueba.sv(24): (vlog-2730) Undefined variable: 'clk'.
** Error (suppressible): prueba.sv(26): (vlog-1957) The sva directive is not sensitive to a clock. Unclocked directives are not supported.
** Error: prueba.sv(29): (vlog-2730) Undefined variable: 'clk'.
** Error (suppressible): prueba.sv(31): (vlog-1957) The sva directive is not sensitive to a clock. Unclocked directives are not supported.
** Error: prueba.sv(34): (vlog-2730) Undefined variable: 'clk'.
** Error (suppressible): prueba.sv(36): (vlog-1957) The sva directive is not sensitive to a clock. Unclocked directives are not supported.
** Error: prueba.sv(14): (vlog-2730) Undefined variable: 'clk'.",96.557452917099,2628,632
"module power_ctrl (
    input  logic [2:0] mode,
    output logic       clk_en,
    output logic       power_en,
    output logic       retention_en
);

    always_comb begin
        clk_en        = 1'b0;
        power_en      = 1'b0;
        retention_en  = 1'b0;

        unique case (mode)
            3'b000: begin // OFF
                power_en = 1'b0;
            end

            3'b001: begin // RETENTION
                power_en     = 1'b1;
                retention_en = 1'b1;
            end

            3'b010: begin // IDLE
                power_en = 1'b1;
                clk_en   = 1'b0;
            end

            3'b011: begin // ACTIVE
                power_en = 1'b1;
                clk_en   = 1'b1;
            end

            default: begin
                // Illegal mode ? safe shutdown
                power_en = 1'b0;
            end
        endcase
    end

endmodule
","property p_mode_000;
@(posedge clk) (mode == 3'b000) |-> (power_en == 1'b0);
endproperty
assert property (p_mode_000);

property p_mode_001;
@(posedge clk) (mode == 3'b001) |-> (power_en == 1'b1 && retention_en == 1'b1);
endproperty
assert property (p_mode_001);

property p_mode_010;
@(posedge clk) (mode == 3'b010) |-> (power_en == 1'b1 && clk_en == 1'b0);
endproperty
assert property (p_mode_010);

property p_mode_011;
@(posedge clk) (mode == 3'b011) |-> (power_en == 1'b1 && clk_en == 1'b1);
endproperty
assert property (p_mode_011);

property p_mode_default;
@(posedge clk) (mode != 3'b000 && mode != 3'b001 && mode != 3'b010 && mode != 3'b011) |-> (power_en == 1'b0);
endproperty
assert property (p_mode_default);","** Error: prueba.sv(12): (vlog-2730) Undefined variable: 'clk'.
** Error (suppressible): prueba.sv(14): (vlog-1957) The sva directive is not sensitive to a clock. Unclocked directives are not supported.
** Error: prueba.sv(17): (vlog-2730) Undefined variable: 'clk'.
** Error (suppressible): prueba.sv(19): (vlog-1957) The sva directive is not sensitive to a clock. Unclocked directives are not supported.
** Error: prueba.sv(22): (vlog-2730) Undefined variable: 'clk'.
** Error (suppressible): prueba.sv(24): (vlog-1957) The sva directive is not sensitive to a clock. Unclocked directives are not supported.
** Error: prueba.sv(27): (vlog-2730) Undefined variable: 'clk'.
** Error (suppressible): prueba.sv(29): (vlog-1957) The sva directive is not sensitive to a clock. Unclocked directives are not supported.
** Error: prueba.sv(32): (vlog-2730) Undefined variable: 'clk'.
** Error (suppressible): prueba.sv(34): (vlog-1957) The sva directive is not sensitive to a clock. Unclocked directives are not supported.
** Error: prueba.sv(12): (vlog-2730) Undefined variable: 'clk'.",55.88201880455017,2673,347
"module scheduler_ctrl (
    input  logic [7:0] ctrl_word,
    output logic       high_prio,
    output logic       drop_pkt
);

    logic [3:0] class;
    logic [3:0] action;

    assign class  = ctrl_word[7:4];
    assign action = ctrl_word[3:0];

    always_comb begin
        high_prio = 1'b0;
        drop_pkt  = 1'b0;

        unique case (class)
            4'h0, 4'h1: begin
                case (action)
                    4'h0: high_prio = 1'b0;
                    4'h1: high_prio = 1'b1;
                    4'hF: drop_pkt  = 1'b1;
                    default: ;
                endcase
            end

            4'hA, 4'hB: begin
                casez (action)
                    4'b1???: high_prio = 1'b1;
                    4'b0???: drop_pkt  = 1'b1;
                    default: ;
                endcase
            end

            default: drop_pkt = 1'b1;
        endcase
    end

endmodule
","property p_high_prio_0;
@(posedge clk) (class inside {4'h0, 4'h1} && action == 4'h0) |-> (high_prio == 1'b0);
endproperty
assert property (p_high_prio_0);

property p_high_prio_1;
@(posedge clk) (class inside {4'h0, 4'h1} && action == 4'h1) |-> (high_prio == 1'b1);
endproperty
assert property (p_high_prio_1);

property p_drop_pkt_F;
@(posedge clk) (class inside {4'h0, 4'h1} && action == 4'hF) |-> (drop_pkt == 1'b1);
endproperty
assert property (p_drop_pkt_F);

property p_high_prio_A;
@(posedge clk) (class inside {4'hA, 4'hB} && action[3] == 1'b1) |-> (high_prio == 1'b1);
endproperty
assert property (p_high_prio_A);

property p_drop_pkt_0;
@(posedge clk) (class inside {4'hA, 4'hB} && action[3] == 1'b0) |-> (drop_pkt == 1'b1);
endproperty
assert property (p_drop_pkt_0);

property p_default_drop_pkt;
@(posedge clk) !(class inside {4'h0, 4'h1, 4'hA, 4'hB}) |-> (drop_pkt == 1'b1);
endproperty
assert property (p_default_drop_pkt);","** Error: (vlog-13069) prueba.sv(6): near ""class"": syntax error, unexpected class, expecting IDENTIFIER or TYPE_IDENTIFIER or NETTYPE_IDENTIFIER or '='.
** Error: (vlog-13069) prueba.sv(8): near ""class"": syntax error, unexpected class.
** Error: (vlog-13069) prueba.sv(14): near ""class"": syntax error, unexpected class.
** Error: (vlog-13069) prueba.sv(19): near ""class"": syntax error, unexpected class.
** Error: (vlog-13069) prueba.sv(24): near ""class"": syntax error, unexpected class.
** Error: (vlog-13069) prueba.sv(29): near ""class"": syntax error, unexpected class.
** Error: (vlog-13069) prueba.sv(34): near ""class"": syntax error, unexpected class.
** Error: (vlog-13069) prueba.sv(39): near ""class"": syntax error, unexpected class.",71.16669702529907,2672,453
"module dma_channel_arbiter (
    input  logic [3:0] ch_req,
    output logic [1:0] grant,
    output logic       grant_valid
);

    always_comb begin
        grant       = 2'd0;
        grant_valid = 1'b0;

        priority case (1'b1)
            ch_req[0]: begin
                grant       = 2'd0;
                grant_valid = 1'b1;
            end
            ch_req[1]: begin
                grant       = 2'd1;
                grant_valid = 1'b1;
            end
            ch_req[2]: begin
                grant       = 2'd2;
                grant_valid = 1'b1;
            end
            ch_req[3]: begin
                grant       = 2'd3;
                grant_valid = 1'b1;
            end
            default: begin
                grant_valid = 1'b0;
            end
        endcase
    end

endmodule
","property p_grant_ch0;
@(posedge clk) ch_req[0] |-> (grant == 2'd0 && grant_valid == 1'b1);
endproperty
assert property (p_grant_ch0);

property p_grant_ch1;
@(posedge clk) ch_req[1] |-> (grant == 2'd1 && grant_valid == 1'b1);
endproperty
assert property (p_grant_ch1);

property p_grant_ch2;
@(posedge clk) ch_req[2] |-> (grant == 2'd2 && grant_valid == 1'b1);
endproperty
assert property (p_grant_ch2);

property p_grant_ch3;
@(posedge clk) ch_req[3] |-> (grant == 2'd3 && grant_valid == 1'b1);
endproperty
assert property (p_grant_ch3);

property p_no_grant;
@(posedge clk) (!ch_req[0] && !ch_req[1] && !ch_req[2] && !ch_req[3]) |-> (grant_valid == 1'b0);
endproperty
assert property (p_no_grant);","** Error: prueba.sv(11): (vlog-2730) Undefined variable: 'clk'.
** Error (suppressible): prueba.sv(13): (vlog-1957) The sva directive is not sensitive to a clock. Unclocked directives are not supported.
** Error: prueba.sv(16): (vlog-2730) Undefined variable: 'clk'.
** Error (suppressible): prueba.sv(18): (vlog-1957) The sva directive is not sensitive to a clock. Unclocked directives are not supported.
** Error: prueba.sv(21): (vlog-2730) Undefined variable: 'clk'.
** Error (suppressible): prueba.sv(23): (vlog-1957) The sva directive is not sensitive to a clock. Unclocked directives are not supported.
** Error: prueba.sv(26): (vlog-2730) Undefined variable: 'clk'.
** Error (suppressible): prueba.sv(28): (vlog-1957) The sva directive is not sensitive to a clock. Unclocked directives are not supported.
** Error: prueba.sv(31): (vlog-2730) Undefined variable: 'clk'.
** Error (suppressible): prueba.sv(33): (vlog-1957) The sva directive is not sensitive to a clock. Unclocked directives are not supported.
** Error: prueba.sv(11): (vlog-2730) Undefined variable: 'clk'.",50.20083045959473,2657,311
"module coherence_cmd_decode (
    input  logic [4:0] cmd,
    output logic       req_shared,
    output logic       req_exclusive,
    output logic       invalidate,
    output logic       illegal
);

    always_comb begin
        req_shared    = 1'b0;
        req_exclusive = 1'b0;
        invalidate    = 1'b0;
        illegal       = 1'b0;

        unique case (cmd)
            5'h00: req_shared    = 1'b1; // ReadShared
            5'h01: req_exclusive = 1'b1; // ReadExclusive
            5'h02: invalidate    = 1'b1; // Invalidate
            5'h03: begin                  // Upgrade
                req_exclusive = 1'b1;
                invalidate    = 1'b1;
            end
            5'h10, 5'h11: begin            // Probe responses
                // No action, metadata only
            end
            default: illegal = 1'b1;
        endcase
    end

endmodule
","property p_req_shared_assign;
@(posedge clk) (cmd == 5'h00) |-> (req_shared == 1'b1);
endproperty
assert property (p_req_shared_assign);

property p_req_exclusive_assign;
@(posedge clk) (cmd == 5'h01) |-> (req_exclusive == 1'b1);
endproperty
assert property (p_req_exclusive_assign);

property p_invalidate_assign;
@(posedge clk) (cmd == 5'h02) |-> (invalidate == 1'b1);
endproperty
assert property (p_invalidate_assign);

property p_req_excl_inv_assign;
@(posedge clk) (cmd == 5'h03) |-> (req_exclusive == 1'b1 && invalidate == 1'b1);
endproperty
assert property (p_req_excl_inv_assign);

property p_illegal_assign;
@(posedge clk) (cmd != 5'h00 && cmd != 5'h01 && cmd != 5'h02 && cmd != 5'h03 && cmd != 5'h10 && cmd != 5'h11) |-> (illegal == 1'b1);
endproperty
assert property (p_illegal_assign);","** Error: prueba.sv(13): (vlog-2730) Undefined variable: 'clk'.
** Error (suppressible): prueba.sv(15): (vlog-1957) The sva directive is not sensitive to a clock. Unclocked directives are not supported.
** Error: prueba.sv(18): (vlog-2730) Undefined variable: 'clk'.
** Error (suppressible): prueba.sv(20): (vlog-1957) The sva directive is not sensitive to a clock. Unclocked directives are not supported.
** Error: prueba.sv(23): (vlog-2730) Undefined variable: 'clk'.
** Error (suppressible): prueba.sv(25): (vlog-1957) The sva directive is not sensitive to a clock. Unclocked directives are not supported.
** Error: prueba.sv(28): (vlog-2730) Undefined variable: 'clk'.
** Error (suppressible): prueba.sv(30): (vlog-1957) The sva directive is not sensitive to a clock. Unclocked directives are not supported.
** Error: prueba.sv(33): (vlog-2730) Undefined variable: 'clk'.
** Error (suppressible): prueba.sv(35): (vlog-1957) The sva directive is not sensitive to a clock. Unclocked directives are not supported.
** Error: prueba.sv(13): (vlog-2730) Undefined variable: 'clk'.",53.87457823753357,2643,339
"module pcie_tlp_decoder (
    input  logic [7:0] tlp_type,
    output logic       is_mem,
    output logic       is_cfg,
    output logic       is_msg,
    output logic       unsupported
);

    always_comb begin
        is_mem      = 1'b0;
        is_cfg      = 1'b0;
        is_msg      = 1'b0;
        unsupported = 1'b0;

        casez (tlp_type)
            8'b0000_000?: is_mem = 1'b1; // MemRd/MemWr
            8'b0000_10??: is_cfg = 1'b1; // CfgRd/CfgWr
            8'b0011_0???: is_msg = 1'b1; // Messages
            default: unsupported = 1'b1;
        endcase
    end

endmodule
","property p_is_mem_assign;
@(posedge clk) (tlp_type[7:1] == 7'b0000_000) |-> (is_mem == 1'b1);
endproperty
assert property (p_is_mem_assign);

property p_is_cfg_assign;
@(posedge clk) (tlp_type[7:2] == 6'b0000_10 && tlp_type[1:0] != 2'b11) |-> (is_cfg == 1'b1);
endproperty
assert property (p_is_cfg_assign);

property p_is_msg_assign;
@(posedge clk) (tlp_type[7:3] == 5'b0011_0) |-> (is_msg == 1'b1);
endproperty
assert property (p_is_msg_assign);

property p_unsupported_assign;
@(posedge clk) (tlp_type[7:1] != 7'b0000_000 && tlp_type[7:2] != 6'b0000_10 && tlp_type[7:3] != 5'b0011_0) |-> (unsupported == 1'b1);
endproperty
assert property (p_unsupported_assign);","** Error: prueba.sv(13): (vlog-2730) Undefined variable: 'clk'.
** Error (suppressible): prueba.sv(15): (vlog-1957) The sva directive is not sensitive to a clock. Unclocked directives are not supported.
** Error: prueba.sv(18): (vlog-2730) Undefined variable: 'clk'.
** Error (suppressible): prueba.sv(20): (vlog-1957) The sva directive is not sensitive to a clock. Unclocked directives are not supported.
** Error: prueba.sv(23): (vlog-2730) Undefined variable: 'clk'.
** Error (suppressible): prueba.sv(25): (vlog-1957) The sva directive is not sensitive to a clock. Unclocked directives are not supported.
** Error: prueba.sv(28): (vlog-2730) Undefined variable: 'clk'.
** Error (suppressible): prueba.sv(30): (vlog-1957) The sva directive is not sensitive to a clock. Unclocked directives are not supported.
** Error: prueba.sv(13): (vlog-2730) Undefined variable: 'clk'.",52.27357125282288,2609,340
"module cdc_ctrl_fsm (
    input  logic clk,
    input  logic rst_n,
    input  logic req,
    input  logic ack,
    output logic req_sync
);

    typedef enum logic [1:0] {
        CDC_IDLE,
        CDC_REQ,
        CDC_WAIT_ACK,
        CDC_DONE
    } cdc_state_t;

    cdc_state_t state, next_state;

    always_ff @(posedge clk or negedge rst_n) begin
        if (!rst_n)
            state <= CDC_IDLE;
        else
            state <= next_state;
    end

    always_comb begin
        req_sync  = 1'b0;
        next_state = state;

        unique case (state)
            CDC_IDLE: begin
                if (req)
                    next_state = CDC_REQ;
            end

            CDC_REQ: begin
                req_sync = 1'b1;
                next_state = CDC_WAIT_ACK;
            end

            CDC_WAIT_ACK: begin
                req_sync = 1'b1;
                if (ack)
                    next_state = CDC_DONE;
            end

            CDC_DONE: begin
                if (!req)
                    next_state = CDC_IDLE;
            end

            default: next_state = CDC_IDLE;
        endcase
    end

endmodule
","property p_reset_state;
    @(posedge clk) !rst_n |=> (state == CDC_IDLE);
endproperty
assert property (p_reset_state);

property p_idle_to_req;
    @(posedge clk) disable iff (!rst_n)
    (state == CDC_IDLE && req) |=> (next_state == CDC_REQ);
endproperty
assert property (p_idle_to_req);

property p_req_sync;
    @(posedge clk) disable iff (!rst_n)
    (state == CDC_REQ) |-> (req_sync == 1'b1);
endproperty
assert property (p_req_sync);

property p_req_to_wait_ack;
    @(posedge clk) disable iff (!rst_n)
    (state == CDC_REQ) |=> (next_state == CDC_WAIT_ACK && req_sync == 1'b1);
endproperty
assert property (p_req_to_wait_ack);

property p_wait_ack_sync;
    @(posedge clk) disable iff (!rst_n)
    (state == CDC_WAIT_ACK) |-> (req_sync == 1'b1);
endproperty
assert property (p_wait_ack_sync);

property p_wait_ack_to_done;
    @(posedge clk) disable iff (!rst_n)
    (state == CDC_WAIT_ACK && ack) |=> (next_state == CDC_DONE);
endproperty
assert property (p_wait_ack_to_done);

property p_done_to_idle;
    @(posedge clk) disable iff (!rst_n)
    (state == CDC_DONE && !req) |=> (next_state == CDC_IDLE);
endproperty
assert property (p_done_to_idle);

property p_default_state;
    @(posedge clk) disable iff (!rst_n)
    (state != CDC_IDLE && state != CDC_REQ && state != CDC_WAIT_ACK && state != CDC_DONE) |=> (next_state == CDC_IDLE);
endproperty
assert property (p_default_state);",OK,82.25356459617615,2681,520
"module irq_priority_resolver (
    input  logic [7:0] irq_pending,
    input  logic [7:0] irq_enable,
    output logic [2:0] irq_id,
    output logic       irq_valid
);

    logic [7:0] active_irq;
    assign active_irq = irq_pending & irq_enable;

    always_comb begin
        irq_id    = 3'd0;
        irq_valid = 1'b0;

        priority case (1'b1)
            active_irq[7]: begin irq_id = 3'd7; irq_valid = 1'b1; end
            active_irq[6]: begin irq_id = 3'd6; irq_valid = 1'b1; end
            active_irq[5]: begin irq_id = 3'd5; irq_valid = 1'b1; end
            active_irq[4]: begin irq_id = 3'd4; irq_valid = 1'b1; end
            active_irq[3]: begin irq_id = 3'd3; irq_valid = 1'b1; end
            active_irq[2]: begin irq_id = 3'd2; irq_valid = 1'b1; end
            active_irq[1]: begin irq_id = 3'd1; irq_valid = 1'b1; end
            active_irq[0]: begin irq_id = 3'd0; irq_valid = 1'b1; end
            default: irq_valid = 1'b0;
        endcase
    end

endmodule
","property p_irq_id_7_assign;
@(posedge clk) active_irq[7] |-> (irq_id == 3'd7 && irq_valid == 1'b1);
endproperty
assert property (p_irq_id_7_assign);

property p_irq_id_6_assign;
@(posedge clk) active_irq[6] |-> (irq_id == 3'd6 && irq_valid == 1'b1);
endproperty
assert property (p_irq_id_6_assign);

property p_irq_id_5_assign;
@(posedge clk) active_irq[5] |-> (irq_id == 3'd5 && irq_valid == 1'b1);
endproperty
assert property (p_irq_id_5_assign);

property p_irq_id_4_assign;
@(posedge clk) active_irq[4] |-> (irq_id == 3'd4 && irq_valid == 1'b1);
endproperty
assert property (p_irq_id_4_assign);

property p_irq_id_3_assign;
@(posedge clk) active_irq[3] |-> (irq_id == 3'd3 && irq_valid == 1'b1);
endproperty
assert property (p_irq_id_3_assign);

property p_irq_id_2_assign;
@(posedge clk) active_irq[2] |-> (irq_id == 3'd2 && irq_valid == 1'b1);
endproperty
assert property (p_irq_id_2_assign);

property p_irq_id_1_assign;
@(posedge clk) active_irq[1] |-> (irq_id == 3'd1 && irq_valid == 1'b1);
endproperty
assert property (p_irq_id_1_assign);

property p_irq_id_0_assign;
@(posedge clk) active_irq[0] |-> (irq_id == 3'd0 && irq_valid == 1'b1);
endproperty
assert property (p_irq_id_0_assign);

property p_irq_default_assign;
@(posedge clk) !(active_irq[7] || active_irq[6] || active_irq[5] || active_irq[4] || active_irq[3] || active_irq[2] || active_irq[1] || active_irq[0]) |-> (irq_valid == 1'b0);
endproperty
assert property (p_irq_default_assign);","** Error: prueba.sv(13): (vlog-2730) Undefined variable: 'clk'.
** Error (suppressible): prueba.sv(15): (vlog-1957) The sva directive is not sensitive to a clock. Unclocked directives are not supported.
** Error: prueba.sv(18): (vlog-2730) Undefined variable: 'clk'.
** Error (suppressible): prueba.sv(20): (vlog-1957) The sva directive is not sensitive to a clock. Unclocked directives are not supported.
** Error: prueba.sv(23): (vlog-2730) Undefined variable: 'clk'.
** Error (suppressible): prueba.sv(25): (vlog-1957) The sva directive is not sensitive to a clock. Unclocked directives are not supported.
** Error: prueba.sv(28): (vlog-2730) Undefined variable: 'clk'.
** Error (suppressible): prueba.sv(30): (vlog-1957) The sva directive is not sensitive to a clock. Unclocked directives are not supported.
** Error: prueba.sv(33): (vlog-2730) Undefined variable: 'clk'.
** Error (suppressible): prueba.sv(35): (vlog-1957) The sva directive is not sensitive to a clock. Unclocked directives are not supported.
** Error: prueba.sv(38): (vlog-2730) Undefined variable: 'clk'.
** Error (suppressible): prueba.sv(40): (vlog-1957) The sva directive is not sensitive to a clock. Unclocked directives are not supported.
** Error: prueba.sv(43): (vlog-2730) Undefined variable: 'clk'.
** Error (suppressible): prueba.sv(45): (vlog-1957) The sva directive is not sensitive to a clock. Unclocked directives are not supported.
** Error: prueba.sv(48): (vlog-2730) Undefined variable: 'clk'.
** Error (suppressible): prueba.sv(50): (vlog-1957) The sva directive is not sensitive to a clock. Unclocked directives are not supported.
** Error: prueba.sv(53): (vlog-2730) Undefined variable: 'clk'.
** Error (suppressible): prueba.sv(55): (vlog-1957) The sva directive is not sensitive to a clock. Unclocked directives are not supported.
** Error: prueba.sv(13): (vlog-2730) Undefined variable: 'clk'.",102.6940221786499,2753,636
"module mem_burst_ctrl (
    input  logic [1:0] burst_type,
    output logic [3:0] burst_len,
    output logic       burst_wrap
);

    always_comb begin
        burst_len  = 4'd0;
        burst_wrap = 1'b0;

        unique case (burst_type)
            2'b00: burst_len = 4'd1;   // Fixed
            2'b01: burst_len = 4'd4;   // INCR4
            2'b10: burst_len = 4'd8;   // INCR8
            2'b11: begin               // WRAP
                burst_len  = 4'd4;
                burst_wrap = 1'b1;
            end
            default: ;
        endcase
    end

endmodule
","property p_burst_len_assign_00;
@(posedge clk) (burst_type == 2'b00) |-> (burst_len == 4'd1);
endproperty
assert property (p_burst_len_assign_00);

property p_burst_len_assign_01;
@(posedge clk) (burst_type == 2'b01) |-> (burst_len == 4'd4);
endproperty
assert property (p_burst_len_assign_01);

property p_burst_len_assign_10;
@(posedge clk) (burst_type == 2'b10) |-> (burst_len == 4'd8);
endproperty
assert property (p_burst_len_assign_10);

property p_burst_len_wrap_assign_11;
@(posedge clk) (burst_type == 2'b11) |-> (burst_len == 4'd4 && burst_wrap == 1'b1);
endproperty
assert property (p_burst_len_wrap_assign_11);

property p_burst_default;
@(posedge clk) !(burst_type inside {2'b00, 2'b01, 2'b10, 2'b11}) |-> (burst_len == 4'd0 && burst_wrap == 1'b0);
endproperty
assert property (p_burst_default);","** Error: prueba.sv(11): (vlog-2730) Undefined variable: 'clk'.
** Error (suppressible): prueba.sv(13): (vlog-1957) The sva directive is not sensitive to a clock. Unclocked directives are not supported.
** Error: prueba.sv(16): (vlog-2730) Undefined variable: 'clk'.
** Error (suppressible): prueba.sv(18): (vlog-1957) The sva directive is not sensitive to a clock. Unclocked directives are not supported.
** Error: prueba.sv(21): (vlog-2730) Undefined variable: 'clk'.
** Error (suppressible): prueba.sv(23): (vlog-1957) The sva directive is not sensitive to a clock. Unclocked directives are not supported.
** Error: prueba.sv(26): (vlog-2730) Undefined variable: 'clk'.
** Error (suppressible): prueba.sv(28): (vlog-1957) The sva directive is not sensitive to a clock. Unclocked directives are not supported.
** Error: prueba.sv(31): (vlog-2730) Undefined variable: 'clk'.
** Error (suppressible): prueba.sv(33): (vlog-1957) The sva directive is not sensitive to a clock. Unclocked directives are not supported.
** Error: prueba.sv(11): (vlog-2730) Undefined variable: 'clk'.",55.91857886314392,2598,361
"module gpu_exec_select (
    input  logic [15:0] opcode,
    output logic        use_alu,
    output logic        use_fpu,
    output logic        use_ldst,
    output logic        illegal
);

    always_comb begin
        use_alu  = 1'b0;
        use_fpu  = 1'b0;
        use_ldst = 1'b0;
        illegal  = 1'b0;

        casez (opcode)
            16'b0001_????_????_????: use_alu  = 1'b1;
            16'b0010_????_????_????: use_fpu  = 1'b1;
            16'b0100_????_????_????: use_ldst = 1'b1;
            default: illegal = 1'b1;
        endcase
    end

endmodule
","property p_use_alu_assign;
@(posedge clk) (opcode[15:12] == 4'b0001) |-> (use_alu == 1'b1);
endproperty
assert property (p_use_alu_assign);

property p_use_fpu_assign;
@(posedge clk) (opcode[15:12] == 4'b0010) |-> (use_fpu == 1'b1);
endproperty
assert property (p_use_fpu_assign);

property p_use_ldst_assign;
@(posedge clk) (opcode[15:12] == 4'b0100) |-> (use_ldst == 1'b1);
endproperty
assert property (p_use_ldst_assign);

property p_illegal_default;
@(posedge clk) (opcode[15:12] != 4'b0001 && opcode[15:12] != 4'b0010 && opcode[15:12] != 4'b0100) |-> (illegal == 1'b1);
endproperty
assert property (p_illegal_default);","** Error: prueba.sv(13): (vlog-2730) Undefined variable: 'clk'.
** Error (suppressible): prueba.sv(15): (vlog-1957) The sva directive is not sensitive to a clock. Unclocked directives are not supported.
** Error: prueba.sv(18): (vlog-2730) Undefined variable: 'clk'.
** Error (suppressible): prueba.sv(20): (vlog-1957) The sva directive is not sensitive to a clock. Unclocked directives are not supported.
** Error: prueba.sv(23): (vlog-2730) Undefined variable: 'clk'.
** Error (suppressible): prueba.sv(25): (vlog-1957) The sva directive is not sensitive to a clock. Unclocked directives are not supported.
** Error: prueba.sv(28): (vlog-2730) Undefined variable: 'clk'.
** Error (suppressible): prueba.sv(30): (vlog-1957) The sva directive is not sensitive to a clock. Unclocked directives are not supported.
** Error: prueba.sv(13): (vlog-2730) Undefined variable: 'clk'.",47.649343490600586,2619,305
"module cpu_full_decoder (
    input  logic [31:0] instr,
    output logic        reg_write,
    output logic        mem_read,
    output logic        mem_write,
    output logic        branch,
    output logic        illegal
);

    logic [6:0] opcode;
    logic [2:0] funct3;
    logic [1:0] addr_mode;

    assign opcode    = instr[6:0];
    assign funct3    = instr[14:12];
    assign addr_mode = instr[21:20];

    always_comb begin
        reg_write = 1'b0;
        mem_read  = 1'b0;
        mem_write = 1'b0;
        branch    = 1'b0;
        illegal   = 1'b0;

        unique case (opcode)

            7'b0110011: begin // ALU register ops
                reg_write = 1'b1;
                unique case (funct3)
                    3'b000, 3'b111, 3'b110: ; // ADD/AND/OR
                    default: illegal = 1'b1;
                endcase
            end

            7'b0000011: begin // LOAD
                mem_read  = 1'b1;
                reg_write = 1'b1;
                unique case (funct3)
                    3'b010: begin // LW
                        case (addr_mode)
                            2'b00, 2'b01: ; // direct/indexed
                            2'b10: illegal = 1'b1;
                            default: illegal = 1'b1;
                        endcase
                    end
                    default: illegal = 1'b1;
                endcase
            end

            7'b0100011: begin // STORE
                mem_write = 1'b1;
                unique case (funct3)
                    3'b010: begin // SW
                        case (addr_mode)
                            2'b00: ;        // direct
                            2'b01: ;        // indexed
                            default: illegal = 1'b1;
                        endcase
                    end
                    default: illegal = 1'b1;
                endcase
            end

            7'b1100011: begin // BRANCH
                branch = 1'b1;
                unique case (funct3)
                    3'b000, 3'b001: ; // BEQ/BNE
                    default: illegal = 1'b1;
                endcase
            end

            default: illegal = 1'b1;
        endcase
    end

endmodule
","property p_reg_write_opcode_0110011;
@(posedge clk) (opcode == 7'b0110011) |-> (reg_write == 1'b1);
endproperty
assert property (p_reg_write_opcode_0110011);

property p_illegal_funct3_default;
@(posedge clk) (opcode == 7'b0110011 && funct3 != 3'b000 && funct3 != 3'b111 && funct3 != 3'b110) |-> (illegal == 1'b1);
endproperty
assert property (p_illegal_funct3_default);

property p_mem_read_opcode_0000011;
@(posedge clk) (opcode == 7'b0000011) |-> (mem_read == 1'b1 && reg_write == 1'b1);
endproperty
assert property (p_mem_read_opcode_0000011);

property p_illegal_funct3_default_opcode_0000011;
@(posedge clk) (opcode == 7'b0000011 && funct3 != 3'b010) |-> (illegal == 1'b1);
endproperty
assert property (p_illegal_funct3_default_opcode_0000011);

property p_illegal_addr_mode_default_opcode_0000011;
@(posedge clk) (opcode == 7'b0000011 && funct3 == 3'b010 && addr_mode != 2'b00 && addr_mode != 2'b01) |-> (illegal == 1'b1);
endproperty
assert property (p_illegal_addr_mode_default_opcode_0000011);

property p_mem_write_opcode_0100011;
@(posedge clk) (opcode == 7'b0100011) |-> (mem_write == 1'b1);
endproperty
assert property (p_mem_write_opcode_0100011);

property p_illegal_funct3_default_opcode_0100011;
@(posedge clk) (opcode == 7'b0100011 && funct3 != 3'b010) |-> (illegal == 1'b1);
endproperty
assert property (p_illegal_funct3_default_opcode_0100011);

property p_illegal_addr_mode_default_opcode_0100011;
@(posedge clk) (opcode == 7'b0100011 && funct3 == 3'b010 && addr_mode != 2'b00 && addr_mode != 2'b01) |-> (illegal == 1'b1);
endproperty
assert property (p_illegal_addr_mode_default_opcode_0100011);

property p_branch_opcode_1100011;
@(posedge clk) (opcode == 7'b1100011) |-> (branch == 1'b1);
endproperty
assert property (p_branch_opcode_1100011);

property p_illegal_funct3_default_opcode_1100011;
@(posedge clk) (opcode == 7'b1100011 && funct3 != 3'b000 && funct3 != 3'b001) |-> (illegal == 1'b1);
endproperty
assert property (p_illegal_funct3_default_opcode_1100011);

property p_illegal_opcode_default;
@(posedge clk) (opcode != 7'b0110011 && opcode != 7'b0000011 && opcode != 7'b0100011 && opcode != 7'b1100011) |-> (illegal == 1'b1);
endproperty
assert property (p_illegal_opcode_default);","** Error: prueba.sv(19): (vlog-2730) Undefined variable: 'clk'.
** Error (suppressible): prueba.sv(21): (vlog-1957) The sva directive is not sensitive to a clock. Unclocked directives are not supported.
** Error: prueba.sv(24): (vlog-2730) Undefined variable: 'clk'.
** Error (suppressible): prueba.sv(26): (vlog-1957) The sva directive is not sensitive to a clock. Unclocked directives are not supported.
** Error: prueba.sv(29): (vlog-2730) Undefined variable: 'clk'.
** Error (suppressible): prueba.sv(31): (vlog-1957) The sva directive is not sensitive to a clock. Unclocked directives are not supported.
** Error: prueba.sv(34): (vlog-2730) Undefined variable: 'clk'.
** Error (suppressible): prueba.sv(36): (vlog-1957) The sva directive is not sensitive to a clock. Unclocked directives are not supported.
** Error: prueba.sv(39): (vlog-2730) Undefined variable: 'clk'.
** Error (suppressible): prueba.sv(41): (vlog-1957) The sva directive is not sensitive to a clock. Unclocked directives are not supported.
** Error: prueba.sv(44): (vlog-2730) Undefined variable: 'clk'.
** Error (suppressible): prueba.sv(46): (vlog-1957) The sva directive is not sensitive to a clock. Unclocked directives are not supported.
** Error: prueba.sv(49): (vlog-2730) Undefined variable: 'clk'.
** Error (suppressible): prueba.sv(51): (vlog-1957) The sva directive is not sensitive to a clock. Unclocked directives are not supported.
** Error: prueba.sv(54): (vlog-2730) Undefined variable: 'clk'.
** Error (suppressible): prueba.sv(56): (vlog-1957) The sva directive is not sensitive to a clock. Unclocked directives are not supported.
** Error: prueba.sv(59): (vlog-2730) Undefined variable: 'clk'.
** Error (suppressible): prueba.sv(61): (vlog-1957) The sva directive is not sensitive to a clock. Unclocked directives are not supported.
** Error: prueba.sv(64): (vlog-2730) Undefined variable: 'clk'.
** Error (suppressible): prueba.sv(66): (vlog-1957) The sva directive is not sensitive to a clock. Unclocked directives are not supported.
** Error: prueba.sv(69): (vlog-2730) Undefined variable: 'clk'.
** Error (suppressible): prueba.sv(71): (vlog-1957) The sva directive is not sensitive to a clock. Unclocked directives are not supported.
** Error: prueba.sv(19): (vlog-2730) Undefined variable: 'clk'.",180.90754508972168,2948,1070
"module packet_classifier (
    input  logic [31:0] hdr,
    output logic        fast_path,
    output logic        slow_path,
    output logic        drop
);

    logic [7:0] proto;
    logic [3:0] subtype;
    logic [2:0] qos;

    assign proto   = hdr[31:24];
    assign subtype = hdr[23:20];
    assign qos     = hdr[2:0];

    always_comb begin
        fast_path = 1'b0;
        slow_path = 1'b0;
        drop      = 1'b0;

        unique case (proto)
            8'h08: begin // IPv4
                case (subtype)
                    4'h0: begin // UDP
                        case (qos)
                            3'b000, 3'b001: fast_path = 1'b1;
                            3'b111: drop = 1'b1;
                            default: slow_path = 1'b1;
                        endcase
                    end

                    4'h1: begin // TCP
                        case (qos)
                            3'b000: fast_path = 1'b1;
                            default: slow_path = 1'b1;
                        endcase
                    end

                    default: slow_path = 1'b1;
                endcase
            end

            8'h86: begin // IPv6
                case (subtype)
                    4'h0, 4'h1: slow_path = 1'b1;
                    default: drop = 1'b1;
                endcase
            end

            default: drop = 1'b1;
        endcase
    end

endmodule
","property p_fast_path_08h00_qos_000_001;
@(posedge clk) (proto == 8'h08 && subtype == 4'h0 && (qos inside {3'b000, 3'b001})) |-> fast_path;
endproperty
assert property (p_fast_path_08h00_qos_000_001);

property p_drop_08h00_qos_111;
@(posedge clk) (proto == 8'h08 && subtype == 4'h0 && qos == 3'b111) |-> drop;
endproperty
assert property (p_drop_08h00_qos_111);

property p_slow_path_08h00_qos_default;
@(posedge clk) (proto == 8'h08 && subtype == 4'h0 && !(qos inside {3'b000, 3'b001, 3'b111})) |-> slow_path;
endproperty
assert property (p_slow_path_08h00_qos_default);

property p_fast_path_08h01_qos_000;
@(posedge clk) (proto == 8'h08 && subtype == 4'h1 && qos == 3'b000) |-> fast_path;
endproperty
assert property (p_fast_path_08h01_qos_000);

property p_slow_path_08h01_qos_default;
@(posedge clk) (proto == 8'h08 && subtype == 4'h1 && qos != 3'b000) |-> slow_path;
endproperty
assert property (p_slow_path_08h01_qos_default);

property p_slow_path_08h00_subtype_default;
@(posedge clk) (proto == 8'h08 && subtype != 4'h0 && subtype != 4'h1) |-> slow_path;
endproperty
assert property (p_slow_path_08h00_subtype_default);

property p_slow_path_86h_subtype_00_01;
@(posedge clk) (proto == 8'h86 && subtype inside {4'h0, 4'h1}) |-> slow_path;
endproperty
assert property (p_slow_path_86h_subtype_00_01);

property p_drop_86h_subtype_default;
@(posedge clk) (proto == 8'h86 && !(subtype inside {4'h0, 4'h1})) |-> drop;
endproperty
assert property (p_drop_86h_subtype_default);

property p_drop_proto_default;
@(posedge clk) (proto != 8'h08 && proto != 8'h86) |-> drop;
endproperty
assert property (p_drop_proto_default);","** Error: prueba.sv(17): (vlog-2730) Undefined variable: 'clk'.
** Error (suppressible): prueba.sv(19): (vlog-1957) The sva directive is not sensitive to a clock. Unclocked directives are not supported.
** Error: prueba.sv(22): (vlog-2730) Undefined variable: 'clk'.
** Error (suppressible): prueba.sv(24): (vlog-1957) The sva directive is not sensitive to a clock. Unclocked directives are not supported.
** Error: prueba.sv(27): (vlog-2730) Undefined variable: 'clk'.
** Error (suppressible): prueba.sv(29): (vlog-1957) The sva directive is not sensitive to a clock. Unclocked directives are not supported.
** Error: prueba.sv(32): (vlog-2730) Undefined variable: 'clk'.
** Error (suppressible): prueba.sv(34): (vlog-1957) The sva directive is not sensitive to a clock. Unclocked directives are not supported.
** Error: prueba.sv(37): (vlog-2730) Undefined variable: 'clk'.
** Error (suppressible): prueba.sv(39): (vlog-1957) The sva directive is not sensitive to a clock. Unclocked directives are not supported.
** Error: prueba.sv(42): (vlog-2730) Undefined variable: 'clk'.
** Error (suppressible): prueba.sv(44): (vlog-1957) The sva directive is not sensitive to a clock. Unclocked directives are not supported.
** Error: prueba.sv(47): (vlog-2730) Undefined variable: 'clk'.
** Error (suppressible): prueba.sv(49): (vlog-1957) The sva directive is not sensitive to a clock. Unclocked directives are not supported.
** Error: prueba.sv(52): (vlog-2730) Undefined variable: 'clk'.
** Error (suppressible): prueba.sv(54): (vlog-1957) The sva directive is not sensitive to a clock. Unclocked directives are not supported.
** Error: prueba.sv(57): (vlog-2730) Undefined variable: 'clk'.
** Error (suppressible): prueba.sv(59): (vlog-1957) The sva directive is not sensitive to a clock. Unclocked directives are not supported.
** Error: prueba.sv(17): (vlog-2730) Undefined variable: 'clk'.",123.4640974998474,2752,773
"module storage_cmd_proc (
    input  logic [7:0] cmd,
    input  logic [3:0] feature,
    input  logic [1:0] subop,
    output logic       exec,
    output logic       flush,
    output logic       error
);

    always_comb begin
        exec  = 1'b0;
        flush = 1'b0;
        error = 1'b0;

        unique case (cmd)
            8'h01: begin // READ
                case (feature)
                    4'h0, 4'h1: exec = 1'b1;
                    4'hF: begin
                        case (subop)
                            2'b00: exec = 1'b1;
                            default: error = 1'b1;
                        endcase
                    end
                    default: error = 1'b1;
                endcase
            end

            8'h02: begin // WRITE
                case (feature)
                    4'h0: exec = 1'b1;
                    4'hE: flush = 1'b1;
                    default: error = 1'b1;
                endcase
            end

            8'hFF: begin // FLUSH
                flush = 1'b1;
            end

            default: error = 1'b1;
        endcase
    end

endmodule
","property p_exec_cmd01_feature01;
@(posedge clk) (cmd == 8'h01 && feature inside {4'h0, 4'h1}) |-> (exec == 1'b1);
endproperty
assert property (p_exec_cmd01_feature01);

property p_error_cmd01_featureDefault;
@(posedge clk) (cmd == 8'h01 && feature != 4'h0 && feature != 4'h1 && feature != 4'hF) |-> (error == 1'b1);
endproperty
assert property (p_error_cmd01_featureDefault);

property p_exec_cmd01_featureF_subop00;
@(posedge clk) (cmd == 8'h01 && feature == 4'hF && subop == 2'b00) |-> (exec == 1'b1);
endproperty
assert property (p_exec_cmd01_featureF_subop00);

property p_error_cmd01_featureF_subopDefault;
@(posedge clk) (cmd == 8'h01 && feature == 4'hF && subop != 2'b00) |-> (error == 1'b1);
endproperty
assert property (p_error_cmd01_featureF_subopDefault);

property p_exec_cmd02_feature0;
@(posedge clk) (cmd == 8'h02 && feature == 4'h0) |-> (exec == 1'b1);
endproperty
assert property (p_exec_cmd02_feature0);

property p_flush_cmd02_featureE;
@(posedge clk) (cmd == 8'h02 && feature == 4'hE) |-> (flush == 1'b1);
endproperty
assert property (p_flush_cmd02_featureE);

property p_error_cmd02_featureDefault;
@(posedge clk) (cmd == 8'h02 && feature != 4'h0 && feature != 4'hE) |-> (error == 1'b1);
endproperty
assert property (p_error_cmd02_featureDefault);

property p_flush_cmdFF;
@(posedge clk) (cmd == 8'hFF) |-> (flush == 1'b1);
endproperty
assert property (p_flush_cmdFF);

property p_error_cmdDefault;
@(posedge clk) (cmd != 8'h01 && cmd != 8'h02 && cmd != 8'hFF) |-> (error == 1'b1);
endproperty
assert property (p_error_cmdDefault);","** Error: prueba.sv(14): (vlog-2730) Undefined variable: 'clk'.
** Error (suppressible): prueba.sv(16): (vlog-1957) The sva directive is not sensitive to a clock. Unclocked directives are not supported.
** Error: prueba.sv(19): (vlog-2730) Undefined variable: 'clk'.
** Error (suppressible): prueba.sv(21): (vlog-1957) The sva directive is not sensitive to a clock. Unclocked directives are not supported.
** Error: prueba.sv(24): (vlog-2730) Undefined variable: 'clk'.
** Error (suppressible): prueba.sv(26): (vlog-1957) The sva directive is not sensitive to a clock. Unclocked directives are not supported.
** Error: prueba.sv(29): (vlog-2730) Undefined variable: 'clk'.
** Error (suppressible): prueba.sv(31): (vlog-1957) The sva directive is not sensitive to a clock. Unclocked directives are not supported.
** Error: prueba.sv(34): (vlog-2730) Undefined variable: 'clk'.
** Error (suppressible): prueba.sv(36): (vlog-1957) The sva directive is not sensitive to a clock. Unclocked directives are not supported.
** Error: prueba.sv(39): (vlog-2730) Undefined variable: 'clk'.
** Error (suppressible): prueba.sv(41): (vlog-1957) The sva directive is not sensitive to a clock. Unclocked directives are not supported.
** Error: prueba.sv(44): (vlog-2730) Undefined variable: 'clk'.
** Error (suppressible): prueba.sv(46): (vlog-1957) The sva directive is not sensitive to a clock. Unclocked directives are not supported.
** Error: prueba.sv(49): (vlog-2730) Undefined variable: 'clk'.
** Error (suppressible): prueba.sv(51): (vlog-1957) The sva directive is not sensitive to a clock. Unclocked directives are not supported.
** Error: prueba.sv(54): (vlog-2730) Undefined variable: 'clk'.
** Error (suppressible): prueba.sv(56): (vlog-1957) The sva directive is not sensitive to a clock. Unclocked directives are not supported.
** Error: prueba.sv(14): (vlog-2730) Undefined variable: 'clk'.",105.88308382034302,2707,672
"module thermal_policy (
    input  logic [1:0] mode,
    input  logic [2:0] temp_level,
    output logic       throttle,
    output logic       shutdown
);

    always_comb begin
        throttle = 1'b0;
        shutdown = 1'b0;

        unique case (mode)
            2'b00: begin // Performance
                case (temp_level)
                    3'b000, 3'b001: ;
                    3'b010, 3'b011: throttle = 1'b1;
                    default: shutdown = 1'b1;
                endcase
            end

            2'b01: begin // Balanced
                case (temp_level)
                    3'b000: ;
                    3'b001, 3'b010: throttle = 1'b1;
                    default: shutdown = 1'b1;
                endcase
            end

            2'b10: begin // Power-save
                case (temp_level)
                    3'b000, 3'b001: throttle = 1'b1;
                    default: shutdown = 1'b1;
                endcase
            end

            default: shutdown = 1'b1;
        endcase
    end

endmodule
","property p_throttle_mode00_temp010_or_011;
@(posedge clk) (mode == 2'b00 && temp_level inside {3'b010, 3'b011}) |-> throttle;
endproperty
assert property (p_throttle_mode00_temp010_or_011);

property p_shutdown_mode00_default;
@(posedge clk) (mode == 2'b00 && temp_level inside {3'b100, 3'b101, 3'b110, 3'b111}) |-> shutdown;
endproperty
assert property (p_shutdown_mode00_default);

property p_throttle_mode01_temp001_or_010;
@(posedge clk) (mode == 2'b01 && temp_level inside {3'b001, 3'b010}) |-> throttle;
endproperty
assert property (p_throttle_mode01_temp001_or_010);

property p_shutdown_mode01_default;
@(posedge clk) (mode == 2'b01 && temp_level inside {3'b000, 3'b011, 3'b100, 3'b101, 3'b110, 3'b111}) |-> shutdown;
endproperty
assert property (p_shutdown_mode01_default);

property p_throttle_mode10_temp000_or_001;
@(posedge clk) (mode == 2'b10 && temp_level inside {3'b000, 3'b001}) |-> throttle;
endproperty
assert property (p_throttle_mode10_temp000_or_001);

property p_shutdown_mode10_default;
@(posedge clk) (mode == 2'b10 && temp_level inside {3'b010, 3'b011, 3'b100, 3'b101, 3'b110, 3'b111}) |-> shutdown;
endproperty
assert property (p_shutdown_mode10_default);

property p_shutdown_default;
@(posedge clk) (mode == 2'b11) |-> shutdown;
endproperty
assert property (p_shutdown_default);","** Error: prueba.sv(12): (vlog-2730) Undefined variable: 'clk'.
** Error (suppressible): prueba.sv(14): (vlog-1957) The sva directive is not sensitive to a clock. Unclocked directives are not supported.
** Error: prueba.sv(17): (vlog-2730) Undefined variable: 'clk'.
** Error (suppressible): prueba.sv(19): (vlog-1957) The sva directive is not sensitive to a clock. Unclocked directives are not supported.
** Error: prueba.sv(22): (vlog-2730) Undefined variable: 'clk'.
** Error (suppressible): prueba.sv(24): (vlog-1957) The sva directive is not sensitive to a clock. Unclocked directives are not supported.
** Error: prueba.sv(27): (vlog-2730) Undefined variable: 'clk'.
** Error (suppressible): prueba.sv(29): (vlog-1957) The sva directive is not sensitive to a clock. Unclocked directives are not supported.
** Error: prueba.sv(32): (vlog-2730) Undefined variable: 'clk'.
** Error (suppressible): prueba.sv(34): (vlog-1957) The sva directive is not sensitive to a clock. Unclocked directives are not supported.
** Error: prueba.sv(37): (vlog-2730) Undefined variable: 'clk'.
** Error (suppressible): prueba.sv(39): (vlog-1957) The sva directive is not sensitive to a clock. Unclocked directives are not supported.
** Error: prueba.sv(42): (vlog-2730) Undefined variable: 'clk'.
** Error (suppressible): prueba.sv(44): (vlog-1957) The sva directive is not sensitive to a clock. Unclocked directives are not supported.
** Error: prueba.sv(12): (vlog-2730) Undefined variable: 'clk'.",97.51260924339294,2717,615
"module interconnect_router (
    input  logic [3:0] master_id,
    input  logic [1:0] txn_type,
    input  logic [1:0] burst,
    output logic       route_fast,
    output logic       route_slow,
    output logic       reject
);

    always_comb begin
        route_fast = 1'b0;
        route_slow = 1'b0;
        reject     = 1'b0;

        unique case (master_id)
            4'h0, 4'h1: begin
                case (txn_type)
                    2'b00: route_fast = 1'b1; // read
                    2'b01: begin              // write
                        case (burst)
                            2'b00, 2'b01: route_fast = 1'b1;
                            default: route_slow = 1'b1;
                        endcase
                    end
                    default: reject = 1'b1;
                endcase
            end

            4'hF: begin
                case (txn_type)
                    2'b00: route_slow = 1'b1;
                    default: reject = 1'b1;
                endcase
            end

            default: reject = 1'b1;
        endcase
    end

endmodule
","property p_route_fast_00;
@(posedge clk) (master_id inside {4'h0, 4'h1} && txn_type == 2'b00) |-> (route_fast == 1'b1);
endproperty
assert property (p_route_fast_00);

property p_route_fast_01;
@(posedge clk) (master_id inside {4'h0, 4'h1} && txn_type == 2'b01 && burst inside {2'b00, 2'b01}) |-> (route_fast == 1'b1);
endproperty
assert property (p_route_fast_01);

property p_route_slow_01;
@(posedge clk) (master_id inside {4'h0, 4'h1} && txn_type == 2'b01 && burst != 2'b00 && burst != 2'b01) |-> (route_slow == 1'b1);
endproperty
assert property (p_route_slow_01);

property p_reject_default;
@(posedge clk) (master_id inside {4'h0, 4'h1} && txn_type != 2'b00 && txn_type != 2'b01) |-> (reject == 1'b1);
endproperty
assert property (p_reject_default);

property p_route_slow_F;
@(posedge clk) (master_id == 4'hF && txn_type == 2'b00) |-> (route_slow == 1'b1);
endproperty
assert property (p_route_slow_F);

property p_reject_F;
@(posedge clk) (master_id == 4'hF && txn_type != 2'b00) |-> (reject == 1'b1);
endproperty
assert property (p_reject_F);

property p_reject_default_master;
@(posedge clk) !(master_id inside {4'h0, 4'h1}) && master_id != 4'hF |-> (reject == 1'b1);
endproperty
assert property (p_reject_default_master);","** Error: prueba.sv(14): (vlog-2730) Undefined variable: 'clk'.
** Error (suppressible): prueba.sv(16): (vlog-1957) The sva directive is not sensitive to a clock. Unclocked directives are not supported.
** Error: prueba.sv(19): (vlog-2730) Undefined variable: 'clk'.
** Error (suppressible): prueba.sv(21): (vlog-1957) The sva directive is not sensitive to a clock. Unclocked directives are not supported.
** Error: prueba.sv(24): (vlog-2730) Undefined variable: 'clk'.
** Error (suppressible): prueba.sv(26): (vlog-1957) The sva directive is not sensitive to a clock. Unclocked directives are not supported.
** Error: prueba.sv(29): (vlog-2730) Undefined variable: 'clk'.
** Error (suppressible): prueba.sv(31): (vlog-1957) The sva directive is not sensitive to a clock. Unclocked directives are not supported.
** Error: prueba.sv(34): (vlog-2730) Undefined variable: 'clk'.
** Error (suppressible): prueba.sv(36): (vlog-1957) The sva directive is not sensitive to a clock. Unclocked directives are not supported.
** Error: prueba.sv(39): (vlog-2730) Undefined variable: 'clk'.
** Error (suppressible): prueba.sv(41): (vlog-1957) The sva directive is not sensitive to a clock. Unclocked directives are not supported.
** Error: prueba.sv(44): (vlog-2730) Undefined variable: 'clk'.
** Error (suppressible): prueba.sv(46): (vlog-1957) The sva directive is not sensitive to a clock. Unclocked directives are not supported.
** Error: prueba.sv(14): (vlog-2730) Undefined variable: 'clk'.",88.83529305458069,2697,559
"module obi_txn_decoder (
    input  logic        req,
    input  logic        we,
    input  logic [1:0]  prot,
    input  logic [1:0]  burst,
    output logic        allow,
    output logic        fault
);

    // prot[1] = privileged
    // prot[0] = secure

    always_comb begin
        allow = 1'b0;
        fault = 1'b0;

        if (req) begin
            unique case (we)
                1'b0: begin // READ
                    case (prot)
                        2'b00, 2'b01: begin
                            case (burst)
                                2'b00, 2'b01: allow = 1'b1;
                                default: fault = 1'b1;
                            endcase
                        end
                        default: fault = 1'b1;
                    endcase
                end

                1'b1: begin // WRITE
                    case (prot)
                        2'b10: begin // privileged non-secure
                            case (burst)
                                2'b00: allow = 1'b1;
                                default: fault = 1'b1;
                            endcase
                        end
                        default: fault = 1'b1;
                    endcase
                end

                default: fault = 1'b1;
            endcase
        end
    end

endmodule
","property p_allow_00_00;
@(posedge clk) (req && we == 1'b0 && prot == 2'b00 && burst == 2'b00) |-> (allow == 1'b1);
endproperty
assert property (p_allow_00_00);

property p_allow_00_01;
@(posedge clk) (req && we == 1'b0 && prot == 2'b01 && burst == 2'b01) |-> (allow == 1'b1);
endproperty
assert property (p_allow_00_01);

property p_fault_00_default;
@(posedge clk) (req && we == 1'b0 && prot == 2'b00 && burst != 2'b00 && burst != 2'b01) |-> (fault == 1'b1);
endproperty
assert property (p_fault_00_default);

property p_fault_01_default;
@(posedge clk) (req && we == 1'b0 && prot == 2'b01 && burst != 2'b00 && burst != 2'b01) |-> (fault == 1'b1);
endproperty
assert property (p_fault_01_default);

property p_fault_00_prot;
@(posedge clk) (req && we == 1'b0 && prot != 2'b00 && prot != 2'b01) |-> (fault == 1'b1);
endproperty
assert property (p_fault_00_prot);

property p_allow_01_10;
@(posedge clk) (req && we == 1'b1 && prot == 2'b10 && burst == 2'b00) |-> (allow == 1'b1);
endproperty
assert property (p_allow_01_10);

property p_fault_01_default;
@(posedge clk) (req && we == 1'b1 && prot == 2'b10 && burst != 2'b00) |-> (fault == 1'b1);
endproperty
assert property (p_fault_01_default);

property p_fault_01_prot;
@(posedge clk) (req && we == 1'b1 && prot != 2'b10) |-> (fault == 1'b1);
endproperty
assert property (p_fault_01_prot);

property p_fault_default;
@(posedge clk) (req && we != 1'b0 && we != 1'b1) |-> (fault == 1'b1);
endproperty
assert property (p_fault_default);",** Error: prueba.sv(43): (vlog-13282) 'p_fault_01_default' already declared in this scope.,106.83155298233032,2696,680
"module alert_handler_ctrl (
    input  logic [1:0] alert_class,
    input  logic [1:0] esc_state,
    output logic       irq,
    output logic       nmi,
    output logic       reset_req
);

    always_comb begin
        irq       = 1'b0;
        nmi       = 1'b0;
        reset_req = 1'b0;

        unique case (alert_class)
            2'b00: begin // Class A
                case (esc_state)
                    2'b00: irq = 1'b1;
                    2'b01: nmi = 1'b1;
                    default: reset_req = 1'b1;
                endcase
            end

            2'b01: begin // Class B
                case (esc_state)
                    2'b00, 2'b01: nmi = 1'b1;
                    default: reset_req = 1'b1;
                endcase
            end

            2'b10: begin // Class C
                case (esc_state)
                    2'b00: nmi = 1'b1;
                    default: reset_req = 1'b1;
                endcase
            end

            default: reset_req = 1'b1;
        endcase
    end

endmodule
","property p_irq_assign;
@(posedge clk) (alert_class == 2'b00 && esc_state == 2'b00) |-> (irq == 1'b1);
endproperty
assert property (p_irq_assign);

property p_nmi_assign_00;
@(posedge clk) (alert_class == 2'b00 && esc_state == 2'b01) |-> (nmi == 1'b1);
endproperty
assert property (p_nmi_assign_00);

property p_reset_req_assign_default_00;
@(posedge clk) (alert_class == 2'b00 && esc_state != 2'b00 && esc_state != 2'b01) |-> (reset_req == 1'b1);
endproperty
assert property (p_reset_req_assign_default_00);

property p_nmi_assign_01;
@(posedge clk) (alert_class == 2'b01 && (esc_state == 2'b00 || esc_state == 2'b01)) |-> (nmi == 1'b1);
endproperty
assert property (p_nmi_assign_01);

property p_reset_req_assign_default_01;
@(posedge clk) (alert_class == 2'b01 && esc_state != 2'b00 && esc_state != 2'b01) |-> (reset_req == 1'b1);
endproperty
assert property (p_reset_req_assign_default_01);

property p_nmi_assign_10;
@(posedge clk) (alert_class == 2'b10 && esc_state == 2'b00) |-> (nmi == 1'b1);
endproperty
assert property (p_nmi_assign_10);

property p_reset_req_assign_default_10;
@(posedge clk) (alert_class == 2'b10 && esc_state != 2'b00) |-> (reset_req == 1'b1);
endproperty
assert property (p_reset_req_assign_default_10);

property p_reset_req_assign_default;
@(posedge clk) (alert_class != 2'b00 && alert_class != 2'b01 && alert_class != 2'b10) |-> (reset_req == 1'b1);
endproperty
assert property (p_reset_req_assign_default);","** Error: prueba.sv(13): (vlog-2730) Undefined variable: 'clk'.
** Error (suppressible): prueba.sv(15): (vlog-1957) The sva directive is not sensitive to a clock. Unclocked directives are not supported.
** Error: prueba.sv(18): (vlog-2730) Undefined variable: 'clk'.
** Error (suppressible): prueba.sv(20): (vlog-1957) The sva directive is not sensitive to a clock. Unclocked directives are not supported.
** Error: prueba.sv(23): (vlog-2730) Undefined variable: 'clk'.
** Error (suppressible): prueba.sv(25): (vlog-1957) The sva directive is not sensitive to a clock. Unclocked directives are not supported.
** Error: prueba.sv(28): (vlog-2730) Undefined variable: 'clk'.
** Error (suppressible): prueba.sv(30): (vlog-1957) The sva directive is not sensitive to a clock. Unclocked directives are not supported.
** Error: prueba.sv(33): (vlog-2730) Undefined variable: 'clk'.
** Error (suppressible): prueba.sv(35): (vlog-1957) The sva directive is not sensitive to a clock. Unclocked directives are not supported.
** Error: prueba.sv(38): (vlog-2730) Undefined variable: 'clk'.
** Error (suppressible): prueba.sv(40): (vlog-1957) The sva directive is not sensitive to a clock. Unclocked directives are not supported.
** Error: prueba.sv(43): (vlog-2730) Undefined variable: 'clk'.
** Error (suppressible): prueba.sv(45): (vlog-1957) The sva directive is not sensitive to a clock. Unclocked directives are not supported.
** Error: prueba.sv(48): (vlog-2730) Undefined variable: 'clk'.
** Error (suppressible): prueba.sv(50): (vlog-1957) The sva directive is not sensitive to a clock. Unclocked directives are not supported.
** Error: prueba.sv(13): (vlog-2730) Undefined variable: 'clk'.",101.35662269592284,2713,640
"module lifecycle_gate (
    input  logic [2:0] lc_state,
    input  logic [1:0] transition,
    output logic       allow,
    output logic       violation
);

    always_comb begin
        allow     = 1'b0;
        violation = 1'b0;

        unique case (lc_state)
            3'b000: begin // TEST_UNLOCKED
                case (transition)
                    2'b00, 2'b01: allow = 1'b1;
                    default: violation = 1'b1;
                endcase
            end

            3'b001: begin // DEV
                case (transition)
                    2'b01: allow = 1'b1;
                    default: violation = 1'b1;
                endcase
            end

            3'b010: begin // PROD
                case (transition)
                    2'b10: allow = 1'b1;
                    default: violation = 1'b1;
                endcase
            end

            3'b111: begin // RMA
                case (transition)
                    2'b11: allow = 1'b1;
                    default: violation = 1'b1;
                endcase
            end

            default: violation = 1'b1;
        endcase
    end

endmodule
","property p_allow_lc_state_000_transition_00;
@(posedge clk) (lc_state == 3'b000 && transition == 2'b00) |-> (allow == 1'b1);
endproperty
assert property (p_allow_lc_state_000_transition_00);

property p_allow_lc_state_000_transition_01;
@(posedge clk) (lc_state == 3'b000 && transition == 2'b01) |-> (allow == 1'b1);
endproperty
assert property (p_allow_lc_state_000_transition_01);

property p_violation_lc_state_000_default;
@(posedge clk) (lc_state == 3'b000 && transition != 2'b00 && transition != 2'b01) |-> (violation == 1'b1);
endproperty
assert property (p_violation_lc_state_000_default);

property p_allow_lc_state_001_transition_01;
@(posedge clk) (lc_state == 3'b001 && transition == 2'b01) |-> (allow == 1'b1);
endproperty
assert property (p_allow_lc_state_001_transition_01);

property p_violation_lc_state_001_default;
@(posedge clk) (lc_state == 3'b001 && transition != 2'b01) |-> (violation == 1'b1);
endproperty
assert property (p_violation_lc_state_001_default);

property p_allow_lc_state_010_transition_10;
@(posedge clk) (lc_state == 3'b010 && transition == 2'b10) |-> (allow == 1'b1);
endproperty
assert property (p_allow_lc_state_010_transition_10);

property p_violation_lc_state_010_default;
@(posedge clk) (lc_state == 3'b010 && transition != 2'b10) |-> (violation == 1'b1);
endproperty
assert property (p_violation_lc_state_010_default);

property p_allow_lc_state_111_transition_11;
@(posedge clk) (lc_state == 3'b111 && transition == 2'b11) |-> (allow == 1'b1);
endproperty
assert property (p_allow_lc_state_111_transition_11);

property p_violation_lc_state_111_default;
@(posedge clk) (lc_state == 3'b111 && transition != 2'b11) |-> (violation == 1'b1);
endproperty
assert property (p_violation_lc_state_111_default);

property p_violation_lc_state_default;
@(posedge clk) (lc_state != 3'b000 && lc_state != 3'b001 && lc_state != 3'b010 && lc_state != 3'b111) |-> (violation == 1'b1);
endproperty
assert property (p_violation_lc_state_default);","** Error: prueba.sv(12): (vlog-2730) Undefined variable: 'clk'.
** Error (suppressible): prueba.sv(14): (vlog-1957) The sva directive is not sensitive to a clock. Unclocked directives are not supported.
** Error: prueba.sv(17): (vlog-2730) Undefined variable: 'clk'.
** Error (suppressible): prueba.sv(19): (vlog-1957) The sva directive is not sensitive to a clock. Unclocked directives are not supported.
** Error: prueba.sv(22): (vlog-2730) Undefined variable: 'clk'.
** Error (suppressible): prueba.sv(24): (vlog-1957) The sva directive is not sensitive to a clock. Unclocked directives are not supported.
** Error: prueba.sv(27): (vlog-2730) Undefined variable: 'clk'.
** Error (suppressible): prueba.sv(29): (vlog-1957) The sva directive is not sensitive to a clock. Unclocked directives are not supported.
** Error: prueba.sv(32): (vlog-2730) Undefined variable: 'clk'.
** Error (suppressible): prueba.sv(34): (vlog-1957) The sva directive is not sensitive to a clock. Unclocked directives are not supported.
** Error: prueba.sv(37): (vlog-2730) Undefined variable: 'clk'.
** Error (suppressible): prueba.sv(39): (vlog-1957) The sva directive is not sensitive to a clock. Unclocked directives are not supported.
** Error: prueba.sv(42): (vlog-2730) Undefined variable: 'clk'.
** Error (suppressible): prueba.sv(44): (vlog-1957) The sva directive is not sensitive to a clock. Unclocked directives are not supported.
** Error: prueba.sv(47): (vlog-2730) Undefined variable: 'clk'.
** Error (suppressible): prueba.sv(49): (vlog-1957) The sva directive is not sensitive to a clock. Unclocked directives are not supported.
** Error: prueba.sv(52): (vlog-2730) Undefined variable: 'clk'.
** Error (suppressible): prueba.sv(54): (vlog-1957) The sva directive is not sensitive to a clock. Unclocked directives are not supported.
** Error: prueba.sv(57): (vlog-2730) Undefined variable: 'clk'.
** Error (suppressible): prueba.sv(59): (vlog-1957) The sva directive is not sensitive to a clock. Unclocked directives are not supported.
** Error: prueba.sv(12): (vlog-2730) Undefined variable: 'clk'.",136.0213062763214,2721,860
"module tl_addr_router (
    input  logic [31:0] addr,
    input  logic [2:0]  opcode,
    output logic        route_rom,
    output logic        route_ram,
    output logic        deny
);

    logic [3:0] region;
    assign region = addr[31:28];

    always_comb begin
        route_rom = 1'b0;
        route_ram = 1'b0;
        deny      = 1'b0;

        unique case (region)
            4'h0: begin // ROM
                case (opcode)
                    3'b000: route_rom = 1'b1; // read
                    default: deny = 1'b1;
                endcase
            end

            4'h1, 4'h2: begin // RAM
                case (opcode)
                    3'b000, 3'b001: route_ram = 1'b1;
                    default: deny = 1'b1;
                endcase
            end

            default: deny = 1'b1;
        endcase
    end

endmodule
","property p_route_rom_assign;
@(posedge clk) (region == 4'h0 && opcode == 3'b000) |-> (route_rom == 1'b1);
endproperty
assert property (p_route_rom_assign);

property p_deny_opcode_default;
@(posedge clk) (region == 4'h0 && opcode != 3'b000) |-> (deny == 1'b1);
endproperty
assert property (p_deny_opcode_default);

property p_route_ram_assign;
@(posedge clk) ((region == 4'h1 || region == 4'h2) && (opcode == 3'b000 || opcode == 3'b001)) |-> (route_ram == 1'b1);
endproperty
assert property (p_route_ram_assign);

property p_deny_region_1_2_default;
@(posedge clk) ((region == 4'h1 || region == 4'h2) && !(opcode == 3'b000 || opcode == 3'b001)) |-> (deny == 1'b1);
endproperty
assert property (p_deny_region_1_2_default);

property p_deny_region_default;
@(posedge clk) (region != 4'h0 && region != 4'h1 && region != 4'h2) |-> (deny == 1'b1);
endproperty
assert property (p_deny_region_default);","** Error: prueba.sv(14): (vlog-2730) Undefined variable: 'clk'.
** Error (suppressible): prueba.sv(16): (vlog-1957) The sva directive is not sensitive to a clock. Unclocked directives are not supported.
** Error: prueba.sv(19): (vlog-2730) Undefined variable: 'clk'.
** Error (suppressible): prueba.sv(21): (vlog-1957) The sva directive is not sensitive to a clock. Unclocked directives are not supported.
** Error: prueba.sv(24): (vlog-2730) Undefined variable: 'clk'.
** Error (suppressible): prueba.sv(26): (vlog-1957) The sva directive is not sensitive to a clock. Unclocked directives are not supported.
** Error: prueba.sv(29): (vlog-2730) Undefined variable: 'clk'.
** Error (suppressible): prueba.sv(31): (vlog-1957) The sva directive is not sensitive to a clock. Unclocked directives are not supported.
** Error: prueba.sv(34): (vlog-2730) Undefined variable: 'clk'.
** Error (suppressible): prueba.sv(36): (vlog-1957) The sva directive is not sensitive to a clock. Unclocked directives are not supported.
** Error: prueba.sv(14): (vlog-2730) Undefined variable: 'clk'.",58.91607642173767,2639,379
"module reg_access_ctrl (
    input  logic [7:0]  periph_id,
    input  logic [7:0]  offset,
    input  logic        we,
    output logic        rd_en,
    output logic        wr_en,
    output logic        err
);

    always_comb begin
        rd_en = 1'b0;
        wr_en = 1'b0;
        err   = 1'b0;

        unique case (periph_id)
            8'h10: begin // UART
                case (offset)
                    8'h00, 8'h04: begin
                        case (we)
                            1'b0: rd_en = 1'b1;
                            1'b1: wr_en = 1'b1;
                        endcase
                    end
                    default: err = 1'b1;
                endcase
            end

            8'h20: begin // GPIO
                case (offset)
                    8'h00: wr_en = we;
                    8'h04: rd_en = ~we;
                    default: err = 1'b1;
                endcase
            end

            default: err = 1'b1;
        endcase
    end

endmodule
","property p_rd_en_periph_id_10_offset_00_or_04;
@(posedge clk) (periph_id == 8'h10 && offset inside {8'h00, 8'h04} && we == 1'b0) |-> (rd_en == 1'b1);
endproperty
assert property (p_rd_en_periph_id_10_offset_00_or_04);

property p_wr_en_periph_id_10_offset_00_or_04;
@(posedge clk) (periph_id == 8'h10 && offset inside {8'h00, 8'h04} && we == 1'b1) |-> (wr_en == 1'b1);
endproperty
assert property (p_wr_en_periph_id_10_offset_00_or_04);

property p_err_periph_id_10_default;
@(posedge clk) (periph_id == 8'h10 && !(offset inside {8'h00, 8'h04})) |-> (err == 1'b1);
endproperty
assert property (p_err_periph_id_10_default);

property p_wr_en_periph_id_20_offset_00;
@(posedge clk) (periph_id == 8'h20 && offset == 8'h00) |-> (wr_en == we);
endproperty
assert property (p_wr_en_periph_id_20_offset_00);

property p_rd_en_periph_id_20_offset_04;
@(posedge clk) (periph_id == 8'h20 && offset == 8'h04) |-> (rd_en == ~we);
endproperty
assert property (p_rd_en_periph_id_20_offset_04);

property p_err_periph_id_20_default;
@(posedge clk) (periph_id == 8'h20 && !(offset inside {8'h00, 8'h04})) |-> (err == 1'b1);
endproperty
assert property (p_err_periph_id_20_default);

property p_err_default;
@(posedge clk) !(periph_id inside {8'h10, 8'h20}) |-> (err == 1'b1);
endproperty
assert property (p_err_default);","** Error: prueba.sv(14): (vlog-2730) Undefined variable: 'clk'.
** Error (suppressible): prueba.sv(16): (vlog-1957) The sva directive is not sensitive to a clock. Unclocked directives are not supported.
** Error: prueba.sv(19): (vlog-2730) Undefined variable: 'clk'.
** Error (suppressible): prueba.sv(21): (vlog-1957) The sva directive is not sensitive to a clock. Unclocked directives are not supported.
** Error: prueba.sv(24): (vlog-2730) Undefined variable: 'clk'.
** Error (suppressible): prueba.sv(26): (vlog-1957) The sva directive is not sensitive to a clock. Unclocked directives are not supported.
** Error: prueba.sv(29): (vlog-2730) Undefined variable: 'clk'.
** Error (suppressible): prueba.sv(31): (vlog-1957) The sva directive is not sensitive to a clock. Unclocked directives are not supported.
** Error: prueba.sv(34): (vlog-2730) Undefined variable: 'clk'.
** Error (suppressible): prueba.sv(36): (vlog-1957) The sva directive is not sensitive to a clock. Unclocked directives are not supported.
** Error: prueba.sv(39): (vlog-2730) Undefined variable: 'clk'.
** Error (suppressible): prueba.sv(41): (vlog-1957) The sva directive is not sensitive to a clock. Unclocked directives are not supported.
** Error: prueba.sv(44): (vlog-2730) Undefined variable: 'clk'.
** Error (suppressible): prueba.sv(46): (vlog-1957) The sva directive is not sensitive to a clock. Unclocked directives are not supported.
** Error: prueba.sv(14): (vlog-2730) Undefined variable: 'clk'.",100.28826379776,2683,643
"module obi_err_resp (
    input  logic [1:0] err_src,
    input  logic       priv,
    output logic [1:0] resp
);

    always_comb begin
        resp = 2'b00;

        unique case (err_src)
            2'b00: resp = 2'b00; // OK

            2'b01: begin // Decode error
                case (priv)
                    1'b1: resp = 2'b10;
                    1'b0: resp = 2'b11;
                endcase
            end

            2'b10: begin // Permission error
                case (priv)
                    1'b1: resp = 2'b11;
                    default: resp = 2'b10;
                endcase
            end

            default: resp = 2'b11;
        endcase
    end

endmodule
","property p_resp_err_src_00;
@(posedge clk) (err_src == 2'b00) |-> (resp == 2'b00);
endproperty
assert property (p_resp_err_src_00);

property p_resp_err_src_01_priv_1;
@(posedge clk) (err_src == 2'b01 && priv == 1'b1) |-> (resp == 2'b10);
endproperty
assert property (p_resp_err_src_01_priv_1);

property p_resp_err_src_01_priv_0;
@(posedge clk) (err_src == 2'b01 && priv == 1'b0) |-> (resp == 2'b11);
endproperty
assert property (p_resp_err_src_01_priv_0);

property p_resp_err_src_10_priv_1;
@(posedge clk) (err_src == 2'b10 && priv == 1'b1) |-> (resp == 2'b11);
endproperty
assert property (p_resp_err_src_10_priv_1);

property p_resp_err_src_10_priv_default;
@(posedge clk) (err_src == 2'b10 && priv != 1'b1) |-> (resp == 2'b10);
endproperty
assert property (p_resp_err_src_10_priv_default);

property p_resp_err_src_default;
@(posedge clk) (err_src != 2'b00 && err_src != 2'b01 && err_src != 2'b10) |-> (resp == 2'b11);
endproperty
assert property (p_resp_err_src_default);","** Error: prueba.sv(11): (vlog-2730) Undefined variable: 'clk'.
** Error (suppressible): prueba.sv(13): (vlog-1957) The sva directive is not sensitive to a clock. Unclocked directives are not supported.
** Error: prueba.sv(16): (vlog-2730) Undefined variable: 'clk'.
** Error (suppressible): prueba.sv(18): (vlog-1957) The sva directive is not sensitive to a clock. Unclocked directives are not supported.
** Error: prueba.sv(21): (vlog-2730) Undefined variable: 'clk'.
** Error (suppressible): prueba.sv(23): (vlog-1957) The sva directive is not sensitive to a clock. Unclocked directives are not supported.
** Error: prueba.sv(26): (vlog-2730) Undefined variable: 'clk'.
** Error (suppressible): prueba.sv(28): (vlog-1957) The sva directive is not sensitive to a clock. Unclocked directives are not supported.
** Error: prueba.sv(31): (vlog-2730) Undefined variable: 'clk'.
** Error (suppressible): prueba.sv(33): (vlog-1957) The sva directive is not sensitive to a clock. Unclocked directives are not supported.
** Error: prueba.sv(36): (vlog-2730) Undefined variable: 'clk'.
** Error (suppressible): prueba.sv(38): (vlog-1957) The sva directive is not sensitive to a clock. Unclocked directives are not supported.
** Error: prueba.sv(11): (vlog-2730) Undefined variable: 'clk'.",71.66819763183594,2622,468
"module obi_addr_check (
    input  logic [31:0] addr,
    input  logic        we,
    input  logic        priv,
    output logic        grant,
    output logic        err
);

    logic [3:0] region;
    assign region = addr[31:28];

    always_comb begin
        grant = 1'b0;
        err   = 1'b0;

        unique case (region)
            4'h0: begin // Boot ROM
                case (we)
                    1'b0: grant = 1'b1; // read-only
                    default: err = 1'b1;
                endcase
            end

            4'h1: begin // Secure RAM
                case (priv)
                    1'b1: begin
                        case (we)
                            1'b0, 1'b1: grant = 1'b1;
                        endcase
                    end
                    default: err = 1'b1;
                endcase
            end

            4'h2: begin // MMIO
                case (we)
                    1'b0, 1'b1: grant = 1'b1;
                    default: err = 1'b1;
                endcase
            end

            default: err = 1'b1;
        endcase
    end

endmodule
","property p_grant_region0_we0;
@(posedge clk) (region == 4'h0 && we == 1'b0) |-> (grant == 1'b1);
endproperty
assert property (p_grant_region0_we0);

property p_err_region0_we1;
@(posedge clk) (region == 4'h0 && we == 1'b1) |-> (err == 1'b1);
endproperty
assert property (p_err_region0_we1);

property p_grant_region1_priv1;
@(posedge clk) (region == 4'h1 && priv == 1'b1) |-> (grant == 1'b1);
endproperty
assert property (p_grant_region1_priv1);

property p_err_region1_priv0;
@(posedge clk) (region == 4'h1 && priv == 1'b0) |-> (err == 1'b1);
endproperty
assert property (p_err_region1_priv0);

property p_grant_region2_we0;
@(posedge clk) (region == 4'h2 && we == 1'b0) |-> (grant == 1'b1);
endproperty
assert property (p_grant_region2_we0);

property p_grant_region2_we1;
@(posedge clk) (region == 4'h2 && we == 1'b1) |-> (grant == 1'b1);
endproperty
assert property (p_grant_region2_we1);

property p_err_region2_default;
@(posedge clk) (region == 4'h2 && we != 1'b0 && we != 1'b1) |-> (err == 1'b1);
endproperty
assert property (p_err_region2_default);

property p_err_default;
@(posedge clk) (region != 4'h0 && region != 4'h1 && region != 4'h2) |-> (err == 1'b1);
endproperty
assert property (p_err_default);","** Error: prueba.sv(14): (vlog-2730) Undefined variable: 'clk'.
** Error (suppressible): prueba.sv(16): (vlog-1957) The sva directive is not sensitive to a clock. Unclocked directives are not supported.
** Error: prueba.sv(19): (vlog-2730) Undefined variable: 'clk'.
** Error (suppressible): prueba.sv(21): (vlog-1957) The sva directive is not sensitive to a clock. Unclocked directives are not supported.
** Error: prueba.sv(24): (vlog-2730) Undefined variable: 'clk'.
** Error (suppressible): prueba.sv(26): (vlog-1957) The sva directive is not sensitive to a clock. Unclocked directives are not supported.
** Error: prueba.sv(29): (vlog-2730) Undefined variable: 'clk'.
** Error (suppressible): prueba.sv(31): (vlog-1957) The sva directive is not sensitive to a clock. Unclocked directives are not supported.
** Error: prueba.sv(34): (vlog-2730) Undefined variable: 'clk'.
** Error (suppressible): prueba.sv(36): (vlog-1957) The sva directive is not sensitive to a clock. Unclocked directives are not supported.
** Error: prueba.sv(39): (vlog-2730) Undefined variable: 'clk'.
** Error (suppressible): prueba.sv(41): (vlog-1957) The sva directive is not sensitive to a clock. Unclocked directives are not supported.
** Error: prueba.sv(44): (vlog-2730) Undefined variable: 'clk'.
** Error (suppressible): prueba.sv(46): (vlog-1957) The sva directive is not sensitive to a clock. Unclocked directives are not supported.
** Error: prueba.sv(49): (vlog-2730) Undefined variable: 'clk'.
** Error (suppressible): prueba.sv(51): (vlog-1957) The sva directive is not sensitive to a clock. Unclocked directives are not supported.
** Error: prueba.sv(14): (vlog-2730) Undefined variable: 'clk'.",83.88615465164185,2685,532
"module rstmgr_policy (
    input  logic [2:0] reset_cause,
    input  logic [2:0] lc_state,
    output logic       cold_reset,
    output logic       warm_reset,
    output logic       escalate
);

    always_comb begin
        cold_reset = 1'b0;
        warm_reset = 1'b0;
        escalate   = 1'b0;

        unique case (reset_cause)
            3'b000: begin // Power-on
                case (lc_state)
                    3'b000, 3'b001: cold_reset = 1'b1;
                    default: escalate = 1'b1;
                endcase
            end

            3'b001: begin // Watchdog
                case (lc_state)
                    3'b001, 3'b010: warm_reset = 1'b1;
                    default: escalate = 1'b1;
                endcase
            end

            3'b010: begin // Security violation
                case (lc_state)
                    3'b010: warm_reset = 1'b1;
                    default: escalate = 1'b1;
                endcase
            end

            default: escalate = 1'b1;
        endcase
    end

endmodule
","property p_cold_reset_000_000;
@(posedge clk) (reset_cause == 3'b000 && lc_state == 3'b000) |-> (cold_reset == 1'b1);
endproperty
assert property (p_cold_reset_000_000);

property p_cold_reset_000_001;
@(posedge clk) (reset_cause == 3'b000 && lc_state == 3'b001) |-> (cold_reset == 1'b1);
endproperty
assert property (p_cold_reset_000_001);

property p_escalate_000_default;
@(posedge clk) (reset_cause == 3'b000 && lc_state != 3'b000 && lc_state != 3'b001) |-> (escalate == 1'b1);
endproperty
assert property (p_escalate_000_default);

property p_warm_reset_001_001;
@(posedge clk) (reset_cause == 3'b001 && lc_state == 3'b001) |-> (warm_reset == 1'b1);
endproperty
assert property (p_warm_reset_001_001);

property p_warm_reset_001_010;
@(posedge clk) (reset_cause == 3'b001 && lc_state == 3'b010) |-> (warm_reset == 1'b1);
endproperty
assert property (p_warm_reset_001_010);

property p_escalate_001_default;
@(posedge clk) (reset_cause == 3'b001 && lc_state != 3'b001 && lc_state != 3'b010) |-> (escalate == 1'b1);
endproperty
assert property (p_escalate_001_default);

property p_warm_reset_010_010;
@(posedge clk) (reset_cause == 3'b010 && lc_state == 3'b010) |-> (warm_reset == 1'b1);
endproperty
assert property (p_warm_reset_010_010);

property p_escalate_010_default;
@(posedge clk) (reset_cause == 3'b010 && lc_state != 3'b010) |-> (escalate == 1'b1);
endproperty
assert property (p_escalate_010_default);

property p_escalate_default;
@(posedge clk) (reset_cause != 3'b000 && reset_cause != 3'b001 && reset_cause != 3'b010) |-> (escalate == 1'b1);
endproperty
assert property (p_escalate_default);","** Error: prueba.sv(13): (vlog-2730) Undefined variable: 'clk'.
** Error (suppressible): prueba.sv(15): (vlog-1957) The sva directive is not sensitive to a clock. Unclocked directives are not supported.
** Error: prueba.sv(18): (vlog-2730) Undefined variable: 'clk'.
** Error (suppressible): prueba.sv(20): (vlog-1957) The sva directive is not sensitive to a clock. Unclocked directives are not supported.
** Error: prueba.sv(23): (vlog-2730) Undefined variable: 'clk'.
** Error (suppressible): prueba.sv(25): (vlog-1957) The sva directive is not sensitive to a clock. Unclocked directives are not supported.
** Error: prueba.sv(28): (vlog-2730) Undefined variable: 'clk'.
** Error (suppressible): prueba.sv(30): (vlog-1957) The sva directive is not sensitive to a clock. Unclocked directives are not supported.
** Error: prueba.sv(33): (vlog-2730) Undefined variable: 'clk'.
** Error (suppressible): prueba.sv(35): (vlog-1957) The sva directive is not sensitive to a clock. Unclocked directives are not supported.
** Error: prueba.sv(38): (vlog-2730) Undefined variable: 'clk'.
** Error (suppressible): prueba.sv(40): (vlog-1957) The sva directive is not sensitive to a clock. Unclocked directives are not supported.
** Error: prueba.sv(43): (vlog-2730) Undefined variable: 'clk'.
** Error (suppressible): prueba.sv(45): (vlog-1957) The sva directive is not sensitive to a clock. Unclocked directives are not supported.
** Error: prueba.sv(48): (vlog-2730) Undefined variable: 'clk'.
** Error (suppressible): prueba.sv(50): (vlog-1957) The sva directive is not sensitive to a clock. Unclocked directives are not supported.
** Error: prueba.sv(53): (vlog-2730) Undefined variable: 'clk'.
** Error (suppressible): prueba.sv(55): (vlog-1957) The sva directive is not sensitive to a clock. Unclocked directives are not supported.
** Error: prueba.sv(13): (vlog-2730) Undefined variable: 'clk'.",119.15360879898073,2712,753
"module tlul_access_filter (
    input  logic [2:0] opcode,
    input  logic [2:0] param,
    input  logic [2:0] size,
    output logic       allow,
    output logic       error
);

    always_comb begin
        allow = 1'b0;
        error = 1'b0;

        unique case (opcode)
            3'b000: begin // Get
                case (size)
                    3'b000, 3'b001, 3'b010: allow = 1'b1;
                    default: error = 1'b1;
                endcase
            end

            3'b001: begin // PutFull
                case (param)
                    3'b000: begin
                        case (size)
                            3'b001, 3'b010: allow = 1'b1;
                            default: error = 1'b1;
                        endcase
                    end
                    default: error = 1'b1;
                endcase
            end

            3'b010: begin // PutPartial
                case (param)
                    3'b001: allow = 1'b1;
                    default: error = 1'b1;
                endcase
            end

            default: error = 1'b1;
        endcase
    end

endmodule
","property p_allow_opcode_000_size_000_to_010;
@(posedge clk) (opcode == 3'b000 && size inside {3'b000, 3'b001, 3'b010}) |-> (allow == 1'b1);
endproperty
assert property (p_allow_opcode_000_size_000_to_010);

property p_error_opcode_000_default;
@(posedge clk) (opcode == 3'b000 && size inside {3'b011, 3'b100, 3'b101, 3'b110, 3'b111}) |-> (error == 1'b1);
endproperty
assert property (p_error_opcode_000_default);

property p_allow_opcode_001_param_000_size_001_to_010;
@(posedge clk) (opcode == 3'b001 && param == 3'b000 && size inside {3'b001, 3'b010}) |-> (allow == 1'b1);
endproperty
assert property (p_allow_opcode_001_param_000_size_001_to_010);

property p_error_opcode_001_param_000_default;
@(posedge clk) (opcode == 3'b001 && param == 3'b000 && size inside {3'b000, 3'b011, 3'b100, 3'b101, 3'b110, 3'b111}) |-> (error == 1'b1);
endproperty
assert property (p_error_opcode_001_param_000_default);

property p_error_opcode_001_default;
@(posedge clk) (opcode == 3'b001 && param inside {3'b001, 3'b010, 3'b011, 3'b100, 3'b101, 3'b110, 3'b111}) |-> (error == 1'b1);
endproperty
assert property (p_error_opcode_001_default);

property p_allow_opcode_010_param_001;
@(posedge clk) (opcode == 3'b010 && param == 3'b001) |-> (allow == 1'b1);
endproperty
assert property (p_allow_opcode_010_param_001);

property p_error_opcode_010_default;
@(posedge clk) (opcode == 3'b010 && param inside {3'b000, 3'b010, 3'b011, 3'b100, 3'b101, 3'b110, 3'b111}) |-> (error == 1'b1);
endproperty
assert property (p_error_opcode_010_default);

property p_error_default;
@(posedge clk) (opcode inside {3'b011, 3'b100, 3'b101, 3'b110, 3'b111}) |-> (error == 1'b1);
endproperty
assert property (p_error_default);","** Error: prueba.sv(13): (vlog-2730) Undefined variable: 'clk'.
** Error (suppressible): prueba.sv(15): (vlog-1957) The sva directive is not sensitive to a clock. Unclocked directives are not supported.
** Error: prueba.sv(18): (vlog-2730) Undefined variable: 'clk'.
** Error (suppressible): prueba.sv(20): (vlog-1957) The sva directive is not sensitive to a clock. Unclocked directives are not supported.
** Error: prueba.sv(23): (vlog-2730) Undefined variable: 'clk'.
** Error (suppressible): prueba.sv(25): (vlog-1957) The sva directive is not sensitive to a clock. Unclocked directives are not supported.
** Error: prueba.sv(28): (vlog-2730) Undefined variable: 'clk'.
** Error (suppressible): prueba.sv(30): (vlog-1957) The sva directive is not sensitive to a clock. Unclocked directives are not supported.
** Error: prueba.sv(33): (vlog-2730) Undefined variable: 'clk'.
** Error (suppressible): prueba.sv(35): (vlog-1957) The sva directive is not sensitive to a clock. Unclocked directives are not supported.
** Error: prueba.sv(38): (vlog-2730) Undefined variable: 'clk'.
** Error (suppressible): prueba.sv(40): (vlog-1957) The sva directive is not sensitive to a clock. Unclocked directives are not supported.
** Error: prueba.sv(43): (vlog-2730) Undefined variable: 'clk'.
** Error (suppressible): prueba.sv(45): (vlog-1957) The sva directive is not sensitive to a clock. Unclocked directives are not supported.
** Error: prueba.sv(48): (vlog-2730) Undefined variable: 'clk'.
** Error (suppressible): prueba.sv(50): (vlog-1957) The sva directive is not sensitive to a clock. Unclocked directives are not supported.
** Error: prueba.sv(13): (vlog-2730) Undefined variable: 'clk'.",140.04265093803406,2721,884
"module otp_ctrl_decode (
    input  logic [3:0] cmd,
    input  logic [1:0] part,
    input  logic       write_en,
    output logic       exec,
    output logic       fault
);

    always_comb begin
        exec  = 1'b0;
        fault = 1'b0;

        unique case (cmd)
            4'h1: begin // READ
                case (part)
                    2'b00, 2'b01: exec = 1'b1;
                    default: fault = 1'b1;
                endcase
            end

            4'h2: begin // WRITE
                case (write_en)
                    1'b1: begin
                        case (part)
                            2'b01: exec = 1'b1;
                            default: fault = 1'b1;
                        endcase
                    end
                    default: fault = 1'b1;
                endcase
            end

            4'hF: begin // LOCK
                case (part)
                    2'b10: exec = 1'b1;
                    default: fault = 1'b1;
                endcase
            end

            default: fault = 1'b1;
        endcase
    end

endmodule
","property p_exec_cmd1_part00;
@(posedge clk) (cmd == 4'h1 && part == 2'b00) |-> (exec == 1'b1);
endproperty
assert property (p_exec_cmd1_part00);

property p_exec_cmd1_part01;
@(posedge clk) (cmd == 4'h1 && part == 2'b01) |-> (exec == 1'b1);
endproperty
assert property (p_exec_cmd1_part01);

property p_fault_cmd1_default;
@(posedge clk) (cmd == 4'h1 && part != 2'b00 && part != 2'b01) |-> (fault == 1'b1);
endproperty
assert property (p_fault_cmd1_default);

property p_exec_cmd2_writeen1_part01;
@(posedge clk) (cmd == 4'h2 && write_en == 1'b1 && part == 2'b01) |-> (exec == 1'b1);
endproperty
assert property (p_exec_cmd2_writeen1_part01);

property p_fault_cmd2_writeen1_default;
@(posedge clk) (cmd == 4'h2 && write_en == 1'b1 && part != 2'b01) |-> (fault == 1'b1);
endproperty
assert property (p_fault_cmd2_writeen1_default);

property p_fault_cmd2_default;
@(posedge clk) (cmd == 4'h2 && write_en != 1'b1) |-> (fault == 1'b1);
endproperty
assert property (p_fault_cmd2_default);

property p_exec_cmdF_part10;
@(posedge clk) (cmd == 4'hF && part == 2'b10) |-> (exec == 1'b1);
endproperty
assert property (p_exec_cmdF_part10);

property p_fault_cmdF_default;
@(posedge clk) (cmd == 4'hF && part != 2'b10) |-> (fault == 1'b1);
endproperty
assert property (p_fault_cmdF_default);

property p_fault_default;
@(posedge clk) (cmd != 4'h1 && cmd != 4'h2 && cmd != 4'hF) |-> (fault == 1'b1);
endproperty
assert property (p_fault_default);","** Error: prueba.sv(13): (vlog-2730) Undefined variable: 'clk'.
** Error (suppressible): prueba.sv(15): (vlog-1957) The sva directive is not sensitive to a clock. Unclocked directives are not supported.
** Error: prueba.sv(18): (vlog-2730) Undefined variable: 'clk'.
** Error (suppressible): prueba.sv(20): (vlog-1957) The sva directive is not sensitive to a clock. Unclocked directives are not supported.
** Error: prueba.sv(23): (vlog-2730) Undefined variable: 'clk'.
** Error (suppressible): prueba.sv(25): (vlog-1957) The sva directive is not sensitive to a clock. Unclocked directives are not supported.
** Error: prueba.sv(28): (vlog-2730) Undefined variable: 'clk'.
** Error (suppressible): prueba.sv(30): (vlog-1957) The sva directive is not sensitive to a clock. Unclocked directives are not supported.
** Error: prueba.sv(33): (vlog-2730) Undefined variable: 'clk'.
** Error (suppressible): prueba.sv(35): (vlog-1957) The sva directive is not sensitive to a clock. Unclocked directives are not supported.
** Error: prueba.sv(38): (vlog-2730) Undefined variable: 'clk'.
** Error (suppressible): prueba.sv(40): (vlog-1957) The sva directive is not sensitive to a clock. Unclocked directives are not supported.
** Error: prueba.sv(43): (vlog-2730) Undefined variable: 'clk'.
** Error (suppressible): prueba.sv(45): (vlog-1957) The sva directive is not sensitive to a clock. Unclocked directives are not supported.
** Error: prueba.sv(48): (vlog-2730) Undefined variable: 'clk'.
** Error (suppressible): prueba.sv(50): (vlog-1957) The sva directive is not sensitive to a clock. Unclocked directives are not supported.
** Error: prueba.sv(53): (vlog-2730) Undefined variable: 'clk'.
** Error (suppressible): prueba.sv(55): (vlog-1957) The sva directive is not sensitive to a clock. Unclocked directives are not supported.
** Error: prueba.sv(13): (vlog-2730) Undefined variable: 'clk'.",100.9531762599945,2696,645
"module alert_aggregator (
    input  logic [3:0] src,
    input  logic [1:0] sev,
    output logic       irq,
    output logic       nmi,
    output logic       fatal
);

    always_comb begin
        irq   = 1'b0;
        nmi   = 1'b0;
        fatal = 1'b0;

        unique case (src)
            4'h0, 4'h1: begin
                case (sev)
                    2'b00: irq = 1'b1;
                    2'b01: nmi = 1'b1;
                    default: fatal = 1'b1;
                endcase
            end

            4'hF: begin
                case (sev)
                    2'b10, 2'b11: fatal = 1'b1;
                    default: nmi = 1'b1;
                endcase
            end

            default: fatal = 1'b1;
        endcase
    end

endmodule
","property p_irq_assign;
@(posedge clk) (src == 4'h0 || src == 4'h1) && sev == 2'b00 |-> irq;
endproperty
assert property (p_irq_assign);

property p_nmi_assign;
@(posedge clk) ((src == 4'h0 || src == 4'h1) && sev == 2'b01) || (src == 4'hF && (sev != 2'b10 && sev != 2'b11)) |-> nmi;
endproperty
assert property (p_nmi_assign);

property p_fatal_assign;
@(posedge clk) ((src == 4'h0 || src == 4'h1) && sev >= 2'b10) || (src == 4'hF && (sev == 2'b10 || sev == 2'b11)) || (src != 4'h0 && src != 4'h1 && src != 4'hF) |-> fatal;
endproperty
assert property (p_fatal_assign);","** Error: prueba.sv(13): (vlog-2730) Undefined variable: 'clk'.
** Error (suppressible): prueba.sv(15): (vlog-1957) The sva directive is not sensitive to a clock. Unclocked directives are not supported.
** Error: prueba.sv(18): (vlog-2730) Undefined variable: 'clk'.
** Error (suppressible): prueba.sv(20): (vlog-1957) The sva directive is not sensitive to a clock. Unclocked directives are not supported.
** Error: prueba.sv(23): (vlog-2730) Undefined variable: 'clk'.
** Error (suppressible): prueba.sv(25): (vlog-1957) The sva directive is not sensitive to a clock. Unclocked directives are not supported.
** Error: prueba.sv(13): (vlog-2730) Undefined variable: 'clk'.",44.88255071640015,2645,277
"module obi_write_resp (
    input  logic [1:0] result,
    input  logic       priv,
    output logic [1:0] resp
);

    always_comb begin
        resp = 2'b00;

        unique case (result)
            2'b00: resp = 2'b00; // OK

            2'b01: begin // Decode error
                case (priv)
                    1'b1: resp = 2'b10;
                    default: resp = 2'b11;
                endcase
            end

            2'b10: begin // Access error
                case (priv)
                    1'b1: resp = 2'b11;
                    default: resp = 2'b10;
                endcase
            end

            default: resp = 2'b11;
        endcase
    end

endmodule
","property p_resp_00_assign;
@(posedge clk) (result == 2'b00) |-> (resp == 2'b00);
endproperty
assert property (p_resp_00_assign);

property p_resp_01_priv_1_assign;
@(posedge clk) (result == 2'b01 && priv == 1'b1) |-> (resp == 2'b10);
endproperty
assert property (p_resp_01_priv_1_assign);

property p_resp_01_default_assign;
@(posedge clk) (result == 2'b01 && priv != 1'b1) |-> (resp == 2'b11);
endproperty
assert property (p_resp_01_default_assign);

property p_resp_10_priv_1_assign;
@(posedge clk) (result == 2'b10 && priv == 1'b1) |-> (resp == 2'b11);
endproperty
assert property (p_resp_10_priv_1_assign);

property p_resp_10_default_assign;
@(posedge clk) (result == 2'b10 && priv != 1'b1) |-> (resp == 2'b10);
endproperty
assert property (p_resp_10_default_assign);

property p_resp_default_assign;
@(posedge clk) (result != 2'b00 && result != 2'b01 && result != 2'b10) |-> (resp == 2'b11);
endproperty
assert property (p_resp_default_assign);","** Error: prueba.sv(11): (vlog-2730) Undefined variable: 'clk'.
** Error (suppressible): prueba.sv(13): (vlog-1957) The sva directive is not sensitive to a clock. Unclocked directives are not supported.
** Error: prueba.sv(16): (vlog-2730) Undefined variable: 'clk'.
** Error (suppressible): prueba.sv(18): (vlog-1957) The sva directive is not sensitive to a clock. Unclocked directives are not supported.
** Error: prueba.sv(21): (vlog-2730) Undefined variable: 'clk'.
** Error (suppressible): prueba.sv(23): (vlog-1957) The sva directive is not sensitive to a clock. Unclocked directives are not supported.
** Error: prueba.sv(26): (vlog-2730) Undefined variable: 'clk'.
** Error (suppressible): prueba.sv(28): (vlog-1957) The sva directive is not sensitive to a clock. Unclocked directives are not supported.
** Error: prueba.sv(31): (vlog-2730) Undefined variable: 'clk'.
** Error (suppressible): prueba.sv(33): (vlog-1957) The sva directive is not sensitive to a clock. Unclocked directives are not supported.
** Error: prueba.sv(36): (vlog-2730) Undefined variable: 'clk'.
** Error (suppressible): prueba.sv(38): (vlog-1957) The sva directive is not sensitive to a clock. Unclocked directives are not supported.
** Error: prueba.sv(11): (vlog-2730) Undefined variable: 'clk'.",63.84344911575317,2617,420
"module debug_access_gate (
    input  logic dbg_req,
    input  logic [2:0] lc_state,
    input  logic       priv,
    output logic       dbg_grant,
    output logic       violation
);

    always_comb begin
        dbg_grant = 1'b0;
        violation = 1'b0;

        if (dbg_req) begin
            unique case (lc_state)
                3'b000: begin // TEST
                    case (priv)
                        1'b1: dbg_grant = 1'b1;
                        default: violation = 1'b1;
                    endcase
                end

                3'b001: begin // DEV
                    dbg_grant = 1'b1;
                end

                default: violation = 1'b1;
            endcase
        end
    end

endmodule
","property p_dbg_grant_lc_state_000_priv_1;
@(posedge clk) (dbg_req && lc_state == 3'b000 && priv == 1'b1) |-> (dbg_grant == 1'b1);
endproperty
assert property (p_dbg_grant_lc_state_000_priv_1);

property p_violation_lc_state_000_priv_default;
@(posedge clk) (dbg_req && lc_state == 3'b000 && priv != 1'b1) |-> (violation == 1'b1);
endproperty
assert property (p_violation_lc_state_000_priv_default);

property p_dbg_grant_lc_state_001;
@(posedge clk) (dbg_req && lc_state == 3'b001) |-> (dbg_grant == 1'b1);
endproperty
assert property (p_dbg_grant_lc_state_001);

property p_violation_lc_state_default;
@(posedge clk) (dbg_req && lc_state != 3'b000 && lc_state != 3'b001) |-> (violation == 1'b1);
endproperty
assert property (p_violation_lc_state_default);","** Error: prueba.sv(13): (vlog-2730) Undefined variable: 'clk'.
** Error (suppressible): prueba.sv(15): (vlog-1957) The sva directive is not sensitive to a clock. Unclocked directives are not supported.
** Error: prueba.sv(18): (vlog-2730) Undefined variable: 'clk'.
** Error (suppressible): prueba.sv(20): (vlog-1957) The sva directive is not sensitive to a clock. Unclocked directives are not supported.
** Error: prueba.sv(23): (vlog-2730) Undefined variable: 'clk'.
** Error (suppressible): prueba.sv(25): (vlog-1957) The sva directive is not sensitive to a clock. Unclocked directives are not supported.
** Error: prueba.sv(28): (vlog-2730) Undefined variable: 'clk'.
** Error (suppressible): prueba.sv(30): (vlog-1957) The sva directive is not sensitive to a clock. Unclocked directives are not supported.
** Error: prueba.sv(13): (vlog-2730) Undefined variable: 'clk'.",52.22440648078919,2601,340
"module tlul_access_ctrl (
    input  logic        tl_i_a_valid,
    input  logic [2:0]  tl_i_a_opcode,
    input  logic [2:0]  tl_i_a_param,
    input  logic [2:0]  tl_i_a_size,
    output logic        tl_o_d_error,
    output logic        tl_o_d_valid
);

    always_comb begin
        tl_o_d_valid = 1'b0;
        tl_o_d_error = 1'b0;

        if (tl_i_a_valid) begin
            tl_o_d_valid = 1'b1;

            unique case (tl_i_a_opcode)
                3'b000: begin // Get
                    case (tl_i_a_size)
                        3'b000, 3'b001, 3'b010: ;
                        default: tl_o_d_error = 1'b1;
                    endcase
                end

                3'b001: begin // PutFullData
                    case (tl_i_a_param)
                        3'b000: begin
                            case (tl_i_a_size)
                                3'b001, 3'b010: ;
                                default: tl_o_d_error = 1'b1;
                            endcase
                        end
                        default: tl_o_d_error = 1'b1;
                    endcase
                end

                3'b010: begin // PutPartialData
                    case (tl_i_a_param)
                        3'b001: ;
                        default: tl_o_d_error = 1'b1;
                    endcase
                end

                default: tl_o_d_error = 1'b1;
            endcase
        end
    end

endmodule
","property p_tl_o_d_valid_set;
@(posedge clk) (tl_i_a_valid) |-> (tl_o_d_valid == 1'b1);
endproperty
assert property (p_tl_o_d_valid_set);

property p_tl_o_d_error_opcode_000;
@(posedge clk) (tl_i_a_valid && tl_i_a_opcode == 3'b000 && !(tl_i_a_size inside {3'b000, 3'b001, 3'b010})) |-> (tl_o_d_error == 1'b1);
endproperty
assert property (p_tl_o_d_error_opcode_000);

property p_tl_o_d_error_opcode_001;
@(posedge clk) (tl_i_a_valid && tl_i_a_opcode == 3'b001 && !(tl_i_a_param == 3'b000 && tl_i_a_size inside {3'b001, 3'b010})) |-> (tl_o_d_error == 1'b1);
endproperty
assert property (p_tl_o_d_error_opcode_001);

property p_tl_o_d_error_opcode_010;
@(posedge clk) (tl_i_a_valid && tl_i_a_opcode == 3'b010 && !(tl_i_a_param == 3'b001)) |-> (tl_o_d_error == 1'b1);
endproperty
assert property (p_tl_o_d_error_opcode_010);

property p_tl_o_d_error_default;
@(posedge clk) (tl_i_a_valid && !(tl_i_a_opcode inside {3'b000, 3'b001, 3'b010})) |-> (tl_o_d_error == 1'b1);
endproperty
assert property (p_tl_o_d_error_default);","** Error: prueba.sv(14): (vlog-2730) Undefined variable: 'clk'.
** Error (suppressible): prueba.sv(16): (vlog-1957) The sva directive is not sensitive to a clock. Unclocked directives are not supported.
** Error: prueba.sv(19): (vlog-2730) Undefined variable: 'clk'.
** Error (suppressible): prueba.sv(21): (vlog-1957) The sva directive is not sensitive to a clock. Unclocked directives are not supported.
** Error: prueba.sv(24): (vlog-2730) Undefined variable: 'clk'.
** Error (suppressible): prueba.sv(26): (vlog-1957) The sva directive is not sensitive to a clock. Unclocked directives are not supported.
** Error: prueba.sv(29): (vlog-2730) Undefined variable: 'clk'.
** Error (suppressible): prueba.sv(31): (vlog-1957) The sva directive is not sensitive to a clock. Unclocked directives are not supported.
** Error: prueba.sv(34): (vlog-2730) Undefined variable: 'clk'.
** Error (suppressible): prueba.sv(36): (vlog-1957) The sva directive is not sensitive to a clock. Unclocked directives are not supported.
** Error: prueba.sv(14): (vlog-2730) Undefined variable: 'clk'.",89.67415285110474,2804,537
"module tlul_addr_decode (
    input  logic        tl_i_a_valid,
    input  logic [31:0] tl_i_a_address,
    input  logic [2:0]  tl_i_a_opcode,
    output logic        tl_o_d_error,
    output logic        rom_sel,
    output logic        ram_sel,
    output logic        mmio_sel
);

    logic [3:0] addr_region;
    assign addr_region = tl_i_a_address[31:28];

    always_comb begin
        rom_sel      = 1'b0;
        ram_sel      = 1'b0;
        mmio_sel     = 1'b0;
        tl_o_d_error = 1'b0;

        if (tl_i_a_valid) begin
            unique case (addr_region)
                4'h0: begin // ROM
                    case (tl_i_a_opcode)
                        3'b000: rom_sel = 1'b1;
                        default: tl_o_d_error = 1'b1;
                    endcase
                end

                4'h1, 4'h2: begin // RAM
                    case (tl_i_a_opcode)
                        3'b000, 3'b001, 3'b010: ram_sel = 1'b1;
                        default: tl_o_d_error = 1'b1;
                    endcase
                end

                4'h4: begin // MMIO
                    mmio_sel = 1'b1;
                end

                default: tl_o_d_error = 1'b1;
            endcase
        end
    end

endmodule
","property p_rom_sel_assign;
@(posedge clk) (tl_i_a_valid && addr_region == 4'h0 && tl_i_a_opcode == 3'b000) |-> (rom_sel == 1'b1);
endproperty
assert property (p_rom_sel_assign);

property p_ram_sel_assign;
@(posedge clk) (tl_i_a_valid && (addr_region == 4'h1 || addr_region == 4'h2) && (tl_i_a_opcode inside {3'b000, 3'b001, 3'b010})) |-> (ram_sel == 1'b1);
endproperty
assert property (p_ram_sel_assign);

property p_mmio_sel_assign;
@(posedge clk) (tl_i_a_valid && addr_region == 4'h4) |-> (mmio_sel == 1'b1);
endproperty
assert property (p_mmio_sel_assign);

property p_error_default;
@(posedge clk) (tl_i_a_valid && addr_region != 4'h0 && addr_region != 4'h1 && addr_region != 4'h2 && addr_region != 4'h4) |-> (tl_o_d_error == 1'b1);
endproperty
assert property (p_error_default);

property p_opcode_error_rom;
@(posedge clk) (tl_i_a_valid && addr_region == 4'h0 && tl_i_a_opcode != 3'b000) |-> (tl_o_d_error == 1'b1);
endproperty
assert property (p_opcode_error_rom);

property p_opcode_error_ram;
@(posedge clk) (tl_i_a_valid && (addr_region == 4'h1 || addr_region == 4'h2) && !(tl_i_a_opcode inside {3'b000, 3'b001, 3'b010})) |-> (tl_o_d_error == 1'b1);
endproperty
assert property (p_opcode_error_ram);","** Error: prueba.sv(16): (vlog-2730) Undefined variable: 'clk'.
** Error (suppressible): prueba.sv(18): (vlog-1957) The sva directive is not sensitive to a clock. Unclocked directives are not supported.
** Error: prueba.sv(21): (vlog-2730) Undefined variable: 'clk'.
** Error (suppressible): prueba.sv(23): (vlog-1957) The sva directive is not sensitive to a clock. Unclocked directives are not supported.
** Error: prueba.sv(26): (vlog-2730) Undefined variable: 'clk'.
** Error (suppressible): prueba.sv(28): (vlog-1957) The sva directive is not sensitive to a clock. Unclocked directives are not supported.
** Error: prueba.sv(31): (vlog-2730) Undefined variable: 'clk'.
** Error (suppressible): prueba.sv(33): (vlog-1957) The sva directive is not sensitive to a clock. Unclocked directives are not supported.
** Error: prueba.sv(36): (vlog-2730) Undefined variable: 'clk'.
** Error (suppressible): prueba.sv(38): (vlog-1957) The sva directive is not sensitive to a clock. Unclocked directives are not supported.
** Error: prueba.sv(41): (vlog-2730) Undefined variable: 'clk'.
** Error (suppressible): prueba.sv(43): (vlog-1957) The sva directive is not sensitive to a clock. Unclocked directives are not supported.
** Error: prueba.sv(16): (vlog-2730) Undefined variable: 'clk'.",90.01946902275085,2740,559
"module alert_handler_core (
    input  logic [1:0] alert_class_i,
    input  logic [1:0] esc_state_i,
    output logic       irq_o,
    output logic       nmi_o,
    output logic       reset_req_o
);

    always_comb begin
        irq_o       = 1'b0;
        nmi_o       = 1'b0;
        reset_req_o = 1'b0;

        unique case (alert_class_i)
            2'b00: begin // Class A
                case (esc_state_i)
                    2'b00: irq_o = 1'b1;
                    2'b01: nmi_o = 1'b1;
                    default: reset_req_o = 1'b1;
                endcase
            end

            2'b01: begin // Class B
                case (esc_state_i)
                    2'b00, 2'b01: nmi_o = 1'b1;
                    default: reset_req_o = 1'b1;
                endcase
            end

            default: reset_req_o = 1'b1;
        endcase
    end

endmodule
","property p_irq_o_assign;
@(posedge clk) (alert_class_i == 2'b00 && esc_state_i == 2'b00) |-> (irq_o == 1'b1);
endproperty
assert property (p_irq_o_assign);

property p_nmi_o_assign_00;
@(posedge clk) (alert_class_i == 2'b00 && esc_state_i == 2'b01) |-> (nmi_o == 1'b1);
endproperty
assert property (p_nmi_o_assign_00);

property p_reset_req_o_assign_00;
@(posedge clk) (alert_class_i == 2'b00 && esc_state_i != 2'b00 && esc_state_i != 2'b01) |-> (reset_req_o == 1'b1);
endproperty
assert property (p_reset_req_o_assign_00);

property p_nmi_o_assign_01;
@(posedge clk) (alert_class_i == 2'b01 && (esc_state_i == 2'b00 || esc_state_i == 2'b01)) |-> (nmi_o == 1'b1);
endproperty
assert property (p_nmi_o_assign_01);

property p_reset_req_o_assign_01;
@(posedge clk) (alert_class_i == 2'b01 && esc_state_i != 2'b00 && esc_state_i != 2'b01) |-> (reset_req_o == 1'b1);
endproperty
assert property (p_reset_req_o_assign_01);

property p_reset_req_o_default;
@(posedge clk) (alert_class_i != 2'b00 && alert_class_i != 2'b01) |-> (reset_req_o == 1'b1);
endproperty
assert property (p_reset_req_o_default);","** Error: prueba.sv(13): (vlog-2730) Undefined variable: 'clk'.
** Error (suppressible): prueba.sv(15): (vlog-1957) The sva directive is not sensitive to a clock. Unclocked directives are not supported.
** Error: prueba.sv(18): (vlog-2730) Undefined variable: 'clk'.
** Error (suppressible): prueba.sv(20): (vlog-1957) The sva directive is not sensitive to a clock. Unclocked directives are not supported.
** Error: prueba.sv(23): (vlog-2730) Undefined variable: 'clk'.
** Error (suppressible): prueba.sv(25): (vlog-1957) The sva directive is not sensitive to a clock. Unclocked directives are not supported.
** Error: prueba.sv(28): (vlog-2730) Undefined variable: 'clk'.
** Error (suppressible): prueba.sv(30): (vlog-1957) The sva directive is not sensitive to a clock. Unclocked directives are not supported.
** Error: prueba.sv(33): (vlog-2730) Undefined variable: 'clk'.
** Error (suppressible): prueba.sv(35): (vlog-1957) The sva directive is not sensitive to a clock. Unclocked directives are not supported.
** Error: prueba.sv(38): (vlog-2730) Undefined variable: 'clk'.
** Error (suppressible): prueba.sv(40): (vlog-1957) The sva directive is not sensitive to a clock. Unclocked directives are not supported.
** Error: prueba.sv(13): (vlog-2730) Undefined variable: 'clk'.",83.27431273460388,2681,532
"module lc_ctrl_perm_check (
    input  logic [2:0] lc_state_i,
    input  logic [1:0] lc_transition_i,
    output logic       allow_o,
    output logic       violation_o
);

    always_comb begin
        allow_o     = 1'b0;
        violation_o = 1'b0;

        unique case (lc_state_i)
            3'b000: begin // TEST_UNLOCKED
                case (lc_transition_i)
                    2'b00, 2'b01: allow_o = 1'b1;
                    default: violation_o = 1'b1;
                endcase
            end

            3'b001: begin // DEV
                case (lc_transition_i)
                    2'b01: allow_o = 1'b1;
                    default: violation_o = 1'b1;
                endcase
            end

            3'b010: begin // PROD
                case (lc_transition_i)
                    2'b10: allow_o = 1'b1;
                    default: violation_o = 1'b1;
                endcase
            end

            default: violation_o = 1'b1;
        endcase
    end

endmodule
","property p_allow_o_00_00_or_01;
@(posedge clk) (lc_state_i == 3'b000 && lc_transition_i inside {2'b00, 2'b01}) |-> (allow_o == 1'b1);
endproperty
assert property (p_allow_o_00_00_or_01);

property p_violation_o_00_default;
@(posedge clk) (lc_state_i == 3'b000 && lc_transition_i inside {2'b10, 2'b11}) |-> (violation_o == 1'b1);
endproperty
assert property (p_violation_o_00_default);

property p_allow_o_001_01;
@(posedge clk) (lc_state_i == 3'b001 && lc_transition_i == 2'b01) |-> (allow_o == 1'b1);
endproperty
assert property (p_allow_o_001_01);

property p_violation_o_001_default;
@(posedge clk) (lc_state_i == 3'b001 && lc_transition_i inside {2'b00, 2'b10, 2'b11}) |-> (violation_o == 1'b1);
endproperty
assert property (p_violation_o_001_default);

property p_allow_o_010_10;
@(posedge clk) (lc_state_i == 3'b010 && lc_transition_i == 2'b10) |-> (allow_o == 1'b1);
endproperty
assert property (p_allow_o_010_10);

property p_violation_o_010_default;
@(posedge clk) (lc_state_i == 3'b010 && lc_transition_i inside {2'b00, 2'b01, 2'b11}) |-> (violation_o == 1'b1);
endproperty
assert property (p_violation_o_010_default);

property p_violation_o_default;
@(posedge clk) (lc_state_i inside {3'b011, 3'b100, 3'b101, 3'b110, 3'b111}) |-> (violation_o == 1'b1);
endproperty
assert property (p_violation_o_default);","** Error: prueba.sv(12): (vlog-2730) Undefined variable: 'clk'.
** Error (suppressible): prueba.sv(14): (vlog-1957) The sva directive is not sensitive to a clock. Unclocked directives are not supported.
** Error: prueba.sv(17): (vlog-2730) Undefined variable: 'clk'.
** Error (suppressible): prueba.sv(19): (vlog-1957) The sva directive is not sensitive to a clock. Unclocked directives are not supported.
** Error: prueba.sv(22): (vlog-2730) Undefined variable: 'clk'.
** Error (suppressible): prueba.sv(24): (vlog-1957) The sva directive is not sensitive to a clock. Unclocked directives are not supported.
** Error: prueba.sv(27): (vlog-2730) Undefined variable: 'clk'.
** Error (suppressible): prueba.sv(29): (vlog-1957) The sva directive is not sensitive to a clock. Unclocked directives are not supported.
** Error: prueba.sv(32): (vlog-2730) Undefined variable: 'clk'.
** Error (suppressible): prueba.sv(34): (vlog-1957) The sva directive is not sensitive to a clock. Unclocked directives are not supported.
** Error: prueba.sv(37): (vlog-2730) Undefined variable: 'clk'.
** Error (suppressible): prueba.sv(39): (vlog-1957) The sva directive is not sensitive to a clock. Unclocked directives are not supported.
** Error: prueba.sv(42): (vlog-2730) Undefined variable: 'clk'.
** Error (suppressible): prueba.sv(44): (vlog-1957) The sva directive is not sensitive to a clock. Unclocked directives are not supported.
** Error: prueba.sv(12): (vlog-2730) Undefined variable: 'clk'.",102.94751524925232,2701,657
"module obi_host_resp_gen (
    input  logic [1:0] obi_result_i,
    input  logic       obi_priv_i,
    output logic [1:0] obi_resp_o
);

    always_comb begin
        obi_resp_o = 2'b00;

        unique case (obi_result_i)
            2'b00: obi_resp_o = 2'b00; // OK

            2'b01: begin // Decode error
                case (obi_priv_i)
                    1'b1: obi_resp_o = 2'b10;
                    default: obi_resp_o = 2'b11;
                endcase
            end

            2'b10: begin // Access error
                case (obi_priv_i)
                    1'b1: obi_resp_o = 2'b11;
                    default: obi_resp_o = 2'b10;
                endcase
            end

            default: obi_resp_o = 2'b11;
        endcase
    end

endmodule
","property p_obi_resp_default;
@(posedge clk) (obi_result_i != 2'b00 && obi_result_i != 2'b01 && obi_result_i != 2'b10) |-> (obi_resp_o == 2'b11);
endproperty
assert property (p_obi_resp_default);

property p_obi_resp_00;
@(posedge clk) (obi_result_i == 2'b00) |-> (obi_resp_o == 2'b00);
endproperty
assert property (p_obi_resp_00);

property p_obi_resp_01_priv;
@(posedge clk) (obi_result_i == 2'b01 && obi_priv_i == 1'b1) |-> (obi_resp_o == 2'b10);
endproperty
assert property (p_obi_resp_01_priv);

property p_obi_resp_01_default;
@(posedge clk) (obi_result_i == 2'b01 && obi_priv_i != 1'b1) |-> (obi_resp_o == 2'b11);
endproperty
assert property (p_obi_resp_01_default);

property p_obi_resp_10_priv;
@(posedge clk) (obi_result_i == 2'b10 && obi_priv_i == 1'b1) |-> (obi_resp_o == 2'b11);
endproperty
assert property (p_obi_resp_10_priv);

property p_obi_resp_10_default;
@(posedge clk) (obi_result_i == 2'b10 && obi_priv_i != 1'b1) |-> (obi_resp_o == 2'b10);
endproperty
assert property (p_obi_resp_10_default);","** Error: prueba.sv(11): (vlog-2730) Undefined variable: 'clk'.
** Error (suppressible): prueba.sv(13): (vlog-1957) The sva directive is not sensitive to a clock. Unclocked directives are not supported.
** Error: prueba.sv(16): (vlog-2730) Undefined variable: 'clk'.
** Error (suppressible): prueba.sv(18): (vlog-1957) The sva directive is not sensitive to a clock. Unclocked directives are not supported.
** Error: prueba.sv(21): (vlog-2730) Undefined variable: 'clk'.
** Error (suppressible): prueba.sv(23): (vlog-1957) The sva directive is not sensitive to a clock. Unclocked directives are not supported.
** Error: prueba.sv(26): (vlog-2730) Undefined variable: 'clk'.
** Error (suppressible): prueba.sv(28): (vlog-1957) The sva directive is not sensitive to a clock. Unclocked directives are not supported.
** Error: prueba.sv(31): (vlog-2730) Undefined variable: 'clk'.
** Error (suppressible): prueba.sv(33): (vlog-1957) The sva directive is not sensitive to a clock. Unclocked directives are not supported.
** Error: prueba.sv(36): (vlog-2730) Undefined variable: 'clk'.
** Error (suppressible): prueba.sv(38): (vlog-1957) The sva directive is not sensitive to a clock. Unclocked directives are not supported.
** Error: prueba.sv(11): (vlog-2730) Undefined variable: 'clk'.",76.42172384262085,2664,490
"module reg_if_write_filter (
    input  logic        we_i,
    input  logic [11:0] addr_i,
    output logic        wr_en_o,
    output logic        err_o
);

    logic [7:0] reg_offset;
    assign reg_offset = addr_i[11:4];

    always_comb begin
        wr_en_o = 1'b0;
        err_o   = 1'b0;

        if (we_i) begin
            unique case (reg_offset)
                8'h00, 8'h04: wr_en_o = 1'b1;
                8'h10: err_o = 1'b1; // read-only
                default: err_o = 1'b1;
            endcase
        end
    end

endmodule
","property p_wr_en_o_enable_for_00_04;
@(posedge clk) (we_i && (reg_offset == 8'h00 || reg_offset == 8'h04)) |-> (wr_en_o == 1'b1);
endproperty
assert property (p_wr_en_o_enable_for_00_04);

property p_err_o_enable_for_10;
@(posedge clk) (we_i && reg_offset == 8'h10) |-> (err_o == 1'b1);
endproperty
assert property (p_err_o_enable_for_10);

property p_err_o_enable_default;
@(posedge clk) (we_i && reg_offset != 8'h00 && reg_offset != 8'h04 && reg_offset != 8'h10) |-> (err_o == 1'b1);
endproperty
assert property (p_err_o_enable_default);","** Error: prueba.sv(13): (vlog-2730) Undefined variable: 'clk'.
** Error (suppressible): prueba.sv(15): (vlog-1957) The sva directive is not sensitive to a clock. Unclocked directives are not supported.
** Error: prueba.sv(18): (vlog-2730) Undefined variable: 'clk'.
** Error (suppressible): prueba.sv(20): (vlog-1957) The sva directive is not sensitive to a clock. Unclocked directives are not supported.
** Error: prueba.sv(23): (vlog-2730) Undefined variable: 'clk'.
** Error (suppressible): prueba.sv(25): (vlog-1957) The sva directive is not sensitive to a clock. Unclocked directives are not supported.
** Error: prueba.sv(13): (vlog-2730) Undefined variable: 'clk'.",39.68218064308167,2572,262
"module tl_a_perm_check (
    input  logic        a_valid,
    input  logic [2:0]  a_opcode,
    input  logic [2:0]  a_param,
    input  logic [2:0]  a_size,
    output logic        deny
);

    always_comb begin
        deny = 1'b0;

        if (a_valid) begin
            unique case (a_opcode)
                3'b000: begin // Get
                    case (a_size)
                        3'b000, 3'b001, 3'b010: ;
                        default: deny = 1'b1;
                    endcase
                end

                3'b001: begin // PutFull
                    case (a_param)
                        3'b000: begin
                            case (a_size)
                                3'b001, 3'b010: ;
                                default: deny = 1'b1;
                            endcase
                        end
                        default: deny = 1'b1;
                    endcase
                end

                3'b010: begin // PutPartial
                    case (a_param)
                        3'b001: ;
                        default: deny = 1'b1;
                    endcase
                end

                default: deny = 1'b1;
            endcase
        end
    end

endmodule
","property p_deny_opcode_000_default;
@(posedge clk) (a_valid && a_opcode == 3'b000 && !(a_size inside {3'b000, 3'b001, 3'b010})) |-> (deny == 1'b1);
endproperty
assert property (p_deny_opcode_000_default);

property p_deny_opcode_001_param_000_default;
@(posedge clk) (a_valid && a_opcode == 3'b001 && a_param == 3'b000 && !(a_size inside {3'b001, 3'b010})) |-> (deny == 1'b1);
endproperty
assert property (p_deny_opcode_001_param_000_default);

property p_deny_opcode_001_default;
@(posedge clk) (a_valid && a_opcode == 3'b001 && !(a_param inside {3'b000})) |-> (deny == 1'b1);
endproperty
assert property (p_deny_opcode_001_default);

property p_deny_opcode_010_default;
@(posedge clk) (a_valid && a_opcode == 3'b010 && !(a_param inside {3'b001})) |-> (deny == 1'b1);
endproperty
assert property (p_deny_opcode_010_default);

property p_deny_default;
@(posedge clk) (a_valid && !(a_opcode inside {3'b000, 3'b001, 3'b010})) |-> (deny == 1'b1);
endproperty
assert property (p_deny_default);","** Error: prueba.sv(13): (vlog-2730) Undefined variable: 'clk'.
** Error (suppressible): prueba.sv(15): (vlog-1957) The sva directive is not sensitive to a clock. Unclocked directives are not supported.
** Error: prueba.sv(18): (vlog-2730) Undefined variable: 'clk'.
** Error (suppressible): prueba.sv(20): (vlog-1957) The sva directive is not sensitive to a clock. Unclocked directives are not supported.
** Error: prueba.sv(23): (vlog-2730) Undefined variable: 'clk'.
** Error (suppressible): prueba.sv(25): (vlog-1957) The sva directive is not sensitive to a clock. Unclocked directives are not supported.
** Error: prueba.sv(28): (vlog-2730) Undefined variable: 'clk'.
** Error (suppressible): prueba.sv(30): (vlog-1957) The sva directive is not sensitive to a clock. Unclocked directives are not supported.
** Error: prueba.sv(33): (vlog-2730) Undefined variable: 'clk'.
** Error (suppressible): prueba.sv(35): (vlog-1957) The sva directive is not sensitive to a clock. Unclocked directives are not supported.
** Error: prueba.sv(13): (vlog-2730) Undefined variable: 'clk'.",74.23629260063171,2712,456
"module tl_d_resp_gen (
    input  logic        d_valid,
    input  logic [2:0]  d_opcode,
    input  logic        denied,
    output logic        d_error
);

    always_comb begin
        d_error = 1'b0;

        if (d_valid) begin
            unique case (d_opcode)
                3'b000, 3'b001: begin
                    case (denied)
                        1'b1: d_error = 1'b1;
                        default: ;
                    endcase
                end

                default: d_error = 1'b1;
            endcase
        end
    end

endmodule
","property p_d_error_denied;
@(posedge clk) (d_valid && (d_opcode == 3'b000 || d_opcode == 3'b001) && denied) |-> (d_error == 1'b1);
endproperty
assert property (p_d_error_denied);

property p_d_error_default;
@(posedge clk) (d_valid && !(d_opcode == 3'b000 || d_opcode == 3'b001)) |-> (d_error == 1'b1);
endproperty
assert property (p_d_error_default);","** Error: prueba.sv(12): (vlog-2730) Undefined variable: 'clk'.
** Error (suppressible): prueba.sv(14): (vlog-1957) The sva directive is not sensitive to a clock. Unclocked directives are not supported.
** Error: prueba.sv(17): (vlog-2730) Undefined variable: 'clk'.
** Error (suppressible): prueba.sv(19): (vlog-1957) The sva directive is not sensitive to a clock. Unclocked directives are not supported.
** Error: prueba.sv(12): (vlog-2730) Undefined variable: 'clk'.",26.16319489479065,2565,163
"module axil_aw_decode (
    input  logic        awvalid,
    input  logic [31:0] awaddr,
    input  logic [2:0]  awprot,
    output logic        awready,
    output logic        awerror
);

    logic [3:0] region;
    assign region = awaddr[31:28];

    always_comb begin
        awready = 1'b0;
        awerror = 1'b0;

        if (awvalid) begin
            unique case (region)
                4'h0: begin // ROM
                    awerror = 1'b1;
                end

                4'h1: begin // RAM
                    case (awprot[1]) // privileged
                        1'b1: awready = 1'b1;
                        default: awerror = 1'b1;
                    endcase
                end

                4'h2: begin // MMIO
                    awready = 1'b1;
                end

                default: awerror = 1'b1;
            endcase
        end
    end

endmodule
","property p_awerror_region_0;
@(posedge clk) (awvalid && region == 4'h0) |-> (awerror == 1'b1);
endproperty
assert property (p_awerror_region_0);

property p_awready_prot_1;
@(posedge clk) (awvalid && region == 4'h1 && awprot[1] == 1'b1) |-> (awready == 1'b1);
endproperty
assert property (p_awready_prot_1);

property p_awerror_prot_default;
@(posedge clk) (awvalid && region == 4'h1 && awprot[1] != 1'b1) |-> (awerror == 1'b1);
endproperty
assert property (p_awerror_prot_default);

property p_awready_region_2;
@(posedge clk) (awvalid && region == 4'h2) |-> (awready == 1'b1);
endproperty
assert property (p_awready_region_2);

property p_awerror_default;
@(posedge clk) (awvalid && region != 4'h0 && region != 4'h1 && region != 4'h2) |-> (awerror == 1'b1);
endproperty
assert property (p_awerror_default);","** Error: prueba.sv(14): (vlog-2730) Undefined variable: 'clk'.
** Error (suppressible): prueba.sv(16): (vlog-1957) The sva directive is not sensitive to a clock. Unclocked directives are not supported.
** Error: prueba.sv(19): (vlog-2730) Undefined variable: 'clk'.
** Error (suppressible): prueba.sv(21): (vlog-1957) The sva directive is not sensitive to a clock. Unclocked directives are not supported.
** Error: prueba.sv(24): (vlog-2730) Undefined variable: 'clk'.
** Error (suppressible): prueba.sv(26): (vlog-1957) The sva directive is not sensitive to a clock. Unclocked directives are not supported.
** Error: prueba.sv(29): (vlog-2730) Undefined variable: 'clk'.
** Error (suppressible): prueba.sv(31): (vlog-1957) The sva directive is not sensitive to a clock. Unclocked directives are not supported.
** Error: prueba.sv(34): (vlog-2730) Undefined variable: 'clk'.
** Error (suppressible): prueba.sv(36): (vlog-1957) The sva directive is not sensitive to a clock. Unclocked directives are not supported.
** Error: prueba.sv(14): (vlog-2730) Undefined variable: 'clk'.",52.73697280883789,2618,337
"module axil_r_resp (
    input  logic        rvalid,
    input  logic [1:0]  rresp,
    input  logic        secure,
    output logic        fault
);

    always_comb begin
        fault = 1'b0;

        if (rvalid) begin
            unique case (rresp)
                2'b00: ; // OKAY
                2'b10: begin // SLVERR
                    case (secure)
                        1'b0: fault = 1'b1;
                        default: ;
                    endcase
                end
                default: fault = 1'b1;
            endcase
        end
    end

endmodule
","property p_fault_default_assign;
@(posedge clk) (rvalid && rresp != 2'b00 && rresp != 2'b10) |-> (fault == 1'b1);
endproperty
assert property (p_fault_default_assign);

property p_fault_secure_zero;
@(posedge clk) (rvalid && rresp == 2'b10 && secure == 1'b0) |-> (fault == 1'b1);
endproperty
assert property (p_fault_secure_zero);","** Error: prueba.sv(12): (vlog-2730) Undefined variable: 'clk'.
** Error (suppressible): prueba.sv(14): (vlog-1957) The sva directive is not sensitive to a clock. Unclocked directives are not supported.
** Error: prueba.sv(17): (vlog-2730) Undefined variable: 'clk'.
** Error (suppressible): prueba.sv(19): (vlog-1957) The sva directive is not sensitive to a clock. Unclocked directives are not supported.
** Error: prueba.sv(12): (vlog-2730) Undefined variable: 'clk'.",22.51331734657288,2558,140
"module wb_slave_decode (
    input  logic        wb_cyc_i,
    input  logic        wb_stb_i,
    input  logic        wb_we_i,
    input  logic [31:0] wb_adr_i,
    output logic        wb_ack_o,
    output logic        wb_err_o
);

    logic [3:0] region;
    assign region = wb_adr_i[31:28];

    always_comb begin
        wb_ack_o = 1'b0;
        wb_err_o = 1'b0;

        if (wb_cyc_i && wb_stb_i) begin
            unique case (region)
                4'h0: begin // ROM
                    case (wb_we_i)
                        1'b0: wb_ack_o = 1'b1;
                        default: wb_err_o = 1'b1;
                    endcase
                end

                4'h1: begin // RAM
                    wb_ack_o = 1'b1;
                end

                default: wb_err_o = 1'b1;
            endcase
        end
    end

endmodule
","property p_wb_ack_o_region_0_read;
@(posedge clk) (wb_cyc_i && wb_stb_i && region == 4'h0 && wb_we_i == 1'b0) |-> (wb_ack_o == 1'b1);
endproperty
assert property (p_wb_ack_o_region_0_read);

property p_wb_err_o_region_0_write;
@(posedge clk) (wb_cyc_i && wb_stb_i && region == 4'h0 && wb_we_i == 1'b1) |-> (wb_err_o == 1'b1);
endproperty
assert property (p_wb_err_o_region_0_write);

property p_wb_ack_o_region_1;
@(posedge clk) (wb_cyc_i && wb_stb_i && region == 4'h1) |-> (wb_ack_o == 1'b1);
endproperty
assert property (p_wb_ack_o_region_1);

property p_wb_err_o_default;
@(posedge clk) (wb_cyc_i && wb_stb_i && region != 4'h0 && region != 4'h1) |-> (wb_err_o == 1'b1);
endproperty
assert property (p_wb_err_o_default);","** Error: prueba.sv(15): (vlog-2730) Undefined variable: 'clk'.
** Error (suppressible): prueba.sv(17): (vlog-1957) The sva directive is not sensitive to a clock. Unclocked directives are not supported.
** Error: prueba.sv(20): (vlog-2730) Undefined variable: 'clk'.
** Error (suppressible): prueba.sv(22): (vlog-1957) The sva directive is not sensitive to a clock. Unclocked directives are not supported.
** Error: prueba.sv(25): (vlog-2730) Undefined variable: 'clk'.
** Error (suppressible): prueba.sv(27): (vlog-1957) The sva directive is not sensitive to a clock. Unclocked directives are not supported.
** Error: prueba.sv(30): (vlog-2730) Undefined variable: 'clk'.
** Error (suppressible): prueba.sv(32): (vlog-1957) The sva directive is not sensitive to a clock. Unclocked directives are not supported.
** Error: prueba.sv(15): (vlog-2730) Undefined variable: 'clk'.",56.48882460594177,2631,364
"module wb_err_policy (
    input  logic [1:0] err_src,
    output logic       retry,
    output logic       fatal
);

    always_comb begin
        retry = 1'b0;
        fatal = 1'b0;

        unique case (err_src)
            2'b00: ;
            2'b01: retry = 1'b1;
            2'b10: fatal = 1'b1;
            default: fatal = 1'b1;
        endcase
    end

endmodule
","property p_retry_assign;
@(posedge clk) (err_src == 2'b01) |-> (retry == 1'b1);
endproperty
assert property (p_retry_assign);

property p_fatal_assign_10;
@(posedge clk) (err_src == 2'b10) |-> (fatal == 1'b1);
endproperty
assert property (p_fatal_assign_10);

property p_fatal_assign_default;
@(posedge clk) (err_src != 2'b00 && err_src != 2'b01 && err_src != 2'b10) |-> (fatal == 1'b1);
endproperty
assert property (p_fatal_assign_default);","** Error: prueba.sv(11): (vlog-2730) Undefined variable: 'clk'.
** Error (suppressible): prueba.sv(13): (vlog-1957) The sva directive is not sensitive to a clock. Unclocked directives are not supported.
** Error: prueba.sv(16): (vlog-2730) Undefined variable: 'clk'.
** Error (suppressible): prueba.sv(18): (vlog-1957) The sva directive is not sensitive to a clock. Unclocked directives are not supported.
** Error: prueba.sv(21): (vlog-2730) Undefined variable: 'clk'.
** Error (suppressible): prueba.sv(23): (vlog-1957) The sva directive is not sensitive to a clock. Unclocked directives are not supported.
** Error: prueba.sv(11): (vlog-2730) Undefined variable: 'clk'.",29.576072931289676,2546,194
"module litex_csr_filter (
    input  logic        csr_we,
    input  logic [13:0] csr_addr,
    output logic        csr_wr_en,
    output logic        csr_err
);

    logic [7:0] csr_sel;
    assign csr_sel = csr_addr[13:6];

    always_comb begin
        csr_wr_en = 1'b0;
        csr_err   = 1'b0;

        if (csr_we) begin
            unique case (csr_sel)
                8'h00, 8'h01: csr_wr_en = 1'b1;
                8'h10: csr_err = 1'b1; // RO CSR
                default: csr_err = 1'b1;
            endcase
        end
    end

endmodule
","property p_csr_wr_en_assign_00_01;
@(posedge clk) (csr_we && (csr_sel == 8'h00 || csr_sel == 8'h01)) |-> (csr_wr_en == 1'b1);
endproperty
assert property (p_csr_wr_en_assign_00_01);

property p_csr_err_assign_10;
@(posedge clk) (csr_we && csr_sel == 8'h10) |-> (csr_err == 1'b1);
endproperty
assert property (p_csr_err_assign_10);

property p_csr_err_default;
@(posedge clk) (csr_we && !(csr_sel == 8'h00 || csr_sel == 8'h01 || csr_sel == 8'h10)) |-> (csr_err == 1'b1);
endproperty
assert property (p_csr_err_default);","** Error: prueba.sv(13): (vlog-2730) Undefined variable: 'clk'.
** Error (suppressible): prueba.sv(15): (vlog-1957) The sva directive is not sensitive to a clock. Unclocked directives are not supported.
** Error: prueba.sv(18): (vlog-2730) Undefined variable: 'clk'.
** Error (suppressible): prueba.sv(20): (vlog-1957) The sva directive is not sensitive to a clock. Unclocked directives are not supported.
** Error: prueba.sv(23): (vlog-2730) Undefined variable: 'clk'.
** Error (suppressible): prueba.sv(25): (vlog-1957) The sva directive is not sensitive to a clock. Unclocked directives are not supported.
** Error: prueba.sv(13): (vlog-2730) Undefined variable: 'clk'.",41.49664545059204,2579,269
"module litex_bus_resp (
    input  logic valid,
    input  logic error,
    output logic ack,
    output logic err
);

    always_comb begin
        ack = 1'b0;
        err = 1'b0;

        if (valid) begin
            case (error)
                1'b0: ack = 1'b1;
                1'b1: err = 1'b1;
            endcase
        end
    end

endmodule
","property p_ack_assign;
@(posedge clk) (valid && error == 1'b0) |-> (ack == 1'b1);
endproperty
assert property (p_ack_assign);

property p_err_assign;
@(posedge clk) (valid && error == 1'b1) |-> (err == 1'b1);
endproperty
assert property (p_err_assign);

property p_no_action;
@(posedge clk) (!valid) |-> (ack == 1'b0 && err == 1'b0);
endproperty
assert property (p_no_action);","** Error: prueba.sv(12): (vlog-2730) Undefined variable: 'clk'.
** Error (suppressible): prueba.sv(14): (vlog-1957) The sva directive is not sensitive to a clock. Unclocked directives are not supported.
** Error: prueba.sv(17): (vlog-2730) Undefined variable: 'clk'.
** Error (suppressible): prueba.sv(19): (vlog-1957) The sva directive is not sensitive to a clock. Unclocked directives are not supported.
** Error: prueba.sv(22): (vlog-2730) Undefined variable: 'clk'.
** Error (suppressible): prueba.sv(24): (vlog-1957) The sva directive is not sensitive to a clock. Unclocked directives are not supported.
** Error: prueba.sv(12): (vlog-2730) Undefined variable: 'clk'.",24.649715662002563,2530,159
"module piton_l2_coh_ctrl (
    input  logic [2:0] msg_type_i,
    input  logic [1:0] line_state_i,
    output logic       send_data_o,
    output logic       invalidate_o,
    output logic       nack_o
);

    // msg_type:
    // 000 = ReadShared
    // 001 = ReadExclusive
    // 010 = Upgrade
    // 011 = Writeback

    // line_state:
    // 00 = Invalid
    // 01 = Shared
    // 10 = Exclusive
    // 11 = Modified

    always_comb begin
        send_data_o   = 1'b0;
        invalidate_o = 1'b0;
        nack_o        = 1'b0;

        unique case (msg_type_i)
            3'b000: begin // ReadShared
                case (line_state_i)
                    2'b00: send_data_o = 1'b1;
                    2'b01, 2'b10, 2'b11: send_data_o = 1'b1;
                    default: nack_o = 1'b1;
                endcase
            end

            3'b001: begin // ReadExclusive
                case (line_state_i)
                    2'b00: send_data_o = 1'b1;
                    2'b01: begin
                        send_data_o   = 1'b1;
                        invalidate_o = 1'b1;
                    end
                    2'b10, 2'b11: send_data_o = 1'b1;
                    default: nack_o = 1'b1;
                endcase
            end

            3'b010: begin // Upgrade
                case (line_state_i)
                    2'b01: invalidate_o = 1'b1;
                    default: nack_o = 1'b1;
                endcase
            end

            3'b011: begin // Writeback
                case (line_state_i)
                    2'b10, 2'b11: ;
                    default: nack_o = 1'b1;
                endcase
            end

            default: nack_o = 1'b1;
        endcase
    end

endmodule
","property p_send_data_00_00;
@(posedge clk) (msg_type_i == 3'b000 && line_state_i == 2'b00) |-> (send_data_o == 1'b1);
endproperty
assert property (p_send_data_00_00);

property p_send_data_00_default;
@(posedge clk) (msg_type_i == 3'b000 && line_state_i != 2'b00) |-> (send_data_o == 1'b1);
endproperty
assert property (p_send_data_00_default);

property p_nack_00_default;
@(posedge clk) (msg_type_i == 3'b000 && line_state_i == 2'b11) |-> (nack_o == 1'b1);
endproperty
assert property (p_nack_00_default);

property p_send_data_01_00;
@(posedge clk) (msg_type_i == 3'b001 && line_state_i == 2'b00) |-> (send_data_o == 1'b1);
endproperty
assert property (p_send_data_01_00);

property p_send_data_invalidate_01_01;
@(posedge clk) (msg_type_i == 3'b001 && line_state_i == 2'b01) |-> (send_data_o == 1'b1 && invalidate_o == 1'b1);
endproperty
assert property (p_send_data_invalidate_01_01);

property p_send_data_01_default;
@(posedge clk) (msg_type_i == 3'b001 && line_state_i != 2'b00 && line_state_i != 2'b01) |-> (send_data_o == 1'b1);
endproperty
assert property (p_send_data_01_default);

property p_nack_01_default;
@(posedge clk) (msg_type_i == 3'b001 && line_state_i == 2'b11) |-> (nack_o == 1'b1);
endproperty
assert property (p_nack_01_default);

property p_invalidate_10_01;
@(posedge clk) (msg_type_i == 3'b010 && line_state_i == 2'b01) |-> (invalidate_o == 1'b1);
endproperty
assert property (p_invalidate_10_01);

property p_nack_10_default;
@(posedge clk) (msg_type_i == 3'b010 && line_state_i != 2'b01) |-> (nack_o == 1'b1);
endproperty
assert property (p_nack_10_default);

property p_nack_11_default;
@(posedge clk) (msg_type_i == 3'b011 && line_state_i != 2'b10 && line_state_i != 2'b11) |-> (nack_o == 1'b1);
endproperty
assert property (p_nack_11_default);

property p_nack_default;
@(posedge clk) (msg_type_i > 3'b011) |-> (nack_o == 1'b1);
endproperty
assert property (p_nack_default);","** Error: prueba.sv(13): (vlog-2730) Undefined variable: 'clk'.
** Error (suppressible): prueba.sv(15): (vlog-1957) The sva directive is not sensitive to a clock. Unclocked directives are not supported.
** Error: prueba.sv(18): (vlog-2730) Undefined variable: 'clk'.
** Error (suppressible): prueba.sv(20): (vlog-1957) The sva directive is not sensitive to a clock. Unclocked directives are not supported.
** Error: prueba.sv(23): (vlog-2730) Undefined variable: 'clk'.
** Error (suppressible): prueba.sv(25): (vlog-1957) The sva directive is not sensitive to a clock. Unclocked directives are not supported.
** Error: prueba.sv(28): (vlog-2730) Undefined variable: 'clk'.
** Error (suppressible): prueba.sv(30): (vlog-1957) The sva directive is not sensitive to a clock. Unclocked directives are not supported.
** Error: prueba.sv(33): (vlog-2730) Undefined variable: 'clk'.
** Error (suppressible): prueba.sv(35): (vlog-1957) The sva directive is not sensitive to a clock. Unclocked directives are not supported.
** Error: prueba.sv(38): (vlog-2730) Undefined variable: 'clk'.
** Error (suppressible): prueba.sv(40): (vlog-1957) The sva directive is not sensitive to a clock. Unclocked directives are not supported.
** Error: prueba.sv(43): (vlog-2730) Undefined variable: 'clk'.
** Error (suppressible): prueba.sv(45): (vlog-1957) The sva directive is not sensitive to a clock. Unclocked directives are not supported.
** Error: prueba.sv(48): (vlog-2730) Undefined variable: 'clk'.
** Error (suppressible): prueba.sv(50): (vlog-1957) The sva directive is not sensitive to a clock. Unclocked directives are not supported.
** Error: prueba.sv(53): (vlog-2730) Undefined variable: 'clk'.
** Error (suppressible): prueba.sv(55): (vlog-1957) The sva directive is not sensitive to a clock. Unclocked directives are not supported.
** Error: prueba.sv(58): (vlog-2730) Undefined variable: 'clk'.
** Error (suppressible): prueba.sv(60): (vlog-1957) The sva directive is not sensitive to a clock. Unclocked directives are not supported.
** Error: prueba.sv(63): (vlog-2730) Undefined variable: 'clk'.
** Error (suppressible): prueba.sv(65): (vlog-1957) The sva directive is not sensitive to a clock. Unclocked directives are not supported.
** Error: prueba.sv(13): (vlog-2730) Undefined variable: 'clk'.",153.41267585754397,2877,921
"module piton_dir_state (
    input  logic [1:0] state_i,
    input  logic [2:0] event_i,
    output logic [1:0] state_o,
    output logic       error_o
);

    always_comb begin
        state_o = state_i;
        error_o = 1'b0;

        unique case (state_i)
            2'b00: begin // Invalid
                case (event_i)
                    3'b000: state_o = 2'b01; // ReadShared
                    3'b001: state_o = 2'b10; // ReadExclusive
                    default: error_o = 1'b1;
                endcase
            end

            2'b01: begin // Shared
                case (event_i)
                    3'b001: state_o = 2'b10;
                    3'b010: state_o = 2'b00; // Invalidate
                    default: ;
                endcase
            end

            2'b10: begin // Exclusive
                case (event_i)
                    3'b011: state_o = 2'b11; // Write
                    default: ;
                endcase
            end

            2'b11: begin // Modified
                case (event_i)
                    3'b100: state_o = 2'b00; // Writeback
                    default: ;
                endcase
            end

            default: error_o = 1'b1;
        endcase
    end

endmodule
","property p_state_transition_00_to_01;
@(posedge clk) (state_i == 2'b00 && event_i == 3'b000) |-> (state_o == 2'b01);
endproperty
assert property (p_state_transition_00_to_01);

property p_state_transition_00_to_10;
@(posedge clk) (state_i == 2'b00 && event_i == 3'b001) |-> (state_o == 2'b10);
endproperty
assert property (p_state_transition_00_to_10);

property p_error_on_default_00;
@(posedge clk) (state_i == 2'b00 && event_i != 3'b000 && event_i != 3'b001) |-> (error_o == 1'b1);
endproperty
assert property (p_error_on_default_00);

property p_state_transition_01_to_10;
@(posedge clk) (state_i == 2'b01 && event_i == 3'b001) |-> (state_o == 2'b10);
endproperty
assert property (p_state_transition_01_to_10);

property p_state_transition_01_to_00;
@(posedge clk) (state_i == 2'b01 && event_i == 3'b010) |-> (state_o == 2'b00);
endproperty
assert property (p_state_transition_01_to_00);

property p_no_change_default_01;
@(posedge clk) (state_i == 2'b01 && event_i != 3'b001 && event_i != 3'b010) |-> (state_o == state_i);
endproperty
assert property (p_no_change_default_01);

property p_state_transition_10_to_11;
@(posedge clk) (state_i == 2'b10 && event_i == 3'b011) |-> (state_o == 2'b11);
endproperty
assert property (p_state_transition_10_to_11);

property p_no_change_default_10;
@(posedge clk) (state_i == 2'b10 && event_i != 3'b011) |-> (state_o == state_i);
endproperty
assert property (p_no_change_default_10);

property p_state_transition_11_to_00;
@(posedge clk) (state_i == 2'b11 && event_i == 3'b100) |-> (state_o == 2'b00);
endproperty
assert property (p_state_transition_11_to_00);

property p_no_change_default_11;
@(posedge clk) (state_i == 2'b11 && event_i != 3'b100) |-> (state_o == state_i);
endproperty
assert property (p_no_change_default_11);

property p_error_on_default_state;
@(posedge clk) (state_i != 2'b00 && state_i != 2'b01 && state_i != 2'b10 && state_i != 2'b11) |-> (error_o == 1'b1);
endproperty
assert property (p_error_on_default_state);","** Error: prueba.sv(12): (vlog-2730) Undefined variable: 'clk'.
** Error (suppressible): prueba.sv(14): (vlog-1957) The sva directive is not sensitive to a clock. Unclocked directives are not supported.
** Error: prueba.sv(17): (vlog-2730) Undefined variable: 'clk'.
** Error (suppressible): prueba.sv(19): (vlog-1957) The sva directive is not sensitive to a clock. Unclocked directives are not supported.
** Error: prueba.sv(22): (vlog-2730) Undefined variable: 'clk'.
** Error (suppressible): prueba.sv(24): (vlog-1957) The sva directive is not sensitive to a clock. Unclocked directives are not supported.
** Error: prueba.sv(27): (vlog-2730) Undefined variable: 'clk'.
** Error (suppressible): prueba.sv(29): (vlog-1957) The sva directive is not sensitive to a clock. Unclocked directives are not supported.
** Error: prueba.sv(32): (vlog-2730) Undefined variable: 'clk'.
** Error (suppressible): prueba.sv(34): (vlog-1957) The sva directive is not sensitive to a clock. Unclocked directives are not supported.
** Error: prueba.sv(37): (vlog-2730) Undefined variable: 'clk'.
** Error (suppressible): prueba.sv(39): (vlog-1957) The sva directive is not sensitive to a clock. Unclocked directives are not supported.
** Error: prueba.sv(42): (vlog-2730) Undefined variable: 'clk'.
** Error (suppressible): prueba.sv(44): (vlog-1957) The sva directive is not sensitive to a clock. Unclocked directives are not supported.
** Error: prueba.sv(47): (vlog-2730) Undefined variable: 'clk'.
** Error (suppressible): prueba.sv(49): (vlog-1957) The sva directive is not sensitive to a clock. Unclocked directives are not supported.
** Error: prueba.sv(52): (vlog-2730) Undefined variable: 'clk'.
** Error (suppressible): prueba.sv(54): (vlog-1957) The sva directive is not sensitive to a clock. Unclocked directives are not supported.
** Error: prueba.sv(57): (vlog-2730) Undefined variable: 'clk'.
** Error (suppressible): prueba.sv(59): (vlog-1957) The sva directive is not sensitive to a clock. Unclocked directives are not supported.
** Error: prueba.sv(62): (vlog-2730) Undefined variable: 'clk'.
** Error (suppressible): prueba.sv(64): (vlog-1957) The sva directive is not sensitive to a clock. Unclocked directives are not supported.
** Error: prueba.sv(12): (vlog-2730) Undefined variable: 'clk'.",147.62688899040222,2763,921
"module chisel_priority_mux (
    input  logic [3:0] sel_i,
    input  logic [7:0] in0_i,
    input  logic [7:0] in1_i,
    input  logic [7:0] in2_i,
    input  logic [7:0] in3_i,
    output logic [7:0] out_o
);

    always_comb begin
        out_o = 8'h00;

        case (1'b1)
            sel_i[0]: out_o = in0_i;
            sel_i[1]: out_o = in1_i;
            sel_i[2]: out_o = in2_i;
            sel_i[3]: out_o = in3_i;
            default: out_o = 8'h00;
        endcase
    end

endmodule
","property p_out_in0_assign;
@(posedge clk) (sel_i[0] == 1'b1) |-> (out_o == in0_i);
endproperty
assert property (p_out_in0_assign);

property p_out_in1_assign;
@(posedge clk) (sel_i[1] == 1'b1) |-> (out_o == in1_i);
endproperty
assert property (p_out_in1_assign);

property p_out_in2_assign;
@(posedge clk) (sel_i[2] == 1'b1) |-> (out_o == in2_i);
endproperty
assert property (p_out_in2_assign);

property p_out_in3_assign;
@(posedge clk) (sel_i[3] == 1'b1) |-> (out_o == in3_i);
endproperty
assert property (p_out_in3_assign);

property p_out_default_assign;
@(posedge clk) !(sel_i[0] || sel_i[1] || sel_i[2] || sel_i[3]) |-> (out_o == 8'h00);
endproperty
assert property (p_out_default_assign);","** Error: prueba.sv(14): (vlog-2730) Undefined variable: 'clk'.
** Error (suppressible): prueba.sv(16): (vlog-1957) The sva directive is not sensitive to a clock. Unclocked directives are not supported.
** Error: prueba.sv(19): (vlog-2730) Undefined variable: 'clk'.
** Error (suppressible): prueba.sv(21): (vlog-1957) The sva directive is not sensitive to a clock. Unclocked directives are not supported.
** Error: prueba.sv(24): (vlog-2730) Undefined variable: 'clk'.
** Error (suppressible): prueba.sv(26): (vlog-1957) The sva directive is not sensitive to a clock. Unclocked directives are not supported.
** Error: prueba.sv(29): (vlog-2730) Undefined variable: 'clk'.
** Error (suppressible): prueba.sv(31): (vlog-1957) The sva directive is not sensitive to a clock. Unclocked directives are not supported.
** Error: prueba.sv(34): (vlog-2730) Undefined variable: 'clk'.
** Error (suppressible): prueba.sv(36): (vlog-1957) The sva directive is not sensitive to a clock. Unclocked directives are not supported.
** Error: prueba.sv(14): (vlog-2730) Undefined variable: 'clk'.",48.67784309387207,2569,325
"module chisel_fsm_ctrl (
    input  logic [3:0] state_i,
    input  logic       fire_i,
    output logic       advance_o,
    output logic       stall_o
);

    always_comb begin
        advance_o = 1'b0;
        stall_o   = 1'b0;

        unique case (state_i)
            4'd0: begin
                case (fire_i)
                    1'b1: advance_o = 1'b1;
                    default: stall_o = 1'b1;
                endcase
            end

            4'd1, 4'd2: begin
                case (fire_i)
                    1'b1: advance_o = 1'b1;
                    default: ;
                endcase
            end

            4'd15: stall_o = 1'b1;

            default: stall_o = 1'b1;
        endcase
    end

endmodule
","property p_advance_on_fire_state0;
@(posedge clk) (state_i == 4'd0 && fire_i == 1'b1) |-> (advance_o == 1'b1);
endproperty
assert property (p_advance_on_fire_state0);

property p_stall_default_state0;
@(posedge clk) (state_i == 4'd0 && fire_i != 1'b1) |-> (stall_o == 1'b1);
endproperty
assert property (p_stall_default_state0);

property p_advance_on_fire_states12;
@(posedge clk) ((state_i == 4'd1 || state_i == 4'd2) && fire_i == 1'b1) |-> (advance_o == 1'b1);
endproperty
assert property (p_advance_on_fire_states12);

property p_no_change_default_states12;
@(posedge clk) ((state_i == 4'd1 || state_i == 4'd2) && fire_i != 1'b1) |-> (advance_o == 1'b0 && stall_o == 1'b0);
endproperty
assert property (p_no_change_default_states12);

property p_stall_state15;
@(posedge clk) (state_i == 4'd15) |-> (stall_o == 1'b1);
endproperty
assert property (p_stall_state15);

property p_stall_default_other_states;
@(posedge clk) (state_i != 4'd0 && state_i != 4'd1 && state_i != 4'd2 && state_i != 4'd15) |-> (stall_o == 1'b1);
endproperty
assert property (p_stall_default_other_states);","** Error: prueba.sv(12): (vlog-2730) Undefined variable: 'clk'.
** Error (suppressible): prueba.sv(14): (vlog-1957) The sva directive is not sensitive to a clock. Unclocked directives are not supported.
** Error: prueba.sv(17): (vlog-2730) Undefined variable: 'clk'.
** Error (suppressible): prueba.sv(19): (vlog-1957) The sva directive is not sensitive to a clock. Unclocked directives are not supported.
** Error: prueba.sv(22): (vlog-2730) Undefined variable: 'clk'.
** Error (suppressible): prueba.sv(24): (vlog-1957) The sva directive is not sensitive to a clock. Unclocked directives are not supported.
** Error: prueba.sv(27): (vlog-2730) Undefined variable: 'clk'.
** Error (suppressible): prueba.sv(29): (vlog-1957) The sva directive is not sensitive to a clock. Unclocked directives are not supported.
** Error: prueba.sv(32): (vlog-2730) Undefined variable: 'clk'.
** Error (suppressible): prueba.sv(34): (vlog-1957) The sva directive is not sensitive to a clock. Unclocked directives are not supported.
** Error: prueba.sv(37): (vlog-2730) Undefined variable: 'clk'.
** Error (suppressible): prueba.sv(39): (vlog-1957) The sva directive is not sensitive to a clock. Unclocked directives are not supported.
** Error: prueba.sv(12): (vlog-2730) Undefined variable: 'clk'.",73.61633729934692,2635,480
"module axil_to_tlul_opcode (
    input  logic awvalid,
    input  logic arvalid,
    input  logic wvalid,
    output logic [2:0] tl_a_opcode_o,
    output logic       tl_a_valid_o
);

    always_comb begin
        tl_a_opcode_o = 3'b000;
        tl_a_valid_o  = 1'b0;

        unique case (1'b1)
            arvalid: begin
                tl_a_opcode_o = 3'b000; // Get
                tl_a_valid_o  = 1'b1;
            end

            awvalid && wvalid: begin
                tl_a_opcode_o = 3'b001; // PutFull
                tl_a_valid_o  = 1'b1;
            end

            default: ;
        endcase
    end

endmodule
","property p_tl_a_opcode_arvalid_assign;
@(posedge clk) (arvalid) |-> (tl_a_opcode_o == 3'b000 && tl_a_valid_o == 1'b1);
endproperty
assert property (p_tl_a_opcode_arvalid_assign);

property p_tl_a_opcode_awvalid_wvalid_assign;
@(posedge clk) (awvalid && wvalid) |-> (tl_a_opcode_o == 3'b001 && tl_a_valid_o == 1'b1);
endproperty
assert property (p_tl_a_opcode_awvalid_wvalid_assign);

property p_tl_a_opcode_default_assign;
@(posedge clk) (!arvalid && !(awvalid && wvalid)) |-> (tl_a_opcode_o == 3'b000 && tl_a_valid_o == 1'b0);
endproperty
assert property (p_tl_a_opcode_default_assign);","** Error: prueba.sv(13): (vlog-2730) Undefined variable: 'clk'.
** Error (suppressible): prueba.sv(15): (vlog-1957) The sva directive is not sensitive to a clock. Unclocked directives are not supported.
** Error: prueba.sv(18): (vlog-2730) Undefined variable: 'clk'.
** Error (suppressible): prueba.sv(20): (vlog-1957) The sva directive is not sensitive to a clock. Unclocked directives are not supported.
** Error: prueba.sv(23): (vlog-2730) Undefined variable: 'clk'.
** Error (suppressible): prueba.sv(25): (vlog-1957) The sva directive is not sensitive to a clock. Unclocked directives are not supported.
** Error: prueba.sv(13): (vlog-2730) Undefined variable: 'clk'.",40.8178551197052,2607,260
"module tlul_to_obi_req (
    input  logic        tl_a_valid,
    input  logic [2:0]  tl_a_opcode,
    output logic        obi_req_o,
    output logic        obi_we_o
);

    always_comb begin
        obi_req_o = 1'b0;
        obi_we_o  = 1'b0;

        if (tl_a_valid) begin
            unique case (tl_a_opcode)
                3'b000: begin // Get
                    obi_req_o = 1'b1;
                    obi_we_o  = 1'b0;
                end

                3'b001, 3'b010: begin // Put
                    obi_req_o = 1'b1;
                    obi_we_o  = 1'b1;
                end

                default: ;
            endcase
        end
    end

endmodule
","property p_obi_req_read;
@(posedge clk) (tl_a_valid && tl_a_opcode == 3'b000) |-> (obi_req_o == 1'b1 && obi_we_o == 1'b0);
endproperty
assert property (p_obi_req_read);

property p_obi_req_write;
@(posedge clk) (tl_a_valid && (tl_a_opcode == 3'b001 || tl_a_opcode == 3'b010)) |-> (obi_req_o == 1'b1 && obi_we_o == 1'b1);
endproperty
assert property (p_obi_req_write);

property p_obi_req_default;
@(posedge clk) (tl_a_valid && tl_a_opcode != 3'b000 && tl_a_opcode != 3'b001 && tl_a_opcode != 3'b010) |-> (obi_req_o == 1'b0 && obi_we_o == 1'b0);
endproperty
assert property (p_obi_req_default);","** Error: prueba.sv(12): (vlog-2730) Undefined variable: 'clk'.
** Error (suppressible): prueba.sv(14): (vlog-1957) The sva directive is not sensitive to a clock. Unclocked directives are not supported.
** Error: prueba.sv(17): (vlog-2730) Undefined variable: 'clk'.
** Error (suppressible): prueba.sv(19): (vlog-1957) The sva directive is not sensitive to a clock. Unclocked directives are not supported.
** Error: prueba.sv(22): (vlog-2730) Undefined variable: 'clk'.
** Error (suppressible): prueba.sv(24): (vlog-1957) The sva directive is not sensitive to a clock. Unclocked directives are not supported.
** Error: prueba.sv(12): (vlog-2730) Undefined variable: 'clk'.",46.50301122665405,2623,295
"module obi_to_axil_resp (
    input  logic [1:0] obi_resp_i,
    output logic [1:0] axil_rresp_o,
    output logic [1:0] axil_bresp_o
);

    always_comb begin
        axil_rresp_o = 2'b00;
        axil_bresp_o = 2'b00;

        unique case (obi_resp_i)
            2'b00: begin
                axil_rresp_o = 2'b00;
                axil_bresp_o = 2'b00;
            end

            2'b10: begin
                axil_rresp_o = 2'b10;
                axil_bresp_o = 2'b10;
            end

            default: begin
                axil_rresp_o = 2'b11;
                axil_bresp_o = 2'b11;
            end
        endcase
    end

endmodule
","property p_axil_rresp_00;
@(posedge clk) (obi_resp_i == 2'b00) |-> (axil_rresp_o == 2'b00);
endproperty
assert property (p_axil_rresp_00);

property p_axil_bresp_00;
@(posedge clk) (obi_resp_i == 2'b00) |-> (axil_bresp_o == 2'b00);
endproperty
assert property (p_axil_bresp_00);

property p_axil_rresp_10;
@(posedge clk) (obi_resp_i == 2'b10) |-> (axil_rresp_o == 2'b10);
endproperty
assert property (p_axil_rresp_10);

property p_axil_bresp_10;
@(posedge clk) (obi_resp_i == 2'b10) |-> (axil_bresp_o == 2'b10);
endproperty
assert property (p_axil_bresp_10);

property p_axil_rresp_default;
@(posedge clk) (obi_resp_i != 2'b00 && obi_resp_i != 2'b10) |-> (axil_rresp_o == 2'b11);
endproperty
assert property (p_axil_rresp_default);

property p_axil_bresp_default;
@(posedge clk) (obi_resp_i != 2'b00 && obi_resp_i != 2'b10) |-> (axil_bresp_o == 2'b11);
endproperty
assert property (p_axil_bresp_default);","** Error: prueba.sv(11): (vlog-2730) Undefined variable: 'clk'.
** Error (suppressible): prueba.sv(13): (vlog-1957) The sva directive is not sensitive to a clock. Unclocked directives are not supported.
** Error: prueba.sv(16): (vlog-2730) Undefined variable: 'clk'.
** Error (suppressible): prueba.sv(18): (vlog-1957) The sva directive is not sensitive to a clock. Unclocked directives are not supported.
** Error: prueba.sv(21): (vlog-2730) Undefined variable: 'clk'.
** Error (suppressible): prueba.sv(23): (vlog-1957) The sva directive is not sensitive to a clock. Unclocked directives are not supported.
** Error: prueba.sv(26): (vlog-2730) Undefined variable: 'clk'.
** Error (suppressible): prueba.sv(28): (vlog-1957) The sva directive is not sensitive to a clock. Unclocked directives are not supported.
** Error: prueba.sv(31): (vlog-2730) Undefined variable: 'clk'.
** Error (suppressible): prueba.sv(33): (vlog-1957) The sva directive is not sensitive to a clock. Unclocked directives are not supported.
** Error: prueba.sv(36): (vlog-2730) Undefined variable: 'clk'.
** Error (suppressible): prueba.sv(38): (vlog-1957) The sva directive is not sensitive to a clock. Unclocked directives are not supported.
** Error: prueba.sv(11): (vlog-2730) Undefined variable: 'clk'.",70.1388430595398,2643,456
"module piton_l2_arbiter (
    input  logic [3:0] req_i,           // per-core request valid
    input  logic [1:0] line_state_i [3:0], // MESI state per core
    input  logic [2:0] msg_type_i [3:0],   // message type per core
    output logic [3:0] grant_o,
    output logic [3:0] nack_o
);

    always_comb begin
        grant_o = 4'b0000;
        nack_o  = 4'b0000;

        for (int i=0; i<4; i++) begin
            if (req_i[i]) begin
                unique case (msg_type_i[i])
                    3'b000: begin // ReadShared
                        unique case (line_state_i[i])
                            2'b00: grant_o[i] = 1'b1;
                            2'b01, 2'b10: grant_o[i] = 1'b1;
                            default: nack_o[i] = 1'b1;
                        endcase
                    end

                    3'b001: begin // ReadExclusive
                        unique case (line_state_i[i])
                            2'b00: grant_o[i] = 1'b1;
                            2'b01: begin
                                grant_o[i] = 1'b1;
                                // invalidate other sharers
                                for (int j=0; j<4; j++) if (j!=i) nack_o[j] = 1'b1;
                            end
                            2'b10, 2'b11: grant_o[i] = 1'b1;
                            default: nack_o[i] = 1'b1;
                        endcase
                    end

                    3'b010: begin // Upgrade
                        unique case (line_state_i[i])
                            2'b01: grant_o[i] = 1'b1;
                            default: nack_o[i] = 1'b1;
                        endcase
                    end

                    default: nack_o[i] = 1'b1;
                endcase
            end
        end
    end

endmodule
","property p_grant_000_00;
@(posedge clk) (req_i[0] && msg_type_i[0] == 3'b000 && line_state_i[0] == 2'b00) |-> (grant_o[0] == 1'b1);
endproperty
assert property (p_grant_000_00);

property p_grant_000_01;
@(posedge clk) (req_i[0] && msg_type_i[0] == 3'b000 && line_state_i[0] inside {2'b01, 2'b10}) |-> (grant_o[0] == 1'b1);
endproperty
assert property (p_grant_000_01);

property p_nack_000_default;
@(posedge clk) (req_i[0] && msg_type_i[0] == 3'b000 && line_state_i[0] inside {2'b11, 2'bxx}) |-> (nack_o[0] == 1'b1);
endproperty
assert property (p_nack_000_default);

property p_grant_001_00;
@(posedge clk) (req_i[0] && msg_type_i[0] == 3'b001 && line_state_i[0] == 2'b00) |-> (grant_o[0] == 1'b1);
endproperty
assert property (p_grant_001_00);

property p_grant_nack_001_01;
@(posedge clk) (req_i[0] && msg_type_i[0] == 3'b001 && line_state_i[0] == 2'b01) |-> (grant_o[0] == 1'b1 && nack_o[1:3] == 3'b111);
endproperty
assert property (p_grant_nack_001_01);

property p_grant_001_10;
@(posedge clk) (req_i[0] && msg_type_i[0] == 3'b001 && line_state_i[0] inside {2'b10, 2'b11}) |-> (grant_o[0] == 1'b1);
endproperty
assert property (p_grant_001_10);

property p_nack_001_default;
@(posedge clk) (req_i[0] && msg_type_i[0] == 3'b001 && line_state_i[0] inside {2'bxx, 2'b00}) |-> (nack_o[0] == 1'b1);
endproperty
assert property (p_nack_001_default);

property p_grant_010_01;
@(posedge clk) (req_i[0] && msg_type_i[0] == 3'b010 && line_state_i[0] == 2'b01) |-> (grant_o[0] == 1'b1);
endproperty
assert property (p_grant_010_01);

property p_nack_010_default;
@(posedge clk) (req_i[0] && msg_type_i[0] == 3'b010 && line_state_i[0] inside {2'bxx, 2'b00, 2'b10, 2'b11}) |-> (nack_o[0] == 1'b1);
endproperty
assert property (p_nack_010_default);

property p_nack_default;
@(posedge clk) (req_i[0] && msg_type_i[0] inside {3'bxx, 3'b011, 3'b100}) |-> (nack_o[0] == 1'b1);
endproperty
assert property (p_nack_default);","** Error: prueba.sv(13): (vlog-2730) Undefined variable: 'clk'.
** Error (suppressible): prueba.sv(15): (vlog-1957) The sva directive is not sensitive to a clock. Unclocked directives are not supported.
** Error: prueba.sv(18): (vlog-2730) Undefined variable: 'clk'.
** Error (suppressible): prueba.sv(20): (vlog-1957) The sva directive is not sensitive to a clock. Unclocked directives are not supported.
** Error: prueba.sv(23): (vlog-2730) Undefined variable: 'clk'.
** Error (suppressible): prueba.sv(25): (vlog-1957) The sva directive is not sensitive to a clock. Unclocked directives are not supported.
** Error: prueba.sv(28): (vlog-2730) Undefined variable: 'clk'.
** Error (suppressible): prueba.sv(30): (vlog-1957) The sva directive is not sensitive to a clock. Unclocked directives are not supported.
** Error: prueba.sv(33): (vlog-2730) Undefined variable: 'clk'.
** Error (suppressible): prueba.sv(35): (vlog-1957) The sva directive is not sensitive to a clock. Unclocked directives are not supported.
** Error: prueba.sv(38): (vlog-2730) Undefined variable: 'clk'.
** Error (suppressible): prueba.sv(40): (vlog-1957) The sva directive is not sensitive to a clock. Unclocked directives are not supported.
** Error: prueba.sv(43): (vlog-2730) Undefined variable: 'clk'.
** Error (suppressible): prueba.sv(45): (vlog-1957) The sva directive is not sensitive to a clock. Unclocked directives are not supported.
** Error: prueba.sv(48): (vlog-2730) Undefined variable: 'clk'.
** Error (suppressible): prueba.sv(50): (vlog-1957) The sva directive is not sensitive to a clock. Unclocked directives are not supported.
** Error: prueba.sv(53): (vlog-2730) Undefined variable: 'clk'.
** Error (suppressible): prueba.sv(55): (vlog-1957) The sva directive is not sensitive to a clock. Unclocked directives are not supported.
** Error: prueba.sv(58): (vlog-2730) Undefined variable: 'clk'.
** Error (suppressible): prueba.sv(60): (vlog-1957) The sva directive is not sensitive to a clock. Unclocked directives are not supported.
** Error: prueba.sv(13): (vlog-2730) Undefined variable: 'clk'.",171.97963190078735,2888,1030
"module chisel_deep_fsm (
    input  logic [7:0] event_i,
    input  logic       ready_i,
    input  logic       valid_i,
    output logic       fire_o,
    output logic       stall_o
);

    logic [3:0] state;
    always_comb begin
        fire_o  = 1'b0;
        stall_o = 1'b0;

        unique case (state)
            4'd0: begin
                if (valid_i) begin
                    unique case (event_i[1:0])
                        2'b00: fire_o  = 1'b1;
                        2'b01: stall_o = 1'b1;
                        default: stall_o = 1'b1;
                    endcase
                end
            end

            4'd1: begin
                if (ready_i) begin
                    unique case (event_i[3:2])
                        2'b00: fire_o = 1'b1;
                        2'b01: stall_o = 1'b1;
                        default: stall_o = 1'b1;
                    endcase
                end
            end

            4'd2: begin
                unique case (event_i[5:4])
                    2'b00: fire_o = 1'b1;
                    2'b01: stall_o = 1'b1;
                    default: stall_o = 1'b1;
                endcase
            end

            4'd15: stall_o = 1'b1;

            default: stall_o = 1'b1;
        endcase
    end

endmodule
","property p_fire_o_state0_event00;
@(posedge clk) (state == 4'd0 && valid_i && event_i[1:0] == 2'b00) |-> (fire_o == 1'b1);
endproperty
assert property (p_fire_o_state0_event00);

property p_stall_o_state0_event01;
@(posedge clk) (state == 4'd0 && valid_i && event_i[1:0] == 2'b01) |-> (stall_o == 1'b1);
endproperty
assert property (p_stall_o_state0_event01);

property p_stall_o_state0_default;
@(posedge clk) (state == 4'd0 && valid_i && event_i[1:0] != 2'b00 && event_i[1:0] != 2'b01) |-> (stall_o == 1'b1);
endproperty
assert property (p_stall_o_state0_default);

property p_fire_o_state1_event00;
@(posedge clk) (state == 4'd1 && ready_i && event_i[3:2] == 2'b00) |-> (fire_o == 1'b1);
endproperty
assert property (p_fire_o_state1_event00);

property p_stall_o_state1_event01;
@(posedge clk) (state == 4'd1 && ready_i && event_i[3:2] == 2'b01) |-> (stall_o == 1'b1);
endproperty
assert property (p_stall_o_state1_event01);

property p_stall_o_state1_default;
@(posedge clk) (state == 4'd1 && ready_i && event_i[3:2] != 2'b00 && event_i[3:2] != 2'b01) |-> (stall_o == 1'b1);
endproperty
assert property (p_stall_o_state1_default);

property p_fire_o_state2_event00;
@(posedge clk) (state == 4'd2 && event_i[5:4] == 2'b00) |-> (fire_o == 1'b1);
endproperty
assert property (p_fire_o_state2_event00);

property p_stall_o_state2_event01;
@(posedge clk) (state == 4'd2 && event_i[5:4] == 2'b01) |-> (stall_o == 1'b1);
endproperty
assert property (p_stall_o_state2_event01);

property p_stall_o_state2_default;
@(posedge clk) (state == 4'd2 && event_i[5:4] != 2'b00 && event_i[5:4] != 2'b01) |-> (stall_o == 1'b1);
endproperty
assert property (p_stall_o_state2_default);

property p_stall_o_state15;
@(posedge clk) (state == 4'd15) |-> (stall_o == 1'b1);
endproperty
assert property (p_stall_o_state15);

property p_stall_o_default;
@(posedge clk) (state != 4'd0 && state != 4'd1 && state != 4'd2 && state != 4'd15) |-> (stall_o == 1'b1);
endproperty
assert property (p_stall_o_default);","** Error: prueba.sv(13): (vlog-2730) Undefined variable: 'clk'.
** Error (suppressible): prueba.sv(15): (vlog-1957) The sva directive is not sensitive to a clock. Unclocked directives are not supported.
** Error: prueba.sv(18): (vlog-2730) Undefined variable: 'clk'.
** Error (suppressible): prueba.sv(20): (vlog-1957) The sva directive is not sensitive to a clock. Unclocked directives are not supported.
** Error: prueba.sv(23): (vlog-2730) Undefined variable: 'clk'.
** Error (suppressible): prueba.sv(25): (vlog-1957) The sva directive is not sensitive to a clock. Unclocked directives are not supported.
** Error: prueba.sv(28): (vlog-2730) Undefined variable: 'clk'.
** Error (suppressible): prueba.sv(30): (vlog-1957) The sva directive is not sensitive to a clock. Unclocked directives are not supported.
** Error: prueba.sv(33): (vlog-2730) Undefined variable: 'clk'.
** Error (suppressible): prueba.sv(35): (vlog-1957) The sva directive is not sensitive to a clock. Unclocked directives are not supported.
** Error: prueba.sv(38): (vlog-2730) Undefined variable: 'clk'.
** Error (suppressible): prueba.sv(40): (vlog-1957) The sva directive is not sensitive to a clock. Unclocked directives are not supported.
** Error: prueba.sv(43): (vlog-2730) Undefined variable: 'clk'.
** Error (suppressible): prueba.sv(45): (vlog-1957) The sva directive is not sensitive to a clock. Unclocked directives are not supported.
** Error: prueba.sv(48): (vlog-2730) Undefined variable: 'clk'.
** Error (suppressible): prueba.sv(50): (vlog-1957) The sva directive is not sensitive to a clock. Unclocked directives are not supported.
** Error: prueba.sv(53): (vlog-2730) Undefined variable: 'clk'.
** Error (suppressible): prueba.sv(55): (vlog-1957) The sva directive is not sensitive to a clock. Unclocked directives are not supported.
** Error: prueba.sv(58): (vlog-2730) Undefined variable: 'clk'.
** Error (suppressible): prueba.sv(60): (vlog-1957) The sva directive is not sensitive to a clock. Unclocked directives are not supported.
** Error: prueba.sv(63): (vlog-2730) Undefined variable: 'clk'.
** Error (suppressible): prueba.sv(65): (vlog-1957) The sva directive is not sensitive to a clock. Unclocked directives are not supported.
** Error: prueba.sv(13): (vlog-2730) Undefined variable: 'clk'.",150.98313236236572,2787,935
"module axil_tl_obi_bridge (
    input  logic        awvalid_i,
    input  logic        arvalid_i,
    input  logic        wvalid_i,
    input  logic [31:0] awaddr_i,
    input  logic [2:0]  awprot_i,
    input  logic [2:0]  tl_opcode_i,
    input  logic [1:0]  obi_resp_i,
    output logic        tl_a_valid_o,
    output logic [2:0]  tl_a_opcode_o,
    output logic        obi_req_o,
    output logic        obi_we_o,
    output logic [1:0]  axil_rresp_o
);

    always_comb begin
        tl_a_valid_o   = 1'b0;
        tl_a_opcode_o  = 3'b000;
        obi_req_o      = 1'b0;
        obi_we_o       = 1'b0;
        axil_rresp_o   = 2'b00;

        // AXI ? TL
        unique case (1'b1)
            arvalid_i: begin
                tl_a_valid_o  = 1'b1;
                tl_a_opcode_o = 3'b000; // Get
            end

            awvalid_i && wvalid_i: begin
                tl_a_valid_o  = 1'b1;
                tl_a_opcode_o = 3'b001; // PutFull
            end

            default: ;
        endcase

        // TL ? OBI
        if (tl_a_valid_o) begin
            unique case (tl_a_opcode_o)
                3'b000: begin
                    obi_req_o = 1'b1;
                    obi_we_o  = 1'b0;
                end

                3'b001, 3'b010: begin
                    obi_req_o = 1'b1;
                    obi_we_o  = 1'b1;
                end

                default: ;
            endcase
        end

        // OBI ? AXI Response
        unique case (obi_resp_i)
            2'b00: axil_rresp_o = 2'b00; // OKAY
            2'b10: axil_rresp_o = 2'b10; // SLVERR
            default: axil_rresp_o = 2'b11; // DECERR
        endcase
    end

endmodule
","property p_tl_a_valid_arvalid;
@(posedge clk) arvalid_i |-> (tl_a_valid_o == 1'b1 && tl_a_opcode_o == 3'b000);
endproperty
assert property (p_tl_a_valid_arvalid);

property p_tl_a_valid_awvalid_wvalid;
@(posedge clk) (awvalid_i && wvalid_i) |-> (tl_a_valid_o == 1'b1 && tl_a_opcode_o == 3'b001);
endproperty
assert property (p_tl_a_valid_awvalid_wvalid);

property p_obi_req_read;
@(posedge clk) (tl_a_valid_o && tl_a_opcode_o == 3'b000) |-> (obi_req_o == 1'b1 && obi_we_o == 1'b0);
endproperty
assert property (p_obi_req_read);

property p_obi_req_write;
@(posedge clk) (tl_a_valid_o && (tl_a_opcode_o == 3'b001 || tl_a_opcode_o == 3'b010)) |-> (obi_req_o == 1'b1 && obi_we_o == 1'b1);
endproperty
assert property (p_obi_req_write);

property p_axil_rresp_okay;
@(posedge clk) (obi_resp_i == 2'b00) |-> (axil_rresp_o == 2'b00);
endproperty
assert property (p_axil_rresp_okay);

property p_axil_rresp_slverr;
@(posedge clk) (obi_resp_i == 2'b10) |-> (axil_rresp_o == 2'b10);
endproperty
assert property (p_axil_rresp_slverr);

property p_axil_rresp_decerr;
@(posedge clk) (obi_resp_i != 2'b00 && obi_resp_i != 2'b10) |-> (axil_rresp_o == 2'b11);
endproperty
assert property (p_axil_rresp_decerr);","** Error: prueba.sv(20): (vlog-2730) Undefined variable: 'clk'.
** Error (suppressible): prueba.sv(22): (vlog-1957) The sva directive is not sensitive to a clock. Unclocked directives are not supported.
** Error: prueba.sv(25): (vlog-2730) Undefined variable: 'clk'.
** Error (suppressible): prueba.sv(27): (vlog-1957) The sva directive is not sensitive to a clock. Unclocked directives are not supported.
** Error: prueba.sv(30): (vlog-2730) Undefined variable: 'clk'.
** Error (suppressible): prueba.sv(32): (vlog-1957) The sva directive is not sensitive to a clock. Unclocked directives are not supported.
** Error: prueba.sv(35): (vlog-2730) Undefined variable: 'clk'.
** Error (suppressible): prueba.sv(37): (vlog-1957) The sva directive is not sensitive to a clock. Unclocked directives are not supported.
** Error: prueba.sv(40): (vlog-2730) Undefined variable: 'clk'.
** Error (suppressible): prueba.sv(42): (vlog-1957) The sva directive is not sensitive to a clock. Unclocked directives are not supported.
** Error: prueba.sv(45): (vlog-2730) Undefined variable: 'clk'.
** Error (suppressible): prueba.sv(47): (vlog-1957) The sva directive is not sensitive to a clock. Unclocked directives are not supported.
** Error: prueba.sv(50): (vlog-2730) Undefined variable: 'clk'.
** Error (suppressible): prueba.sv(52): (vlog-1957) The sva directive is not sensitive to a clock. Unclocked directives are not supported.
** Error: prueba.sv(20): (vlog-2730) Undefined variable: 'clk'.",181.5825252532959,2881,589
"module sec_lc_gate (
    input  logic sec_req_i,
    input  logic [2:0] lc_state_i,
    input  logic [1:0] access_type_i,
    output logic allow_o,
    output logic violation_o
);

    always_comb begin
        allow_o     = 1'b0;
        violation_o = 1'b0;

        if (sec_req_i) begin
            unique case (lc_state_i)
                3'b000: begin // TEST
                    unique case (access_type_i)
                        2'b00: allow_o = 1'b1;
                        2'b01: violation_o = 1'b1;
                        default: violation_o = 1'b1;
                    endcase
                end

                3'b001: begin // DEV
                    unique case (access_type_i)
                        2'b00, 2'b01: allow_o = 1'b1;
                        default: violation_o = 1'b1;
                    endcase
                end

                3'b010: begin // PROD
                    unique case (access_type_i)
                        2'b01: allow_o = 1'b1;
                        default: violation_o = 1'b1;
                    endcase
                end

                default: violation_o = 1'b1;
            endcase
        end
    end

endmodule
","property p_allow_o_00_00;
@(posedge clk) (sec_req_i && lc_state_i == 3'b000 && access_type_i == 2'b00) |-> (allow_o == 1'b1);
endproperty
assert property (p_allow_o_00_00);

property p_violation_o_00_01;
@(posedge clk) (sec_req_i && lc_state_i == 3'b000 && access_type_i == 2'b01) |-> (violation_o == 1'b1);
endproperty
assert property (p_violation_o_00_01);

property p_violation_o_00_default;
@(posedge clk) (sec_req_i && lc_state_i == 3'b000 && access_type_i != 2'b00 && access_type_i != 2'b01) |-> (violation_o == 1'b1);
endproperty
assert property (p_violation_o_00_default);

property p_allow_o_001_00;
@(posedge clk) (sec_req_i && lc_state_i == 3'b001 && access_type_i == 2'b00) |-> (allow_o == 1'b1);
endproperty
assert property (p_allow_o_001_00);

property p_allow_o_001_01;
@(posedge clk) (sec_req_i && lc_state_i == 3'b001 && access_type_i == 2'b01) |-> (allow_o == 1'b1);
endproperty
assert property (p_allow_o_001_01);

property p_violation_o_001_default;
@(posedge clk) (sec_req_i && lc_state_i == 3'b001 && access_type_i != 2'b00 && access_type_i != 2'b01) |-> (violation_o == 1'b1);
endproperty
assert property (p_violation_o_001_default);

property p_allow_o_010_01;
@(posedge clk) (sec_req_i && lc_state_i == 3'b010 && access_type_i == 2'b01) |-> (allow_o == 1'b1);
endproperty
assert property (p_allow_o_010_01);

property p_violation_o_010_default;
@(posedge clk) (sec_req_i && lc_state_i == 3'b010 && access_type_i != 2'b01) |-> (violation_o == 1'b1);
endproperty
assert property (p_violation_o_010_default);

property p_violation_o_default;
@(posedge clk) (sec_req_i && lc_state_i != 3'b000 && lc_state_i != 3'b001 && lc_state_i != 3'b010) |-> (violation_o == 1'b1);
endproperty
assert property (p_violation_o_default);","** Error: prueba.sv(13): (vlog-2730) Undefined variable: 'clk'.
** Error (suppressible): prueba.sv(15): (vlog-1957) The sva directive is not sensitive to a clock. Unclocked directives are not supported.
** Error: prueba.sv(18): (vlog-2730) Undefined variable: 'clk'.
** Error (suppressible): prueba.sv(20): (vlog-1957) The sva directive is not sensitive to a clock. Unclocked directives are not supported.
** Error: prueba.sv(23): (vlog-2730) Undefined variable: 'clk'.
** Error (suppressible): prueba.sv(25): (vlog-1957) The sva directive is not sensitive to a clock. Unclocked directives are not supported.
** Error: prueba.sv(28): (vlog-2730) Undefined variable: 'clk'.
** Error (suppressible): prueba.sv(30): (vlog-1957) The sva directive is not sensitive to a clock. Unclocked directives are not supported.
** Error: prueba.sv(33): (vlog-2730) Undefined variable: 'clk'.
** Error (suppressible): prueba.sv(35): (vlog-1957) The sva directive is not sensitive to a clock. Unclocked directives are not supported.
** Error: prueba.sv(38): (vlog-2730) Undefined variable: 'clk'.
** Error (suppressible): prueba.sv(40): (vlog-1957) The sva directive is not sensitive to a clock. Unclocked directives are not supported.
** Error: prueba.sv(43): (vlog-2730) Undefined variable: 'clk'.
** Error (suppressible): prueba.sv(45): (vlog-1957) The sva directive is not sensitive to a clock. Unclocked directives are not supported.
** Error: prueba.sv(48): (vlog-2730) Undefined variable: 'clk'.
** Error (suppressible): prueba.sv(50): (vlog-1957) The sva directive is not sensitive to a clock. Unclocked directives are not supported.
** Error: prueba.sv(53): (vlog-2730) Undefined variable: 'clk'.
** Error (suppressible): prueba.sv(55): (vlog-1957) The sva directive is not sensitive to a clock. Unclocked directives are not supported.
** Error: prueba.sv(13): (vlog-2730) Undefined variable: 'clk'.",214.75709104537964,2736,850
"module piton_l2_repl (
    input  logic [3:0] req_i,            // request from 4 cores
    input  logic [1:0] line_state_i [3:0], // MESI states per core
    input  logic [1:0] lru_i [3:0],     // LRU priority
    output logic [3:0] grant_o,
    output logic [3:0] evict_o,
    output logic [3:0] stall_o
);

    always_comb begin
        grant_o = 4'b0000;
        evict_o = 4'b0000;
        stall_o = 4'b0000;

        for (int i = 0; i < 4; i++) begin
            if (req_i[i]) begin
                unique case (line_state_i[i])
                    2'b00: grant_o[i] = 1'b1; // Invalid ? grant
                    2'b01: begin
                        unique case (lru_i[i])
                            2'b00: grant_o[i] = 1'b1;
                            2'b01: evict_o[i] = 1'b1;
                            default: stall_o[i] = 1'b1;
                        endcase
                    end
                    2'b10: begin
                        unique case (lru_i[i])
                            2'b00, 2'b01: grant_o[i] = 1'b1;
                            2'b10: evict_o[i] = 1'b1;
                            default: stall_o[i] = 1'b1;
                        endcase
                    end
                    2'b11: stall_o[i] = 1'b1;
                    default: stall_o[i] = 1'b1;
                endcase
            end
        end
    end
endmodule
","property p_grant_00;
@(posedge clk) (req_i[i] && line_state_i[i] == 2'b00) |-> (grant_o[i] == 1'b1);
endproperty
assert property (p_grant_00);

property p_grant_01_00;
@(posedge clk) (req_i[i] && line_state_i[i] == 2'b01 && lru_i[i] == 2'b00) |-> (grant_o[i] == 1'b1);
endproperty
assert property (p_grant_01_00);

property p_evict_01_01;
@(posedge clk) (req_i[i] && line_state_i[i] == 2'b01 && lru_i[i] == 2'b01) |-> (evict_o[i] == 1'b1);
endproperty
assert property (p_evict_01_01);

property p_stall_01_default;
@(posedge clk) (req_i[i] && line_state_i[i] == 2'b01 && lru_i[i] != 2'b00 && lru_i[i] != 2'b01) |-> (stall_o[i] == 1'b1);
endproperty
assert property (p_stall_01_default);

property p_grant_10_00_01;
@(posedge clk) (req_i[i] && line_state_i[i] == 2'b10 && (lru_i[i] == 2'b00 || lru_i[i] == 2'b01)) |-> (grant_o[i] == 1'b1);
endproperty
assert property (p_grant_10_00_01);

property p_evict_10_10;
@(posedge clk) (req_i[i] && line_state_i[i] == 2'b10 && lru_i[i] == 2'b10) |-> (evict_o[i] == 1'b1);
endproperty
assert property (p_evict_10_10);

property p_stall_10_default;
@(posedge clk) (req_i[i] && line_state_i[i] == 2'b10 && lru_i[i] != 2'b00 && lru_i[i] != 2'b01 && lru_i[i] != 2'b10) |-> (stall_o[i] == 1'b1);
endproperty
assert property (p_stall_10_default);

property p_stall_11;
@(posedge clk) (req_i[i] && line_state_i[i] == 2'b11) |-> (stall_o[i] == 1'b1);
endproperty
assert property (p_stall_11);

property p_stall_default;
@(posedge clk) (req_i[i] && line_state_i[i] != 2'b00 && line_state_i[i] != 2'b01 && line_state_i[i] != 2'b10 && line_state_i[i] != 2'b11) |-> (stall_o[i] == 1'b1);
endproperty
assert property (p_stall_default);","** Error: prueba.sv(14): (vlog-2730) Undefined variable: 'i'.
** Error: prueba.sv(14): (vlog-2730) Undefined variable: 'clk'.
** Error (suppressible): prueba.sv(16): (vlog-1957) The sva directive is not sensitive to a clock. Unclocked directives are not supported.
** Error: prueba.sv(19): (vlog-2730) Undefined variable: 'i'.
** Error: prueba.sv(19): (vlog-2730) Undefined variable: 'clk'.
** Error (suppressible): prueba.sv(21): (vlog-1957) The sva directive is not sensitive to a clock. Unclocked directives are not supported.
** Error: prueba.sv(24): (vlog-2730) Undefined variable: 'i'.
** Error: prueba.sv(24): (vlog-2730) Undefined variable: 'clk'.
** Error (suppressible): prueba.sv(26): (vlog-1957) The sva directive is not sensitive to a clock. Unclocked directives are not supported.
** Error: prueba.sv(29): (vlog-2730) Undefined variable: 'i'.
** Error: prueba.sv(29): (vlog-2730) Undefined variable: 'clk'.
** Error (suppressible): prueba.sv(31): (vlog-1957) The sva directive is not sensitive to a clock. Unclocked directives are not supported.
** Error: prueba.sv(34): (vlog-2730) Undefined variable: 'i'.
** Error: prueba.sv(34): (vlog-2730) Undefined variable: 'clk'.
** Error (suppressible): prueba.sv(36): (vlog-1957) The sva directive is not sensitive to a clock. Unclocked directives are not supported.
** Error: prueba.sv(39): (vlog-2730) Undefined variable: 'i'.
** Error: prueba.sv(39): (vlog-2730) Undefined variable: 'clk'.
** Error (suppressible): prueba.sv(41): (vlog-1957) The sva directive is not sensitive to a clock. Unclocked directives are not supported.
** Error: prueba.sv(44): (vlog-2730) Undefined variable: 'i'.
** Error: prueba.sv(44): (vlog-2730) Undefined variable: 'clk'.
** Error (suppressible): prueba.sv(46): (vlog-1957) The sva directive is not sensitive to a clock. Unclocked directives are not supported.
** Error: prueba.sv(49): (vlog-2730) Undefined variable: 'i'.
** Error: prueba.sv(49): (vlog-2730) Undefined variable: 'clk'.
** Error (suppressible): prueba.sv(51): (vlog-1957) The sva directive is not sensitive to a clock. Unclocked directives are not supported.
** Error: prueba.sv(54): (vlog-2730) Undefined variable: 'i'.
** Error: prueba.sv(54): (vlog-2730) Undefined variable: 'clk'.
** Error (suppressible): prueba.sv(56): (vlog-1957) The sva directive is not sensitive to a clock. Unclocked directives are not supported.
** Error: prueba.sv(14): (vlog-2730) Undefined variable: 'i'.
** Error: prueba.sv(14): (vlog-2730) Undefined variable: 'clk'.",143.53260278701782,2801,886
"module chisel_event_dispatch (
    input  logic [7:0] evt_i,
    input  logic [3:0] fsm_state_i,
    output logic       fire_o,
    output logic       stall_o,
    output logic       error_o
);

    always_comb begin
        fire_o  = 1'b0;
        stall_o = 1'b0;
        error_o = 1'b0;

        unique case (fsm_state_i)
            4'd0: begin
                unique case (evt_i[1:0])
                    2'b00: fire_o = 1'b1;
                    2'b01: stall_o = 1'b1;
                    default: error_o = 1'b1;
                endcase
            end

            4'd1: begin
                unique case (evt_i[3:2])
                    2'b00: fire_o = 1'b1;
                    2'b01: stall_o = 1'b1;
                    default: error_o = 1'b1;
                endcase
            end

            4'd2: begin
                unique case (evt_i[5:4])
                    2'b00: fire_o = 1'b1;
                    2'b01: stall_o = 1'b1;
                    default: error_o = 1'b1;
                endcase
            end

            4'd3: begin
                unique case (evt_i[7:6])
                    2'b00: fire_o = 1'b1;
                    2'b01: stall_o = 1'b1;
                    default: error_o = 1'b1;
                endcase
            end

            default: error_o = 1'b1;
        endcase
    end
endmodule
","property p_fire_o_state0_evt00;
@(posedge clk) (fsm_state_i == 4'd0 && evt_i[1:0] == 2'b00) |-> (fire_o == 1'b1);
endproperty
assert property (p_fire_o_state0_evt00);

property p_stall_o_state0_evt01;
@(posedge clk) (fsm_state_i == 4'd0 && evt_i[1:0] == 2'b01) |-> (stall_o == 1'b1);
endproperty
assert property (p_stall_o_state0_evt01);

property p_error_o_state0_default;
@(posedge clk) (fsm_state_i == 4'd0 && evt_i[1:0] != 2'b00 && evt_i[1:0] != 2'b01) |-> (error_o == 1'b1);
endproperty
assert property (p_error_o_state0_default);

property p_fire_o_state1_evt00;
@(posedge clk) (fsm_state_i == 4'd1 && evt_i[3:2] == 2'b00) |-> (fire_o == 1'b1);
endproperty
assert property (p_fire_o_state1_evt00);

property p_stall_o_state1_evt01;
@(posedge clk) (fsm_state_i == 4'd1 && evt_i[3:2] == 2'b01) |-> (stall_o == 1'b1);
endproperty
assert property (p_stall_o_state1_evt01);

property p_error_o_state1_default;
@(posedge clk) (fsm_state_i == 4'd1 && evt_i[3:2] != 2'b00 && evt_i[3:2] != 2'b01) |-> (error_o == 1'b1);
endproperty
assert property (p_error_o_state1_default);

property p_fire_o_state2_evt00;
@(posedge clk) (fsm_state_i == 4'd2 && evt_i[5:4] == 2'b00) |-> (fire_o == 1'b1);
endproperty
assert property (p_fire_o_state2_evt00);

property p_stall_o_state2_evt01;
@(posedge clk) (fsm_state_i == 4'd2 && evt_i[5:4] == 2'b01) |-> (stall_o == 1'b1);
endproperty
assert property (p_stall_o_state2_evt01);

property p_error_o_state2_default;
@(posedge clk) (fsm_state_i == 4'd2 && evt_i[5:4] != 2'b00 && evt_i[5:4] != 2'b01) |-> (error_o == 1'b1);
endproperty
assert property (p_error_o_state2_default);

property p_fire_o_state3_evt00;
@(posedge clk) (fsm_state_i == 4'd3 && evt_i[7:6] == 2'b00) |-> (fire_o == 1'b1);
endproperty
assert property (p_fire_o_state3_evt00);

property p_stall_o_state3_evt01;
@(posedge clk) (fsm_state_i == 4'd3 && evt_i[7:6] == 2'b01) |-> (stall_o == 1'b1);
endproperty
assert property (p_stall_o_state3_evt01);

property p_error_o_state3_default;
@(posedge clk) (fsm_state_i == 4'd3 && evt_i[7:6] != 2'b00 && evt_i[7:6] != 2'b01) |-> (error_o == 1'b1);
endproperty
assert property (p_error_o_state3_default);

property p_error_o_default;
@(posedge clk) (fsm_state_i != 4'd0 && fsm_state_i != 4'd1 && fsm_state_i != 4'd2 && fsm_state_i != 4'd3) |-> (error_o == 1'b1);
endproperty
assert property (p_error_o_default);","** Error: prueba.sv(13): (vlog-2730) Undefined variable: 'clk'.
** Error (suppressible): prueba.sv(15): (vlog-1957) The sva directive is not sensitive to a clock. Unclocked directives are not supported.
** Error: prueba.sv(18): (vlog-2730) Undefined variable: 'clk'.
** Error (suppressible): prueba.sv(20): (vlog-1957) The sva directive is not sensitive to a clock. Unclocked directives are not supported.
** Error: prueba.sv(23): (vlog-2730) Undefined variable: 'clk'.
** Error (suppressible): prueba.sv(25): (vlog-1957) The sva directive is not sensitive to a clock. Unclocked directives are not supported.
** Error: prueba.sv(28): (vlog-2730) Undefined variable: 'clk'.
** Error (suppressible): prueba.sv(30): (vlog-1957) The sva directive is not sensitive to a clock. Unclocked directives are not supported.
** Error: prueba.sv(33): (vlog-2730) Undefined variable: 'clk'.
** Error (suppressible): prueba.sv(35): (vlog-1957) The sva directive is not sensitive to a clock. Unclocked directives are not supported.
** Error: prueba.sv(38): (vlog-2730) Undefined variable: 'clk'.
** Error (suppressible): prueba.sv(40): (vlog-1957) The sva directive is not sensitive to a clock. Unclocked directives are not supported.
** Error: prueba.sv(43): (vlog-2730) Undefined variable: 'clk'.
** Error (suppressible): prueba.sv(45): (vlog-1957) The sva directive is not sensitive to a clock. Unclocked directives are not supported.
** Error: prueba.sv(48): (vlog-2730) Undefined variable: 'clk'.
** Error (suppressible): prueba.sv(50): (vlog-1957) The sva directive is not sensitive to a clock. Unclocked directives are not supported.
** Error: prueba.sv(53): (vlog-2730) Undefined variable: 'clk'.
** Error (suppressible): prueba.sv(55): (vlog-1957) The sva directive is not sensitive to a clock. Unclocked directives are not supported.
** Error: prueba.sv(58): (vlog-2730) Undefined variable: 'clk'.
** Error (suppressible): prueba.sv(60): (vlog-1957) The sva directive is not sensitive to a clock. Unclocked directives are not supported.
** Error: prueba.sv(63): (vlog-2730) Undefined variable: 'clk'.
** Error (suppressible): prueba.sv(65): (vlog-1957) The sva directive is not sensitive to a clock. Unclocked directives are not supported.
** Error: prueba.sv(68): (vlog-2730) Undefined variable: 'clk'.
** Error (suppressible): prueba.sv(70): (vlog-1957) The sva directive is not sensitive to a clock. Unclocked directives are not supported.
** Error: prueba.sv(73): (vlog-2730) Undefined variable: 'clk'.
** Error (suppressible): prueba.sv(75): (vlog-1957) The sva directive is not sensitive to a clock. Unclocked directives are not supported.
** Error: prueba.sv(13): (vlog-2730) Undefined variable: 'clk'.",194.0309660434723,2839,1185
"module multi_proto_arbiter (
    input  logic tl_valid_i,
    input  logic axi_awvalid_i,
    input  logic axi_arvalid_i,
    input  logic obi_req_i,
    input  logic [2:0] tl_opcode_i,
    input  logic [1:0] obi_resp_i,
    output logic grant_o,
    output logic deny_o,
    output logic error_o
);

    always_comb begin
        grant_o = 1'b0;
        deny_o  = 1'b0;
        error_o = 1'b0;

        unique case (1'b1)
            tl_valid_i: begin
                unique case (tl_opcode_i)
                    3'b000: grant_o = 1'b1; // Get
                    3'b001, 3'b010: grant_o = 1'b1; // Put
                    default: deny_o = 1'b1;
                endcase
            end

            axi_awvalid_i || axi_arvalid_i: begin
                grant_o = 1'b1;
            end

            obi_req_i: begin
                unique case (obi_resp_i)
                    2'b00: grant_o = 1'b1;
                    2'b10: deny_o = 1'b1;
                    default: error_o = 1'b1;
                endcase
            end

            default: error_o = 1'b1;
        endcase
    end
endmodule
","property p_grant_tl_opcode_000;
@(posedge clk) (tl_valid_i && tl_opcode_i == 3'b000) |-> (grant_o == 1'b1);
endproperty
assert property (p_grant_tl_opcode_000);

property p_grant_tl_opcode_001;
@(posedge clk) (tl_valid_i && tl_opcode_i == 3'b001) |-> (grant_o == 1'b1);
endproperty
assert property (p_grant_tl_opcode_001);

property p_grant_tl_opcode_010;
@(posedge clk) (tl_valid_i && tl_opcode_i == 3'b010) |-> (grant_o == 1'b1);
endproperty
assert property (p_grant_tl_opcode_010);

property p_deny_tl_default;
@(posedge clk) (tl_valid_i && tl_opcode_i != 3'b000 && tl_opcode_i != 3'b001 && tl_opcode_i != 3'b010) |-> (deny_o == 1'b1);
endproperty
assert property (p_deny_tl_default);

property p_grant_axi;
@(posedge clk) (axi_awvalid_i || axi_arvalid_i) |-> (grant_o == 1'b1);
endproperty
assert property (p_grant_axi);

property p_grant_obi_resp_00;
@(posedge clk) (obi_req_i && obi_resp_i == 2'b00) |-> (grant_o == 1'b1);
endproperty
assert property (p_grant_obi_resp_00);

property p_deny_obi_resp_10;
@(posedge clk) (obi_req_i && obi_resp_i == 2'b10) |-> (deny_o == 1'b1);
endproperty
assert property (p_deny_obi_resp_10);

property p_error_obi_default;
@(posedge clk) (obi_req_i && obi_resp_i != 2'b00 && obi_resp_i != 2'b10) |-> (error_o == 1'b1);
endproperty
assert property (p_error_obi_default);

property p_error_default;
@(posedge clk) !(tl_valid_i || axi_awvalid_i || axi_arvalid_i || obi_req_i) |-> (error_o == 1'b1);
endproperty
assert property (p_error_default);","** Error: prueba.sv(17): (vlog-2730) Undefined variable: 'clk'.
** Error (suppressible): prueba.sv(19): (vlog-1957) The sva directive is not sensitive to a clock. Unclocked directives are not supported.
** Error: prueba.sv(22): (vlog-2730) Undefined variable: 'clk'.
** Error (suppressible): prueba.sv(24): (vlog-1957) The sva directive is not sensitive to a clock. Unclocked directives are not supported.
** Error: prueba.sv(27): (vlog-2730) Undefined variable: 'clk'.
** Error (suppressible): prueba.sv(29): (vlog-1957) The sva directive is not sensitive to a clock. Unclocked directives are not supported.
** Error: prueba.sv(32): (vlog-2730) Undefined variable: 'clk'.
** Error (suppressible): prueba.sv(34): (vlog-1957) The sva directive is not sensitive to a clock. Unclocked directives are not supported.
** Error: prueba.sv(37): (vlog-2730) Undefined variable: 'clk'.
** Error (suppressible): prueba.sv(39): (vlog-1957) The sva directive is not sensitive to a clock. Unclocked directives are not supported.
** Error: prueba.sv(42): (vlog-2730) Undefined variable: 'clk'.
** Error (suppressible): prueba.sv(44): (vlog-1957) The sva directive is not sensitive to a clock. Unclocked directives are not supported.
** Error: prueba.sv(47): (vlog-2730) Undefined variable: 'clk'.
** Error (suppressible): prueba.sv(49): (vlog-1957) The sva directive is not sensitive to a clock. Unclocked directives are not supported.
** Error: prueba.sv(52): (vlog-2730) Undefined variable: 'clk'.
** Error (suppressible): prueba.sv(54): (vlog-1957) The sva directive is not sensitive to a clock. Unclocked directives are not supported.
** Error: prueba.sv(57): (vlog-2730) Undefined variable: 'clk'.
** Error (suppressible): prueba.sv(59): (vlog-1957) The sva directive is not sensitive to a clock. Unclocked directives are not supported.
** Error: prueba.sv(17): (vlog-2730) Undefined variable: 'clk'.",107.79330372810364,2724,680
"module sec_lc_multi_gate (
    input  logic sec_req_i,
    input  logic [2:0] lc_state_i,
    input  logic [1:0] access_type_i,
    input  logic priv_i,
    output logic allow_o,
    output logic violation_o
);

    always_comb begin
        allow_o     = 1'b0;
        violation_o = 1'b0;

        if (sec_req_i) begin
            unique case (lc_state_i)
                3'b000: begin
                    unique case (access_type_i)
                        2'b00: begin
                            unique case (priv_i)
                                1'b1: allow_o = 1'b1;
                                default: violation_o = 1'b1;
                            endcase
                        end
                        2'b01: violation_o = 1'b1;
                        default: violation_o = 1'b1;
                    endcase
                end

                3'b001: begin
                    unique case (access_type_i)
                        2'b00, 2'b01: begin
                            unique case (priv_i)
                                1'b1: allow_o = 1'b1;
                                default: violation_o = 1'b1;
                            endcase
                        end
                        default: violation_o = 1'b1;
                    endcase
                end

                3'b010: begin
                    unique case (access_type_i)
                        2'b01: begin
                            unique case (priv_i)
                                1'b1: allow_o = 1'b1;
                                default: violation_o = 1'b1;
                            endcase
                        end
                        default: violation_o = 1'b1;
                    endcase
                end

                default: violation_o = 1'b1;
            endcase
        end
    end
endmodule
","property p_allow_o_lc0_access0_priv1;
@(posedge clk) (sec_req_i && lc_state_i == 3'b000 && access_type_i == 2'b00 && priv_i == 1'b1) |-> (allow_o == 1'b1);
endproperty
assert property (p_allow_o_lc0_access0_priv1);

property p_violation_o_lc0_access0_default;
@(posedge clk) (sec_req_i && lc_state_i == 3'b000 && access_type_i == 2'b00 && priv_i != 1'b1) |-> (violation_o == 1'b1);
endproperty
assert property (p_violation_o_lc0_access0_default);

property p_violation_o_lc0_access1;
@(posedge clk) (sec_req_i && lc_state_i == 3'b000 && access_type_i == 2'b01) |-> (violation_o == 1'b1);
endproperty
assert property (p_violation_o_lc0_access1);

property p_violation_o_lc0_default;
@(posedge clk) (sec_req_i && lc_state_i == 3'b000 && access_type_i != 2'b00 && access_type_i != 2'b01) |-> (violation_o == 1'b1);
endproperty
assert property (p_violation_o_lc0_default);

property p_allow_o_lc1_access01_priv1;
@(posedge clk) (sec_req_i && lc_state_i == 3'b001 && (access_type_i == 2'b00 || access_type_i == 2'b01) && priv_i == 1'b1) |-> (allow_o == 1'b1);
endproperty
assert property (p_allow_o_lc1_access01_priv1);

property p_violation_o_lc1_access01_default;
@(posedge clk) (sec_req_i && lc_state_i == 3'b001 && (access_type_i == 2'b00 || access_type_i == 2'b01) && priv_i != 1'b1) |-> (violation_o == 1'b1);
endproperty
assert property (p_violation_o_lc1_access01_default);

property p_violation_o_lc1_default;
@(posedge clk) (sec_req_i && lc_state_i == 3'b001 && access_type_i != 2'b00 && access_type_i != 2'b01) |-> (violation_o == 1'b1);
endproperty
assert property (p_violation_o_lc1_default);

property p_allow_o_lc2_access1_priv1;
@(posedge clk) (sec_req_i && lc_state_i == 3'b010 && access_type_i == 2'b01 && priv_i == 1'b1) |-> (allow_o == 1'b1);
endproperty
assert property (p_allow_o_lc2_access1_priv1);

property p_violation_o_lc2_access1_default;
@(posedge clk) (sec_req_i && lc_state_i == 3'b010 && access_type_i == 2'b01 && priv_i != 1'b1) |-> (violation_o == 1'b1);
endproperty
assert property (p_violation_o_lc2_access1_default);

property p_violation_o_lc2_default;
@(posedge clk) (sec_req_i && lc_state_i == 3'b010 && access_type_i != 2'b01) |-> (violation_o == 1'b1);
endproperty
assert property (p_violation_o_lc2_default);

property p_violation_o_default;
@(posedge clk) (sec_req_i && lc_state_i != 3'b000 && lc_state_i != 3'b001 && lc_state_i != 3'b010) |-> (violation_o == 1'b1);
endproperty
assert property (p_violation_o_default);","** Error: prueba.sv(14): (vlog-2730) Undefined variable: 'clk'.
** Error (suppressible): prueba.sv(16): (vlog-1957) The sva directive is not sensitive to a clock. Unclocked directives are not supported.
** Error: prueba.sv(19): (vlog-2730) Undefined variable: 'clk'.
** Error (suppressible): prueba.sv(21): (vlog-1957) The sva directive is not sensitive to a clock. Unclocked directives are not supported.
** Error: prueba.sv(24): (vlog-2730) Undefined variable: 'clk'.
** Error (suppressible): prueba.sv(26): (vlog-1957) The sva directive is not sensitive to a clock. Unclocked directives are not supported.
** Error: prueba.sv(29): (vlog-2730) Undefined variable: 'clk'.
** Error (suppressible): prueba.sv(31): (vlog-1957) The sva directive is not sensitive to a clock. Unclocked directives are not supported.
** Error: prueba.sv(34): (vlog-2730) Undefined variable: 'clk'.
** Error (suppressible): prueba.sv(36): (vlog-1957) The sva directive is not sensitive to a clock. Unclocked directives are not supported.
** Error: prueba.sv(39): (vlog-2730) Undefined variable: 'clk'.
** Error (suppressible): prueba.sv(41): (vlog-1957) The sva directive is not sensitive to a clock. Unclocked directives are not supported.
** Error: prueba.sv(44): (vlog-2730) Undefined variable: 'clk'.
** Error (suppressible): prueba.sv(46): (vlog-1957) The sva directive is not sensitive to a clock. Unclocked directives are not supported.
** Error: prueba.sv(49): (vlog-2730) Undefined variable: 'clk'.
** Error (suppressible): prueba.sv(51): (vlog-1957) The sva directive is not sensitive to a clock. Unclocked directives are not supported.
** Error: prueba.sv(54): (vlog-2730) Undefined variable: 'clk'.
** Error (suppressible): prueba.sv(56): (vlog-1957) The sva directive is not sensitive to a clock. Unclocked directives are not supported.
** Error: prueba.sv(59): (vlog-2730) Undefined variable: 'clk'.
** Error (suppressible): prueba.sv(61): (vlog-1957) The sva directive is not sensitive to a clock. Unclocked directives are not supported.
** Error: prueba.sv(64): (vlog-2730) Undefined variable: 'clk'.
** Error (suppressible): prueba.sv(66): (vlog-1957) The sva directive is not sensitive to a clock. Unclocked directives are not supported.
** Error: prueba.sv(14): (vlog-2730) Undefined variable: 'clk'.",188.63204503059387,2847,1149
"module multi_core_cache_arb (
    input  logic [3:0] req_i,
    input  logic [1:0] line_state_i [3:0],
    input  logic [2:0] msg_type_i [3:0],
    input  logic priv_i [3:0],
    output logic [3:0] grant_o,
    output logic [3:0] nack_o
);

    always_comb begin
        grant_o = 4'b0000;
        nack_o  = 4'b0000;

        for (int i=0; i<4; i++) begin
            if (req_i[i]) begin
                unique case (line_state_i[i])
                    2'b00: begin
                        unique case (msg_type_i[i])
                            3'b000: begin
                                unique case (priv_i[i])
                                    1'b1: grant_o[i] = 1'b1;
                                    default: nack_o[i] = 1'b1;
                                endcase
                            end
                            3'b001: grant_o[i] = 1'b1;
                            default: nack_o[i] = 1'b1;
                        endcase
                    end
                    2'b01: begin
                        unique case (msg_type_i[i])
                            3'b010: grant_o[i] = 1'b1;
                            default: nack_o[i] = 1'b1;
                        endcase
                    end
                    2'b10, 2'b11: nack_o[i] = 1'b1;
                    default: nack_o[i] = 1'b1;
                endcase
            end
        end
    end
endmodule
","property p_grant_priv_high;
@(posedge clk) (req_i[i] && line_state_i[i] == 2'b00 && msg_type_i[i] == 3'b000 && priv_i[i] == 1'b1) |-> (grant_o[i] == 1'b1);
endproperty
assert property (p_grant_priv_high);

property p_nack_priv_default;
@(posedge clk) (req_i[i] && line_state_i[i] == 2'b00 && msg_type_i[i] == 3'b000 && priv_i[i] != 1'b1) |-> (nack_o[i] == 1'b1);
endproperty
assert property (p_nack_priv_default);

property p_grant_msg_type_001;
@(posedge clk) (req_i[i] && line_state_i[i] == 2'b00 && msg_type_i[i] == 3'b001) |-> (grant_o[i] == 1'b1);
endproperty
assert property (p_grant_msg_type_001);

property p_nack_msg_type_default;
@(posedge clk) (req_i[i] && line_state_i[i] == 2'b00 && msg_type_i[i] != 3'b000 && msg_type_i[i] != 3'b001) |-> (nack_o[i] == 1'b1);
endproperty
assert property (p_nack_msg_type_default);

property p_grant_line_state_01;
@(posedge clk) (req_i[i] && line_state_i[i] == 2'b01 && msg_type_i[i] == 3'b010) |-> (grant_o[i] == 1'b1);
endproperty
assert property (p_grant_line_state_01);

property p_nack_line_state_01_default;
@(posedge clk) (req_i[i] && line_state_i[i] == 2'b01 && msg_type_i[i] != 3'b010) |-> (nack_o[i] == 1'b1);
endproperty
assert property (p_nack_line_state_01_default);

property p_nack_line_state_1x;
@(posedge clk) (req_i[i] && (line_state_i[i] == 2'b10 || line_state_i[i] == 2'b11)) |-> (nack_o[i] == 1'b1);
endproperty
assert property (p_nack_line_state_1x);

property p_nack_default;
@(posedge clk) (req_i[i] && line_state_i[i] != 2'b00 && line_state_i[i] != 2'b01 && line_state_i[i] != 2'b10 && line_state_i[i] != 2'b11) |-> (nack_o[i] == 1'b1);
endproperty
assert property (p_nack_default);","** Error: prueba.sv(14): (vlog-2730) Undefined variable: 'i'.
** Error: prueba.sv(14): (vlog-2730) Undefined variable: 'clk'.
** Error (suppressible): prueba.sv(16): (vlog-1957) The sva directive is not sensitive to a clock. Unclocked directives are not supported.
** Error: prueba.sv(19): (vlog-2730) Undefined variable: 'i'.
** Error: prueba.sv(19): (vlog-2730) Undefined variable: 'clk'.
** Error (suppressible): prueba.sv(21): (vlog-1957) The sva directive is not sensitive to a clock. Unclocked directives are not supported.
** Error: prueba.sv(24): (vlog-2730) Undefined variable: 'i'.
** Error: prueba.sv(24): (vlog-2730) Undefined variable: 'clk'.
** Error (suppressible): prueba.sv(26): (vlog-1957) The sva directive is not sensitive to a clock. Unclocked directives are not supported.
** Error: prueba.sv(29): (vlog-2730) Undefined variable: 'i'.
** Error: prueba.sv(29): (vlog-2730) Undefined variable: 'clk'.
** Error (suppressible): prueba.sv(31): (vlog-1957) The sva directive is not sensitive to a clock. Unclocked directives are not supported.
** Error: prueba.sv(34): (vlog-2730) Undefined variable: 'i'.
** Error: prueba.sv(34): (vlog-2730) Undefined variable: 'clk'.
** Error (suppressible): prueba.sv(36): (vlog-1957) The sva directive is not sensitive to a clock. Unclocked directives are not supported.
** Error: prueba.sv(39): (vlog-2730) Undefined variable: 'i'.
** Error: prueba.sv(39): (vlog-2730) Undefined variable: 'clk'.
** Error (suppressible): prueba.sv(41): (vlog-1957) The sva directive is not sensitive to a clock. Unclocked directives are not supported.
** Error: prueba.sv(44): (vlog-2730) Undefined variable: 'i'.
** Error: prueba.sv(44): (vlog-2730) Undefined variable: 'clk'.
** Error (suppressible): prueba.sv(46): (vlog-1957) The sva directive is not sensitive to a clock. Unclocked directives are not supported.
** Error: prueba.sv(49): (vlog-2730) Undefined variable: 'i'.
** Error: prueba.sv(49): (vlog-2730) Undefined variable: 'clk'.
** Error (suppressible): prueba.sv(51): (vlog-1957) The sva directive is not sensitive to a clock. Unclocked directives are not supported.
** Error: prueba.sv(14): (vlog-2730) Undefined variable: 'i'.
** Error: prueba.sv(14): (vlog-2730) Undefined variable: 'clk'.",136.44595313072205,2793,845
"module piton_l2_evict_ctrl (
    input  logic [3:0] req_i,
    input  logic [1:0] line_state_i [3:0],
    input  logic [1:0] lru_i [3:0],
    input  logic priv_i [3:0],
    output logic [3:0] grant_o,
    output logic [3:0] evict_o,
    output logic [3:0] stall_o
);

    always_comb begin
        grant_o = 4'b0000;
        evict_o = 4'b0000;
        stall_o = 4'b0000;

        for (int i = 0; i < 4; i++) begin
            if (req_i[i]) begin
                unique case (line_state_i[i])
                    2'b00: begin
                        unique case (priv_i[i])
                            1'b1: grant_o[i] = 1'b1;
                            default: stall_o[i] = 1'b1;
                        endcase
                    end
                    2'b01: begin
                        unique case (lru_i[i])
                            2'b00: grant_o[i] = 1'b1;
                            2'b01: evict_o[i] = 1'b1;
                            default: stall_o[i] = 1'b1;
                        endcase
                    end
                    2'b10: begin
                        unique case (lru_i[i])
                            2'b00, 2'b01: grant_o[i] = 1'b1;
                            2'b10: evict_o[i] = 1'b1;
                            default: stall_o[i] = 1'b1;
                        endcase
                    end
                    2'b11: stall_o[i] = 1'b1;
                    default: stall_o[i] = 1'b1;
                endcase
            end
        end
    end
endmodule
","property p_grant_priv_assign;
@(posedge clk) (req_i[i] && line_state_i[i] == 2'b00 && priv_i[i] == 1'b1) |-> (grant_o[i] == 1'b1);
endproperty
assert property (p_grant_priv_assign);

property p_stall_priv_default_assign;
@(posedge clk) (req_i[i] && line_state_i[i] == 2'b00 && priv_i[i] != 1'b1) |-> (stall_o[i] == 1'b1);
endproperty
assert property (p_stall_priv_default_assign);

property p_grant_lru_00_assign;
@(posedge clk) (req_i[i] && line_state_i[i] == 2'b01 && lru_i[i] == 2'b00) |-> (grant_o[i] == 1'b1);
endproperty
assert property (p_grant_lru_00_assign);

property p_evict_lru_01_assign;
@(posedge clk) (req_i[i] && line_state_i[i] == 2'b01 && lru_i[i] == 2'b01) |-> (evict_o[i] == 1'b1);
endproperty
assert property (p_evict_lru_01_assign);

property p_stall_lru_default_assign;
@(posedge clk) (req_i[i] && line_state_i[i] == 2'b01 && lru_i[i] != 2'b00 && lru_i[i] != 2'b01) |-> (stall_o[i] == 1'b1);
endproperty
assert property (p_stall_lru_default_assign);

property p_grant_lru_00_01_assign;
@(posedge clk) (req_i[i] && line_state_i[i] == 2'b10 && (lru_i[i] == 2'b00 || lru_i[i] == 2'b01)) |-> (grant_o[i] == 1'b1);
endproperty
assert property (p_grant_lru_00_01_assign);

property p_evict_lru_10_assign;
@(posedge clk) (req_i[i] && line_state_i[i] == 2'b10 && lru_i[i] == 2'b10) |-> (evict_o[i] == 1'b1);
endproperty
assert property (p_evict_lru_10_assign);

property p_stall_lru_default_10_assign;
@(posedge clk) (req_i[i] && line_state_i[i] == 2'b10 && lru_i[i] != 2'b00 && lru_i[i] != 2'b01 && lru_i[i] != 2'b10) |-> (stall_o[i] == 1'b1);
endproperty
assert property (p_stall_lru_default_10_assign);

property p_stall_line_state_11_assign;
@(posedge clk) (req_i[i] && line_state_i[i] == 2'b11) |-> (stall_o[i] == 1'b1);
endproperty
assert property (p_stall_line_state_11_assign);

property p_stall_line_state_default_assign;
@(posedge clk) (req_i[i] && line_state_i[i] != 2'b00 && line_state_i[i] != 2'b01 && line_state_i[i] != 2'b10 && line_state_i[i] != 2'b11) |-> (stall_o[i] == 1'b1);
endproperty
assert property (p_stall_line_state_default_assign);","** Error: prueba.sv(15): (vlog-2730) Undefined variable: 'i'.
** Error: prueba.sv(15): (vlog-2730) Undefined variable: 'clk'.
** Error (suppressible): prueba.sv(17): (vlog-1957) The sva directive is not sensitive to a clock. Unclocked directives are not supported.
** Error: prueba.sv(20): (vlog-2730) Undefined variable: 'i'.
** Error: prueba.sv(20): (vlog-2730) Undefined variable: 'clk'.
** Error (suppressible): prueba.sv(22): (vlog-1957) The sva directive is not sensitive to a clock. Unclocked directives are not supported.
** Error: prueba.sv(25): (vlog-2730) Undefined variable: 'i'.
** Error: prueba.sv(25): (vlog-2730) Undefined variable: 'clk'.
** Error (suppressible): prueba.sv(27): (vlog-1957) The sva directive is not sensitive to a clock. Unclocked directives are not supported.
** Error: prueba.sv(30): (vlog-2730) Undefined variable: 'i'.
** Error: prueba.sv(30): (vlog-2730) Undefined variable: 'clk'.
** Error (suppressible): prueba.sv(32): (vlog-1957) The sva directive is not sensitive to a clock. Unclocked directives are not supported.
** Error: prueba.sv(35): (vlog-2730) Undefined variable: 'i'.
** Error: prueba.sv(35): (vlog-2730) Undefined variable: 'clk'.
** Error (suppressible): prueba.sv(37): (vlog-1957) The sva directive is not sensitive to a clock. Unclocked directives are not supported.
** Error: prueba.sv(40): (vlog-2730) Undefined variable: 'i'.
** Error: prueba.sv(40): (vlog-2730) Undefined variable: 'clk'.
** Error (suppressible): prueba.sv(42): (vlog-1957) The sva directive is not sensitive to a clock. Unclocked directives are not supported.
** Error: prueba.sv(45): (vlog-2730) Undefined variable: 'i'.
** Error: prueba.sv(45): (vlog-2730) Undefined variable: 'clk'.
** Error (suppressible): prueba.sv(47): (vlog-1957) The sva directive is not sensitive to a clock. Unclocked directives are not supported.
** Error: prueba.sv(50): (vlog-2730) Undefined variable: 'i'.
** Error: prueba.sv(50): (vlog-2730) Undefined variable: 'clk'.
** Error (suppressible): prueba.sv(52): (vlog-1957) The sva directive is not sensitive to a clock. Unclocked directives are not supported.
** Error: prueba.sv(55): (vlog-2730) Undefined variable: 'i'.
** Error: prueba.sv(55): (vlog-2730) Undefined variable: 'clk'.
** Error (suppressible): prueba.sv(57): (vlog-1957) The sva directive is not sensitive to a clock. Unclocked directives are not supported.
** Error: prueba.sv(60): (vlog-2730) Undefined variable: 'i'.
** Error: prueba.sv(60): (vlog-2730) Undefined variable: 'clk'.
** Error (suppressible): prueba.sv(62): (vlog-1957) The sva directive is not sensitive to a clock. Unclocked directives are not supported.
** Error: prueba.sv(15): (vlog-2730) Undefined variable: 'i'.
** Error: prueba.sv(15): (vlog-2730) Undefined variable: 'clk'.",171.111839056015,2843,1045
"module tl_axi_obi_bridge (
    input  logic tl_valid_i,
    input  logic [2:0] tl_opcode_i,
    input  logic axi_awvalid_i,
    input  logic axi_arvalid_i,
    input  logic [1:0] obi_resp_i,
    input  logic priv_i,
    output logic tl_a_valid_o,
    output logic [2:0] tl_a_opcode_o,
    output logic obi_req_o,
    output logic obi_we_o,
    output logic [1:0] axi_rresp_o
);

    always_comb begin
        tl_a_valid_o  = 1'b0;
        tl_a_opcode_o = 3'b000;
        obi_req_o     = 1'b0;
        obi_we_o      = 1'b0;
        axi_rresp_o   = 2'b00;

        // TL ? OBI
        if (tl_valid_i) begin
            unique case (tl_opcode_i)
                3'b000: begin
                    tl_a_valid_o  = 1'b1;
                    tl_a_opcode_o = 3'b000; // Get
                    obi_req_o     = 1'b1;
                    obi_we_o      = 1'b0;
                end
                3'b001, 3'b010: begin
                    tl_a_valid_o  = 1'b1;
                    tl_a_opcode_o = tl_opcode_i;
                    obi_req_o     = 1'b1;
                    obi_we_o      = 1'b1;
                end
                default: axi_rresp_o = 2'b11; // DECERR
            endcase
        end

        // AXI ? TL mapping
        unique case (1'b1)
            axi_arvalid_i: begin
                tl_a_valid_o  = 1'b1;
                tl_a_opcode_o = 3'b000; // Get
            end
            axi_awvalid_i: begin
                tl_a_valid_o  = 1'b1;
                tl_a_opcode_o = 3'b001; // PutFull
            end
        endcase

        // OBI ? AXI Response
        unique case (obi_resp_i)
            2'b00: axi_rresp_o = 2'b00; // OKAY
            2'b10: axi_rresp_o = 2'b10; // SLVERR
            default: axi_rresp_o = 2'b11; // DECERR
        endcase

        // Privilege enforcement
        if (!priv_i) begin
            axi_rresp_o = 2'b10;
            tl_a_valid_o = 1'b0;
            obi_req_o    = 1'b0;
        end
    end
endmodule
","property p_tl_a_valid_opcode_obi_req_we_case0;
@(posedge clk) (tl_valid_i && tl_opcode_i == 3'b000) |-> (tl_a_valid_o == 1'b1 && tl_a_opcode_o == 3'b000 && obi_req_o == 1'b1 && obi_we_o == 1'b0);
endproperty
assert property (p_tl_a_valid_opcode_obi_req_we_case0);

property p_tl_a_valid_opcode_obi_req_we_case1;
@(posedge clk) (tl_valid_i && tl_opcode_i == 3'b001) |-> (tl_a_valid_o == 1'b1 && tl_a_opcode_o == 3'b001 && obi_req_o == 1'b1 && obi_we_o == 1'b1);
endproperty
assert property (p_tl_a_valid_opcode_obi_req_we_case1);

property p_tl_a_valid_opcode_obi_req_we_case2;
@(posedge clk) (tl_valid_i && tl_opcode_i == 3'b010) |-> (tl_a_valid_o == 1'b1 && tl_a_opcode_o == 3'b010 && obi_req_o == 1'b1 && obi_we_o == 1'b1);
endproperty
assert property (p_tl_a_valid_opcode_obi_req_we_case2);

property p_axi_rresp_default;
@(posedge clk) (tl_valid_i && tl_opcode_i != 3'b000 && tl_opcode_i != 3'b001 && tl_opcode_i != 3'b010) |-> (axi_rresp_o == 2'b11);
endproperty
assert property (p_axi_rresp_default);

property p_tl_a_valid_opcode_axi_arvalid;
@(posedge clk) axi_arvalid_i |-> (tl_a_valid_o == 1'b1 && tl_a_opcode_o == 3'b000);
endproperty
assert property (p_tl_a_valid_opcode_axi_arvalid);

property p_tl_a_valid_opcode_axi_awvalid;
@(posedge clk) axi_awvalid_i |-> (tl_a_valid_o == 1'b1 && tl_a_opcode_o == 3'b001);
endproperty
assert property (p_tl_a_valid_opcode_axi_awvalid);

property p_axi_rresp_obi_resp_case0;
@(posedge clk) obi_resp_i == 2'b00 |-> (axi_rresp_o == 2'b00);
endproperty
assert property (p_axi_rresp_obi_resp_case0);

property p_axi_rresp_obi_resp_case1;
@(posedge clk) obi_resp_i == 2'b10 |-> (axi_rresp_o == 2'b10);
endproperty
assert property (p_axi_rresp_obi_resp_case1);

property p_axi_rresp_obi_resp_default;
@(posedge clk) obi_resp_i != 2'b00 && obi_resp_i != 2'b10 |-> (axi_rresp_o == 2'b11);
endproperty
assert property (p_axi_rresp_obi_resp_default);

property p_priv_low;
@(posedge clk) !priv_i |-> (axi_rresp_o == 2'b10 && tl_a_valid_o == 1'b0 && obi_req_o == 1'b0);
endproperty
assert property (p_priv_low);","** Error: prueba.sv(19): (vlog-2730) Undefined variable: 'clk'.
** Error (suppressible): prueba.sv(21): (vlog-1957) The sva directive is not sensitive to a clock. Unclocked directives are not supported.
** Error: prueba.sv(24): (vlog-2730) Undefined variable: 'clk'.
** Error (suppressible): prueba.sv(26): (vlog-1957) The sva directive is not sensitive to a clock. Unclocked directives are not supported.
** Error: prueba.sv(29): (vlog-2730) Undefined variable: 'clk'.
** Error (suppressible): prueba.sv(31): (vlog-1957) The sva directive is not sensitive to a clock. Unclocked directives are not supported.
** Error: prueba.sv(34): (vlog-2730) Undefined variable: 'clk'.
** Error (suppressible): prueba.sv(36): (vlog-1957) The sva directive is not sensitive to a clock. Unclocked directives are not supported.
** Error: prueba.sv(39): (vlog-2730) Undefined variable: 'clk'.
** Error (suppressible): prueba.sv(41): (vlog-1957) The sva directive is not sensitive to a clock. Unclocked directives are not supported.
** Error: prueba.sv(44): (vlog-2730) Undefined variable: 'clk'.
** Error (suppressible): prueba.sv(46): (vlog-1957) The sva directive is not sensitive to a clock. Unclocked directives are not supported.
** Error: prueba.sv(49): (vlog-2730) Undefined variable: 'clk'.
** Error (suppressible): prueba.sv(51): (vlog-1957) The sva directive is not sensitive to a clock. Unclocked directives are not supported.
** Error: prueba.sv(54): (vlog-2730) Undefined variable: 'clk'.
** Error (suppressible): prueba.sv(56): (vlog-1957) The sva directive is not sensitive to a clock. Unclocked directives are not supported.
** Error: prueba.sv(59): (vlog-2730) Undefined variable: 'clk'.
** Error (suppressible): prueba.sv(61): (vlog-1957) The sva directive is not sensitive to a clock. Unclocked directives are not supported.
** Error: prueba.sv(64): (vlog-2730) Undefined variable: 'clk'.
** Error (suppressible): prueba.sv(66): (vlog-1957) The sva directive is not sensitive to a clock. Unclocked directives are not supported.
** Error: prueba.sv(19): (vlog-2730) Undefined variable: 'clk'.",172.3581461906433,3011,998
"module multi_core_bus_arb (
    input  logic [3:0] req_i,
    input  logic [1:0] line_state_i [3:0],
    input  logic [2:0] msg_type_i [3:0],
    input  logic priv_i [3:0],
    output logic [3:0] grant_o,
    output logic [3:0] nack_o
);

    always_comb begin
        grant_o = 4'b0000;
        nack_o  = 4'b0000;

        for (int i=0; i<4; i++) begin
            if (req_i[i]) begin
                unique case (line_state_i[i])
                    2'b00: begin
                        unique case (msg_type_i[i])
                            3'b000: begin
                                unique case (priv_i[i])
                                    1'b1: grant_o[i] = 1'b1;
                                    default: nack_o[i] = 1'b1;
                                endcase
                            end
                            3'b001: grant_o[i] = 1'b1;
                            default: nack_o[i] = 1'b1;
                        endcase
                    end
                    2'b01: begin
                        unique case (msg_type_i[i])
                            3'b010: grant_o[i] = 1'b1;
                            default: nack_o[i] = 1'b1;
                        endcase
                    end
                    2'b10, 2'b11: nack_o[i] = 1'b1;
                    default: nack_o[i] = 1'b1;
                endcase
            end
        end
    end
endmodule
","property p_grant_priv_high;
@(posedge clk) (req_i[0] && line_state_i[0] == 2'b00 && msg_type_i[0] == 3'b000 && priv_i[0] == 1'b1) |-> (grant_o[0] == 1'b1);
endproperty
assert property (p_grant_priv_high);

property p_nack_priv_default;
@(posedge clk) (req_i[0] && line_state_i[0] == 2'b00 && msg_type_i[0] == 3'b000 && priv_i[0] != 1'b1) |-> (nack_o[0] == 1'b1);
endproperty
assert property (p_nack_priv_default);

property p_grant_msg_type_001;
@(posedge clk) (req_i[0] && line_state_i[0] == 2'b00 && msg_type_i[0] == 3'b001) |-> (grant_o[0] == 1'b1);
endproperty
assert property (p_grant_msg_type_001);

property p_nack_msg_type_default;
@(posedge clk) (req_i[0] && line_state_i[0] == 2'b00 && msg_type_i[0] != 3'b000 && msg_type_i[0] != 3'b001) |-> (nack_o[0] == 1'b1);
endproperty
assert property (p_nack_msg_type_default);

property p_grant_line_state_01;
@(posedge clk) (req_i[0] && line_state_i[0] == 2'b01 && msg_type_i[0] == 3'b010) |-> (grant_o[0] == 1'b1);
endproperty
assert property (p_grant_line_state_01);

property p_nack_line_state_01_default;
@(posedge clk) (req_i[0] && line_state_i[0] == 2'b01 && msg_type_i[0] != 3'b010) |-> (nack_o[0] == 1'b1);
endproperty
assert property (p_nack_line_state_01_default);

property p_nack_line_state_high;
@(posedge clk) (req_i[0] && (line_state_i[0] == 2'b10 || line_state_i[0] == 2'b11)) |-> (nack_o[0] == 1'b1);
endproperty
assert property (p_nack_line_state_high);

property p_nack_line_state_default;
@(posedge clk) (req_i[0] && line_state_i[0] != 2'b00 && line_state_i[0] != 2'b01 && line_state_i[0] != 2'b10 && line_state_i[0] != 2'b11) |-> (nack_o[0] == 1'b1);
endproperty
assert property (p_nack_line_state_default);","** Error: prueba.sv(14): (vlog-2730) Undefined variable: 'clk'.
** Error (suppressible): prueba.sv(16): (vlog-1957) The sva directive is not sensitive to a clock. Unclocked directives are not supported.
** Error: prueba.sv(19): (vlog-2730) Undefined variable: 'clk'.
** Error (suppressible): prueba.sv(21): (vlog-1957) The sva directive is not sensitive to a clock. Unclocked directives are not supported.
** Error: prueba.sv(24): (vlog-2730) Undefined variable: 'clk'.
** Error (suppressible): prueba.sv(26): (vlog-1957) The sva directive is not sensitive to a clock. Unclocked directives are not supported.
** Error: prueba.sv(29): (vlog-2730) Undefined variable: 'clk'.
** Error (suppressible): prueba.sv(31): (vlog-1957) The sva directive is not sensitive to a clock. Unclocked directives are not supported.
** Error: prueba.sv(34): (vlog-2730) Undefined variable: 'clk'.
** Error (suppressible): prueba.sv(36): (vlog-1957) The sva directive is not sensitive to a clock. Unclocked directives are not supported.
** Error: prueba.sv(39): (vlog-2730) Undefined variable: 'clk'.
** Error (suppressible): prueba.sv(41): (vlog-1957) The sva directive is not sensitive to a clock. Unclocked directives are not supported.
** Error: prueba.sv(44): (vlog-2730) Undefined variable: 'clk'.
** Error (suppressible): prueba.sv(46): (vlog-1957) The sva directive is not sensitive to a clock. Unclocked directives are not supported.
** Error: prueba.sv(49): (vlog-2730) Undefined variable: 'clk'.
** Error (suppressible): prueba.sv(51): (vlog-1957) The sva directive is not sensitive to a clock. Unclocked directives are not supported.
** Error: prueba.sv(14): (vlog-2730) Undefined variable: 'clk'.",137.48061227798462,2793,851
"module sec_lc_gate_4lvl (
    input  logic sec_req_i,
    input  logic [2:0] lc_state_i,
    input  logic [1:0] access_type_i,
    input  logic priv_i,
    output logic allow_o,
    output logic violation_o
);

    always_comb begin
        allow_o     = 1'b0;
        violation_o = 1'b0;

        if (sec_req_i) begin
            unique case (lc_state_i)
                3'b000: begin
                    unique case (access_type_i)
                        2'b00: begin
                            unique case (priv_i)
                                1'b1: allow_o = 1'b1;
                                default: violation_o = 1'b1;
                            endcase
                        end
                        2'b01: violation_o = 1'b1;
                        default: violation_o = 1'b1;
                    endcase
                end

                3'b001: begin
                    unique case (access_type_i)
                        2'b00, 2'b01: begin
                            unique case (priv_i)
                                1'b1: allow_o = 1'b1;
                                default: violation_o = 1'b1;
                            endcase
                        end
                        default: violation_o = 1'b1;
                    endcase
                end

                3'b010: begin
                    unique case (access_type_i)
                        2'b01: begin
                            unique case (priv_i)
                                1'b1: allow_o = 1'b1;
                                default: violation_o = 1'b1;
                            endcase
                        end
                        default: violation_o = 1'b1;
                    endcase
                end

                default: violation_o = 1'b1;
            endcase
        end
    end
endmodule
","property p_allow_o_1_lc_state_000_access_type_00_priv_1;
@(posedge clk) (sec_req_i && lc_state_i == 3'b000 && access_type_i == 2'b00 && priv_i == 1'b1) |-> (allow_o == 1'b1);
endproperty
assert property (p_allow_o_1_lc_state_000_access_type_00_priv_1);

property p_violation_o_1_lc_state_000_access_type_00_priv_default;
@(posedge clk) (sec_req_i && lc_state_i == 3'b000 && access_type_i == 2'b00 && priv_i != 1'b1) |-> (violation_o == 1'b1);
endproperty
assert property (p_violation_o_1_lc_state_000_access_type_00_priv_default);

property p_violation_o_1_lc_state_000_access_type_01;
@(posedge clk) (sec_req_i && lc_state_i == 3'b000 && access_type_i == 2'b01) |-> (violation_o == 1'b1);
endproperty
assert property (p_violation_o_1_lc_state_000_access_type_01);

property p_violation_o_1_lc_state_000_access_type_default;
@(posedge clk) (sec_req_i && lc_state_i == 3'b000 && access_type_i != 2'b00 && access_type_i != 2'b01) |-> (violation_o == 1'b1);
endproperty
assert property (p_violation_o_1_lc_state_000_access_type_default);

property p_allow_o_1_lc_state_001_access_type_00_priv_1;
@(posedge clk) (sec_req_i && lc_state_i == 3'b001 && access_type_i == 2'b00 && priv_i == 1'b1) |-> (allow_o == 1'b1);
endproperty
assert property (p_allow_o_1_lc_state_001_access_type_00_priv_1);

property p_violation_o_1_lc_state_001_access_type_00_priv_default;
@(posedge clk) (sec_req_i && lc_state_i == 3'b001 && access_type_i == 2'b00 && priv_i != 1'b1) |-> (violation_o == 1'b1);
endproperty
assert property (p_violation_o_1_lc_state_001_access_type_00_priv_default);

property p_allow_o_1_lc_state_001_access_type_01_priv_1;
@(posedge clk) (sec_req_i && lc_state_i == 3'b001 && access_type_i == 2'b01 && priv_i == 1'b1) |-> (allow_o == 1'b1);
endproperty
assert property (p_allow_o_1_lc_state_001_access_type_01_priv_1);

property p_violation_o_1_lc_state_001_access_type_01_priv_default;
@(posedge clk) (sec_req_i && lc_state_i == 3'b001 && access_type_i == 2'b01 && priv_i != 1'b1) |-> (violation_o == 1'b1);
endproperty
assert property (p_violation_o_1_lc_state_001_access_type_01_priv_default);

property p_violation_o_1_lc_state_001_access_type_default;
@(posedge clk) (sec_req_i && lc_state_i == 3'b001 && access_type_i != 2'b00 && access_type_i != 2'b01) |-> (violation_o == 1'b1);
endproperty
assert property (p_violation_o_1_lc_state_001_access_type_default);

property p_allow_o_1_lc_state_010_access_type_01_priv_1;
@(posedge clk) (sec_req_i && lc_state_i == 3'b010 && access_type_i == 2'b01 && priv_i == 1'b1) |-> (allow_o == 1'b1);
endproperty
assert property (p_allow_o_1_lc_state_010_access_type_01_priv_1);

property p_violation_o_1_lc_state_010_access_type_01_priv_default;
@(posedge clk) (sec_req_i && lc_state_i == 3'b010 && access_type_i == 2'b01 && priv_i != 1'b1) |-> (violation_o == 1'b1);
endproperty
assert property (p_violation_o_1_lc_state_010_access_type_01_priv_default);

property p_violation_o_1_lc_state_010_access_type_default;
@(posedge clk) (sec_req_i && lc_state_i == 3'b010 && access_type_i != 2'b01) |-> (violation_o == 1'b1);
endproperty
assert property (p_violation_o_1_lc_state_010_access_type_default);

property p_violation_o_1_lc_state_default;
@(posedge clk) (sec_req_i && lc_state_i != 3'b000 && lc_state_i != 3'b001 && lc_state_i != 3'b010) |-> (violation_o == 1'b1);
endproperty
assert property (p_violation_o_1_lc_state_default);","** Error: prueba.sv(14): (vlog-2730) Undefined variable: 'clk'.
** Error (suppressible): prueba.sv(16): (vlog-1957) The sva directive is not sensitive to a clock. Unclocked directives are not supported.
** Error: prueba.sv(19): (vlog-2730) Undefined variable: 'clk'.
** Error (suppressible): prueba.sv(21): (vlog-1957) The sva directive is not sensitive to a clock. Unclocked directives are not supported.
** Error: prueba.sv(24): (vlog-2730) Undefined variable: 'clk'.
** Error (suppressible): prueba.sv(26): (vlog-1957) The sva directive is not sensitive to a clock. Unclocked directives are not supported.
** Error: prueba.sv(29): (vlog-2730) Undefined variable: 'clk'.
** Error (suppressible): prueba.sv(31): (vlog-1957) The sva directive is not sensitive to a clock. Unclocked directives are not supported.
** Error: prueba.sv(34): (vlog-2730) Undefined variable: 'clk'.
** Error (suppressible): prueba.sv(36): (vlog-1957) The sva directive is not sensitive to a clock. Unclocked directives are not supported.
** Error: prueba.sv(39): (vlog-2730) Undefined variable: 'clk'.
** Error (suppressible): prueba.sv(41): (vlog-1957) The sva directive is not sensitive to a clock. Unclocked directives are not supported.
** Error: prueba.sv(44): (vlog-2730) Undefined variable: 'clk'.
** Error (suppressible): prueba.sv(46): (vlog-1957) The sva directive is not sensitive to a clock. Unclocked directives are not supported.
** Error: prueba.sv(49): (vlog-2730) Undefined variable: 'clk'.
** Error (suppressible): prueba.sv(51): (vlog-1957) The sva directive is not sensitive to a clock. Unclocked directives are not supported.
** Error: prueba.sv(54): (vlog-2730) Undefined variable: 'clk'.
** Error (suppressible): prueba.sv(56): (vlog-1957) The sva directive is not sensitive to a clock. Unclocked directives are not supported.
** Error: prueba.sv(59): (vlog-2730) Undefined variable: 'clk'.
** Error (suppressible): prueba.sv(61): (vlog-1957) The sva directive is not sensitive to a clock. Unclocked directives are not supported.
** Error: prueba.sv(64): (vlog-2730) Undefined variable: 'clk'.
** Error (suppressible): prueba.sv(66): (vlog-1957) The sva directive is not sensitive to a clock. Unclocked directives are not supported.
** Error: prueba.sv(69): (vlog-2730) Undefined variable: 'clk'.
** Error (suppressible): prueba.sv(71): (vlog-1957) The sva directive is not sensitive to a clock. Unclocked directives are not supported.
** Error: prueba.sv(74): (vlog-2730) Undefined variable: 'clk'.
** Error (suppressible): prueba.sv(76): (vlog-1957) The sva directive is not sensitive to a clock. Unclocked directives are not supported.
** Error: prueba.sv(14): (vlog-2730) Undefined variable: 'clk'.",266.07654333114624,2847,1624
"module chisel_priority_mux_nested (
    input  logic [3:0] sel_i,
    input  logic [7:0] in0_i,
    input  logic [7:0] in1_i,
    input  logic [7:0] in2_i,
    input  logic [7:0] in3_i,
    input  logic event_i,
    output logic [7:0] out_o
);

    always_comb begin
        out_o = 8'h00;

        case (1'b1)
            sel_i[0]: begin
                unique case (event_i)
                    1'b1: out_o = in0_i;
                    default: out_o = 8'hFF;
                endcase
            end
            sel_i[1]: begin
                unique case (event_i)
                    1'b1: out_o = in1_i;
                    default: out_o = 8'hFF;
                endcase
            end
            sel_i[2]: begin
                unique case (event_i)
                    1'b1: out_o = in2_i;
                    default: out_o = 8'hFF;
                endcase
            end
            sel_i[3]: begin
                unique case (event_i)
                    1'b1: out_o = in3_i;
                    default: out_o = 8'hFF;
                endcase
            end
            default: out_o = 8'h00;
        endcase
    end
endmodule
","property p_out_sel0_event1_assign;
@(posedge clk) (sel_i[0] && event_i == 1'b1) |-> (out_o == in0_i);
endproperty
assert property (p_out_sel0_event1_assign);

property p_out_sel0_default_assign;
@(posedge clk) (sel_i[0] && event_i != 1'b1) |-> (out_o == 8'hFF);
endproperty
assert property (p_out_sel0_default_assign);

property p_out_sel1_event1_assign;
@(posedge clk) (sel_i[1] && event_i == 1'b1) |-> (out_o == in1_i);
endproperty
assert property (p_out_sel1_event1_assign);

property p_out_sel1_default_assign;
@(posedge clk) (sel_i[1] && event_i != 1'b1) |-> (out_o == 8'hFF);
endproperty
assert property (p_out_sel1_default_assign);

property p_out_sel2_event1_assign;
@(posedge clk) (sel_i[2] && event_i == 1'b1) |-> (out_o == in2_i);
endproperty
assert property (p_out_sel2_event1_assign);

property p_out_sel2_default_assign;
@(posedge clk) (sel_i[2] && event_i != 1'b1) |-> (out_o == 8'hFF);
endproperty
assert property (p_out_sel2_default_assign);

property p_out_sel3_event1_assign;
@(posedge clk) (sel_i[3] && event_i == 1'b1) |-> (out_o == in3_i);
endproperty
assert property (p_out_sel3_event1_assign);

property p_out_sel3_default_assign;
@(posedge clk) (sel_i[3] && event_i != 1'b1) |-> (out_o == 8'hFF);
endproperty
assert property (p_out_sel3_default_assign);

property p_out_default_assign;
@(posedge clk) (!sel_i[0] && !sel_i[1] && !sel_i[2] && !sel_i[3]) |-> (out_o == 8'h00);
endproperty
assert property (p_out_default_assign);","** Error: prueba.sv(15): (vlog-2730) Undefined variable: 'clk'.
** Error (suppressible): prueba.sv(17): (vlog-1957) The sva directive is not sensitive to a clock. Unclocked directives are not supported.
** Error: prueba.sv(20): (vlog-2730) Undefined variable: 'clk'.
** Error (suppressible): prueba.sv(22): (vlog-1957) The sva directive is not sensitive to a clock. Unclocked directives are not supported.
** Error: prueba.sv(25): (vlog-2730) Undefined variable: 'clk'.
** Error (suppressible): prueba.sv(27): (vlog-1957) The sva directive is not sensitive to a clock. Unclocked directives are not supported.
** Error: prueba.sv(30): (vlog-2730) Undefined variable: 'clk'.
** Error (suppressible): prueba.sv(32): (vlog-1957) The sva directive is not sensitive to a clock. Unclocked directives are not supported.
** Error: prueba.sv(35): (vlog-2730) Undefined variable: 'clk'.
** Error (suppressible): prueba.sv(37): (vlog-1957) The sva directive is not sensitive to a clock. Unclocked directives are not supported.
** Error: prueba.sv(40): (vlog-2730) Undefined variable: 'clk'.
** Error (suppressible): prueba.sv(42): (vlog-1957) The sva directive is not sensitive to a clock. Unclocked directives are not supported.
** Error: prueba.sv(45): (vlog-2730) Undefined variable: 'clk'.
** Error (suppressible): prueba.sv(47): (vlog-1957) The sva directive is not sensitive to a clock. Unclocked directives are not supported.
** Error: prueba.sv(50): (vlog-2730) Undefined variable: 'clk'.
** Error (suppressible): prueba.sv(52): (vlog-1957) The sva directive is not sensitive to a clock. Unclocked directives are not supported.
** Error: prueba.sv(55): (vlog-2730) Undefined variable: 'clk'.
** Error (suppressible): prueba.sv(57): (vlog-1957) The sva directive is not sensitive to a clock. Unclocked directives are not supported.
** Error: prueba.sv(15): (vlog-2730) Undefined variable: 'clk'.",169.65264225006104,2721,648
"module piton_l2_coh_evict (
    input  logic [3:0] req_i,
    input  logic [1:0] line_state_i [3:0],
    input  logic [1:0] lru_i [3:0],
    input  logic [2:0] msg_type_i [3:0],
    output logic [3:0] grant_o,
    output logic [3:0] evict_o,
    output logic [3:0] nack_o
);

    always_comb begin
        grant_o = 4'b0000;
        evict_o = 4'b0000;
        nack_o  = 4'b0000;

        for (int i = 0; i < 4; i++) begin
            if (req_i[i]) begin
                unique case (line_state_i[i])
                    2'b00: begin
                        unique case (msg_type_i[i])
                            3'b000: grant_o[i] = 1'b1;
                            3'b001: begin
                                unique case (lru_i[i])
                                    2'b00: grant_o[i] = 1'b1;
                                    2'b01: evict_o[i] = 1'b1;
                                    default: nack_o[i] = 1'b1;
                                endcase
                            end
                            default: nack_o[i] = 1'b1;
                        endcase
                    end
                    2'b01: begin
                        unique case (msg_type_i[i])
                            3'b010: grant_o[i] = 1'b1;
                            default: nack_o[i] = 1'b1;
                        endcase
                    end
                    2'b10, 2'b11: nack_o[i] = 1'b1;
                    default: nack_o[i] = 1'b1;
                endcase
            end
        end
    end
endmodule
","property p_grant_000;
@(posedge clk) (req_i[i] && line_state_i[i] == 2'b00 && msg_type_i[i] == 3'b000) |-> (grant_o[i] == 1'b1);
endproperty
assert property (p_grant_000);

property p_evict_001;
@(posedge clk) (req_i[i] && line_state_i[i] == 2'b00 && msg_type_i[i] == 3'b001 && lru_i[i] == 2'b01) |-> (evict_o[i] == 1'b1);
endproperty
assert property (p_evict_001);

property p_nack_001;
@(posedge clk) (req_i[i] && line_state_i[i] == 2'b00 && msg_type_i[i] == 3'b001 && lru_i[i] != 2'b00 && lru_i[i] != 2'b01) |-> (nack_o[i] == 1'b1);
endproperty
assert property (p_nack_001);

property p_nack_default;
@(posedge clk) (req_i[i] && line_state_i[i] == 2'b00 && msg_type_i[i] != 3'b000 && msg_type_i[i] != 3'b001) |-> (nack_o[i] == 1'b1);
endproperty
assert property (p_nack_default);

property p_grant_01;
@(posedge clk) (req_i[i] && line_state_i[i] == 2'b01 && msg_type_i[i] == 3'b010) |-> (grant_o[i] == 1'b1);
endproperty
assert property (p_grant_01);

property p_nack_01;
@(posedge clk) (req_i[i] && line_state_i[i] == 2'b01 && msg_type_i[i] != 3'b010) |-> (nack_o[i] == 1'b1);
endproperty
assert property (p_nack_01);

property p_nack_1x;
@(posedge clk) (req_i[i] && (line_state_i[i] == 2'b10 || line_state_i[i] == 2'b11)) |-> (nack_o[i] == 1'b1);
endproperty
assert property (p_nack_1x);","** Error: prueba.sv(15): (vlog-2730) Undefined variable: 'i'.
** Error: prueba.sv(15): (vlog-2730) Undefined variable: 'clk'.
** Error (suppressible): prueba.sv(17): (vlog-1957) The sva directive is not sensitive to a clock. Unclocked directives are not supported.
** Error: prueba.sv(20): (vlog-2730) Undefined variable: 'i'.
** Error: prueba.sv(20): (vlog-2730) Undefined variable: 'clk'.
** Error (suppressible): prueba.sv(22): (vlog-1957) The sva directive is not sensitive to a clock. Unclocked directives are not supported.
** Error: prueba.sv(25): (vlog-2730) Undefined variable: 'i'.
** Error: prueba.sv(25): (vlog-2730) Undefined variable: 'clk'.
** Error (suppressible): prueba.sv(27): (vlog-1957) The sva directive is not sensitive to a clock. Unclocked directives are not supported.
** Error: prueba.sv(30): (vlog-2730) Undefined variable: 'i'.
** Error: prueba.sv(30): (vlog-2730) Undefined variable: 'clk'.
** Error (suppressible): prueba.sv(32): (vlog-1957) The sva directive is not sensitive to a clock. Unclocked directives are not supported.
** Error: prueba.sv(35): (vlog-2730) Undefined variable: 'i'.
** Error: prueba.sv(35): (vlog-2730) Undefined variable: 'clk'.
** Error (suppressible): prueba.sv(37): (vlog-1957) The sva directive is not sensitive to a clock. Unclocked directives are not supported.
** Error: prueba.sv(40): (vlog-2730) Undefined variable: 'i'.
** Error: prueba.sv(40): (vlog-2730) Undefined variable: 'clk'.
** Error (suppressible): prueba.sv(42): (vlog-1957) The sva directive is not sensitive to a clock. Unclocked directives are not supported.
** Error: prueba.sv(45): (vlog-2730) Undefined variable: 'i'.
** Error: prueba.sv(45): (vlog-2730) Undefined variable: 'clk'.
** Error (suppressible): prueba.sv(47): (vlog-1957) The sva directive is not sensitive to a clock. Unclocked directives are not supported.
** Error: prueba.sv(15): (vlog-2730) Undefined variable: 'i'.
** Error: prueba.sv(15): (vlog-2730) Undefined variable: 'clk'.",116.18317914009094,2835,703
"module tl_axi_obi_bridge_sec (
    input  logic tl_valid_i,
    input  logic [2:0] tl_opcode_i,
    input  logic axi_awvalid_i,
    input  logic axi_arvalid_i,
    input  logic [1:0] obi_resp_i,
    input  logic priv_i,
    output logic tl_a_valid_o,
    output logic [2:0] tl_a_opcode_o,
    output logic obi_req_o,
    output logic obi_we_o,
    output logic [1:0] axi_rresp_o
);

    always_comb begin
        tl_a_valid_o  = 1'b0;
        tl_a_opcode_o = 3'b000;
        obi_req_o     = 1'b0;
        obi_we_o      = 1'b0;
        axi_rresp_o   = 2'b00;

        if (tl_valid_i) begin
            unique case (tl_opcode_i)
                3'b000: begin
                    tl_a_valid_o  = 1'b1;
                    tl_a_opcode_o = 3'b000; // Get
                    obi_req_o     = 1'b1;
                    obi_we_o      = 1'b0;
                end
                3'b001, 3'b010: begin
                    tl_a_valid_o  = 1'b1;
                    tl_a_opcode_o = tl_opcode_i;
                    obi_req_o     = 1'b1;
                    obi_we_o      = 1'b1;
                end
                default: axi_rresp_o = 2'b11;
            endcase
        end

        unique case (1'b1)
            axi_arvalid_i: begin
                tl_a_valid_o  = 1'b1;
                tl_a_opcode_o = 3'b000;
            end
            axi_awvalid_i: begin
                tl_a_valid_o  = 1'b1;
                tl_a_opcode_o = 3'b001;
            end
        endcase

        unique case (obi_resp_i)
            2'b00: axi_rresp_o = 2'b00;
            2'b10: axi_rresp_o = 2'b10;
            default: axi_rresp_o = 2'b11;
        endcase

        if (!priv_i) begin
            axi_rresp_o = 2'b10;
            tl_a_valid_o = 1'b0;
            obi_req_o    = 1'b0;
        end
    end
endmodule
","property p_tl_a_valid_opcode_obi_req_we_assign_000;
@(posedge clk) (tl_valid_i && tl_opcode_i == 3'b000) |-> (tl_a_valid_o == 1'b1 && tl_a_opcode_o == 3'b000 && obi_req_o == 1'b1 && obi_we_o == 1'b0);
endproperty
assert property (p_tl_a_valid_opcode_obi_req_we_assign_000);

property p_tl_a_valid_opcode_obi_req_we_assign_001_010;
@(posedge clk) (tl_valid_i && (tl_opcode_i == 3'b001 || tl_opcode_i == 3'b010)) |-> (tl_a_valid_o == 1'b1 && tl_a_opcode_o == tl_opcode_i && obi_req_o == 1'b1 && obi_we_o == 1'b1);
endproperty
assert property (p_tl_a_valid_opcode_obi_req_we_assign_001_010);

property p_axi_rresp_default;
@(posedge clk) (tl_valid_i && tl_opcode_i != 3'b000 && tl_opcode_i != 3'b001 && tl_opcode_i != 3'b010) |-> (axi_rresp_o == 2'b11);
endproperty
assert property (p_axi_rresp_default);

property p_tl_a_valid_opcode_assign_arvalid;
@(posedge clk) axi_arvalid_i |-> (tl_a_valid_o == 1'b1 && tl_a_opcode_o == 3'b000);
endproperty
assert property (p_tl_a_valid_opcode_assign_arvalid);

property p_tl_a_valid_opcode_assign_awvalid;
@(posedge clk) axi_awvalid_i |-> (tl_a_valid_o == 1'b1 && tl_a_opcode_o == 3'b001);
endproperty
assert property (p_tl_a_valid_opcode_assign_awvalid);

property p_axi_rresp_obi_resp;
@(posedge clk) (obi_resp_i == 2'b00) |-> (axi_rresp_o == 2'b00);
endproperty
assert property (p_axi_rresp_obi_resp);

property p_axi_rresp_obi_resp_10;
@(posedge clk) (obi_resp_i == 2'b10) |-> (axi_rresp_o == 2'b10);
endproperty
assert property (p_axi_rresp_obi_resp_10);

property p_axi_rresp_obi_resp_default;
@(posedge clk) (obi_resp_i != 2'b00 && obi_resp_i != 2'b10) |-> (axi_rresp_o == 2'b11);
endproperty
assert property (p_axi_rresp_obi_resp_default);

property p_priv_condition;
@(posedge clk) (!priv_i) |-> (axi_rresp_o == 2'b10 && tl_a_valid_o == 1'b0 && obi_req_o == 1'b0);
endproperty
assert property (p_priv_condition);","** Error: prueba.sv(19): (vlog-2730) Undefined variable: 'clk'.
** Error (suppressible): prueba.sv(21): (vlog-1957) The sva directive is not sensitive to a clock. Unclocked directives are not supported.
** Error: prueba.sv(24): (vlog-2730) Undefined variable: 'clk'.
** Error (suppressible): prueba.sv(26): (vlog-1957) The sva directive is not sensitive to a clock. Unclocked directives are not supported.
** Error: prueba.sv(29): (vlog-2730) Undefined variable: 'clk'.
** Error (suppressible): prueba.sv(31): (vlog-1957) The sva directive is not sensitive to a clock. Unclocked directives are not supported.
** Error: prueba.sv(34): (vlog-2730) Undefined variable: 'clk'.
** Error (suppressible): prueba.sv(36): (vlog-1957) The sva directive is not sensitive to a clock. Unclocked directives are not supported.
** Error: prueba.sv(39): (vlog-2730) Undefined variable: 'clk'.
** Error (suppressible): prueba.sv(41): (vlog-1957) The sva directive is not sensitive to a clock. Unclocked directives are not supported.
** Error: prueba.sv(44): (vlog-2730) Undefined variable: 'clk'.
** Error (suppressible): prueba.sv(46): (vlog-1957) The sva directive is not sensitive to a clock. Unclocked directives are not supported.
** Error: prueba.sv(49): (vlog-2730) Undefined variable: 'clk'.
** Error (suppressible): prueba.sv(51): (vlog-1957) The sva directive is not sensitive to a clock. Unclocked directives are not supported.
** Error: prueba.sv(54): (vlog-2730) Undefined variable: 'clk'.
** Error (suppressible): prueba.sv(56): (vlog-1957) The sva directive is not sensitive to a clock. Unclocked directives are not supported.
** Error: prueba.sv(59): (vlog-2730) Undefined variable: 'clk'.
** Error (suppressible): prueba.sv(61): (vlog-1957) The sva directive is not sensitive to a clock. Unclocked directives are not supported.
** Error: prueba.sv(19): (vlog-2730) Undefined variable: 'clk'.",156.1859633922577,3005,894
"module chisel_priority_fsm (
    input  logic [7:0] evt_i,
    input  logic [3:0] state_i,
    output logic fire_o,
    output logic stall_o,
    output logic error_o
);

    always_comb begin
        fire_o  = 1'b0;
        stall_o = 1'b0;
        error_o = 1'b0;

        unique case (state_i)
            4'd0: unique case (evt_i[1:0])
                      2'b00: fire_o = 1'b1;
                      2'b01: stall_o = 1'b1;
                      default: error_o = 1'b1;
                  endcase
            4'd1: unique case (evt_i[3:2])
                      2'b00: fire_o = 1'b1;
                      2'b01: stall_o = 1'b1;
                      default: error_o = 1'b1;
                  endcase
            4'd2: unique case (evt_i[5:4])
                      2'b00: fire_o = 1'b1;
                      2'b01: stall_o = 1'b1;
                      default: error_o = 1'b1;
                  endcase
            4'd3: unique case (evt_i[7:6])
                      2'b00: fire_o = 1'b1;
                      2'b01: stall_o = 1'b1;
                      default: error_o = 1'b1;
                  endcase
            default: error_o = 1'b1;
        endcase
    end
endmodule
","property p_fire_o_state0_evt00;
@(posedge clk) (state_i == 4'd0 && evt_i[1:0] == 2'b00) |-> (fire_o == 1'b1);
endproperty
assert property (p_fire_o_state0_evt00);

property p_stall_o_state0_evt01;
@(posedge clk) (state_i == 4'd0 && evt_i[1:0] == 2'b01) |-> (stall_o == 1'b1);
endproperty
assert property (p_stall_o_state0_evt01);

property p_error_o_state0_default;
@(posedge clk) (state_i == 4'd0 && evt_i[1:0] != 2'b00 && evt_i[1:0] != 2'b01) |-> (error_o == 1'b1);
endproperty
assert property (p_error_o_state0_default);

property p_fire_o_state1_evt00;
@(posedge clk) (state_i == 4'd1 && evt_i[3:2] == 2'b00) |-> (fire_o == 1'b1);
endproperty
assert property (p_fire_o_state1_evt00);

property p_stall_o_state1_evt01;
@(posedge clk) (state_i == 4'd1 && evt_i[3:2] == 2'b01) |-> (stall_o == 1'b1);
endproperty
assert property (p_stall_o_state1_evt01);

property p_error_o_state1_default;
@(posedge clk) (state_i == 4'd1 && evt_i[3:2] != 2'b00 && evt_i[3:2] != 2'b01) |-> (error_o == 1'b1);
endproperty
assert property (p_error_o_state1_default);

property p_fire_o_state2_evt00;
@(posedge clk) (state_i == 4'd2 && evt_i[5:4] == 2'b00) |-> (fire_o == 1'b1);
endproperty
assert property (p_fire_o_state2_evt00);

property p_stall_o_state2_evt01;
@(posedge clk) (state_i == 4'd2 && evt_i[5:4] == 2'b01) |-> (stall_o == 1'b1);
endproperty
assert property (p_stall_o_state2_evt01);

property p_error_o_state2_default;
@(posedge clk) (state_i == 4'd2 && evt_i[5:4] != 2'b00 && evt_i[5:4] != 2'b01) |-> (error_o == 1'b1);
endproperty
assert property (p_error_o_state2_default);

property p_fire_o_state3_evt00;
@(posedge clk) (state_i == 4'd3 && evt_i[7:6] == 2'b00) |-> (fire_o == 1'b1);
endproperty
assert property (p_fire_o_state3_evt00);

property p_stall_o_state3_evt01;
@(posedge clk) (state_i == 4'd3 && evt_i[7:6] == 2'b01) |-> (stall_o == 1'b1);
endproperty
assert property (p_stall_o_state3_evt01);

property p_error_o_state3_default;
@(posedge clk) (state_i == 4'd3 && evt_i[7:6] != 2'b00 && evt_i[7:6] != 2'b01) |-> (error_o == 1'b1);
endproperty
assert property (p_error_o_state3_default);

property p_error_o_default;
@(posedge clk) (state_i != 4'd0 && state_i != 4'd1 && state_i != 4'd2 && state_i != 4'd3) |-> (error_o == 1'b1);
endproperty
assert property (p_error_o_default);","** Error: prueba.sv(13): (vlog-2730) Undefined variable: 'clk'.
** Error (suppressible): prueba.sv(15): (vlog-1957) The sva directive is not sensitive to a clock. Unclocked directives are not supported.
** Error: prueba.sv(18): (vlog-2730) Undefined variable: 'clk'.
** Error (suppressible): prueba.sv(20): (vlog-1957) The sva directive is not sensitive to a clock. Unclocked directives are not supported.
** Error: prueba.sv(23): (vlog-2730) Undefined variable: 'clk'.
** Error (suppressible): prueba.sv(25): (vlog-1957) The sva directive is not sensitive to a clock. Unclocked directives are not supported.
** Error: prueba.sv(28): (vlog-2730) Undefined variable: 'clk'.
** Error (suppressible): prueba.sv(30): (vlog-1957) The sva directive is not sensitive to a clock. Unclocked directives are not supported.
** Error: prueba.sv(33): (vlog-2730) Undefined variable: 'clk'.
** Error (suppressible): prueba.sv(35): (vlog-1957) The sva directive is not sensitive to a clock. Unclocked directives are not supported.
** Error: prueba.sv(38): (vlog-2730) Undefined variable: 'clk'.
** Error (suppressible): prueba.sv(40): (vlog-1957) The sva directive is not sensitive to a clock. Unclocked directives are not supported.
** Error: prueba.sv(43): (vlog-2730) Undefined variable: 'clk'.
** Error (suppressible): prueba.sv(45): (vlog-1957) The sva directive is not sensitive to a clock. Unclocked directives are not supported.
** Error: prueba.sv(48): (vlog-2730) Undefined variable: 'clk'.
** Error (suppressible): prueba.sv(50): (vlog-1957) The sva directive is not sensitive to a clock. Unclocked directives are not supported.
** Error: prueba.sv(53): (vlog-2730) Undefined variable: 'clk'.
** Error (suppressible): prueba.sv(55): (vlog-1957) The sva directive is not sensitive to a clock. Unclocked directives are not supported.
** Error: prueba.sv(58): (vlog-2730) Undefined variable: 'clk'.
** Error (suppressible): prueba.sv(60): (vlog-1957) The sva directive is not sensitive to a clock. Unclocked directives are not supported.
** Error: prueba.sv(63): (vlog-2730) Undefined variable: 'clk'.
** Error (suppressible): prueba.sv(65): (vlog-1957) The sva directive is not sensitive to a clock. Unclocked directives are not supported.
** Error: prueba.sv(68): (vlog-2730) Undefined variable: 'clk'.
** Error (suppressible): prueba.sv(70): (vlog-1957) The sva directive is not sensitive to a clock. Unclocked directives are not supported.
** Error: prueba.sv(73): (vlog-2730) Undefined variable: 'clk'.
** Error (suppressible): prueba.sv(75): (vlog-1957) The sva directive is not sensitive to a clock. Unclocked directives are not supported.
** Error: prueba.sv(13): (vlog-2730) Undefined variable: 'clk'.",183.8199908733368,2812,1137
"module sec_lc_gate_nested (
    input  logic sec_req_i,
    input  logic [2:0] lc_state_i,
    input  logic [1:0] access_type_i,
    input  logic priv_i,
    input  logic alert_i,
    output logic allow_o,
    output logic violation_o
);

    always_comb begin
        allow_o     = 1'b0;
        violation_o = 1'b0;

        if (sec_req_i) begin
            unique case (lc_state_i)
                3'b000: unique case (access_type_i)
                            2'b00: unique case (priv_i)
                                        1'b1: unique case (alert_i)
                                                    1'b0: allow_o = 1'b1;
                                                    default: violation_o = 1'b1;
                                                endcase
                                        default: violation_o = 1'b1;
                                    endcase
                            2'b01: violation_o = 1'b1;
                            default: violation_o = 1'b1;
                        endcase
                3'b001: unique case (access_type_i)
                            2'b00, 2'b01: unique case (priv_i)
                                              1'b1: allow_o = 1'b1;
                                              default: violation_o = 1'b1;
                                          endcase
                            default: violation_o = 1'b1;
                        endcase
                3'b010: unique case (access_type_i)
                            2'b01: unique case (priv_i)
                                      1'b1: allow_o = 1'b1;
                                      default: violation_o = 1'b1;
                                  endcase
                            default: violation_o = 1'b1;
                        endcase
                default: violation_o = 1'b1;
            endcase
        end
    end
endmodule
","property p_allow_o_when_conditions_met;
@(posedge clk) (sec_req_i && lc_state_i == 3'b000 && access_type_i == 2'b00 && priv_i == 1'b1 && alert_i == 1'b0) |-> (allow_o == 1'b1);
endproperty
assert property (p_allow_o_when_conditions_met);

property p_violation_o_default_lc_state_000;
@(posedge clk) (sec_req_i && lc_state_i == 3'b000 && !(access_type_i == 2'b00 && priv_i == 1'b1 && alert_i == 1'b0)) |-> (violation_o == 1'b1);
endproperty
assert property (p_violation_o_default_lc_state_000);

property p_allow_o_when_conditions_met_lc_state_001;
@(posedge clk) (sec_req_i && lc_state_i == 3'b001 && (access_type_i == 2'b00 || access_type_i == 2'b01) && priv_i == 1'b1) |-> (allow_o == 1'b1);
endproperty
assert property (p_allow_o_when_conditions_met_lc_state_001);

property p_violation_o_default_lc_state_001;
@(posedge clk) (sec_req_i && lc_state_i == 3'b001 && !((access_type_i == 2'b00 || access_type_i == 2'b01) && priv_i == 1'b1)) |-> (violation_o == 1'b1);
endproperty
assert property (p_violation_o_default_lc_state_001);

property p_allow_o_when_conditions_met_lc_state_010;
@(posedge clk) (sec_req_i && lc_state_i == 3'b010 && access_type_i == 2'b01 && priv_i == 1'b1) |-> (allow_o == 1'b1);
endproperty
assert property (p_allow_o_when_conditions_met_lc_state_010);

property p_violation_o_default_lc_state_010;
@(posedge clk) (sec_req_i && lc_state_i == 3'b010 && !(access_type_i == 2'b01 && priv_i == 1'b1)) |-> (violation_o == 1'b1);
endproperty
assert property (p_violation_o_default_lc_state_010);

property p_violation_o_default;
@(posedge clk) (sec_req_i && !(lc_state_i inside {3'b000, 3'b001, 3'b010})) |-> (violation_o == 1'b1);
endproperty
assert property (p_violation_o_default);","** Error: prueba.sv(15): (vlog-2730) Undefined variable: 'clk'.
** Error (suppressible): prueba.sv(17): (vlog-1957) The sva directive is not sensitive to a clock. Unclocked directives are not supported.
** Error: prueba.sv(20): (vlog-2730) Undefined variable: 'clk'.
** Error (suppressible): prueba.sv(22): (vlog-1957) The sva directive is not sensitive to a clock. Unclocked directives are not supported.
** Error: prueba.sv(25): (vlog-2730) Undefined variable: 'clk'.
** Error (suppressible): prueba.sv(27): (vlog-1957) The sva directive is not sensitive to a clock. Unclocked directives are not supported.
** Error: prueba.sv(30): (vlog-2730) Undefined variable: 'clk'.
** Error (suppressible): prueba.sv(32): (vlog-1957) The sva directive is not sensitive to a clock. Unclocked directives are not supported.
** Error: prueba.sv(35): (vlog-2730) Undefined variable: 'clk'.
** Error (suppressible): prueba.sv(37): (vlog-1957) The sva directive is not sensitive to a clock. Unclocked directives are not supported.
** Error: prueba.sv(40): (vlog-2730) Undefined variable: 'clk'.
** Error (suppressible): prueba.sv(42): (vlog-1957) The sva directive is not sensitive to a clock. Unclocked directives are not supported.
** Error: prueba.sv(45): (vlog-2730) Undefined variable: 'clk'.
** Error (suppressible): prueba.sv(47): (vlog-1957) The sva directive is not sensitive to a clock. Unclocked directives are not supported.
** Error: prueba.sv(15): (vlog-2730) Undefined variable: 'clk'.",131.7690072059631,2843,799
"module multi_core_bus_ctrl (
    input  logic [3:0] req_i,
    input  logic [1:0] line_state_i [3:0],
    input  logic [2:0] msg_type_i [3:0],
    input  logic priv_i [3:0],
    output logic [3:0] grant_o,
    output logic [3:0] nack_o
);

    always_comb begin
        grant_o = 4'b0000;
        nack_o  = 4'b0000;

        for (int i=0; i<4; i++) begin
            if (req_i[i]) begin
                unique case (line_state_i[i])
                    2'b00: unique case (msg_type_i[i])
                                3'b000: unique case (priv_i[i])
                                            1'b1: grant_o[i] = 1'b1;
                                            default: nack_o[i] = 1'b1;
                                        endcase
                                3'b001: grant_o[i] = 1'b1;
                                default: nack_o[i] = 1'b1;
                            endcase
                    2'b01: unique case (msg_type_i[i])
                                3'b010: grant_o[i] = 1'b1;
                                default: nack_o[i] = 1'b1;
                            endcase
                    2'b10, 2'b11: nack_o[i] = 1'b1;
                    default: nack_o[i] = 1'b1;
                endcase
            end
        end
    end
endmodule
","property p_grant_priv_i_1;
@(posedge clk) (req_i[0] && line_state_i[0] == 2'b00 && msg_type_i[0] == 3'b000 && priv_i[0] == 1'b1) |-> (grant_o[0] == 1'b1);
endproperty
assert property (p_grant_priv_i_1);

property p_nack_priv_i_default;
@(posedge clk) (req_i[0] && line_state_i[0] == 2'b00 && msg_type_i[0] == 3'b000 && priv_i[0] != 1'b1) |-> (nack_o[0] == 1'b1);
endproperty
assert property (p_nack_priv_i_default);

property p_grant_msg_type_i_001;
@(posedge clk) (req_i[0] && line_state_i[0] == 2'b00 && msg_type_i[0] == 3'b001) |-> (grant_o[0] == 1'b1);
endproperty
assert property (p_grant_msg_type_i_001);

property p_nack_msg_type_i_default;
@(posedge clk) (req_i[0] && line_state_i[0] == 2'b00 && msg_type_i[0] != 3'b000 && msg_type_i[0] != 3'b001) |-> (nack_o[0] == 1'b1);
endproperty
assert property (p_nack_msg_type_i_default);

property p_grant_line_state_i_01;
@(posedge clk) (req_i[0] && line_state_i[0] == 2'b01 && msg_type_i[0] == 3'b010) |-> (grant_o[0] == 1'b1);
endproperty
assert property (p_grant_line_state_i_01);

property p_nack_line_state_i_01;
@(posedge clk) (req_i[0] && line_state_i[0] == 2'b01 && msg_type_i[0] != 3'b010) |-> (nack_o[0] == 1'b1);
endproperty
assert property (p_nack_line_state_i_01);

property p_nack_line_state_i_1x;
@(posedge clk) (req_i[0] && (line_state_i[0] == 2'b10 || line_state_i[0] == 2'b11)) |-> (nack_o[0] == 1'b1);
endproperty
assert property (p_nack_line_state_i_1x);

property p_nack_line_state_i_default;
@(posedge clk) (req_i[0] && line_state_i[0] != 2'b00 && line_state_i[0] != 2'b01 && line_state_i[0] != 2'b10 && line_state_i[0] != 2'b11) |-> (nack_o[0] == 1'b1);
endproperty
assert property (p_nack_line_state_i_default);","** Error: prueba.sv(14): (vlog-2730) Undefined variable: 'clk'.
** Error (suppressible): prueba.sv(16): (vlog-1957) The sva directive is not sensitive to a clock. Unclocked directives are not supported.
** Error: prueba.sv(19): (vlog-2730) Undefined variable: 'clk'.
** Error (suppressible): prueba.sv(21): (vlog-1957) The sva directive is not sensitive to a clock. Unclocked directives are not supported.
** Error: prueba.sv(24): (vlog-2730) Undefined variable: 'clk'.
** Error (suppressible): prueba.sv(26): (vlog-1957) The sva directive is not sensitive to a clock. Unclocked directives are not supported.
** Error: prueba.sv(29): (vlog-2730) Undefined variable: 'clk'.
** Error (suppressible): prueba.sv(31): (vlog-1957) The sva directive is not sensitive to a clock. Unclocked directives are not supported.
** Error: prueba.sv(34): (vlog-2730) Undefined variable: 'clk'.
** Error (suppressible): prueba.sv(36): (vlog-1957) The sva directive is not sensitive to a clock. Unclocked directives are not supported.
** Error: prueba.sv(39): (vlog-2730) Undefined variable: 'clk'.
** Error (suppressible): prueba.sv(41): (vlog-1957) The sva directive is not sensitive to a clock. Unclocked directives are not supported.
** Error: prueba.sv(44): (vlog-2730) Undefined variable: 'clk'.
** Error (suppressible): prueba.sv(46): (vlog-1957) The sva directive is not sensitive to a clock. Unclocked directives are not supported.
** Error: prueba.sv(49): (vlog-2730) Undefined variable: 'clk'.
** Error (suppressible): prueba.sv(51): (vlog-1957) The sva directive is not sensitive to a clock. Unclocked directives are not supported.
** Error: prueba.sv(14): (vlog-2730) Undefined variable: 'clk'.",141.63706350326538,2775,881
"module piton_l2_evict_coh (
    input  logic [3:0] req_i,
    input  logic [1:0] line_state_i [3:0],
    input  logic [1:0] lru_i [3:0],
    input  logic [2:0] msg_type_i [3:0],
    input  logic priv_i [3:0],
    output logic [3:0] grant_o,
    output logic [3:0] evict_o,
    output logic [3:0] nack_o
);

    always_comb begin
        grant_o = 4'b0000;
        evict_o = 4'b0000;
        nack_o  = 4'b0000;

        for (int i = 0; i < 4; i++) begin
            if (req_i[i]) begin
                unique case (line_state_i[i])
                    2'b00: unique case (msg_type_i[i])
                                3'b000: unique case (priv_i[i])
                                            1'b1: grant_o[i] = 1'b1;
                                            default: nack_o[i] = 1'b1;
                                        endcase
                                3'b001: evict_o[i] = 1'b1;
                                default: nack_o[i] = 1'b1;
                            endcase
                    2'b01: unique case (lru_i[i])
                                2'b00: grant_o[i] = 1'b1;
                                2'b01: evict_o[i] = 1'b1;
                                default: nack_o[i] = 1'b1;
                            endcase
                    2'b10, 2'b11: nack_o[i] = 1'b1;
                    default: nack_o[i] = 1'b1;
                endcase
            end
        end
    end
endmodule
","property p_grant_00_priv_1;
@(posedge clk) (req_i[0] && line_state_i[0] == 2'b00 && msg_type_i[0] == 3'b000 && priv_i[0] == 1'b1) |-> (grant_o[0] == 1'b1);
endproperty
assert property (p_grant_00_priv_1);

property p_nack_00_priv_default;
@(posedge clk) (req_i[0] && line_state_i[0] == 2'b00 && msg_type_i[0] == 3'b000 && priv_i[0] != 1'b1) |-> (nack_o[0] == 1'b1);
endproperty
assert property (p_nack_00_priv_default);

property p_evict_00_001;
@(posedge clk) (req_i[0] && line_state_i[0] == 2'b00 && msg_type_i[0] == 3'b001) |-> (evict_o[0] == 1'b1);
endproperty
assert property (p_evict_00_001);

property p_nack_00_default;
@(posedge clk) (req_i[0] && line_state_i[0] == 2'b00 && msg_type_i[0] != 3'b000 && msg_type_i[0] != 3'b001) |-> (nack_o[0] == 1'b1);
endproperty
assert property (p_nack_00_default);

property p_grant_01_00;
@(posedge clk) (req_i[0] && line_state_i[0] == 2'b01 && lru_i[0] == 2'b00) |-> (grant_o[0] == 1'b1);
endproperty
assert property (p_grant_01_00);

property p_evict_01_01;
@(posedge clk) (req_i[0] && line_state_i[0] == 2'b01 && lru_i[0] == 2'b01) |-> (evict_o[0] == 1'b1);
endproperty
assert property (p_evict_01_01);

property p_nack_01_default;
@(posedge clk) (req_i[0] && line_state_i[0] == 2'b01 && lru_i[0] != 2'b00 && lru_i[0] != 2'b01) |-> (nack_o[0] == 1'b1);
endproperty
assert property (p_nack_01_default);

property p_nack_10_11;
@(posedge clk) (req_i[0] && (line_state_i[0] == 2'b10 || line_state_i[0] == 2'b11)) |-> (nack_o[0] == 1'b1);
endproperty
assert property (p_nack_10_11);

property p_nack_default;
@(posedge clk) (req_i[0] && line_state_i[0] != 2'b00 && line_state_i[0] != 2'b01 && line_state_i[0] != 2'b10 && line_state_i[0] != 2'b11) |-> (nack_o[0] == 1'b1);
endproperty
assert property (p_nack_default);","** Error: prueba.sv(16): (vlog-2730) Undefined variable: 'clk'.
** Error (suppressible): prueba.sv(18): (vlog-1957) The sva directive is not sensitive to a clock. Unclocked directives are not supported.
** Error: prueba.sv(21): (vlog-2730) Undefined variable: 'clk'.
** Error (suppressible): prueba.sv(23): (vlog-1957) The sva directive is not sensitive to a clock. Unclocked directives are not supported.
** Error: prueba.sv(26): (vlog-2730) Undefined variable: 'clk'.
** Error (suppressible): prueba.sv(28): (vlog-1957) The sva directive is not sensitive to a clock. Unclocked directives are not supported.
** Error: prueba.sv(31): (vlog-2730) Undefined variable: 'clk'.
** Error (suppressible): prueba.sv(33): (vlog-1957) The sva directive is not sensitive to a clock. Unclocked directives are not supported.
** Error: prueba.sv(36): (vlog-2730) Undefined variable: 'clk'.
** Error (suppressible): prueba.sv(38): (vlog-1957) The sva directive is not sensitive to a clock. Unclocked directives are not supported.
** Error: prueba.sv(41): (vlog-2730) Undefined variable: 'clk'.
** Error (suppressible): prueba.sv(43): (vlog-1957) The sva directive is not sensitive to a clock. Unclocked directives are not supported.
** Error: prueba.sv(46): (vlog-2730) Undefined variable: 'clk'.
** Error (suppressible): prueba.sv(48): (vlog-1957) The sva directive is not sensitive to a clock. Unclocked directives are not supported.
** Error: prueba.sv(51): (vlog-2730) Undefined variable: 'clk'.
** Error (suppressible): prueba.sv(53): (vlog-1957) The sva directive is not sensitive to a clock. Unclocked directives are not supported.
** Error: prueba.sv(56): (vlog-2730) Undefined variable: 'clk'.
** Error (suppressible): prueba.sv(58): (vlog-1957) The sva directive is not sensitive to a clock. Unclocked directives are not supported.
** Error: prueba.sv(16): (vlog-2730) Undefined variable: 'clk'.",153.56015062332153,2814,950
"module axi_tl_obi_sec (
    input  logic axi_awvalid_i,
    input  logic axi_arvalid_i,
    input  logic tl_valid_i,
    input  logic [2:0] tl_opcode_i,
    input  logic [1:0] obi_resp_i,
    input  logic priv_i,
    output logic tl_a_valid_o,
    output logic [2:0] tl_a_opcode_o,
    output logic obi_req_o,
    output logic obi_we_o,
    output logic [1:0] axi_rresp_o
);

    always_comb begin
        tl_a_valid_o  = 1'b0;
        tl_a_opcode_o = 3'b000;
        obi_req_o     = 1'b0;
        obi_we_o      = 1'b0;
        axi_rresp_o   = 2'b00;

        // TL ? OBI mapping
        if (tl_valid_i) begin
            unique case (tl_opcode_i)
                3'b000: begin
                    tl_a_valid_o  = 1'b1;
                    tl_a_opcode_o = 3'b000; // Get
                    obi_req_o     = 1'b1;
                    obi_we_o      = 1'b0;
                end
                3'b001, 3'b010: begin
                    tl_a_valid_o  = 1'b1;
                    tl_a_opcode_o = tl_opcode_i;
                    obi_req_o     = 1'b1;
                    obi_we_o      = 1'b1;
                end
                default: axi_rresp_o = 2'b11;
            endcase
        end

        // AXI ? TL mapping
        unique case (1'b1)
            axi_arvalid_i: begin
                tl_a_valid_o  = 1'b1;
                tl_a_opcode_o = 3'b000;
            end
            axi_awvalid_i: begin
                tl_a_valid_o  = 1'b1;
                tl_a_opcode_o = 3'b001;
            end
        endcase

        // OBI ? AXI response
        unique case (obi_r_
","case (opcode)
    3'b000: result = a + b;
    3'b001: result = a - b;
    3'b010: result = a * b;
    default: result = '0;
endcase","** Error: prueba.sv(47): (vlog-2730) Undefined variable: 'obi_r_'.
** Error: (vlog-13069) prueba.sv(51): near ""case"": syntax error, unexpected case, expecting ')'.",9.347317218780518,2453,69
"module chisel_event_fsm (
    input  logic [7:0] evt_i,
    input  logic [3:0] state_i,
    output logic fire_o,
    output logic stall_o,
    output logic error_o
);

    always_comb begin
        fire_o  = 1'b0;
        stall_o = 1'b0;
        error_o = 1'b0;

        unique case (state_i)
            4'd0: unique case (evt_i[1:0])
                      2'b00: fire_o = 1'b1;
                      2'b01: stall_o = 1'b1;
                      default: error_o = 1'b1;
                  endcase
            4'd1: unique case (evt_i[3:2])
                      2'b00: fire_o = 1'b1;
                      2'b01: stall_o = 1'b1;
                      default: error_o = 1'b1;
                  endcase
            4'd2: unique case (evt_i[5:4])
                      2'b00: fire_o = 1'b1;
                      2'b01: stall_o = 1'b1;
                      default: error_o = 1'b1;
                  endcase
            4'd3: unique case (evt_i[7:6])
                      2'b00: fire_o = 1'b1;
                      2'b01: stall_o = 1'b1;
                      default: error_o = 1'b1;
                  endcase
            default: error_o = 1'b1;
        endcase
    end
endmodule
","property p_fire_o_state0_evt00;
@(posedge clk) (state_i == 4'd0 && evt_i[1:0] == 2'b00) |-> (fire_o == 1'b1);
endproperty
assert property (p_fire_o_state0_evt00);

property p_stall_o_state0_evt01;
@(posedge clk) (state_i == 4'd0 && evt_i[1:0] == 2'b01) |-> (stall_o == 1'b1);
endproperty
assert property (p_stall_o_state0_evt01);

property p_error_o_state0_default;
@(posedge clk) (state_i == 4'd0 && evt_i[1:0] != 2'b00 && evt_i[1:0] != 2'b01) |-> (error_o == 1'b1);
endproperty
assert property (p_error_o_state0_default);

property p_fire_o_state1_evt00;
@(posedge clk) (state_i == 4'd1 && evt_i[3:2] == 2'b00) |-> (fire_o == 1'b1);
endproperty
assert property (p_fire_o_state1_evt00);

property p_stall_o_state1_evt01;
@(posedge clk) (state_i == 4'd1 && evt_i[3:2] == 2'b01) |-> (stall_o == 1'b1);
endproperty
assert property (p_stall_o_state1_evt01);

property p_error_o_state1_default;
@(posedge clk) (state_i == 4'd1 && evt_i[3:2] != 2'b00 && evt_i[3:2] != 2'b01) |-> (error_o == 1'b1);
endproperty
assert property (p_error_o_state1_default);

property p_fire_o_state2_evt00;
@(posedge clk) (state_i == 4'd2 && evt_i[5:4] == 2'b00) |-> (fire_o == 1'b1);
endproperty
assert property (p_fire_o_state2_evt00);

property p_stall_o_state2_evt01;
@(posedge clk) (state_i == 4'd2 && evt_i[5:4] == 2'b01) |-> (stall_o == 1'b1);
endproperty
assert property (p_stall_o_state2_evt01);

property p_error_o_state2_default;
@(posedge clk) (state_i == 4'd2 && evt_i[5:4] != 2'b00 && evt_i[5:4] != 2'b01) |-> (error_o == 1'b1);
endproperty
assert property (p_error_o_state2_default);

property p_fire_o_state3_evt00;
@(posedge clk) (state_i == 4'd3 && evt_i[7:6] == 2'b00) |-> (fire_o == 1'b1);
endproperty
assert property (p_fire_o_state3_evt00);

property p_stall_o_state3_evt01;
@(posedge clk) (state_i == 4'd3 && evt_i[7:6] == 2'b01) |-> (stall_o == 1'b1);
endproperty
assert property (p_stall_o_state3_evt01);

property p_error_o_state3_default;
@(posedge clk) (state_i == 4'd3 && evt_i[7:6] != 2'b00 && evt_i[7:6] != 2'b01) |-> (error_o == 1'b1);
endproperty
assert property (p_error_o_state3_default);

property p_error_o_default;
@(posedge clk) (state_i != 4'd0 && state_i != 4'd1 && state_i != 4'd2 && state_i != 4'd3) |-> (error_o == 1'b1);
endproperty
assert property (p_error_o_default);","** Error: prueba.sv(13): (vlog-2730) Undefined variable: 'clk'.
** Error (suppressible): prueba.sv(15): (vlog-1957) The sva directive is not sensitive to a clock. Unclocked directives are not supported.
** Error: prueba.sv(18): (vlog-2730) Undefined variable: 'clk'.
** Error (suppressible): prueba.sv(20): (vlog-1957) The sva directive is not sensitive to a clock. Unclocked directives are not supported.
** Error: prueba.sv(23): (vlog-2730) Undefined variable: 'clk'.
** Error (suppressible): prueba.sv(25): (vlog-1957) The sva directive is not sensitive to a clock. Unclocked directives are not supported.
** Error: prueba.sv(28): (vlog-2730) Undefined variable: 'clk'.
** Error (suppressible): prueba.sv(30): (vlog-1957) The sva directive is not sensitive to a clock. Unclocked directives are not supported.
** Error: prueba.sv(33): (vlog-2730) Undefined variable: 'clk'.
** Error (suppressible): prueba.sv(35): (vlog-1957) The sva directive is not sensitive to a clock. Unclocked directives are not supported.
** Error: prueba.sv(38): (vlog-2730) Undefined variable: 'clk'.
** Error (suppressible): prueba.sv(40): (vlog-1957) The sva directive is not sensitive to a clock. Unclocked directives are not supported.
** Error: prueba.sv(43): (vlog-2730) Undefined variable: 'clk'.
** Error (suppressible): prueba.sv(45): (vlog-1957) The sva directive is not sensitive to a clock. Unclocked directives are not supported.
** Error: prueba.sv(48): (vlog-2730) Undefined variable: 'clk'.
** Error (suppressible): prueba.sv(50): (vlog-1957) The sva directive is not sensitive to a clock. Unclocked directives are not supported.
** Error: prueba.sv(53): (vlog-2730) Undefined variable: 'clk'.
** Error (suppressible): prueba.sv(55): (vlog-1957) The sva directive is not sensitive to a clock. Unclocked directives are not supported.
** Error: prueba.sv(58): (vlog-2730) Undefined variable: 'clk'.
** Error (suppressible): prueba.sv(60): (vlog-1957) The sva directive is not sensitive to a clock. Unclocked directives are not supported.
** Error: prueba.sv(63): (vlog-2730) Undefined variable: 'clk'.
** Error (suppressible): prueba.sv(65): (vlog-1957) The sva directive is not sensitive to a clock. Unclocked directives are not supported.
** Error: prueba.sv(68): (vlog-2730) Undefined variable: 'clk'.
** Error (suppressible): prueba.sv(70): (vlog-1957) The sva directive is not sensitive to a clock. Unclocked directives are not supported.
** Error: prueba.sv(73): (vlog-2730) Undefined variable: 'clk'.
** Error (suppressible): prueba.sv(75): (vlog-1957) The sva directive is not sensitive to a clock. Unclocked directives are not supported.
** Error: prueba.sv(13): (vlog-2730) Undefined variable: 'clk'.",184.25182676315308,2812,1137
"module sec_lc_multi_lvl (
    input  logic sec_req_i,
    input  logic [2:0] lc_state_i,
    input  logic [1:0] access_type_i,
    input  logic priv_i,
    input  logic alert_i,
    output logic allow_o,
    output logic violation_o
);

    always_comb begin
        allow_o     = 1'b0;
        violation_o = 1'b0;

        if (sec_req_i) begin
            unique case (lc_state_i)
                3'b000: unique case (access_type_i)
                            2'b00: unique case (priv_i)
                                        1'b1: unique case (alert_i)
                                                    1'b0: allow_o = 1'b1;
                                                    default: violation_o = 1'b1;
                                                endcase
                                        default: violation_o = 1'b1;
                                    endcase
                            2'b01: violation_o = 1'b1;
                            default: violation_o = 1'b1;
                        endcase
                3'b001: unique case (access_type_i)
                            2'b00, 2'b01: unique case (priv_i)
                                              1'b1: allow_o = 1'b1;
                                              default: violation_o = 1'b1;
                                          endcase
                            default: violation_o = 1'b1;
                        endcase
                3'b010: unique case (access_type_i)
                            2'b01: unique case (priv_i)
                                      1'b1: allow_o = 1'b1;
                                      default: violation_o = 1'b1;
                                  endcase
                            default: violation_o = 1'b1;
                        endcase
                default: violation_o = 1'b1;
            endcase
        end
    end
endmodule
","property p_allow_o_1_000_00_1_0;
@(posedge clk) (sec_req_i && lc_state_i == 3'b000 && access_type_i == 2'b00 && priv_i == 1'b1 && alert_i == 1'b0) |-> (allow_o == 1'b1);
endproperty
assert property (p_allow_o_1_000_00_1_0);

property p_violation_o_1_000_00_1_1;
@(posedge clk) (sec_req_i && lc_state_i == 3'b000 && access_type_i == 2'b00 && priv_i == 1'b1 && alert_i == 1'b1) |-> (violation_o == 1'b1);
endproperty
assert property (p_violation_o_1_000_00_1_1);

property p_violation_o_1_000_00_default;
@(posedge clk) (sec_req_i && lc_state_i == 3'b000 && access_type_i == 2'b00 && priv_i != 1'b1) |-> (violation_o == 1'b1);
endproperty
assert property (p_violation_o_1_000_00_default);

property p_violation_o_1_000_01;
@(posedge clk) (sec_req_i && lc_state_i == 3'b000 && access_type_i == 2'b01) |-> (violation_o == 1'b1);
endproperty
assert property (p_violation_o_1_000_01);

property p_violation_o_1_000_default;
@(posedge clk) (sec_req_i && lc_state_i == 3'b000 && access_type_i != 2'b00 && access_type_i != 2'b01) |-> (violation_o == 1'b1);
endproperty
assert property (p_violation_o_1_000_default);

property p_allow_o_1_001_00_1;
@(posedge clk) (sec_req_i && lc_state_i == 3'b001 && access_type_i inside {2'b00, 2'b01} && priv_i == 1'b1) |-> (allow_o == 1'b1);
endproperty
assert property (p_allow_o_1_001_00_1);

property p_violation_o_1_001_00_default;
@(posedge clk) (sec_req_i && lc_state_i == 3'b001 && access_type_i inside {2'b00, 2'b01} && priv_i != 1'b1) |-> (violation_o == 1'b1);
endproperty
assert property (p_violation_o_1_001_00_default);

property p_violation_o_1_001_default;
@(posedge clk) (sec_req_i && lc_state_i == 3'b001 && !(access_type_i inside {2'b00, 2'b01})) |-> (violation_o == 1'b1);
endproperty
assert property (p_violation_o_1_001_default);

property p_allow_o_1_010_01_1;
@(posedge clk) (sec_req_i && lc_state_i == 3'b010 && access_type_i == 2'b01 && priv_i == 1'b1) |-> (allow_o == 1'b1);
endproperty
assert property (p_allow_o_1_010_01_1);

property p_violation_o_1_010_01_default;
@(posedge clk) (sec_req_i && lc_state_i == 3'b010 && access_type_i == 2'b01 && priv_i != 1'b1) |-> (violation_o == 1'b1);
endproperty
assert property (p_violation_o_1_010_01_default);

property p_violation_o_1_010_default;
@(posedge clk) (sec_req_i && lc_state_i == 3'b010 && access_type_i != 2'b01) |-> (violation_o == 1'b1);
endproperty
assert property (p_violation_o_1_010_default);

property p_violation_o_1_default;
@(posedge clk) (sec_req_i && lc_state_i != 3'b000 && lc_state_i != 3'b001 && lc_state_i != 3'b010) |-> (violation_o == 1'b1);
endproperty
assert property (p_violation_o_1_default);","** Error: prueba.sv(15): (vlog-2730) Undefined variable: 'clk'.
** Error (suppressible): prueba.sv(17): (vlog-1957) The sva directive is not sensitive to a clock. Unclocked directives are not supported.
** Error: prueba.sv(20): (vlog-2730) Undefined variable: 'clk'.
** Error (suppressible): prueba.sv(22): (vlog-1957) The sva directive is not sensitive to a clock. Unclocked directives are not supported.
** Error: prueba.sv(25): (vlog-2730) Undefined variable: 'clk'.
** Error (suppressible): prueba.sv(27): (vlog-1957) The sva directive is not sensitive to a clock. Unclocked directives are not supported.
** Error: prueba.sv(30): (vlog-2730) Undefined variable: 'clk'.
** Error (suppressible): prueba.sv(32): (vlog-1957) The sva directive is not sensitive to a clock. Unclocked directives are not supported.
** Error: prueba.sv(35): (vlog-2730) Undefined variable: 'clk'.
** Error (suppressible): prueba.sv(37): (vlog-1957) The sva directive is not sensitive to a clock. Unclocked directives are not supported.
** Error: prueba.sv(40): (vlog-2730) Undefined variable: 'clk'.
** Error (suppressible): prueba.sv(42): (vlog-1957) The sva directive is not sensitive to a clock. Unclocked directives are not supported.
** Error: prueba.sv(45): (vlog-2730) Undefined variable: 'clk'.
** Error (suppressible): prueba.sv(47): (vlog-1957) The sva directive is not sensitive to a clock. Unclocked directives are not supported.
** Error: prueba.sv(50): (vlog-2730) Undefined variable: 'clk'.
** Error (suppressible): prueba.sv(52): (vlog-1957) The sva directive is not sensitive to a clock. Unclocked directives are not supported.
** Error: prueba.sv(55): (vlog-2730) Undefined variable: 'clk'.
** Error (suppressible): prueba.sv(57): (vlog-1957) The sva directive is not sensitive to a clock. Unclocked directives are not supported.
** Error: prueba.sv(60): (vlog-2730) Undefined variable: 'clk'.
** Error (suppressible): prueba.sv(62): (vlog-1957) The sva directive is not sensitive to a clock. Unclocked directives are not supported.
** Error: prueba.sv(65): (vlog-2730) Undefined variable: 'clk'.
** Error (suppressible): prueba.sv(67): (vlog-1957) The sva directive is not sensitive to a clock. Unclocked directives are not supported.
** Error: prueba.sv(70): (vlog-2730) Undefined variable: 'clk'.
** Error (suppressible): prueba.sv(72): (vlog-1957) The sva directive is not sensitive to a clock. Unclocked directives are not supported.
** Error: prueba.sv(15): (vlog-2730) Undefined variable: 'clk'.",216.56045508384705,2843,1323
"module multi_core_bus_arb (
    input  logic [3:0] req_i,
    input  logic [1:0] line_state_i [3:0],
    input  logic [2:0] msg_type_i [3:0],
    input  logic priv_i [3:0],
    output logic [3:0] grant_o,
    output logic [3:0] nack_o
);

    always_comb begin
        grant_o = 4'b0000;
        nack_o  = 4'b0000;

        for (int i=0; i<4; i++) begin
            if (req_i[i]) begin
                unique case (line_state_i[i])
                    2'b00: unique case (msg_type_i[i])
                                3'b000: unique case (priv_i[i])
                                            1'b1: grant_o[i] = 1'b1;
                                            default: nack_o[i] = 1'b1;
                                        endcase
                                3'b001: grant_o[i] = 1'b1;
                                default: nack_o[i] = 1'b1;
                            endcase
                    2'b01: unique case (msg_type_i[i])
                                3'b010: grant_o[i] = 1'b1;
                                default: nack_o[i] = 1'b1;
                            endcase
                    2'b10, 2'b11: nack_o[i] = 1'b1;
                    default: nack_o[i] = 1'b1;
                endcase
            end
        end
    end
endmodule
","property p_grant_priv_1_assign;
@(posedge clk) (req_i[i] && line_state_i[i] == 2'b00 && msg_type_i[i] == 3'b000 && priv_i[i] == 1'b1) |-> (grant_o[i] == 1'b1);
endproperty
assert property (p_grant_priv_1_assign);

property p_nack_priv_default_assign;
@(posedge clk) (req_i[i] && line_state_i[i] == 2'b00 && msg_type_i[i] == 3'b000 && priv_i[i] != 1'b1) |-> (nack_o[i] == 1'b1);
endproperty
assert property (p_nack_priv_default_assign);

property p_grant_msg_type_001_assign;
@(posedge clk) (req_i[i] && line_state_i[i] == 2'b00 && msg_type_i[i] == 3'b001) |-> (grant_o[i] == 1'b1);
endproperty
assert property (p_grant_msg_type_001_assign);

property p_nack_msg_type_default_assign;
@(posedge clk) (req_i[i] && line_state_i[i] == 2'b00 && msg_type_i[i] != 3'b000 && msg_type_i[i] != 3'b001) |-> (nack_o[i] == 1'b1);
endproperty
assert property (p_nack_msg_type_default_assign);

property p_grant_line_state_01_msg_type_010_assign;
@(posedge clk) (req_i[i] && line_state_i[i] == 2'b01 && msg_type_i[i] == 3'b010) |-> (grant_o[i] == 1'b1);
endproperty
assert property (p_grant_line_state_01_msg_type_010_assign);

property p_nack_line_state_01_default_assign;
@(posedge clk) (req_i[i] && line_state_i[i] == 2'b01 && msg_type_i[i] != 3'b010) |-> (nack_o[i] == 1'b1);
endproperty
assert property (p_nack_line_state_01_default_assign);

property p_nack_line_state_1x_assign;
@(posedge clk) (req_i[i] && (line_state_i[i] == 2'b10 || line_state_i[i] == 2'b11)) |-> (nack_o[i] == 1'b1);
endproperty
assert property (p_nack_line_state_1x_assign);

property p_nack_line_state_default_assign;
@(posedge clk) (req_i[i] && line_state_i[i] != 2'b00 && line_state_i[i] != 2'b01 && line_state_i[i] != 2'b10 && line_state_i[i] != 2'b11) |-> (nack_o[i] == 1'b1);
endproperty
assert property (p_nack_line_state_default_assign);","** Error: prueba.sv(14): (vlog-2730) Undefined variable: 'i'.
** Error: prueba.sv(14): (vlog-2730) Undefined variable: 'clk'.
** Error (suppressible): prueba.sv(16): (vlog-1957) The sva directive is not sensitive to a clock. Unclocked directives are not supported.
** Error: prueba.sv(19): (vlog-2730) Undefined variable: 'i'.
** Error: prueba.sv(19): (vlog-2730) Undefined variable: 'clk'.
** Error (suppressible): prueba.sv(21): (vlog-1957) The sva directive is not sensitive to a clock. Unclocked directives are not supported.
** Error: prueba.sv(24): (vlog-2730) Undefined variable: 'i'.
** Error: prueba.sv(24): (vlog-2730) Undefined variable: 'clk'.
** Error (suppressible): prueba.sv(26): (vlog-1957) The sva directive is not sensitive to a clock. Unclocked directives are not supported.
** Error: prueba.sv(29): (vlog-2730) Undefined variable: 'i'.
** Error: prueba.sv(29): (vlog-2730) Undefined variable: 'clk'.
** Error (suppressible): prueba.sv(31): (vlog-1957) The sva directive is not sensitive to a clock. Unclocked directives are not supported.
** Error: prueba.sv(34): (vlog-2730) Undefined variable: 'i'.
** Error: prueba.sv(34): (vlog-2730) Undefined variable: 'clk'.
** Error (suppressible): prueba.sv(36): (vlog-1957) The sva directive is not sensitive to a clock. Unclocked directives are not supported.
** Error: prueba.sv(39): (vlog-2730) Undefined variable: 'i'.
** Error: prueba.sv(39): (vlog-2730) Undefined variable: 'clk'.
** Error (suppressible): prueba.sv(41): (vlog-1957) The sva directive is not sensitive to a clock. Unclocked directives are not supported.
** Error: prueba.sv(44): (vlog-2730) Undefined variable: 'i'.
** Error: prueba.sv(44): (vlog-2730) Undefined variable: 'clk'.
** Error (suppressible): prueba.sv(46): (vlog-1957) The sva directive is not sensitive to a clock. Unclocked directives are not supported.
** Error: prueba.sv(49): (vlog-2730) Undefined variable: 'i'.
** Error: prueba.sv(49): (vlog-2730) Undefined variable: 'clk'.
** Error (suppressible): prueba.sv(51): (vlog-1957) The sva directive is not sensitive to a clock. Unclocked directives are not supported.
** Error: prueba.sv(14): (vlog-2730) Undefined variable: 'i'.
** Error: prueba.sv(14): (vlog-2730) Undefined variable: 'clk'.",211.11689925193787,2775,901
"module piton_l2_coh_evict_arb (
    input  logic [3:0] req_i,
    input  logic [1:0] line_state_i [3:0],
    input  logic [1:0] lru_i [3:0],
    input  logic [2:0] msg_type_i [3:0],
    input  logic priv_i [3:0],
    output logic [3:0] grant_o,
    output logic [3:0] evict_o,
    output logic [3:0] nack_o
);

    always_comb begin
        grant_o = 4'b0000;
        evict_o = 4'b0000;
        nack_o  = 4'b0000;

        for (int i = 0; i < 4; i++) begin
            if (req_i[i]) begin
                unique case (line_state_i[i])
                    2'b00: unique case (msg_type_i[i])
                                3'b000: unique case (priv_i[i])
                                            1'b1: grant_o[i] = 1'b1;
                                            default: nack_o[i] = 1'b1;
                                        endcase
                                3'b001: evict_o[i] = 1'b1;
                                default: nack_o[i] = 1'b1;
                            endcase
                    2'b01: unique case (lru_i[i])
                                2'b00: grant_o[i] = 1'b1;
                                2'b01: evict_o[i] = 1'b1;
                                default: nack_o[i] = 1'b1;
                            endcase
                    2'b10, 2'b11: nack_o[i] = 1'b1;
                    default: nack_o[i] = 1'b1;
                endcase
            end
        end
    end
endmodule
","property p_grant_00_000_1;
@(posedge clk) (req_i[0] && line_state_i[0] == 2'b00 && msg_type_i[0] == 3'b000 && priv_i[0] == 1'b1) |-> (grant_o[0] == 1'b1);
endproperty
assert property (p_grant_00_000_1);

property p_nack_00_000_default;
@(posedge clk) (req_i[0] && line_state_i[0] == 2'b00 && msg_type_i[0] == 3'b000 && priv_i[0] != 1'b1) |-> (nack_o[0] == 1'b1);
endproperty
assert property (p_nack_00_000_default);

property p_evict_00_001;
@(posedge clk) (req_i[0] && line_state_i[0] == 2'b00 && msg_type_i[0] == 3'b001) |-> (evict_o[0] == 1'b1);
endproperty
assert property (p_evict_00_001);

property p_nack_00_default;
@(posedge clk) (req_i[0] && line_state_i[0] == 2'b00 && msg_type_i[0] != 3'b000 && msg_type_i[0] != 3'b001) |-> (nack_o[0] == 1'b1);
endproperty
assert property (p_nack_00_default);

property p_grant_01_00;
@(posedge clk) (req_i[0] && line_state_i[0] == 2'b01 && lru_i[0] == 2'b00) |-> (grant_o[0] == 1'b1);
endproperty
assert property (p_grant_01_00);

property p_evict_01_01;
@(posedge clk) (req_i[0] && line_state_i[0] == 2'b01 && lru_i[0] == 2'b01) |-> (evict_o[0] == 1'b1);
endproperty
assert property (p_evict_01_01);

property p_nack_01_default;
@(posedge clk) (req_i[0] && line_state_i[0] == 2'b01 && lru_i[0] != 2'b00 && lru_i[0] != 2'b01) |-> (nack_o[0] == 1'b1);
endproperty
assert property (p_nack_01_default);

property p_nack_10_11;
@(posedge clk) (req_i[0] && (line_state_i[0] == 2'b10 || line_state_i[0] == 2'b11)) |-> (nack_o[0] == 1'b1);
endproperty
assert property (p_nack_10_11);

property p_nack_default;
@(posedge clk) (req_i[0] && line_state_i[0] != 2'b00 && line_state_i[0] != 2'b01 && line_state_i[0] != 2'b10 && line_state_i[0] != 2'b11) |-> (nack_o[0] == 1'b1);
endproperty
assert property (p_nack_default);","** Error: prueba.sv(16): (vlog-2730) Undefined variable: 'clk'.
** Error (suppressible): prueba.sv(18): (vlog-1957) The sva directive is not sensitive to a clock. Unclocked directives are not supported.
** Error: prueba.sv(21): (vlog-2730) Undefined variable: 'clk'.
** Error (suppressible): prueba.sv(23): (vlog-1957) The sva directive is not sensitive to a clock. Unclocked directives are not supported.
** Error: prueba.sv(26): (vlog-2730) Undefined variable: 'clk'.
** Error (suppressible): prueba.sv(28): (vlog-1957) The sva directive is not sensitive to a clock. Unclocked directives are not supported.
** Error: prueba.sv(31): (vlog-2730) Undefined variable: 'clk'.
** Error (suppressible): prueba.sv(33): (vlog-1957) The sva directive is not sensitive to a clock. Unclocked directives are not supported.
** Error: prueba.sv(36): (vlog-2730) Undefined variable: 'clk'.
** Error (suppressible): prueba.sv(38): (vlog-1957) The sva directive is not sensitive to a clock. Unclocked directives are not supported.
** Error: prueba.sv(41): (vlog-2730) Undefined variable: 'clk'.
** Error (suppressible): prueba.sv(43): (vlog-1957) The sva directive is not sensitive to a clock. Unclocked directives are not supported.
** Error: prueba.sv(46): (vlog-2730) Undefined variable: 'clk'.
** Error (suppressible): prueba.sv(48): (vlog-1957) The sva directive is not sensitive to a clock. Unclocked directives are not supported.
** Error: prueba.sv(51): (vlog-2730) Undefined variable: 'clk'.
** Error (suppressible): prueba.sv(53): (vlog-1957) The sva directive is not sensitive to a clock. Unclocked directives are not supported.
** Error: prueba.sv(56): (vlog-2730) Undefined variable: 'clk'.
** Error (suppressible): prueba.sv(58): (vlog-1957) The sva directive is not sensitive to a clock. Unclocked directives are not supported.
** Error: prueba.sv(16): (vlog-2730) Undefined variable: 'clk'.",155.20763182640076,2814,958
"module tl_axi_obi_bridge_err (
    input  logic tl_valid_i,
    input  logic [2:0] tl_opcode_i,
    input  logic axi_awvalid_i,
    input  logic axi_arvalid_i,
    input  logic [1:0] obi_resp_i,
    input  logic priv_i,
    output logic tl_a_valid_o,
    output logic [2:0] tl_a_opcode_o,
    output logic obi_req_o,
    output logic obi_we_o,
    output logic [1:0] axi_rresp_o
);

    always_comb begin
        tl_a_valid_o  = 1'b0;
        tl_a_opcode_o = 3'b000;
        obi_req_o     = 1'b0;
        obi_we_o      = 1'b0;
        axi_rresp_o   = 2'b00;

        // TL ? OBI mapping
        if (tl_valid_i) begin
            unique case (tl_opcode_i)
                3'b000: begin
                    tl_a_valid_o  = 1'b1;
                    tl_a_opcode_o = 3'b000; // Get
                    obi_req_o     = 1'b1;
                    obi_we_o      = 1'b0;
                end
                3'b001, 3'b010: begin
                    tl_a_valid_o  = 1'b1;
                    tl_a_opcode_o = tl_opcode_i;
                    obi_req_o     = 1'b1;
                    obi_we_o      = 1'b1;
                end
                default: axi_rresp_o = 2'b11; // DECERR
            endcase
        end

        // AXI ? TL mapping
        unique case (1'b1)
            axi_arvalid_i: begin
                tl_a_valid_o  = 1'b1;
                tl_a_opcode_o = 3'b000;
            end
            axi_awvalid_i: begin
                tl_a_valid_o  = 1'b1;
                tl_a_opcode_o = 3'b001;
            end
        endcase

        // OBI ? AXI Response
        unique case (obi_resp_i)
            2'b00: axi_rresp_o = 2'b00;
            2'b10: axi_rresp_o = 2'b10;
            default: axi_rresp_o = 2'b11;
        endcase

        // Privilege enforcement
        if (!priv_i) begin
            tl_a_valid_o = 1'b0;
            obi_req_o    = 1'b0;
            axi_rresp_o  = 2'b10;
        end
    end
endmodule
","property p_tl_a_valid_opcode0;
@(posedge clk) (tl_valid_i && tl_opcode_i == 3'b000) |-> (tl_a_valid_o == 1'b1 && tl_a_opcode_o == 3'b000 && obi_req_o == 1'b1 && obi_we_o == 1'b0);
endproperty
assert property (p_tl_a_valid_opcode0);

property p_tl_a_valid_opcode1;
@(posedge clk) (tl_valid_i && tl_opcode_i == 3'b001) |-> (tl_a_valid_o == 1'b1 && tl_a_opcode_o == 3'b001 && obi_req_o == 1'b1 && obi_we_o == 1'b1);
endproperty
assert property (p_tl_a_valid_opcode1);

property p_tl_a_valid_opcode2;
@(posedge clk) (tl_valid_i && tl_opcode_i == 3'b010) |-> (tl_a_valid_o == 1'b1 && tl_a_opcode_o == 3'b010 && obi_req_o == 1'b1 && obi_we_o == 1'b1);
endproperty
assert property (p_tl_a_valid_opcode2);

property p_axi_rresp_default;
@(posedge clk) (tl_valid_i && tl_opcode_i != 3'b000 && tl_opcode_i != 3'b001 && tl_opcode_i != 3'b010) |-> (axi_rresp_o == 2'b11);
endproperty
assert property (p_axi_rresp_default);

property p_tl_a_valid_arvalid;
@(posedge clk) axi_arvalid_i |-> (tl_a_valid_o == 1'b1 && tl_a_opcode_o == 3'b000);
endproperty
assert property (p_tl_a_valid_arvalid);

property p_tl_a_valid_awvalid;
@(posedge clk) axi_awvalid_i |-> (tl_a_valid_o == 1'b1 && tl_a_opcode_o == 3'b001);
endproperty
assert property (p_tl_a_valid_awvalid);

property p_axi_rresp_obi_resp00;
@(posedge clk) obi_resp_i == 2'b00 |-> (axi_rresp_o == 2'b00);
endproperty
assert property (p_axi_rresp_obi_resp00);

property p_axi_rresp_obi_resp10;
@(posedge clk) obi_resp_i == 2'b10 |-> (axi_rresp_o == 2'b10);
endproperty
assert property (p_axi_rresp_obi_resp10);

property p_axi_rresp_obi_resp_default;
@(posedge clk) obi_resp_i != 2'b00 && obi_resp_i != 2'b10 |-> (axi_rresp_o == 2'b11);
endproperty
assert property (p_axi_rresp_obi_resp_default);

property p_priv_low;
@(posedge clk) !priv_i |-> (tl_a_valid_o == 1'b0 && obi_req_o == 1'b0 && axi_rresp_o == 2'b10);
endproperty
assert property (p_priv_low);","** Error: prueba.sv(19): (vlog-2730) Undefined variable: 'clk'.
** Error (suppressible): prueba.sv(21): (vlog-1957) The sva directive is not sensitive to a clock. Unclocked directives are not supported.
** Error: prueba.sv(24): (vlog-2730) Undefined variable: 'clk'.
** Error (suppressible): prueba.sv(26): (vlog-1957) The sva directive is not sensitive to a clock. Unclocked directives are not supported.
** Error: prueba.sv(29): (vlog-2730) Undefined variable: 'clk'.
** Error (suppressible): prueba.sv(31): (vlog-1957) The sva directive is not sensitive to a clock. Unclocked directives are not supported.
** Error: prueba.sv(34): (vlog-2730) Undefined variable: 'clk'.
** Error (suppressible): prueba.sv(36): (vlog-1957) The sva directive is not sensitive to a clock. Unclocked directives are not supported.
** Error: prueba.sv(39): (vlog-2730) Undefined variable: 'clk'.
** Error (suppressible): prueba.sv(41): (vlog-1957) The sva directive is not sensitive to a clock. Unclocked directives are not supported.
** Error: prueba.sv(44): (vlog-2730) Undefined variable: 'clk'.
** Error (suppressible): prueba.sv(46): (vlog-1957) The sva directive is not sensitive to a clock. Unclocked directives are not supported.
** Error: prueba.sv(49): (vlog-2730) Undefined variable: 'clk'.
** Error (suppressible): prueba.sv(51): (vlog-1957) The sva directive is not sensitive to a clock. Unclocked directives are not supported.
** Error: prueba.sv(54): (vlog-2730) Undefined variable: 'clk'.
** Error (suppressible): prueba.sv(56): (vlog-1957) The sva directive is not sensitive to a clock. Unclocked directives are not supported.
** Error: prueba.sv(59): (vlog-2730) Undefined variable: 'clk'.
** Error (suppressible): prueba.sv(61): (vlog-1957) The sva directive is not sensitive to a clock. Unclocked directives are not supported.
** Error: prueba.sv(64): (vlog-2730) Undefined variable: 'clk'.
** Error (suppressible): prueba.sv(66): (vlog-1957) The sva directive is not sensitive to a clock. Unclocked directives are not supported.
** Error: prueba.sv(19): (vlog-2730) Undefined variable: 'clk'.",161.76349258422852,3007,930
"module chisel_event_fsm_prio (
    input  logic [7:0] evt_i,
    input  logic [3:0] state_i,
    output logic fire_o,
    output logic stall_o,
    output logic error_o
);

    always_comb begin
        fire_o  = 1'b0;
        stall_o = 1'b0;
        error_o = 1'b0;

        unique case (state_i)
            4'd0: unique case (evt_i[1:0])
                      2'b00: fire_o = 1'b1;
                      2'b01: stall_o = 1'b1;
                      default: error_o = 1'b1;
                  endcase
            4'd1: unique case (evt_i[3:2])
                      2'b00: fire_o = 1'b1;
                      2'b01: stall_o = 1'b1;
                      default: error_o = 1'b1;
                  endcase
            4'd2: unique case (evt_i[5:4])
                      2'b00: fire_o = 1'b1;
                      2'b01: stall_o = 1'b1;
                      default: error_o = 1'b1;
                  endcase
            4'd3: unique case (evt_i[7:6])
                      2'b00: fire_o = 1'b1;
                      2'b01: stall_o = 1'b1;
                      default: error_o = 1'b1;
                  endcase
            default: error_o = 1'b1;
        endcase
    end
endmodule
","property p_fire_o_state0_evt00;
@(posedge clk) (state_i == 4'd0 && evt_i[1:0] == 2'b00) |-> (fire_o == 1'b1);
endproperty
assert property (p_fire_o_state0_evt00);

property p_stall_o_state0_evt01;
@(posedge clk) (state_i == 4'd0 && evt_i[1:0] == 2'b01) |-> (stall_o == 1'b1);
endproperty
assert property (p_stall_o_state0_evt01);

property p_error_o_state0_default;
@(posedge clk) (state_i == 4'd0 && evt_i[1:0] != 2'b00 && evt_i[1:0] != 2'b01) |-> (error_o == 1'b1);
endproperty
assert property (p_error_o_state0_default);

property p_fire_o_state1_evt00;
@(posedge clk) (state_i == 4'd1 && evt_i[3:2] == 2'b00) |-> (fire_o == 1'b1);
endproperty
assert property (p_fire_o_state1_evt00);

property p_stall_o_state1_evt01;
@(posedge clk) (state_i == 4'd1 && evt_i[3:2] == 2'b01) |-> (stall_o == 1'b1);
endproperty
assert property (p_stall_o_state1_evt01);

property p_error_o_state1_default;
@(posedge clk) (state_i == 4'd1 && evt_i[3:2] != 2'b00 && evt_i[3:2] != 2'b01) |-> (error_o == 1'b1);
endproperty
assert property (p_error_o_state1_default);

property p_fire_o_state2_evt00;
@(posedge clk) (state_i == 4'd2 && evt_i[5:4] == 2'b00) |-> (fire_o == 1'b1);
endproperty
assert property (p_fire_o_state2_evt00);

property p_stall_o_state2_evt01;
@(posedge clk) (state_i == 4'd2 && evt_i[5:4] == 2'b01) |-> (stall_o == 1'b1);
endproperty
assert property (p_stall_o_state2_evt01);

property p_error_o_state2_default;
@(posedge clk) (state_i == 4'd2 && evt_i[5:4] != 2'b00 && evt_i[5:4] != 2'b01) |-> (error_o == 1'b1);
endproperty
assert property (p_error_o_state2_default);

property p_fire_o_state3_evt00;
@(posedge clk) (state_i == 4'd3 && evt_i[7:6] == 2'b00) |-> (fire_o == 1'b1);
endproperty
assert property (p_fire_o_state3_evt00);

property p_stall_o_state3_evt01;
@(posedge clk) (state_i == 4'd3 && evt_i[7:6] == 2'b01) |-> (stall_o == 1'b1);
endproperty
assert property (p_stall_o_state3_evt01);

property p_error_o_state3_default;
@(posedge clk) (state_i == 4'd3 && evt_i[7:6] != 2'b00 && evt_i[7:6] != 2'b01) |-> (error_o == 1'b1);
endproperty
assert property (p_error_o_state3_default);

property p_error_o_default;
@(posedge clk) (state_i != 4'd0 && state_i != 4'd1 && state_i != 4'd2 && state_i != 4'd3) |-> (error_o == 1'b1);
endproperty
assert property (p_error_o_default);","** Error: prueba.sv(13): (vlog-2730) Undefined variable: 'clk'.
** Error (suppressible): prueba.sv(15): (vlog-1957) The sva directive is not sensitive to a clock. Unclocked directives are not supported.
** Error: prueba.sv(18): (vlog-2730) Undefined variable: 'clk'.
** Error (suppressible): prueba.sv(20): (vlog-1957) The sva directive is not sensitive to a clock. Unclocked directives are not supported.
** Error: prueba.sv(23): (vlog-2730) Undefined variable: 'clk'.
** Error (suppressible): prueba.sv(25): (vlog-1957) The sva directive is not sensitive to a clock. Unclocked directives are not supported.
** Error: prueba.sv(28): (vlog-2730) Undefined variable: 'clk'.
** Error (suppressible): prueba.sv(30): (vlog-1957) The sva directive is not sensitive to a clock. Unclocked directives are not supported.
** Error: prueba.sv(33): (vlog-2730) Undefined variable: 'clk'.
** Error (suppressible): prueba.sv(35): (vlog-1957) The sva directive is not sensitive to a clock. Unclocked directives are not supported.
** Error: prueba.sv(38): (vlog-2730) Undefined variable: 'clk'.
** Error (suppressible): prueba.sv(40): (vlog-1957) The sva directive is not sensitive to a clock. Unclocked directives are not supported.
** Error: prueba.sv(43): (vlog-2730) Undefined variable: 'clk'.
** Error (suppressible): prueba.sv(45): (vlog-1957) The sva directive is not sensitive to a clock. Unclocked directives are not supported.
** Error: prueba.sv(48): (vlog-2730) Undefined variable: 'clk'.
** Error (suppressible): prueba.sv(50): (vlog-1957) The sva directive is not sensitive to a clock. Unclocked directives are not supported.
** Error: prueba.sv(53): (vlog-2730) Undefined variable: 'clk'.
** Error (suppressible): prueba.sv(55): (vlog-1957) The sva directive is not sensitive to a clock. Unclocked directives are not supported.
** Error: prueba.sv(58): (vlog-2730) Undefined variable: 'clk'.
** Error (suppressible): prueba.sv(60): (vlog-1957) The sva directive is not sensitive to a clock. Unclocked directives are not supported.
** Error: prueba.sv(63): (vlog-2730) Undefined variable: 'clk'.
** Error (suppressible): prueba.sv(65): (vlog-1957) The sva directive is not sensitive to a clock. Unclocked directives are not supported.
** Error: prueba.sv(68): (vlog-2730) Undefined variable: 'clk'.
** Error (suppressible): prueba.sv(70): (vlog-1957) The sva directive is not sensitive to a clock. Unclocked directives are not supported.
** Error: prueba.sv(73): (vlog-2730) Undefined variable: 'clk'.
** Error (suppressible): prueba.sv(75): (vlog-1957) The sva directive is not sensitive to a clock. Unclocked directives are not supported.
** Error: prueba.sv(13): (vlog-2730) Undefined variable: 'clk'.",183.6666145324707,2812,1137
"module sec_lc_gate_lvl (
    input  logic sec_req_i,
    input  logic [2:0] lc_state_i,
    input  logic [1:0] access_type_i,
    input  logic priv_i,
    input  logic alert_i,
    output logic allow_o,
    output logic violation_o
);

    always_comb begin
        allow_o     = 1'b0;
        violation_o = 1'b0;

        if (sec_req_i) begin
            unique case (lc_state_i)
                3'b000: unique case (access_type_i)
                            2'b00: unique case (priv_i)
                                        1'b1: unique case (alert_i)
                                                    1'b0: allow_o = 1'b1;
                                                    default: violation_o = 1'b1;
                                                endcase
                                        default: violation_o = 1'b1;
                                    endcase
                            2'b01: violation_o = 1'b1;
                            default: violation_o = 1'b1;
                        endcase
                3'b001: unique case (access_type_i)
                            2'b00, 2'b01: unique case (priv_i)
                                              1'b1: allow_o = 1'b1;
                                              default: violation_o = 1'b1;
                                          endcase
                            default: violation_o = 1'b1;
                        endcase
                3'b010: unique case (access_type_i)
                            2'b01: unique case (priv_i)
                                      1'b1: allow_o = 1'b1;
                                      default: violation_o = 1'b1;
                                  endcase
                            default: violation_o = 1'b1;
                        endcase
                default: violation_o = 1'b1;
            endcase
        end
    end
endmodule
","property p_allow_o_when_all_conditions_met;
@(posedge clk) (sec_req_i && lc_state_i == 3'b000 && access_type_i == 2'b00 && priv_i == 1'b1 && alert_i == 1'b0) |-> (allow_o == 1'b1);
endproperty
assert property (p_allow_o_when_all_conditions_met);

property p_violation_o_default_in_lc_state_000;
@(posedge clk) (sec_req_i && lc_state_i == 3'b000 && access_type_i != 2'b00) |-> (violation_o == 1'b1);
endproperty
assert property (p_violation_o_default_in_lc_state_000);

property p_violation_o_default_in_lc_state_001;
@(posedge clk) (sec_req_i && lc_state_i == 3'b001 && access_type_i != 2'b00 && access_type_i != 2'b01) |-> (violation_o == 1'b1);
endproperty
assert property (p_violation_o_default_in_lc_state_001);

property p_allow_o_when_conditions_met_in_lc_state_001;
@(posedge clk) (sec_req_i && lc_state_i == 3'b001 && access_type_i inside {2'b00, 2'b01} && priv_i == 1'b1) |-> (allow_o == 1'b1);
endproperty
assert property (p_allow_o_when_conditions_met_in_lc_state_001);

property p_violation_o_default_in_lc_state_010;
@(posedge clk) (sec_req_i && lc_state_i == 3'b010 && access_type_i != 2'b01) |-> (violation_o == 1'b1);
endproperty
assert property (p_violation_o_default_in_lc_state_010);

property p_allow_o_when_conditions_met_in_lc_state_010;
@(posedge clk) (sec_req_i && lc_state_i == 3'b010 && access_type_i == 2'b01 && priv_i == 1'b1) |-> (allow_o == 1'b1);
endproperty
assert property (p_allow_o_when_conditions_met_in_lc_state_010);

property p_violation_o_default;
@(posedge clk) (sec_req_i && lc_state_i != 3'b000 && lc_state_i != 3'b001 && lc_state_i != 3'b010) |-> (violation_o == 1'b1);
endproperty
assert property (p_violation_o_default);","** Error: prueba.sv(15): (vlog-2730) Undefined variable: 'clk'.
** Error (suppressible): prueba.sv(17): (vlog-1957) The sva directive is not sensitive to a clock. Unclocked directives are not supported.
** Error: prueba.sv(20): (vlog-2730) Undefined variable: 'clk'.
** Error (suppressible): prueba.sv(22): (vlog-1957) The sva directive is not sensitive to a clock. Unclocked directives are not supported.
** Error: prueba.sv(25): (vlog-2730) Undefined variable: 'clk'.
** Error (suppressible): prueba.sv(27): (vlog-1957) The sva directive is not sensitive to a clock. Unclocked directives are not supported.
** Error: prueba.sv(30): (vlog-2730) Undefined variable: 'clk'.
** Error (suppressible): prueba.sv(32): (vlog-1957) The sva directive is not sensitive to a clock. Unclocked directives are not supported.
** Error: prueba.sv(35): (vlog-2730) Undefined variable: 'clk'.
** Error (suppressible): prueba.sv(37): (vlog-1957) The sva directive is not sensitive to a clock. Unclocked directives are not supported.
** Error: prueba.sv(40): (vlog-2730) Undefined variable: 'clk'.
** Error (suppressible): prueba.sv(42): (vlog-1957) The sva directive is not sensitive to a clock. Unclocked directives are not supported.
** Error: prueba.sv(45): (vlog-2730) Undefined variable: 'clk'.
** Error (suppressible): prueba.sv(47): (vlog-1957) The sva directive is not sensitive to a clock. Unclocked directives are not supported.
** Error: prueba.sv(15): (vlog-2730) Undefined variable: 'clk'.",128.57843589782715,2843,782
"module multi_core_bus_ctrl_lvl (
    input  logic [3:0] req_i,
    input  logic [1:0] line_state_i [3:0],
    input  logic [2:0] msg_type_i [3:0],
    input  logic priv_i [3:0],
    output logic [3:0] grant_o,
    output logic [3:0] nack_o
);

    always_comb begin
        grant_o = 4'b0000;
        nack_o  = 4'b0000;

        for (int i=0; i<4; i++) begin
            if (req_i[i]) begin
                unique case (line_state_i[i])
                    2'b00: unique case (msg_type_i[i])
                                3'b000: unique case (priv_i[i])
                                            1'b1: grant_o[i] = 1'b1;
                                            default: nack_o[i] = 1'b1;
                                        endcase
                                3'b001: grant_o[i] = 1'b1;
                                default: nack_o[i] = 1'b1;
                            endcase
                    2'b01: unique case (msg_type_i[i])
                                3'b010: grant_o[i] = 1'b1;
                                default: nack_o[i] = 1'b1;
                            endcase
                    2'b10, 2'b11: nack_o[i] = 1'b1;
                    default: nack_o[i] = 1'b1;
                endcase
            end
        end
    end
endmodule
","property p_grant_priv_i_1;
@(posedge clk) (req_i == 4'b0001 && line_state_i == 8'h00 && msg_type_i == 12'h000 && priv_i == 4'b0001) |-> (grant_o == 4'b0001);
endproperty
assert property (p_grant_priv_i_1);

property p_nack_priv_i_default;
@(posedge clk) (req_i == 4'b0001 && line_state_i == 8'h00 && msg_type_i == 12'h000 && priv_i != 4'b0001) |-> (nack_o == 4'b0001);
endproperty
assert property (p_nack_priv_i_default);

property p_grant_msg_type_i_001;
@(posedge clk) (req_i == 4'b0001 && line_state_i == 8'h00 && msg_type_i == 12'h001) |-> (grant_o == 4'b0001);
endproperty
assert property (p_grant_msg_type_i_001);

property p_nack_msg_type_i_default;
@(posedge clk) (req_i == 4'b0001 && line_state_i == 8'h00 && msg_type_i != 12'h000 && msg_type_i != 12'h001) |-> (nack_o == 4'b0001);
endproperty
assert property (p_nack_msg_type_i_default);

property p_grant_line_state_i_01;
@(posedge clk) (req_i == 4'b0001 && line_state_i == 8'h01 && msg_type_i == 12'h010) |-> (grant_o == 4'b0001);
endproperty
assert property (p_grant_line_state_i_01);

property p_nack_line_state_i_01;
@(posedge clk) (req_i == 4'b0001 && line_state_i == 8'h01 && msg_type_i != 12'h010) |-> (nack_o == 4'b0001);
endproperty
assert property (p_nack_line_state_i_01);

property p_nack_line_state_i_1x;
@(posedge clk) (req_i == 4'b0001 && line_state_i[7:6] == 2'b10) |-> (nack_o == 4'b0001);
endproperty
assert property (p_nack_line_state_i_1x);

property p_nack_default;
@(posedge clk) (req_i == 4'b0001 && line_state_i != 8'h00 && line_state_i != 8'h01 && line_state_i[7:6] != 2'b10) |-> (nack_o == 4'b0001);
endproperty
assert property (p_nack_default);","** Error: prueba.sv(14): (vlog-2730) Undefined variable: 'clk'.
** Error (suppressible): prueba.sv(16): (vlog-1957) The sva directive is not sensitive to a clock. Unclocked directives are not supported.
** Error: prueba.sv(19): (vlog-2730) Undefined variable: 'clk'.
** Error (suppressible): prueba.sv(21): (vlog-1957) The sva directive is not sensitive to a clock. Unclocked directives are not supported.
** Error: prueba.sv(24): (vlog-2730) Undefined variable: 'clk'.
** Error (suppressible): prueba.sv(26): (vlog-1957) The sva directive is not sensitive to a clock. Unclocked directives are not supported.
** Error: prueba.sv(29): (vlog-2730) Undefined variable: 'clk'.
** Error (suppressible): prueba.sv(31): (vlog-1957) The sva directive is not sensitive to a clock. Unclocked directives are not supported.
** Error: prueba.sv(34): (vlog-2730) Undefined variable: 'clk'.
** Error (suppressible): prueba.sv(36): (vlog-1957) The sva directive is not sensitive to a clock. Unclocked directives are not supported.
** Error: prueba.sv(39): (vlog-2730) Undefined variable: 'clk'.
** Error (suppressible): prueba.sv(41): (vlog-1957) The sva directive is not sensitive to a clock. Unclocked directives are not supported.
** Error: prueba.sv(44): (vlog-2730) Undefined variable: 'clk'.
** Error (suppressible): prueba.sv(44): (vlog-2998) Cannot mix packed and unpacked types in this operation.
** Error (suppressible): prueba.sv(46): (vlog-1957) The sva directive is not sensitive to a clock. Unclocked directives are not supported.
** Error: prueba.sv(49): (vlog-2730) Undefined variable: 'clk'.
** Error (suppressible): prueba.sv(49): (vlog-2998) Cannot mix packed and unpacked types in this operation.
** Error (suppressible): prueba.sv(51): (vlog-1957) The sva directive is not sensitive to a clock. Unclocked directives are not supported.
** Error: prueba.sv(14): (vlog-2730) Undefined variable: 'clk'.",136.0321958065033,2775,850
"module piton_l2_evict_coh_priv (
    input  logic [3:0] req_i,
    input  logic [1:0] line_state_i [3:0],
    input  logic [1:0] lru_i [3:0],
    input  logic [2:0] msg_type_i [3:0],
    input  logic priv_i [3:0],
    output logic [3:0] grant_o,
    output logic [3:0] evict_o,
    output logic [3:0] nack_o
);

    always_comb begin
        grant_o = 4'b0000;
        evict_o = 4'b0000;
        nack_o  = 4'b0000;

        for (int i = 0; i < 4; i++) begin
            if (req_i[i]) begin
                unique case (line_state_i[i])
                    2'b00: unique case (msg_type_i[i])
                                3'b000: unique case (priv_i[i])
                                            1'b1: grant_o[i] = 1'b1;
                                            default: nack_o[i] = 1'b1;
                                        endcase
                                3'b001: evict_o[i] = 1'b1;
                                default: nack_o[i] = 1'b1;
                            endcase
                    2'b01: unique case (lru_i[i])
                                2'b00: grant_o[i] = 1'b1;
                                2'b01: evict_o[i] = 1'b1;
                                default: nack_o[i] = 1'b1;
                            endcase
                    2'b10, 2'b11: nack_o[i] = 1'b1;
                    default: nack_o[i] = 1'b1;
                endcase
            end
        end
    end
endmodule
","property p_grant_priv_assign;
@(posedge clk) (req_i && line_state_i == 2'b00 && msg_type_i == 3'b000 && priv_i) |-> (grant_o);
endproperty
assert property (p_grant_priv_assign);

property p_nack_default_assign;
@(posedge clk) (req_i && line_state_i == 2'b00 && msg_type_i == 3'b000 && !priv_i) |-> (nack_o);
endproperty
assert property (p_nack_default_assign);

property p_evict_msg_assign;
@(posedge clk) (req_i && line_state_i == 2'b00 && msg_type_i == 3'b001) |-> (evict_o);
endproperty
assert property (p_evict_msg_assign);

property p_nack_msg_default_assign;
@(posedge clk) (req_i && line_state_i == 2'b00 && msg_type_i != 3'b000 && msg_type_i != 3'b001) |-> (nack_o);
endproperty
assert property (p_nack_msg_default_assign);

property p_grant_lru_00_assign;
@(posedge clk) (req_i && line_state_i == 2'b01 && lru_i == 2'b00) |-> (grant_o);
endproperty
assert property (p_grant_lru_00_assign);

property p_evict_lru_01_assign;
@(posedge clk) (req_i && line_state_i == 2'b01 && lru_i == 2'b01) |-> (evict_o);
endproperty
assert property (p_evict_lru_01_assign);

property p_nack_lru_default_assign;
@(posedge clk) (req_i && line_state_i == 2'b01 && lru_i != 2'b00 && lru_i != 2'b01) |-> (nack_o);
endproperty
assert property (p_nack_lru_default_assign);

property p_nack_line_state_invalid_assign;
@(posedge clk) (req_i && line_state_i == 2'b10 || line_state_i == 2'b11) |-> (nack_o);
endproperty
assert property (p_nack_line_state_invalid_assign);","** Error: prueba.sv(16): (vlog-2730) Undefined variable: 'clk'.
** Error: prueba.sv(16): (vlog-2990) Illegal operation on unpacked type.
** Error (suppressible): prueba.sv(18): (vlog-1957) The sva directive is not sensitive to a clock. Unclocked directives are not supported.
** Error: prueba.sv(21): (vlog-2730) Undefined variable: 'clk'.
** Error: prueba.sv(21): (vlog-2990) Illegal operation on unpacked type.
** Error (suppressible): prueba.sv(23): (vlog-1957) The sva directive is not sensitive to a clock. Unclocked directives are not supported.
** Error: prueba.sv(26): (vlog-2730) Undefined variable: 'clk'.
** Error (suppressible): prueba.sv(28): (vlog-1957) The sva directive is not sensitive to a clock. Unclocked directives are not supported.
** Error: prueba.sv(31): (vlog-2730) Undefined variable: 'clk'.
** Error (suppressible): prueba.sv(33): (vlog-1957) The sva directive is not sensitive to a clock. Unclocked directives are not supported.
** Error: prueba.sv(36): (vlog-2730) Undefined variable: 'clk'.
** Error (suppressible): prueba.sv(38): (vlog-1957) The sva directive is not sensitive to a clock. Unclocked directives are not supported.
** Error: prueba.sv(41): (vlog-2730) Undefined variable: 'clk'.
** Error (suppressible): prueba.sv(43): (vlog-1957) The sva directive is not sensitive to a clock. Unclocked directives are not supported.
** Error: prueba.sv(46): (vlog-2730) Undefined variable: 'clk'.
** Error (suppressible): prueba.sv(48): (vlog-1957) The sva directive is not sensitive to a clock. Unclocked directives are not supported.
** Error: prueba.sv(51): (vlog-2730) Undefined variable: 'clk'.
** Error (suppressible): prueba.sv(53): (vlog-1957) The sva directive is not sensitive to a clock. Unclocked directives are not supported.
** Error: prueba.sv(16): (vlog-2730) Undefined variable: 'clk'.",108.9141128063202,2814,662
"module tl_axi_obi_sec (
    input  logic tl_valid_i,
    input  logic [2:0] tl_opcode_i,
    input  logic axi_awvalid_i,
    input  logic axi_arvalid_i,
    input  logic [1:0] obi_resp_i,
    input  logic priv_i,
    output logic tl_a_valid_o,
    output logic [2:0] tl_a_opcode_o,
    output logic obi_req_o,
    output logic obi_we_o,
    output logic [1:0] axi_rresp_o
);

    always_comb begin
        tl_a_valid_o  = 1'b0;
        tl_a_opcode_o = 3'b000;
        obi_req_o     = 1'b0;
        obi_we_o      = 1'b0;
        axi_rresp_o   = 2'b00;

        if (tl_valid_i) begin
            unique case (tl_opcode_i)
                3'b000: begin
                    tl_a_valid_o  = 1'b1;
                    tl_a_opcode_o = 3'b000;
                    obi_req_o     = 1'b1;
                    obi_we_o      = 1'b0;
                end
                3'b001, 3'b010: begin
                    tl_a_valid_o  = 1'b1;
                    tl_a_opcode_o = tl_opcode_i;
                    obi_req_o     = 1'b1;
                    obi_we_o      = 1'b1;
                end
                default: axi_rresp_o = 2'b11;
            endcase
        end

        unique case (1'b1)
            axi_arvalid_i: begin
                tl_a_valid_o  = 1'b1;
                tl_a_opcode_o = 3'b000;
            end
            axi_awvalid_i: begin
                tl_a_valid_o  = 1'b1;
                tl_a_opcode_o = 3'b001;
            end
        endcase

        unique case (obi_resp_i)
            2'b00: axi_rresp_o = 2'b00;
            2'b10: axi_rresp_o = 2'b10;
            default: axi_rresp_o = 2'b11;
        endcase

        if (!priv_i) begin
            tl_a_valid_o = 1'b0;
            obi_req_o    = 1'b0;
            axi_rresp_o  = 2'b10;
        end
    end
endmodule
","property p_tl_a_valid_opcode_obi_req_we;
@(posedge clk) (tl_valid_i && tl_opcode_i == 3'b000) |-> (tl_a_valid_o == 1'b1 && tl_a_opcode_o == 3'b000 && obi_req_o == 1'b1 && obi_we_o == 1'b0);
endproperty
assert property (p_tl_a_valid_opcode_obi_req_we);

property p_tl_a_valid_opcode_obi_req_we_2;
@(posedge clk) (tl_valid_i && (tl_opcode_i == 3'b001 || tl_opcode_i == 3'b010)) |-> (tl_a_valid_o == 1'b1 && tl_a_opcode_o == tl_opcode_i && obi_req_o == 1'b1 && obi_we_o == 1'b1);
endproperty
assert property (p_tl_a_valid_opcode_obi_req_we_2);

property p_axi_rresp_default;
@(posedge clk) (tl_valid_i && tl_opcode_i != 3'b000 && tl_opcode_i != 3'b001 && tl_opcode_i != 3'b010) |-> (axi_rresp_o == 2'b11);
endproperty
assert property (p_axi_rresp_default);

property p_tl_a_valid_opcode_axi_arvalid;
@(posedge clk) axi_arvalid_i |-> (tl_a_valid_o == 1'b1 && tl_a_opcode_o == 3'b000);
endproperty
assert property (p_tl_a_valid_opcode_axi_arvalid);

property p_tl_a_valid_opcode_axi_awvalid;
@(posedge clk) axi_awvalid_i |-> (tl_a_valid_o == 1'b1 && tl_a_opcode_o == 3'b001);
endproperty
assert property (p_tl_a_valid_opcode_axi_awvalid);

property p_axi_rresp_obi_resp;
@(posedge clk) (obi_resp_i == 2'b00) |-> (axi_rresp_o == 2'b00);
endproperty
assert property (p_axi_rresp_obi_resp);

property p_axi_rresp_obi_resp_10;
@(posedge clk) (obi_resp_i == 2'b10) |-> (axi_rresp_o == 2'b10);
endproperty
assert property (p_axi_rresp_obi_resp_10);

property p_axi_rresp_obi_resp_default;
@(posedge clk) (obi_resp_i != 2'b00 && obi_resp_i != 2'b10) |-> (axi_rresp_o == 2'b11);
endproperty
assert property (p_axi_rresp_obi_resp_default);

property p_priv_tl_a_valid_obi_req_axi_rresp;
@(posedge clk) !priv_i |-> (tl_a_valid_o == 1'b0 && obi_req_o == 1'b0 && axi_rresp_o == 2'b10);
endproperty
assert property (p_priv_tl_a_valid_obi_req_axi_rresp);","** Error: prueba.sv(19): (vlog-2730) Undefined variable: 'clk'.
** Error (suppressible): prueba.sv(21): (vlog-1957) The sva directive is not sensitive to a clock. Unclocked directives are not supported.
** Error: prueba.sv(24): (vlog-2730) Undefined variable: 'clk'.
** Error (suppressible): prueba.sv(26): (vlog-1957) The sva directive is not sensitive to a clock. Unclocked directives are not supported.
** Error: prueba.sv(29): (vlog-2730) Undefined variable: 'clk'.
** Error (suppressible): prueba.sv(31): (vlog-1957) The sva directive is not sensitive to a clock. Unclocked directives are not supported.
** Error: prueba.sv(34): (vlog-2730) Undefined variable: 'clk'.
** Error (suppressible): prueba.sv(36): (vlog-1957) The sva directive is not sensitive to a clock. Unclocked directives are not supported.
** Error: prueba.sv(39): (vlog-2730) Undefined variable: 'clk'.
** Error (suppressible): prueba.sv(41): (vlog-1957) The sva directive is not sensitive to a clock. Unclocked directives are not supported.
** Error: prueba.sv(44): (vlog-2730) Undefined variable: 'clk'.
** Error (suppressible): prueba.sv(46): (vlog-1957) The sva directive is not sensitive to a clock. Unclocked directives are not supported.
** Error: prueba.sv(49): (vlog-2730) Undefined variable: 'clk'.
** Error (suppressible): prueba.sv(51): (vlog-1957) The sva directive is not sensitive to a clock. Unclocked directives are not supported.
** Error: prueba.sv(54): (vlog-2730) Undefined variable: 'clk'.
** Error (suppressible): prueba.sv(56): (vlog-1957) The sva directive is not sensitive to a clock. Unclocked directives are not supported.
** Error: prueba.sv(59): (vlog-2730) Undefined variable: 'clk'.
** Error (suppressible): prueba.sv(61): (vlog-1957) The sva directive is not sensitive to a clock. Unclocked directives are not supported.
** Error: prueba.sv(19): (vlog-2730) Undefined variable: 'clk'.",154.9824092388153,3005,891
"module chisel_event_fsm_alert (
    input  logic [7:0] evt_i,
    input  logic [3:0] state_i,
    input  logic alert_i,
    output logic fire_o,
    output logic stall_o,
    output logic error_o
);

    always_comb begin
        fire_o  = 1'b0;
        stall_o = 1'b0;
        error_o = 1'b0;

        unique case (state_i)
            4'd0: unique case (evt_i[1:0])
                      2'b00: fire_o = alert_i ? 1'b0 : 1'b1;
                      2'b01: stall_o = 1'b1;
                      default: error_o = 1'b1;
                  endcase
            4'd1: unique case (evt_i[3:2])
                      2'b00: fire_o = alert_i ? 1'b0 : 1'b1;
                      2'b01: stall_o = 1'b1;
                      default: error_o = 1'b1;
                  endcase
            4'd2: unique case (evt_i[5:4])
                      2'b00: fire_o = alert_i ? 1'b0 : 1'b1;
                      2'b01: stall_o = 1'b1;
                      default: error_o = 1'b1;
                  endcase
            4'd3: unique case (evt_i[7:6])
                      2'b00: fire_o = alert_i ? 1'b0 : 1'b1;
                      2'b01: stall_o = 1'b1;
                      default: error_o = 1'b1;
                  endcase
            default: error_o = 1'b1;
        endcase
    end
endmodule
","property p_fire_o_state0_evt00;
@(posedge clk) (state_i == 4'd0 && evt_i[1:0] == 2'b00) |-> (fire_o == (alert_i ? 1'b0 : 1'b1));
endproperty
assert property (p_fire_o_state0_evt00);

property p_stall_o_state0_evt01;
@(posedge clk) (state_i == 4'd0 && evt_i[1:0] == 2'b01) |-> (stall_o == 1'b1);
endproperty
assert property (p_stall_o_state0_evt01);

property p_error_o_state0_default;
@(posedge clk) (state_i == 4'd0 && evt_i[1:0] != 2'b00 && evt_i[1:0] != 2'b01) |-> (error_o == 1'b1);
endproperty
assert property (p_error_o_state0_default);

property p_fire_o_state1_evt00;
@(posedge clk) (state_i == 4'd1 && evt_i[3:2] == 2'b00) |-> (fire_o == (alert_i ? 1'b0 : 1'b1));
endproperty
assert property (p_fire_o_state1_evt00);

property p_stall_o_state1_evt01;
@(posedge clk) (state_i == 4'd1 && evt_i[3:2] == 2'b01) |-> (stall_o == 1'b1);
endproperty
assert property (p_stall_o_state1_evt01);

property p_error_o_state1_default;
@(posedge clk) (state_i == 4'd1 && evt_i[3:2] != 2'b00 && evt_i[3:2] != 2'b01) |-> (error_o == 1'b1);
endproperty
assert property (p_error_o_state1_default);

property p_fire_o_state2_evt00;
@(posedge clk) (state_i == 4'd2 && evt_i[5:4] == 2'b00) |-> (fire_o == (alert_i ? 1'b0 : 1'b1));
endproperty
assert property (p_fire_o_state2_evt00);

property p_stall_o_state2_evt01;
@(posedge clk) (state_i == 4'd2 && evt_i[5:4] == 2'b01) |-> (stall_o == 1'b1);
endproperty
assert property (p_stall_o_state2_evt01);

property p_error_o_state2_default;
@(posedge clk) (state_i == 4'd2 && evt_i[5:4] != 2'b00 && evt_i[5:4] != 2'b01) |-> (error_o == 1'b1);
endproperty
assert property (p_error_o_state2_default);

property p_fire_o_state3_evt00;
@(posedge clk) (state_i == 4'd3 && evt_i[7:6] == 2'b00) |-> (fire_o == (alert_i ? 1'b0 : 1'b1));
endproperty
assert property (p_fire_o_state3_evt00);

property p_stall_o_state3_evt01;
@(posedge clk) (state_i == 4'd3 && evt_i[7:6] == 2'b01) |-> (stall_o == 1'b1);
endproperty
assert property (p_stall_o_state3_evt01);

property p_error_o_state3_default;
@(posedge clk) (state_i == 4'd3 && evt_i[7:6] != 2'b00 && evt_i[7:6] != 2'b01) |-> (error_o == 1'b1);
endproperty
assert property (p_error_o_state3_default);

property p_error_o_default;
@(posedge clk) (state_i != 4'd0 && state_i != 4'd1 && state_i != 4'd2 && state_i != 4'd3) |-> (error_o == 1'b1);
endproperty
assert property (p_error_o_default);","** Error: prueba.sv(14): (vlog-2730) Undefined variable: 'clk'.
** Error (suppressible): prueba.sv(16): (vlog-1957) The sva directive is not sensitive to a clock. Unclocked directives are not supported.
** Error: prueba.sv(19): (vlog-2730) Undefined variable: 'clk'.
** Error (suppressible): prueba.sv(21): (vlog-1957) The sva directive is not sensitive to a clock. Unclocked directives are not supported.
** Error: prueba.sv(24): (vlog-2730) Undefined variable: 'clk'.
** Error (suppressible): prueba.sv(26): (vlog-1957) The sva directive is not sensitive to a clock. Unclocked directives are not supported.
** Error: prueba.sv(29): (vlog-2730) Undefined variable: 'clk'.
** Error (suppressible): prueba.sv(31): (vlog-1957) The sva directive is not sensitive to a clock. Unclocked directives are not supported.
** Error: prueba.sv(34): (vlog-2730) Undefined variable: 'clk'.
** Error (suppressible): prueba.sv(36): (vlog-1957) The sva directive is not sensitive to a clock. Unclocked directives are not supported.
** Error: prueba.sv(39): (vlog-2730) Undefined variable: 'clk'.
** Error (suppressible): prueba.sv(41): (vlog-1957) The sva directive is not sensitive to a clock. Unclocked directives are not supported.
** Error: prueba.sv(44): (vlog-2730) Undefined variable: 'clk'.
** Error (suppressible): prueba.sv(46): (vlog-1957) The sva directive is not sensitive to a clock. Unclocked directives are not supported.
** Error: prueba.sv(49): (vlog-2730) Undefined variable: 'clk'.
** Error (suppressible): prueba.sv(51): (vlog-1957) The sva directive is not sensitive to a clock. Unclocked directives are not supported.
** Error: prueba.sv(54): (vlog-2730) Undefined variable: 'clk'.
** Error (suppressible): prueba.sv(56): (vlog-1957) The sva directive is not sensitive to a clock. Unclocked directives are not supported.
** Error: prueba.sv(59): (vlog-2730) Undefined variable: 'clk'.
** Error (suppressible): prueba.sv(61): (vlog-1957) The sva directive is not sensitive to a clock. Unclocked directives are not supported.
** Error: prueba.sv(64): (vlog-2730) Undefined variable: 'clk'.
** Error (suppressible): prueba.sv(66): (vlog-1957) The sva directive is not sensitive to a clock. Unclocked directives are not supported.
** Error: prueba.sv(69): (vlog-2730) Undefined variable: 'clk'.
** Error (suppressible): prueba.sv(71): (vlog-1957) The sva directive is not sensitive to a clock. Unclocked directives are not supported.
** Error: prueba.sv(74): (vlog-2730) Undefined variable: 'clk'.
** Error (suppressible): prueba.sv(76): (vlog-1957) The sva directive is not sensitive to a clock. Unclocked directives are not supported.
** Error: prueba.sv(14): (vlog-2730) Undefined variable: 'clk'.",193.4739739894867,2852,1181
"module sec_lc_gate_alert (
    input  logic sec_req_i,
    input  logic [2:0] lc_state_i,
    input  logic [1:0] access_type_i,
    input  logic priv_i,
    input  logic alert_i,
    output logic allow_o,
    output logic violation_o
);

    always_comb begin
        allow_o     = 1'b0;
        violation_o = 1'b0;

        if (sec_req_i) begin
            unique case (lc_state_i)
                3'b000: unique case (access_type_i)
                            2'b00: unique case (priv_i)
                                        1'b1: allow_o = alert_i ? 1'b0 : 1'b1;
                                        default: violation_o = 1'b1;
                                    endcase
                            2'b01: violation_o = 1'b1;
                            default: violation_o = 1'b1;
                        endcase
                3'b001: unique case (access_type_i)
                            2'b00, 2'b01: unique case (priv_i)
                                              1'b1: allow_o = alert_i ? 1'b0 : 1'b1;
                                              default: violation_o = 1'b1;
                                          endcase
                            default: violation_o = 1'b1;
                        endcase
                3'b010: unique case (access_type_i)
                            2'b01: unique case (priv_i)
                                      1'b1: allow_o = alert_i ? 1'b0 : 1'b1;
                                      default: violation_o = 1'b1;
                                  endcase
                            default: violation_o = 1'b1;
                        endcase
                default: violation_o = 1'b1;
            endcase
        end
    end
endmodule
","property p_allow_o_lc_state_00_access_type_00_priv_1;
@(posedge clk) (sec_req_i && lc_state_i == 3'b000 && access_type_i == 2'b00 && priv_i == 1'b1) |-> (allow_o == (alert_i ? 1'b0 : 1'b1));
endproperty
assert property (p_allow_o_lc_state_00_access_type_00_priv_1);

property p_violation_o_lc_state_00_access_type_00_priv_default;
@(posedge clk) (sec_req_i && lc_state_i == 3'b000 && access_type_i == 2'b00 && priv_i != 1'b1) |-> (violation_o == 1'b1);
endproperty
assert property (p_violation_o_lc_state_00_access_type_00_priv_default);

property p_violation_o_lc_state_00_access_type_01;
@(posedge clk) (sec_req_i && lc_state_i == 3'b000 && access_type_i == 2'b01) |-> (violation_o == 1'b1);
endproperty
assert property (p_violation_o_lc_state_00_access_type_01);

property p_violation_o_lc_state_00_access_type_default;
@(posedge clk) (sec_req_i && lc_state_i == 3'b000 && access_type_i != 2'b00 && access_type_i != 2'b01) |-> (violation_o == 1'b1);
endproperty
assert property (p_violation_o_lc_state_00_access_type_default);

property p_allow_o_lc_state_001_access_type_00_priv_1;
@(posedge clk) (sec_req_i && lc_state_i == 3'b001 && access_type_i inside {2'b00, 2'b01} && priv_i == 1'b1) |-> (allow_o == (alert_i ? 1'b0 : 1'b1));
endproperty
assert property (p_allow_o_lc_state_001_access_type_00_priv_1);

property p_violation_o_lc_state_001_access_type_00_priv_default;
@(posedge clk) (sec_req_i && lc_state_i == 3'b001 && access_type_i inside {2'b00, 2'b01} && priv_i != 1'b1) |-> (violation_o == 1'b1);
endproperty
assert property (p_violation_o_lc_state_001_access_type_00_priv_default);

property p_violation_o_lc_state_001_access_type_default;
@(posedge clk) (sec_req_i && lc_state_i == 3'b001 && !(access_type_i inside {2'b00, 2'b01})) |-> (violation_o == 1'b1);
endproperty
assert property (p_violation_o_lc_state_001_access_type_default);

property p_allow_o_lc_state_010_access_type_01_priv_1;
@(posedge clk) (sec_req_i && lc_state_i == 3'b010 && access_type_i == 2'b01 && priv_i == 1'b1) |-> (allow_o == (alert_i ? 1'b0 : 1'b1));
endproperty
assert property (p_allow_o_lc_state_010_access_type_01_priv_1);

property p_violation_o_lc_state_010_access_type_01_priv_default;
@(posedge clk) (sec_req_i && lc_state_i == 3'b010 && access_type_i == 2'b01 && priv_i != 1'b1) |-> (violation_o == 1'b1);
endproperty
assert property (p_violation_o_lc_state_010_access_type_01_priv_default);

property p_violation_o_lc_state_010_access_type_default;
@(posedge clk) (sec_req_i && lc_state_i == 3'b010 && access_type_i != 2'b01) |-> (violation_o == 1'b1);
endproperty
assert property (p_violation_o_lc_state_010_access_type_default);

property p_violation_o_lc_state_default;
@(posedge clk) (sec_req_i && lc_state_i != 3'b000 && lc_state_i != 3'b001 && lc_state_i != 3'b010) |-> (violation_o == 1'b1);
endproperty
assert property (p_violation_o_lc_state_default);","** Error: prueba.sv(15): (vlog-2730) Undefined variable: 'clk'.
** Error (suppressible): prueba.sv(17): (vlog-1957) The sva directive is not sensitive to a clock. Unclocked directives are not supported.
** Error: prueba.sv(20): (vlog-2730) Undefined variable: 'clk'.
** Error (suppressible): prueba.sv(22): (vlog-1957) The sva directive is not sensitive to a clock. Unclocked directives are not supported.
** Error: prueba.sv(25): (vlog-2730) Undefined variable: 'clk'.
** Error (suppressible): prueba.sv(27): (vlog-1957) The sva directive is not sensitive to a clock. Unclocked directives are not supported.
** Error: prueba.sv(30): (vlog-2730) Undefined variable: 'clk'.
** Error (suppressible): prueba.sv(32): (vlog-1957) The sva directive is not sensitive to a clock. Unclocked directives are not supported.
** Error: prueba.sv(35): (vlog-2730) Undefined variable: 'clk'.
** Error (suppressible): prueba.sv(37): (vlog-1957) The sva directive is not sensitive to a clock. Unclocked directives are not supported.
** Error: prueba.sv(40): (vlog-2730) Undefined variable: 'clk'.
** Error (suppressible): prueba.sv(42): (vlog-1957) The sva directive is not sensitive to a clock. Unclocked directives are not supported.
** Error: prueba.sv(45): (vlog-2730) Undefined variable: 'clk'.
** Error (suppressible): prueba.sv(47): (vlog-1957) The sva directive is not sensitive to a clock. Unclocked directives are not supported.
** Error: prueba.sv(50): (vlog-2730) Undefined variable: 'clk'.
** Error (suppressible): prueba.sv(52): (vlog-1957) The sva directive is not sensitive to a clock. Unclocked directives are not supported.
** Error: prueba.sv(55): (vlog-2730) Undefined variable: 'clk'.
** Error (suppressible): prueba.sv(57): (vlog-1957) The sva directive is not sensitive to a clock. Unclocked directives are not supported.
** Error: prueba.sv(60): (vlog-2730) Undefined variable: 'clk'.
** Error (suppressible): prueba.sv(62): (vlog-1957) The sva directive is not sensitive to a clock. Unclocked directives are not supported.
** Error: prueba.sv(65): (vlog-2730) Undefined variable: 'clk'.
** Error (suppressible): prueba.sv(67): (vlog-1957) The sva directive is not sensitive to a clock. Unclocked directives are not supported.
** Error: prueba.sv(15): (vlog-2730) Undefined variable: 'clk'.",221.93458223342896,2841,1357
"module multi_core_bus_arb_alert (
    input  logic [3:0] req_i,
    input  logic [1:0] line_state_i [3:0],
    input  logic [2:0] msg_type_i [3:0],
    input  logic priv_i [3:0],
    input  logic alert_i,
    output logic [3:0] grant_o,
    output logic [3:0] nack_o
);

    always_comb begin
        grant_o = 4'b0000;
        nack_o  = 4'b0000;

        for (int i=0; i<4; i++) begin
            if (req_i[i]) begin
                unique case (line_state_i[i])
                    2'b00: unique case (msg_type_i[i])
                                3'b000: unique case (priv_i[i])
                                            1'b1: grant_o[i] = alert_i ? 1'b0 : 1'b1;
                                            default: nack_o[i] = 1'b1;
                                        endcase
                                3'b001: grant_o[i] = alert_i ? 1'b0 : 1'b1;
                                default: nack_o[i] = 1'b1;
                            endcase
                    2'b01: unique case (msg_type_i[i])
                                3'b010: grant_o[i] = alert_i ? 1'b0 : 1'b1;
                                default: nack_o[i] = 1'b1;
                            endcase
                    2'b10, 2'b11: nack_o[i] = 1'b1;
                    default: nack_o[i] = 1'b1;
                endcase
            end
        end
    end
endmodule
","property p_grant_alert_true;
@(posedge clk) (req_i[i] && line_state_i[i] == 2'b00 && msg_type_i[i] == 3'b000 && priv_i[i] == 1'b1 && alert_i) |-> (grant_o[i] == 1'b0);
endproperty
assert property (p_grant_alert_true);

property p_grant_alert_false;
@(posedge clk) (req_i[i] && line_state_i[i] == 2'b00 && msg_type_i[i] == 3'b000 && priv_i[i] == 1'b1 && !alert_i) |-> (grant_o[i] == 1'b1);
endproperty
assert property (p_grant_alert_false);

property p_nack_default_priv;
@(posedge clk) (req_i[i] && line_state_i[i] == 2'b00 && msg_type_i[i] == 3'b000 && priv_i[i] != 1'b1) |-> (nack_o[i] == 1'b1);
endproperty
assert property (p_nack_default_priv);

property p_grant_msg_type_001;
@(posedge clk) (req_i[i] && line_state_i[i] == 2'b00 && msg_type_i[i] == 3'b001 && alert_i) |-> (grant_o[i] == 1'b0);
endproperty
assert property (p_grant_msg_type_001);

property p_nack_default_msg_type;
@(posedge clk) (req_i[i] && line_state_i[i] == 2'b00 && msg_type_i[i] != 3'b000 && msg_type_i[i] != 3'b001) |-> (nack_o[i] == 1'b1);
endproperty
assert property (p_nack_default_msg_type);

property p_grant_line_state_01;
@(posedge clk) (req_i[i] && line_state_i[i] == 2'b01 && msg_type_i[i] == 3'b010 && alert_i) |-> (grant_o[i] == 1'b0);
endproperty
assert property (p_grant_line_state_01);

property p_nack_default_msg_type_01;
@(posedge clk) (req_i[i] && line_state_i[i] == 2'b01 && msg_type_i[i] != 3'b010) |-> (nack_o[i] == 1'b1);
endproperty
assert property (p_nack_default_msg_type_01);

property p_nack_line_state_1x;
@(posedge clk) (req_i[i] && (line_state_i[i] == 2'b10 || line_state_i[i] == 2'b11)) |-> (nack_o[i] == 1'b1);
endproperty
assert property (p_nack_line_state_1x);

property p_nack_default_line_state;
@(posedge clk) (req_i[i] && line_state_i[i] != 2'b00 && line_state_i[i] != 2'b01 && line_state_i[i] != 2'b10 && line_state_i[i] != 2'b11) |-> (nack_o[i] == 1'b1);
endproperty
assert property (p_nack_default_line_state);","** Error: prueba.sv(15): (vlog-2730) Undefined variable: 'i'.
** Error: prueba.sv(15): (vlog-2730) Undefined variable: 'clk'.
** Error (suppressible): prueba.sv(17): (vlog-1957) The sva directive is not sensitive to a clock. Unclocked directives are not supported.
** Error: prueba.sv(20): (vlog-2730) Undefined variable: 'i'.
** Error: prueba.sv(20): (vlog-2730) Undefined variable: 'clk'.
** Error (suppressible): prueba.sv(22): (vlog-1957) The sva directive is not sensitive to a clock. Unclocked directives are not supported.
** Error: prueba.sv(25): (vlog-2730) Undefined variable: 'i'.
** Error: prueba.sv(25): (vlog-2730) Undefined variable: 'clk'.
** Error (suppressible): prueba.sv(27): (vlog-1957) The sva directive is not sensitive to a clock. Unclocked directives are not supported.
** Error: prueba.sv(30): (vlog-2730) Undefined variable: 'i'.
** Error: prueba.sv(30): (vlog-2730) Undefined variable: 'clk'.
** Error (suppressible): prueba.sv(32): (vlog-1957) The sva directive is not sensitive to a clock. Unclocked directives are not supported.
** Error: prueba.sv(35): (vlog-2730) Undefined variable: 'i'.
** Error: prueba.sv(35): (vlog-2730) Undefined variable: 'clk'.
** Error (suppressible): prueba.sv(37): (vlog-1957) The sva directive is not sensitive to a clock. Unclocked directives are not supported.
** Error: prueba.sv(40): (vlog-2730) Undefined variable: 'i'.
** Error: prueba.sv(40): (vlog-2730) Undefined variable: 'clk'.
** Error (suppressible): prueba.sv(42): (vlog-1957) The sva directive is not sensitive to a clock. Unclocked directives are not supported.
** Error: prueba.sv(45): (vlog-2730) Undefined variable: 'i'.
** Error: prueba.sv(45): (vlog-2730) Undefined variable: 'clk'.
** Error (suppressible): prueba.sv(47): (vlog-1957) The sva directive is not sensitive to a clock. Unclocked directives are not supported.
** Error: prueba.sv(50): (vlog-2730) Undefined variable: 'i'.
** Error: prueba.sv(50): (vlog-2730) Undefined variable: 'clk'.
** Error (suppressible): prueba.sv(52): (vlog-1957) The sva directive is not sensitive to a clock. Unclocked directives are not supported.
** Error: prueba.sv(55): (vlog-2730) Undefined variable: 'i'.
** Error: prueba.sv(55): (vlog-2730) Undefined variable: 'clk'.
** Error (suppressible): prueba.sv(57): (vlog-1957) The sva directive is not sensitive to a clock. Unclocked directives are not supported.
** Error: prueba.sv(15): (vlog-2730) Undefined variable: 'i'.
** Error: prueba.sv(15): (vlog-2730) Undefined variable: 'clk'.",224.358186006546,2805,973
"module piton_l2_repl_priv (
    input  logic [3:0] req_i,
    input  logic [1:0] line_state_i [3:0],
    input  logic [1:0] lru_i [3:0],
    input  logic priv_i [3:0],
    output logic [3:0] grant_o,
    output logic [3:0] evict_o,
    output logic [3:0] stall_o
);

    always_comb begin
        grant_o = 4'b0000;
        evict_o = 4'b0000;
        stall_o = 4'b0000;

        for (int i = 0; i < 4; i++) begin
            if (req_i[i]) begin
                unique case (line_state_i[i])
                    2'b00: grant_o[i] = priv_i[i];
                    2'b01: unique case (lru_i[i])
                                2'b00: grant_o[i] = 1'b1;
                                2'b01: evict_o[i] = 1'b1;
                                default: stall_o[i] = 1'b1;
                            endcase
                    2'b10: evict_o[i] = 1'b1;
                    2'b11: stall_o[i] = 1'b1;
                    default: stall_o[i] = 1'b1;
                endcase
            end
        end
    end
endmodule
","property p_grant_priv_assign;
@(posedge clk) (req_i[i] && line_state_i[i] == 2'b00) |-> (grant_o[i] == priv_i[i]);
endproperty
assert property (p_grant_priv_assign);

property p_grant_lru_00_assign;
@(posedge clk) (req_i[i] && line_state_i[i] == 2'b01 && lru_i[i] == 2'b00) |-> (grant_o[i] == 1'b1);
endproperty
assert property (p_grant_lru_00_assign);

property p_evict_lru_01_assign;
@(posedge clk) (req_i[i] && line_state_i[i] == 2'b01 && lru_i[i] == 2'b01) |-> (evict_o[i] == 1'b1);
endproperty
assert property (p_evict_lru_01_assign);

property p_stall_lru_default_assign;
@(posedge clk) (req_i[i] && line_state_i[i] == 2'b01 && lru_i[i] != 2'b00 && lru_i[i] != 2'b01) |-> (stall_o[i] == 1'b1);
endproperty
assert property (p_stall_lru_default_assign);

property p_evict_line_state_10_assign;
@(posedge clk) (req_i[i] && line_state_i[i] == 2'b10) |-> (evict_o[i] == 1'b1);
endproperty
assert property (p_evict_line_state_10_assign);

property p_stall_line_state_11_assign;
@(posedge clk) (req_i[i] && line_state_i[i] == 2'b11) |-> (stall_o[i] == 1'b1);
endproperty
assert property (p_stall_line_state_11_assign);

property p_stall_line_state_default_assign;
@(posedge clk) (req_i[i] && line_state_i[i] != 2'b00 && line_state_i[i] != 2'b01 && line_state_i[i] != 2'b10 && line_state_i[i] != 2'b11) |-> (stall_o[i] == 1'b1);
endproperty
assert property (p_stall_line_state_default_assign);","** Error: prueba.sv(15): (vlog-2730) Undefined variable: 'i'.
** Error: prueba.sv(15): (vlog-2730) Undefined variable: 'clk'.
** Error (suppressible): prueba.sv(17): (vlog-1957) The sva directive is not sensitive to a clock. Unclocked directives are not supported.
** Error: prueba.sv(20): (vlog-2730) Undefined variable: 'i'.
** Error: prueba.sv(20): (vlog-2730) Undefined variable: 'clk'.
** Error (suppressible): prueba.sv(22): (vlog-1957) The sva directive is not sensitive to a clock. Unclocked directives are not supported.
** Error: prueba.sv(25): (vlog-2730) Undefined variable: 'i'.
** Error: prueba.sv(25): (vlog-2730) Undefined variable: 'clk'.
** Error (suppressible): prueba.sv(27): (vlog-1957) The sva directive is not sensitive to a clock. Unclocked directives are not supported.
** Error: prueba.sv(30): (vlog-2730) Undefined variable: 'i'.
** Error: prueba.sv(30): (vlog-2730) Undefined variable: 'clk'.
** Error (suppressible): prueba.sv(32): (vlog-1957) The sva directive is not sensitive to a clock. Unclocked directives are not supported.
** Error: prueba.sv(35): (vlog-2730) Undefined variable: 'i'.
** Error: prueba.sv(35): (vlog-2730) Undefined variable: 'clk'.
** Error (suppressible): prueba.sv(37): (vlog-1957) The sva directive is not sensitive to a clock. Unclocked directives are not supported.
** Error: prueba.sv(40): (vlog-2730) Undefined variable: 'i'.
** Error: prueba.sv(40): (vlog-2730) Undefined variable: 'clk'.
** Error (suppressible): prueba.sv(42): (vlog-1957) The sva directive is not sensitive to a clock. Unclocked directives are not supported.
** Error: prueba.sv(45): (vlog-2730) Undefined variable: 'i'.
** Error: prueba.sv(45): (vlog-2730) Undefined variable: 'clk'.
** Error (suppressible): prueba.sv(47): (vlog-1957) The sva directive is not sensitive to a clock. Unclocked directives are not supported.
** Error: prueba.sv(15): (vlog-2730) Undefined variable: 'i'.
** Error: prueba.sv(15): (vlog-2730) Undefined variable: 'clk'.",106.7861828804016,2721,681
"module axi_tl_bridge_fsm (
    input  logic axi_awvalid_i,
    input  logic axi_arvalid_i,
    input  logic tl_ready_i,
    input  logic [2:0] tl_opcode_i,
    output logic tl_valid_o,
    output logic [2:0] tl_a_opcode_o,
    output logic error_o
);

    always_comb begin
        tl_valid_o = 1'b0;
        tl_a_opcode_o = 3'b000;
        error_o = 1'b0;

        if (axi_awvalid_i) begin
            tl_valid_o = tl_ready_i;
            tl_a_opcode_o = 3'b001;
        end else if (axi_arvalid_i) begin
            tl_valid_o = tl_ready_i;
            tl_a_opcode_o = 3'b000;
        end else begin
            error_o = 1'b1;
        end
    end
endmodule
","property p_tl_valid_axi_awvalid;
@(posedge clk) (axi_awvalid_i) |-> (tl_valid_o == tl_ready_i);
endproperty
assert property (p_tl_valid_axi_awvalid);

property p_tl_a_opcode_axi_awvalid;
@(posedge clk) (axi_awvalid_i) |-> (tl_a_opcode_o == 3'b001);
endproperty
assert property (p_tl_a_opcode_axi_awvalid);

property p_tl_valid_axi_arvalid;
@(posedge clk) (axi_arvalid_i) |-> (tl_valid_o == tl_ready_i);
endproperty
assert property (p_tl_valid_axi_arvalid);

property p_tl_a_opcode_axi_arvalid;
@(posedge clk) (axi_arvalid_i) |-> (tl_a_opcode_o == 3'b000);
endproperty
assert property (p_tl_a_opcode_axi_arvalid);

property p_error_default;
@(posedge clk) !(axi_awvalid_i || axi_arvalid_i) |-> (error_o == 1'b1);
endproperty
assert property (p_error_default);","** Error: prueba.sv(15): (vlog-2730) Undefined variable: 'clk'.
** Error (suppressible): prueba.sv(17): (vlog-1957) The sva directive is not sensitive to a clock. Unclocked directives are not supported.
** Error: prueba.sv(20): (vlog-2730) Undefined variable: 'clk'.
** Error (suppressible): prueba.sv(22): (vlog-1957) The sva directive is not sensitive to a clock. Unclocked directives are not supported.
** Error: prueba.sv(25): (vlog-2730) Undefined variable: 'clk'.
** Error (suppressible): prueba.sv(27): (vlog-1957) The sva directive is not sensitive to a clock. Unclocked directives are not supported.
** Error: prueba.sv(30): (vlog-2730) Undefined variable: 'clk'.
** Error (suppressible): prueba.sv(32): (vlog-1957) The sva directive is not sensitive to a clock. Unclocked directives are not supported.
** Error: prueba.sv(35): (vlog-2730) Undefined variable: 'clk'.
** Error (suppressible): prueba.sv(37): (vlog-1957) The sva directive is not sensitive to a clock. Unclocked directives are not supported.
** Error: prueba.sv(15): (vlog-2730) Undefined variable: 'clk'.",50.28868317604065,2614,327
"module multi_core_cache_arb_lvl (
    input  logic [3:0] req_i,
    input  logic [1:0] line_state_i [3:0],
    input  logic [2:0] msg_type_i [3:0],
    input  logic priv_i [3:0],
    output logic [3:0] grant_o,
    output logic [3:0] nack_o
);

    always_comb begin
        grant_o = 4'b0000;
        nack_o  = 4'b0000;

        for (int i=0; i<4; i++) begin
            if (req_i[i]) begin
                unique case (line_state_i[i])
                    2'b00: unique case (msg_type_i[i])
                                3'b000: unique case (priv_i[i])
                                            1'b1: grant_o[i] = 1'b1;
                                            default: nack_o[i] = 1'b1;
                                        endcase
                                default: nack_o[i] = 1'b1;
                            endcase
                    2'b01: nack_o[i] = 1'b0;
                    2'b10,2'b11: nack_o[i] = 1'b1;
                    default: nack_o[i] = 1'b1;
                endcase
            end
        end
    end
endmodule
","property p_grant_priv_high;
@(posedge clk) (req_i[i] && line_state_i[i] == 2'b00 && msg_type_i[i] == 3'b000 && priv_i[i] == 1'b1) |-> (grant_o[i] == 1'b1);
endproperty
assert property (p_grant_priv_high);

property p_nack_default;
@(posedge clk) (req_i[i] && line_state_i[i] == 2'b00 && msg_type_i[i] == 3'b000 && priv_i[i] != 1'b1) |-> (nack_o[i] == 1'b1);
endproperty
assert property (p_nack_default);

property p_nack_msg_type;
@(posedge clk) (req_i[i] && line_state_i[i] == 2'b00 && msg_type_i[i] != 3'b000) |-> (nack_o[i] == 1'b1);
endproperty
assert property (p_nack_msg_type);

property p_nack_line_state;
@(posedge clk) (req_i[i] && line_state_i[i] == 2'b01) |-> (nack_o[i] == 1'b0);
endproperty
assert property (p_nack_line_state);

property p_nack_invalid_line_state;
@(posedge clk) (req_i[i] && (line_state_i[i] == 2'b10 || line_state_i[i] == 2'b11)) |-> (nack_o[i] == 1'b1);
endproperty
assert property (p_nack_invalid_line_state);

property p_nack_default_case;
@(posedge clk) (req_i[i] && line_state_i[i] != 2'b00 && line_state_i[i] != 2'b01 && line_state_i[i] != 2'b10 && line_state_i[i] != 2'b11) |-> (nack_o[i] == 1'b1);
endproperty
assert property (p_nack_default_case);","** Error: prueba.sv(14): (vlog-2730) Undefined variable: 'i'.
** Error: prueba.sv(14): (vlog-2730) Undefined variable: 'clk'.
** Error (suppressible): prueba.sv(16): (vlog-1957) The sva directive is not sensitive to a clock. Unclocked directives are not supported.
** Error: prueba.sv(19): (vlog-2730) Undefined variable: 'i'.
** Error: prueba.sv(19): (vlog-2730) Undefined variable: 'clk'.
** Error (suppressible): prueba.sv(21): (vlog-1957) The sva directive is not sensitive to a clock. Unclocked directives are not supported.
** Error: prueba.sv(24): (vlog-2730) Undefined variable: 'i'.
** Error: prueba.sv(24): (vlog-2730) Undefined variable: 'clk'.
** Error (suppressible): prueba.sv(26): (vlog-1957) The sva directive is not sensitive to a clock. Unclocked directives are not supported.
** Error: prueba.sv(29): (vlog-2730) Undefined variable: 'i'.
** Error: prueba.sv(29): (vlog-2730) Undefined variable: 'clk'.
** Error (suppressible): prueba.sv(31): (vlog-1957) The sva directive is not sensitive to a clock. Unclocked directives are not supported.
** Error: prueba.sv(34): (vlog-2730) Undefined variable: 'i'.
** Error: prueba.sv(34): (vlog-2730) Undefined variable: 'clk'.
** Error (suppressible): prueba.sv(36): (vlog-1957) The sva directive is not sensitive to a clock. Unclocked directives are not supported.
** Error: prueba.sv(39): (vlog-2730) Undefined variable: 'i'.
** Error: prueba.sv(39): (vlog-2730) Undefined variable: 'clk'.
** Error (suppressible): prueba.sv(41): (vlog-1957) The sva directive is not sensitive to a clock. Unclocked directives are not supported.
** Error: prueba.sv(14): (vlog-2730) Undefined variable: 'i'.
** Error: prueba.sv(14): (vlog-2730) Undefined variable: 'clk'.",94.31351351737976,2711,601
"module chisel_prio_mux_masked (
    input  logic [3:0] sel_i,
    input  logic [7:0] in0_i, in1_i, in2_i, in3_i,
    input  logic mask_i,
    output logic [7:0] out_o
);

    always_comb begin
        out_o = 8'h00;

        case (1'b1)
            sel_i[0]: out_o = mask_i ? 8'h00 : in0_i;
            sel_i[1]: out_o = mask_i ? 8'h00 : in1_i;
            sel_i[2]: out_o = mask_i ? 8'h00 : in2_i;
            sel_i[3]: out_o = mask_i ? 8'h00 : in3_i;
            default: out_o = 8'h00;
        endcase
    end
endmodule
","property p_out_sel0_masked;
@(posedge clk) (sel_i[0] && mask_i) |-> (out_o == 8'h00);
endproperty
assert property (p_out_sel0_masked);

property p_out_sel0_unmasked;
@(posedge clk) (sel_i[0] && !mask_i) |-> (out_o == in0_i);
endproperty
assert property (p_out_sel0_unmasked);

property p_out_sel1_masked;
@(posedge clk) (sel_i[1] && mask_i) |-> (out_o == 8'h00);
endproperty
assert property (p_out_sel1_masked);

property p_out_sel1_unmasked;
@(posedge clk) (sel_i[1] && !mask_i) |-> (out_o == in1_i);
endproperty
assert property (p_out_sel1_unmasked);

property p_out_sel2_masked;
@(posedge clk) (sel_i[2] && mask_i) |-> (out_o == 8'h00);
endproperty
assert property (p_out_sel2_masked);

property p_out_sel2_unmasked;
@(posedge clk) (sel_i[2] && !mask_i) |-> (out_o == in2_i);
endproperty
assert property (p_out_sel2_unmasked);

property p_out_sel3_masked;
@(posedge clk) (sel_i[3] && mask_i) |-> (out_o == 8'h00);
endproperty
assert property (p_out_sel3_masked);

property p_out_sel3_unmasked;
@(posedge clk) (sel_i[3] && !mask_i) |-> (out_o == in3_i);
endproperty
assert property (p_out_sel3_unmasked);

property p_out_default;
@(posedge clk) (!sel_i[0] && !sel_i[1] && !sel_i[2] && !sel_i[3]) |-> (out_o == 8'h00);
endproperty
assert property (p_out_default);","** Error: prueba.sv(12): (vlog-2730) Undefined variable: 'clk'.
** Error (suppressible): prueba.sv(14): (vlog-1957) The sva directive is not sensitive to a clock. Unclocked directives are not supported.
** Error: prueba.sv(17): (vlog-2730) Undefined variable: 'clk'.
** Error (suppressible): prueba.sv(19): (vlog-1957) The sva directive is not sensitive to a clock. Unclocked directives are not supported.
** Error: prueba.sv(22): (vlog-2730) Undefined variable: 'clk'.
** Error (suppressible): prueba.sv(24): (vlog-1957) The sva directive is not sensitive to a clock. Unclocked directives are not supported.
** Error: prueba.sv(27): (vlog-2730) Undefined variable: 'clk'.
** Error (suppressible): prueba.sv(29): (vlog-1957) The sva directive is not sensitive to a clock. Unclocked directives are not supported.
** Error: prueba.sv(32): (vlog-2730) Undefined variable: 'clk'.
** Error (suppressible): prueba.sv(34): (vlog-1957) The sva directive is not sensitive to a clock. Unclocked directives are not supported.
** Error: prueba.sv(37): (vlog-2730) Undefined variable: 'clk'.
** Error (suppressible): prueba.sv(39): (vlog-1957) The sva directive is not sensitive to a clock. Unclocked directives are not supported.
** Error: prueba.sv(42): (vlog-2730) Undefined variable: 'clk'.
** Error (suppressible): prueba.sv(44): (vlog-1957) The sva directive is not sensitive to a clock. Unclocked directives are not supported.
** Error: prueba.sv(47): (vlog-2730) Undefined variable: 'clk'.
** Error (suppressible): prueba.sv(49): (vlog-1957) The sva directive is not sensitive to a clock. Unclocked directives are not supported.
** Error: prueba.sv(52): (vlog-2730) Undefined variable: 'clk'.
** Error (suppressible): prueba.sv(54): (vlog-1957) The sva directive is not sensitive to a clock. Unclocked directives are not supported.
** Error: prueba.sv(12): (vlog-2730) Undefined variable: 'clk'.",86.33712959289551,2613,572
"module sec_lc_gate_priv_mask (
    input  logic sec_req_i,
    input  logic [2:0] lc_state_i,
    input  logic [1:0] access_type_i,
    input  logic priv_i,
    input  logic mask_i,
    output logic allow_o,
    output logic violation_o
);

    always_comb begin
        allow_o = 1'b0;
        violation_o = 1'b0;

        if (sec_req_i) begin
            unique case (lc_state_i)
                3'b000: allow_o = (access_type_i==2'b00 && priv_i && !mask_i);
                3'b001: allow_o = ((access_type_i==2'b00 || access_type_i==2'b01) && priv_i && !mask_i);
                3'b010: allow_o = (access_type_i==2'b01 && priv_i && !mask_i);
                default: violation_o = 1'b1;
            endcase
        end
    end
endmodule
","property p_allow_o_3b000;
@(posedge clk) (sec_req_i && lc_state_i == 3'b000 && access_type_i == 2'b00 && priv_i && !mask_i) |-> (allow_o == 1'b1);
endproperty
assert property (p_allow_o_3b000);

property p_allow_o_3b001;
@(posedge clk) (sec_req_i && lc_state_i == 3'b001 && ((access_type_i == 2'b00 || access_type_i == 2'b01)) && priv_i && !mask_i) |-> (allow_o == 1'b1);
endproperty
assert property (p_allow_o_3b001);

property p_allow_o_3b010;
@(posedge clk) (sec_req_i && lc_state_i == 3'b010 && access_type_i == 2'b01 && priv_i && !mask_i) |-> (allow_o == 1'b1);
endproperty
assert property (p_allow_o_3b010);

property p_violation_o_default;
@(posedge clk) (sec_req_i && lc_state_i != 3'b000 && lc_state_i != 3'b001 && lc_state_i != 3'b010) |-> (violation_o == 1'b1);
endproperty
assert property (p_violation_o_default);","** Error: prueba.sv(15): (vlog-2730) Undefined variable: 'clk'.
** Error (suppressible): prueba.sv(17): (vlog-1957) The sva directive is not sensitive to a clock. Unclocked directives are not supported.
** Error: prueba.sv(20): (vlog-2730) Undefined variable: 'clk'.
** Error (suppressible): prueba.sv(22): (vlog-1957) The sva directive is not sensitive to a clock. Unclocked directives are not supported.
** Error: prueba.sv(25): (vlog-2730) Undefined variable: 'clk'.
** Error (suppressible): prueba.sv(27): (vlog-1957) The sva directive is not sensitive to a clock. Unclocked directives are not supported.
** Error: prueba.sv(30): (vlog-2730) Undefined variable: 'clk'.
** Error (suppressible): prueba.sv(32): (vlog-1957) The sva directive is not sensitive to a clock. Unclocked directives are not supported.
** Error: prueba.sv(15): (vlog-2730) Undefined variable: 'clk'.",63.4218430519104,2645,410
