original_code,generated_code,iverilog_output,time(s),prompt_tkns,output_tkns
"module case_example1(input logic [1:0] a, output logic y);
    always_comb begin
        case(a)
            2'b00: y = 0;
            2'b01: y = 1;
            2'b10: y = 1;
            2'b11: y = 0;
            default: y = 0;
        endcase
    end
endmodule","module case_example1_assertions(input logic [1:0] a, output logic y);
    property p_y_0_assign;
        (a == 2'b00) |-> (y == 0);
    endproperty
    assert property (p_y_0_assign);

    property p_y_1_assign;
        (a == 2'b01) |-> (y == 1);
    endproperty
    assert property (p_y_1_assign);

    property p_y_2_assign;
        (a == 2'b10) |-> (y == 1);
    endproperty
    assert property (p_y_2_assign);

    property p_y_3_assign;
        (a == 2'b11) |-> (y == 0);
    endproperty
    assert property (p_y_3_assign);

endmodule","** Error (suppressible): prueba.sv(5): (vlog-1957) The sva directive is not sensitive to a clock. Unclocked directives are not supported.
** Error (suppressible): prueba.sv(10): (vlog-1957) The sva directive is not sensitive to a clock. Unclocked directives are not supported.
** Error (suppressible): prueba.sv(15): (vlog-1957) The sva directive is not sensitive to a clock. Unclocked directives are not supported.
** Error (suppressible): prueba.sv(20): (vlog-1957) The sva directive is not sensitive to a clock. Unclocked directives are not supported.",20.467647552490234,2962,224
"module case_example2(input logic [3:0] a, output logic [1:0] y);
    always_comb begin
        case(a)
            4'd0: y = 2'b00;
            4'd1: y = 2'b01;
            4'd2: y = 2'b10;
            default: y = 2'b11;
        endcase
    end
endmodule
","module case_example2_assertions(input logic [3:0] a, output logic [1:0] y);
    property p_y_0_assign;
        (a == 4'd0) |=> (y == 2'b00);
    endproperty
    assert property (p_y_0_assign);

    property p_y_1_assign;
        (a == 4'd1) |=> (y == 2'b01);
    endproperty
    assert property (p_y_1_assign);

    property p_y_2_assign;
        (a == 4'd2) |=> (y == 2'b10);
    endproperty
    assert property (p_y_2_assign);

    property p_y_default_assign;
        (a != 4'd0 && a != 4'd1 && a != 4'd2) |=> (y == 2'b11);
    endproperty
    assert property (p_y_default_assign);

endmodule","** Error (suppressible): prueba.sv(5): (vlog-1957) The sva directive is not sensitive to a clock. Unclocked directives are not supported.
** Error (suppressible): prueba.sv(10): (vlog-1957) The sva directive is not sensitive to a clock. Unclocked directives are not supported.
** Error (suppressible): prueba.sv(15): (vlog-1957) The sva directive is not sensitive to a clock. Unclocked directives are not supported.
** Error (suppressible): prueba.sv(20): (vlog-1957) The sva directive is not sensitive to a clock. Unclocked directives are not supported.",8.295597314834595,2967,257
"module case2(input logic [2:0] sel, output logic z);
    always_comb begin
        case(sel)
            3'b000: z = 0;
            3'b001: z = 1;
            3'b010: z = 1;
            3'b011: z = 0;
            3'b100: z = 1;
            default: z = 0;
        endcase
    end
endmodule
","module case2_assertions(
    input logic [2:0] sel,
    output logic z
);
    property p_z_000;
        @(posedge clk) (sel == 3'b000) |-> (z == 0);
    endproperty
    assert property (p_z_000);

    property p_z_001;
        @(posedge clk) (sel == 3'b001) |-> (z == 1);
    endproperty
    assert property (p_z_001);

    property p_z_010;
        @(posedge clk) (sel == 3'b010) |-> (z == 1);
    endproperty
    assert property (p_z_010);

    property p_z_011;
        @(posedge clk) (sel == 3'b011) |-> (z == 0);
    endproperty
    assert property (p_z_011);

    property p_z_100;
        @(posedge clk) (sel == 3'b100) |-> (z == 1);
    endproperty
    assert property (p_z_100);

    property p_z_default;
        @(posedge clk) (sel != 3'b000 && sel != 3'b001 && sel != 3'b010 && sel != 3'b011 && sel != 3'b100) |-> (z == 0);
    endproperty
    assert property (p_z_default);
endmodule","** Error: prueba.sv(6): (vlog-2730) Undefined variable: 'clk'.
** Error (suppressible): prueba.sv(8): (vlog-1957) The sva directive is not sensitive to a clock. Unclocked directives are not supported.
** Error: prueba.sv(11): (vlog-2730) Undefined variable: 'clk'.
** Error (suppressible): prueba.sv(13): (vlog-1957) The sva directive is not sensitive to a clock. Unclocked directives are not supported.
** Error: prueba.sv(16): (vlog-2730) Undefined variable: 'clk'.
** Error (suppressible): prueba.sv(18): (vlog-1957) The sva directive is not sensitive to a clock. Unclocked directives are not supported.
** Error: prueba.sv(21): (vlog-2730) Undefined variable: 'clk'.
** Error (suppressible): prueba.sv(23): (vlog-1957) The sva directive is not sensitive to a clock. Unclocked directives are not supported.
** Error: prueba.sv(26): (vlog-2730) Undefined variable: 'clk'.
** Error (suppressible): prueba.sv(28): (vlog-1957) The sva directive is not sensitive to a clock. Unclocked directives are not supported.
** Error: prueba.sv(31): (vlog-2730) Undefined variable: 'clk'.
** Error (suppressible): prueba.sv(33): (vlog-1957) The sva directive is not sensitive to a clock. Unclocked directives are not supported.
** Error: prueba.sv(6): (vlog-2730) Undefined variable: 'clk'.",12.236004114151,2978,388
"module case3(input logic [1:0] sel, input logic a, b, c, d, output logic y);
    always_comb begin
        case(sel)
            2'b00: y = a;
            2'b01: y = b;
            2'b10: y = c;
            2'b11: y = d;
        endcase
    end
endmodule
","module case3_assertions(input logic [1:0] sel, input logic a, b, c, d, output logic y);
    property p_y_a_assign; 
        (sel == 2'b00) |-> (y == a); 
    endproperty 
    assert property (p_y_a_assign); 
    
    property p_y_b_assign; 
        (sel == 2'b01) |-> (y == b); 
    endproperty 
    assert property (p_y_b_assign); 
    
    property p_y_c_assign; 
        (sel == 2'b10) |-> (y == c); 
    endproperty 
    assert property (p_y_c_assign); 
    
    property p_y_d_assign; 
        (sel == 2'b11) |-> (y == d); 
    endproperty 
    assert property (p_y_d_assign); 
endmodule","** Error (suppressible): prueba.sv(5): (vlog-1957) The sva directive is not sensitive to a clock. Unclocked directives are not supported.
** Error (suppressible): prueba.sv(10): (vlog-1957) The sva directive is not sensitive to a clock. Unclocked directives are not supported.
** Error (suppressible): prueba.sv(15): (vlog-1957) The sva directive is not sensitive to a clock. Unclocked directives are not supported.
** Error (suppressible): prueba.sv(20): (vlog-1957) The sva directive is not sensitive to a clock. Unclocked directives are not supported.",8.015389919281006,2957,250
"module case4(input logic [3:0] in, output logic out);
    always_comb begin
        case(in)
            4'b0001: out = 1;
            4'b0010: out = 0;
            4'b0100: out = 1;
            4'b1000: out = 0;
            default: out = 0;
        endcase
    end
endmodule
","module case4_assertions(input logic [3:0] in, output logic out);
    property p_out_0001;
        (in == 4'b0001) |-> (out == 1);
    endproperty
    assert property (p_out_0001);

    property p_out_0010;
        (in == 4'b0010) |-> (out == 0);
    endproperty
    assert property (p_out_0010);

    property p_out_0100;
        (in == 4'b0100) |-> (out == 1);
    endproperty
    assert property (p_out_0100);

    property p_out_1000;
        (in == 4'b1000) |-> (out == 0);
    endproperty
    assert property (p_out_1000);

    property p_out_default;
        (in != 4'b0001 && in != 4'b0010 && in != 4'b0100 && in != 4'b1000) |-> (out == 0);
    endproperty
    assert property (p_out_default);
endmodule","** Error (suppressible): prueba.sv(5): (vlog-1957) The sva directive is not sensitive to a clock. Unclocked directives are not supported.
** Error (suppressible): prueba.sv(10): (vlog-1957) The sva directive is not sensitive to a clock. Unclocked directives are not supported.
** Error (suppressible): prueba.sv(15): (vlog-1957) The sva directive is not sensitive to a clock. Unclocked directives are not supported.
** Error (suppressible): prueba.sv(20): (vlog-1957) The sva directive is not sensitive to a clock. Unclocked directives are not supported.
** Error (suppressible): prueba.sv(25): (vlog-1957) The sva directive is not sensitive to a clock. Unclocked directives are not supported.",10.072687149047852,2968,316
"module case5(input logic [1:0] op, input logic [3:0] a, b, output logic [3:0] result);
    always_comb begin
        case(op)
            2'b00: result = a + b;
            2'b01: result = a - b;
            2'b10: result = a & b;
            2'b11: result = a | b;
        endcase
    end
endmodule
","module case5_assertions(input logic [1:0] op, input logic [3:0] a, b, output logic [3:0] result);
    logic [3:0] last_result;

    property p_addition;
        assert(op == 2'b00) |-> (result == a + b);
    endproperty

    property p_subtraction;
        assert(op == 2'b01) |-> (result == a - b);
    endproperty

    property p_and;
        assert(op == 2'b10) |-> (result == a & b);
    endproperty

    property p_or;
        assert(op == 2'b11) |-> (result == a | b);
    endproperty

    property p_initial_value;
        assert($past(result) == '0');
    endproperty

endmodule","** Error: (vlog-13069) prueba.sv(5): near ""assert"": syntax error, unexpected ""SystemVerilog keyword 'assert' "", expecting disable.",7.1537415981292725,2971,215
"module case6(input logic [1:0] state, output logic [2:0] light);
    always_comb begin
        case(state)
            2'b00: light = 3'b100; // Red
            2'b01: light = 3'b010; // Yellow
            2'b10: light = 3'b001; // Green
            default: light = 3'b100;
        endcase
    end
endmodule
","module case6_assertions(input logic [1:0] state, output logic [2:0] light);
    property p_red_light;
        (state == 2'b00) |-> (light == 3'b100);
    endproperty
    assert property (p_red_light);

    property p_yellow_light;
        (state == 2'b01) |-> (light == 3'b010);
    endproperty
    assert property (p_yellow_light);

    property p_green_light;
        (state == 2'b10) |-> (light == 3'b001);
    endproperty
    assert property (p_green_light);

endmodule","** Error (suppressible): prueba.sv(5): (vlog-1957) The sva directive is not sensitive to a clock. Unclocked directives are not supported.
** Error (suppressible): prueba.sv(10): (vlog-1957) The sva directive is not sensitive to a clock. Unclocked directives are not supported.
** Error (suppressible): prueba.sv(15): (vlog-1957) The sva directive is not sensitive to a clock. Unclocked directives are not supported.",6.179828643798828,2978,181
"module case8(input logic [3:0] in, output logic [1:0] out);
    always_comb begin
        case(in)
            4'b0001: out = 2'b00;
            4'b0010: out = 2'b01;
            4'b0100: out = 2'b10;
            4'b1000: out = 2'b11;
            default: out = 2'b00;
        endcase
    end
endmodule
","module case8_assertions(input logic [3:0] in, output logic [1:0] out);
    property p_out_0001;
        assert(in == 4'b0001) |-> (out == 2'b00);
    endproperty
    assert property (p_out_0001);

    property p_out_0010;
        assert(in == 4'b0010) |-> (out == 2'b01);
    endproperty
    assert property (p_out_0010);

    property p_out_0100;
        assert(in == 4'b0100) |-> (out == 2'b10);
    endproperty
    assert property (p_out_0100);

    property p_out_1000;
        assert(in == 4'b1000) |-> (out == 2'b11);
    endproperty
    assert property (p_out_1000);

endmodule","** Error: (vlog-13069) prueba.sv(3): near ""assert"": syntax error, unexpected ""SystemVerilog keyword 'assert' "", expecting disable.
** Error: (vlog-13069) prueba.sv(8): near ""assert"": syntax error, unexpected ""SystemVerilog keyword 'assert' "", expecting disable.
** Error: (vlog-13069) prueba.sv(13): near ""assert"": syntax error, unexpected ""SystemVerilog keyword 'assert' "", expecting disable.
** Error: (vlog-13069) prueba.sv(18): near ""assert"": syntax error, unexpected ""SystemVerilog keyword 'assert' "", expecting disable.",8.590057849884033,2993,262
"module case9(input logic [3:0] digit, output logic [6:0] seg);
    always_comb begin
        case(digit)
            4'd0: seg = 7'b0111111;
            4'd1: seg = 7'b0000110;
            4'd2: seg = 7'b1011011;
            4'd3: seg = 7'b1001111;
            4'd4: seg = 7'b1100110;
            4'd5: seg = 7'b1101101;
            4'd6: seg = 7'b1111101;
            4'd7: seg = 7'b0000111;
            4'd8: seg = 7'b1111111;
            4'd9: seg = 7'b1101111;
            default: seg = 7'b0000000;
        endcase
    end
endmodule
","module case9_assertions(input logic [3:0] digit, output logic [6:0] seg);
    logic [6:0] expected_seg;
    
    always_comb begin
        case(digit)
            4'd0: expected_seg = 7'b0111111;
            4'd1: expected_seg = 7'b0000110;
            4'd2: expected_seg = 7'b1011011;
            4'd3: expected_seg = 7'b1001111;
            4'd4: expected_seg = 7'b1100110;
            4'd5: expected_seg = 7'b1101101;
            4'd6: expected_seg = 7'b1111101;
            4'd7: expected_seg = 7'b0000111;
            4'd8: expected_seg = 7'b1111111;
            4'd9: expected_seg = 7'b1101111;
            default: expected_seg = 7'b0000000;
        endcase
    end
    
    property p_seg_assign;
        seg == expected_seg;
    endproperty
    assert property (p_seg_assign);
endmodule",** Error (suppressible): prueba.sv(23): (vlog-1957) The sva directive is not sensitive to a clock. Unclocked directives are not supported.,12.15602684020996,3132,352
"module case10(input logic [2:0] pattern, output logic match);
    always_comb begin
        case(pattern)
            3'b101: match = 1;
            3'b010: match = 1;
            3'b111: match = 0;
            default: match = 0;
        endcase
    end
endmodule
","module case10_assertions(
    input logic [2:0] pattern,
    output logic match
);

    property p_match_101;
        (pattern == 3'b101) |=> (match == 1);
    endproperty
    assert property (p_match_101);

    property p_match_010;
        (pattern == 3'b010) |=> (match == 1);
    endproperty
    assert property (p_match_010);

    property p_match_111;
        (pattern != 3'b101 && pattern != 3'b010) |=> (match == 0);
    endproperty
    assert property (p_match_111);

endmodule","** Error (suppressible): prueba.sv(9): (vlog-1957) The sva directive is not sensitive to a clock. Unclocked directives are not supported.
** Error (suppressible): prueba.sv(14): (vlog-1957) The sva directive is not sensitive to a clock. Unclocked directives are not supported.
** Error (suppressible): prueba.sv(19): (vlog-1957) The sva directive is not sensitive to a clock. Unclocked directives are not supported.",6.308086395263672,2951,192
"module case11(input logic toggle, output logic state);
    always_comb begin
        case(toggle)
            1'b0: state = 0;
            1'b1: state = 1;
        endcase
    end
endmodule
","module case11_assertions(input logic toggle, output logic state);
    property p_toggle_false;
        assert(toggle == 1'b0) & (state == 0);
    endproperty
    assert property (p_toggle_false);

    property p_toggle_true;
        assert(toggle == 1'b1) & (state == 1);
    endproperty
    assert property (p_toggle_true);
endmodule","** Error: (vlog-13069) prueba.sv(3): near ""assert"": syntax error, unexpected ""SystemVerilog keyword 'assert' "", expecting disable.
** Error: (vlog-13069) prueba.sv(8): near ""assert"": syntax error, unexpected ""SystemVerilog keyword 'assert' "", expecting disable.",3.788400411605835,2919,112
"module case12(input logic [2:0] in, output logic [7:0] out);
    always_comb begin
        case(in)
            3'b000: out = 8'b00000001;
            3'b001: out = 8'b00000010;
            3'b010: out = 8'b00000100;
            3'b011: out = 8'b00001000;
            3'b100: out = 8'b00010000;
            3'b101: out = 8'b00100000;
            3'b110: out = 8'b01000000;
            3'b111: out = 8'b10000000;
        endcase
    end
endmodule
","module case12_assertions(input logic [2:0] in, output logic [7:0] out);
    property p_out_000_assign;
        (in == 3'b000) |=> (out == 8'b00000001);
    endproperty
    assert property (p_out_000_assign);

    property p_out_001_assign;
        (in == 3'b001) |=> (out == 8'b00000010);
    endproperty
    assert property (p_out_001_assign);

    property p_out_010_assign;
        (in == 3'b010) |=> (out == 8'b00000100);
    endproperty
    assert property (p_out_010_assign);

    property p_out_011_assign;
        (in == 3'b011) |=> (out == 8'b00001000);
    endproperty
    assert property (p_out_011_assign);

    property p_out_100_assign;
        (in == 3'b100) |=> (out == 8'b00010000);
    endproperty
    assert property (p_out_100_assign);

    property p_out_101_assign;
        (in == 3'b101) |=> (out == 8'b00100000);
    endproperty
    assert property (p_out_101_assign);

    property p_out_110_assign;
        (in == 3'b110) |=> (out == 8'b01000000);
    endproperty
    assert property (p_out_110_assign);

    property p_out_111_assign;
        (in == 3'b111) |=> (out == 8'b10000000);
    endproperty
    assert property (p_out_111_assign);
endmodule","** Error (suppressible): prueba.sv(5): (vlog-1957) The sva directive is not sensitive to a clock. Unclocked directives are not supported.
** Error (suppressible): prueba.sv(10): (vlog-1957) The sva directive is not sensitive to a clock. Unclocked directives are not supported.
** Error (suppressible): prueba.sv(15): (vlog-1957) The sva directive is not sensitive to a clock. Unclocked directives are not supported.
** Error (suppressible): prueba.sv(20): (vlog-1957) The sva directive is not sensitive to a clock. Unclocked directives are not supported.
** Error (suppressible): prueba.sv(25): (vlog-1957) The sva directive is not sensitive to a clock. Unclocked directives are not supported.
** Error (suppressible): prueba.sv(30): (vlog-1957) The sva directive is not sensitive to a clock. Unclocked directives are not supported.
** Error (suppressible): prueba.sv(35): (vlog-1957) The sva directive is not sensitive to a clock. Unclocked directives are not supported.
** Error (suppressible): prueba.sv(40): (vlog-1957) The sva directive is not sensitive to a clock. Unclocked directives are not supported.",17.493932008743286,3097,539
"module case14(input logic [1:0] op, input logic [3:0] a, b, output logic [3:0] result);
    always_comb begin
        case(op)
            2'b00: result = a ^ b; // XOR
            2'b01: result = ~(a & b); // NAND
            2'b10: result = a | b; // OR
            2'b11: result = a & b; // AND
        endcase
    end
endmodule
","module case14_assertions(
    input logic [1:0] op,
    input logic [3:0] a,
    input logic [3:0] b,
    output logic [3:0] result
);

    property p_xor_assign;
        (op == 2'b00) |-> (result == a ^ b);
    endproperty
    assert property (p_xor_assign);

    property p_nand_assign;
        (op == 2'b01) |-> (result == ~(a & b));
    endproperty
    assert property (p_nand_assign);

    property p_or_assign;
        (op == 2'b10) |-> (result == a | b);
    endproperty
    assert property (p_or_assign);

    property p_and_assign;
        (op == 2'b11) |-> (result == a & b);
    endproperty
    assert property (p_and_assign);

endmodule","** Error (suppressible): prueba.sv(11): (vlog-1957) The sva directive is not sensitive to a clock. Unclocked directives are not supported.
** Error (suppressible): prueba.sv(16): (vlog-1957) The sva directive is not sensitive to a clock. Unclocked directives are not supported.
** Error (suppressible): prueba.sv(21): (vlog-1957) The sva directive is not sensitive to a clock. Unclocked directives are not supported.
** Error (suppressible): prueba.sv(26): (vlog-1957) The sva directive is not sensitive to a clock. Unclocked directives are not supported.",7.990555286407471,2981,243
"module case15(input logic [3:0] num, output logic [1:0] mod3);
    always_comb begin
        case(num % 3)
            2'd0: mod3 = 2'b00;
            2'd1: mod3 = 2'b01;
            2'd2: mod3 = 2'b10;
        endcase
    end
endmodule
","module case15_assertions(input logic [3:0] num, output logic [1:0] mod3);
    property p_mod3_0;
        (num % 3 == 0) |-> (mod3 == 2'b00);
    endproperty
    assert property (p_mod3_0);

    property p_mod3_1;
        (num % 3 == 1) |-> (mod3 == 2'b01);
    endproperty
    assert property (p_mod3_1);

    property p_mod3_2;
        (num % 3 == 2) |-> (mod3 == 2'b10);
    endproperty
    assert property (p_mod3_2);
endmodule","** Error (suppressible): prueba.sv(5): (vlog-1957) The sva directive is not sensitive to a clock. Unclocked directives are not supported.
** Error (suppressible): prueba.sv(10): (vlog-1957) The sva directive is not sensitive to a clock. Unclocked directives are not supported.
** Error (suppressible): prueba.sv(15): (vlog-1957) The sva directive is not sensitive to a clock. Unclocked directives are not supported.",6.23355770111084,2960,187
"module case17(input logic [1:0] state, output logic [1:0] next);
    always_comb begin
        case(state)
            2'b00: next = 2'b01;
            2'b01: next = 2'b10;
            2'b10: next = 2'b11;
            2'b11: next = 2'b00;
            default: next = 2'b00; // safe default
        endcase
    end
endmodule
","module case17_assertions(input logic [1:0] state, output logic [1:0] next);
    property p_next_assign;
        always_comb begin
            case(state)
                2'b00: assert(next == 2'b01);
                2'b01: assert(next == 2'b10);
                2'b10: assert(next == 2'b11);
                2'b11: assert(next == 2'b00);
                default: assert(next == 2'b00); // safe default
            endcase
        end
    endproperty
endmodule","** Error: (vlog-13069) prueba.sv(3): near ""always_comb"": syntax error, unexpected ""SystemVerilog keyword 'always_comb'"", expecting disable.",5.624769926071167,2989,161
"module case18(input logic [3:0] key, output logic [6:0] seg);
    always_comb begin
        case(key)
            4'd0: seg = 7'b0111111;
            4'd1: seg = 7'b0000110;
            4'd2: seg = 7'b1011011;
            4'd3: seg = 7'b1001111;
            default: seg = 7'b0000000;
        endcase
    end
endmodule
","module case18_assertions(input logic [3:0] key, output logic [6:0] seg);
    property p_seg_key_0;
        (key == 4'd0) |-> (seg == 7'b0111111);
    endproperty
    assert property (p_seg_key_0);

    property p_seg_key_1;
        (key == 4'd1) |-> (seg == 7'b0000110);
    endproperty
    assert property (p_seg_key_1);

    property p_seg_key_2;
        (key == 4'd2) |-> (seg == 7'b1011011);
    endproperty
    assert property (p_seg_key_2);

    property p_seg_key_3;
        (key == 4'd3) |-> (seg == 7'b1001111);
    endproperty
    assert property (p_seg_key_3);

    property p_seg_default;
        (key != 4'd0 && key != 4'd1 && key != 4'd2 && key != 4'd3) |-> (seg == 7'b0000000);
    endproperty
    assert property (p_seg_default);
endmodule","** Error (suppressible): prueba.sv(5): (vlog-1957) The sva directive is not sensitive to a clock. Unclocked directives are not supported.
** Error (suppressible): prueba.sv(10): (vlog-1957) The sva directive is not sensitive to a clock. Unclocked directives are not supported.
** Error (suppressible): prueba.sv(15): (vlog-1957) The sva directive is not sensitive to a clock. Unclocked directives are not supported.
** Error (suppressible): prueba.sv(20): (vlog-1957) The sva directive is not sensitive to a clock. Unclocked directives are not supported.
** Error (suppressible): prueba.sv(25): (vlog-1957) The sva directive is not sensitive to a clock. Unclocked directives are not supported.",11.067323446273804,3007,335
"module case21(input logic [1:0] counter, input logic reset, output logic [1:0] next_count);
    always_comb begin
        case({reset, counter})
            3'b100: next_count = 2'b00; // reset active
            3'b000: next_count = 2'b01;
            3'b001: next_count = 2'b10;
            3'b010: next_count = 2'b11;
            3'b011: next_count = 2'b00;
            default: next_count = 2'b00;
        endcase
    end
endmodule
","module case21_assertions(input logic [1:0] counter, input logic reset, output logic [1:0] next_count);
    
    property p_next_count_000_assign;
        (reset == 0 && counter == 2'b000) |-> (next_count == 2'b01);
    endproperty
    assert property (p_next_count_000_assign);
    
    property p_next_count_001_assign;
        (reset == 0 && counter == 2'b001) |-> (next_count == 2'b10);
    endproperty
    assert property (p_next_count_001_assign);
    
    property p_next_count_010_assign;
        (reset == 0 && counter == 2'b010) |-> (next_count == 2'b11);
    endproperty
    assert property (p_next_count_010_assign);
    
    property p_next_count_011_assign;
        (reset == 0 && counter == 2'b011) |-> (next_count == 2'b00);
    endproperty
    assert property (p_next_count_011_assign);
    
    property p_next_count_reset_assign;
        (reset == 1) |-> (next_count == 2'b00);
    endproperty
    assert property (p_next_count_reset_assign);

endmodule","** Error (suppressible): prueba.sv(6): (vlog-1957) The sva directive is not sensitive to a clock. Unclocked directives are not supported.
** Error (suppressible): prueba.sv(11): (vlog-1957) The sva directive is not sensitive to a clock. Unclocked directives are not supported.
** Error (suppressible): prueba.sv(16): (vlog-1957) The sva directive is not sensitive to a clock. Unclocked directives are not supported.
** Error (suppressible): prueba.sv(21): (vlog-1957) The sva directive is not sensitive to a clock. Unclocked directives are not supported.
** Error (suppressible): prueba.sv(26): (vlog-1957) The sva directive is not sensitive to a clock. Unclocked directives are not supported.",12.30277967453003,3031,378
"module case27(input logic [3:0] temp, output logic warning);
    always_comb begin
        case(temp)
            4'd0, 4'd1, 4'd2, 4'd3, 4'd4, 4'd5: warning = 0;
            4'd6, 4'd7, 4'd8, 4'd9, 4'd10: warning = 1;
            default: warning = 0;
        endcase
    end
endmodule
","module case27_assertions(input logic [3:0] temp, output logic warning);
    logic temp_is_within_range;

    always_comb begin
        temp_is_within_range = (temp >= 4'd0) && (temp <= 4'd10);
        assert property (temp_is_within_range)
            |-> (warning == (temp >= 4'd6) && temp <= 4'd10));
    end
endmodule","** Error: (vlog-13069) prueba.sv(7): near ""|->"": syntax error, unexpected |-> .",4.428635597229004,2988,119
"module case31(input logic [3:0] value, output logic flag);
    always_comb begin
        case(value)
            4'd1, 4'd3, 4'd5, 4'd7: flag = 1; // odd numbers
            default: flag = 0;
        endcase
    end
endmodule
","module case31_assertions(
    input logic [3:0] value,
    output logic flag
);
    
    property p_flag_odd_assign;
        (value == 4'd1 || value == 4'd3 || value == 4'd5 || value == 4'd7) |-> (flag == 1);
    endproperty
    assert property (p_flag_odd_assign);
    
endmodule",** Error (suppressible): prueba.sv(9): (vlog-1957) The sva directive is not sensitive to a clock. Unclocked directives are not supported.,3.863722085952759,2942,110
"module case32(input logic [3:0] temp, output logic warning);
    always_comb begin
        case(temp)
            4'd0: warning = 0;
            4'd1: warning = 0;
            4'd2: warning = 0;
            4'd3: warning = 0;
            4'd4, 4'd5, 4'd6: warning = 1; // range 4 to 6
            default: warning = 0;
        endcase
    end
endmodule
","module case32_assertions(input logic [3:0] temp, output logic warning);
    always_comb begin
        property p_zero_to_three;
        assert(temp == 4'd0 || temp == 4'd1 || temp == 4'd2 || temp == 4'd3);
        endproperty
        assert property (p_zero_to_three);

        property p_four_to_six;
        assert(temp != 4'd4 && temp != 4'd5 && temp != 4'd6);
        endproperty
        assert property (p_four_to_six);
    end
endmodule","** Error: (vlog-13069) prueba.sv(3): near ""property"": syntax error, unexpected ""SystemVerilog keyword 'property'"".
** Error: (vlog-13069) prueba.sv(5): near ""endproperty"": syntax error, unexpected ""SystemVerilog keyword 'endproperty'"".
** Error: (vlog-13069) prueba.sv(10): near ""endproperty"": syntax error, unexpected ""SystemVerilog keyword 'endproperty'"".",5.575284481048584,2988,159
"module case34(input logic [3:0] level, output logic alarm);
    always_comb begin
        case(level)
            4'd0, 4'd1, 4'd2: alarm = 0;   // safe range
            4'd3, 4'd4, 4'd5, 4'd6: alarm = 1; // warning range
            4'd7, 4'd8, 4'd9, 4'd10: alarm = 1; // critical range
            default: alarm = 0;
        endcase
    end
endmodule
","module case34_assertions(input logic [3:0] level, output logic alarm);
    logic valid_alarm;

    always_comb begin
        valid_alarm = (level == 4'd0) || (level == 4'd1) || (level == 4'd2);
    end

    property p_safe_range;
        (level == 4'd0) || (level == 4'd1) || (level == 4'd2) |-> (alarm == 0);
    endproperty
    assert property (p_safe_range);

    property p_warning_range;
        (level == 4'd3) || (level == 4'd4) || (level == 4'd5) || (level == 4'd6) |-> (alarm == 1);
    endproperty
    assert property (p_warning_range);

    property p_critical_range;
        (level == 4'd7) || (level == 4'd8) || (level == 4'd9) || (level == 4'd10) |-> (alarm == 1);
    endproperty
    assert property (p_critical_range);

endmodule","** Error (suppressible): prueba.sv(11): (vlog-1957) The sva directive is not sensitive to a clock. Unclocked directives are not supported.
** Error (suppressible): prueba.sv(16): (vlog-1957) The sva directive is not sensitive to a clock. Unclocked directives are not supported.
** Error (suppressible): prueba.sv(21): (vlog-1957) The sva directive is not sensitive to a clock. Unclocked directives are not supported.",9.59648895263672,3004,293
"module case35(input logic [3:0] digit, output logic display);
    always_comb begin
        case(digit)
            4'd0, 4'd2, 4'd4, 4'd6, 4'd8: display = 1; // even numbers
            4'd1, 4'd3, 4'd5, 4'd7, 4'd9: display = 0; // odd numbers
            default: display = 0;
        endcase
    end
endmodule
","module case35_assertions(input logic [3:0] digit, output logic display);

    property p_even_numbers;
        (digit == 4'd0 || digit == 4'd2 || digit == 4'd4 || digit == 4'd6 || digit == 4'd8) |-> (display == 1);
    endproperty
    assert property (p_even_numbers);

    property p_odd_numbers;
        (digit == 4'd1 || digit == 4'd3 || digit == 4'd5 || digit == 4'd7 || digit == 4'd9) |-> (display == 0);
    endproperty
    assert property (p_odd_numbers);

endmodule","** Error (suppressible): prueba.sv(6): (vlog-1957) The sva directive is not sensitive to a clock. Unclocked directives are not supported.
** Error (suppressible): prueba.sv(11): (vlog-1957) The sva directive is not sensitive to a clock. Unclocked directives are not supported.",6.1795923709869385,2987,180
"module case40(input logic [3:0] req, output logic [1:0] grant);
    always_comb begin
        case(req)
            4'd1, 4'd2: grant = 2'b00; // low priority
            4'd3, 4'd4, 4'd5: grant = 2'b01; // medium priority
            4'd6, 4'd7: grant = 2'b10; // high priority
            4'd8, 4'd9: grant = 2'b11; // highest priority
            default: grant = 2'b00;
        endcase
    end
endmodule
","module case40_assertions(input logic [3:0] req, output logic [1:0] grant);
    property p_low_priority_grant;
        req == 4'd1 || req == 4'd2 => grant == 2'b00;
    endproperty
    assert property (p_low_priority_grant);

    property p_medium_priority_grant;
        req == 4'd3 || req == 4'd4 || req == 4'd5 => grant == 2'b01;
    endproperty
    assert property (p_medium_priority_grant);

    property p_high_priority_grant;
        req == 4'd6 || req == 4'd7 => grant == 2'b10;
    endproperty
    assert property (p_high_priority_grant);

    property p_highest_priority_grant;
        req == 4'd8 || req == 4'd9 => grant == 2'b11;
    endproperty
    assert property (p_highest_priority_grant);

endmodule","** Error: (vlog-13069) prueba.sv(3): near ""=>"": syntax error, unexpected =>, expecting ""SystemVerilog keyword 'endproperty'"".
** Error: (vlog-13069) prueba.sv(8): near ""=>"": syntax error, unexpected =>, expecting ""SystemVerilog keyword 'endproperty'"".
** Error: (vlog-13069) prueba.sv(13): near ""=>"": syntax error, unexpected =>, expecting ""SystemVerilog keyword 'endproperty'"".
** Error: (vlog-13069) prueba.sv(18): near ""=>"": syntax error, unexpected =>, expecting ""SystemVerilog keyword 'endproperty'"".",8.852281093597412,3024,263
"module case41(input int temp, output logic warning);
    always_comb begin
        case(temp)
            0:10: warning = 0;   // safe
            11:20: warning = 1;  // moderate
            21:30: warning = 1;  // high
            default: warning = 1; // out of range
        endcase
    end
endmodule","module case41_assertions(input int temp, output logic warning);
    logic temp_is_safe, temp_is_moderate, temp_is_high;

    property p_temp_is_safe;
        temp_is_safe = temp >= 0 && temp <= 10;
    endproperty
    assert property (p_temp_is_safe);

    property p_temp_is_moderate;
        temp_is_moderate = temp > 10 && temp <= 20;
    endproperty
    assert property (p_temp_is_moderate);

    property p_temp_is_high;
        temp_is_high = temp > 20;
    endproperty
    assert property (p_temp_is_high);

endmodule","** Error: (vlog-13069) prueba.sv(5): near ""="": syntax error, unexpected '=', expecting ++ or --.
** Error: (vlog-13069) prueba.sv(10): near ""="": syntax error, unexpected '=', expecting ++ or --.
** Error: (vlog-13069) prueba.sv(15): near ""="": syntax error, unexpected '=', expecting ++ or --.",6.093178033828735,2955,183
"module case42(input int score, output logic [1:0] grade);
    always_comb begin
        case(score)
            0:49: grade = 2'b00;   // F
            50:69: grade = 2'b01;  // D-C
            70:89: grade = 2'b10;  // B
            90:100: grade = 2'b11; // A
            default: grade = 2'b00; // invalid
        endcase
    end
endmodule
","module case42_assertions(input int score, output logic [1:0] grade);
    logic is_valid;

    property p_grade_F;
        when(score >= 0 && score <= 49) |-> grade == 2'b00;
    endproperty
    assert property (p_grade_F);

    property p_grade_D_C;
        when(score >= 50 && score <= 69) |-> grade == 2'b01;
    endproperty
    assert property (p_grade_D_C);

    property p_grade_B;
        when(score >= 70 && score <= 89) |-> grade == 2'b10;
    endproperty
    assert property (p_grade_B);

    property p_grade_A;
        when(score >= 90 && score <= 100) |-> grade == 2'b11;
    endproperty
    assert property (p_grade_A);

endmodule","** Error (suppressible): prueba.sv(7): (vlog-1957) The sva directive is not sensitive to a clock. Unclocked directives are not supported.
** Error (suppressible): prueba.sv(12): (vlog-1957) The sva directive is not sensitive to a clock. Unclocked directives are not supported.
** Error (suppressible): prueba.sv(17): (vlog-1957) The sva directive is not sensitive to a clock. Unclocked directives are not supported.
** Error (suppressible): prueba.sv(22): (vlog-1957) The sva directive is not sensitive to a clock. Unclocked directives are not supported.",8.162819147109985,2996,246
"module case43(input int temp, output logic [1:0] fan_speed);
    always_comb begin
        case(temp)
            0:25: fan_speed = 0;   // off
            26:50: fan_speed = 1;  // low
            51:75: fan_speed = 2;  // medium
            76:100: fan_speed = 3; // high
            default: fan_speed = 0;
        endcase
    end
endmodule
","module case43_assertions(input int temp, output logic [1:0] fan_speed);
    logic [1:0] fan_speed_assert;

    property p_fan_speed_off;
        (temp >= 0 && temp <= 25) |-> (fan_speed_assert == 0);
    endproperty
    assert property (p_fan_speed_off);

    property p_fan_speed_low;
        (temp > 25 && temp <= 50) |-> (fan_speed_assert == 1);
    endproperty
    assert property (p_fan_speed_low);

    property p_fan_speed_medium;
        (temp > 50 && temp <= 75) |-> (fan_speed_assert == 2);
    endproperty
    assert property (p_fan_speed_medium);

    property p_fan_speed_high;
        (temp > 75 && temp <= 100) |-> (fan_speed_assert == 3);
    endproperty
    assert property (p_fan_speed_high);
endmodule","** Error (suppressible): prueba.sv(7): (vlog-1957) The sva directive is not sensitive to a clock. Unclocked directives are not supported.
** Error (suppressible): prueba.sv(12): (vlog-1957) The sva directive is not sensitive to a clock. Unclocked directives are not supported.
** Error (suppressible): prueba.sv(17): (vlog-1957) The sva directive is not sensitive to a clock. Unclocked directives are not supported.
** Error (suppressible): prueba.sv(22): (vlog-1957) The sva directive is not sensitive to a clock. Unclocked directives are not supported.",8.699687480926514,2984,268
"module case44(input int load, output logic [2:0] power);
    always_comb begin
        case(load)
            0:10: power = 3'b001;   // very low
            11:20: power = 3'b010;  // low
            21:50: power = 3'b100;  // medium
            51:100: power = 3'b111; // high
            default: power = 3'b000;
        endcase
    end
endmodule
","module case44_assertions();
    logic [2:0] power;
    integer load;

    property p_power_low_assign;
        (load >= 11 && load <= 20) |-> (power == 3'b010);
    endproperty
    assert property (p_power_low_assign);

    property p_power_medium_assign;
        (load >= 21 && load <= 50) |-> (power == 3'b100);
    endproperty
    assert property (p_power_medium_assign);

    property p_power_high_assign;
        (load >= 51 && load <= 100) |-> (power == 3'b111);
    endproperty
    assert property (p_power_high_assign);

    property p_power_default_assign;
        (load < 11 || load > 100) |-> (power == 3'b000);
    endproperty
    assert property (p_power_default_assign);
endmodule","** Error (suppressible): prueba.sv(8): (vlog-1957) The sva directive is not sensitive to a clock. Unclocked directives are not supported.
** Error (suppressible): prueba.sv(13): (vlog-1957) The sva directive is not sensitive to a clock. Unclocked directives are not supported.
** Error (suppressible): prueba.sv(18): (vlog-1957) The sva directive is not sensitive to a clock. Unclocked directives are not supported.
** Error (suppressible): prueba.sv(23): (vlog-1957) The sva directive is not sensitive to a clock. Unclocked directives are not supported.",8.503618717193604,2998,258
"module case48(input int hp, output logic [1:0] status);
    always_comb begin
        case(hp)
            0:25: status = 2'b00;   // critical
            26:50: status = 2'b01;  // weak
            51:75: status = 2'b10;  // healthy
            76:100: status = 2'b11; // full
            default: status = 2'b00;
        endcase
    end
endmodule
","module case48_assertions(input int hp, output logic [1:0] status);
    property p_status_critical;
        (hp >= 0 && hp <= 25) |-> (status == 2'b00);
    endproperty
    assert property (p_status_critical);

    property p_status_weak;
        (hp >= 26 && hp <= 50) |-> (status == 2'b01);
    endproperty
    assert property (p_status_weak);

    property p_status_healthy;
        (hp >= 51 && hp <= 75) |-> (status == 2'b10);
    endproperty
    assert property (p_status_healthy);

    property p_status_full;
        (hp >= 76 && hp <= 100) |-> (status == 2'b11);
    endproperty
    assert property (p_status_full);
endmodule","** Error (suppressible): prueba.sv(5): (vlog-1957) The sva directive is not sensitive to a clock. Unclocked directives are not supported.
** Error (suppressible): prueba.sv(10): (vlog-1957) The sva directive is not sensitive to a clock. Unclocked directives are not supported.
** Error (suppressible): prueba.sv(15): (vlog-1957) The sva directive is not sensitive to a clock. Unclocked directives are not supported.
** Error (suppressible): prueba.sv(20): (vlog-1957) The sva directive is not sensitive to a clock. Unclocked directives are not supported.",7.79971718788147,2992,234
"module fsm51(
    input logic clk, reset,
    output logic state_out
);
    typedef enum logic [0:0] {S0, S1} state_t;
    state_t state, next_state;

    // Next-state logic
    always_comb begin
        case(state)
            S0: next_state = S1;
            S1: next_state = S0;
            default: next_state = S0;
        endcase
    end

    // State register
    always_ff @(posedge clk or posedge reset) begin
        if(reset)
            state <= S0;
        else
            state <= next_state;
    end

    // Output logic (Moore)
    assign state_out = (state == S1);
endmodule
","module fsm51_assertions(
    input logic clk,
    input logic reset,
    output logic state_out
);
    typedef enum logic [0:0] {S0, S1} state_t;
    state_t state, next_state;

    property p_next_state_assign;
        @(posedge clk) (state == S0) |-> (next_state == S1);
    endproperty
    assert property (p_next_state_assign);

    property p_next_state_assign_2;
        @(posedge clk) (state == S1) |-> (next_state == S0);
    endproperty
    assert property (p_next_state_assign_2);

    property p_next_state_assign_3;
        @(posedge clk) (state != S0 && state != S1) |-> (next_state == S0);
    endproperty
    assert property (p_next_state_assign_3);

    property p_state_out;
        (state == S1) |-> (state_out);
    endproperty
    assert property (p_state_out);
endmodule",** Error (suppressible): prueba.sv(27): (vlog-1957) The sva directive is not sensitive to a clock. Unclocked directives are not supported.,9.31263518333435,3046,274
"module fsm52(
    input logic clk, reset, in_bit,
    output logic detected
);
    typedef enum logic [1:0] {IDLE, S1, S2} state_t;
    state_t state, next_state;

    always_comb begin
        case(state)
            IDLE: next_state = (in_bit) ? S1 : IDLE;
            S1:   next_state = (in_bit) ? S2 : IDLE;
            S2:   next_state = (in_bit) ? S2 : IDLE;
            default: next_state = IDLE;
        endcase
    end

    always_ff @(posedge clk or posedge reset) begin
        if(reset) state <= IDLE;
        else state <= next_state;
    end

    assign detected = (state == S2);
endmodule
","module fsm52_assertions(
    input logic clk, reset, in_bit,
    output logic detected
);
    typedef enum logic [1:0] {IDLE, S1, S2} state_t;
    state_t state, next_state;
    
    property p_next_state_s1;
        @(posedge clk) (state == IDLE && in_bit) |-> (next_state == S1);
    endproperty
    assert property (p_next_state_s1);
    
    property p_next_state_s2;
        @(posedge clk) (state == S1 && in_bit) |-> (next_state == S2);
    endproperty
    assert property (p_next_state_s2);
    
    property p_next_state_idle;
        @(posedge clk) (state == S2 && !in_bit) |-> (next_state == IDLE);
    endproperty
    assert property (p_next_state_idle);
    
    property p_detected_assign;
        (state == S2) |-> (detected == 1'b1);
        (state != S2) |-> (detected == 1'b0);
    endproperty
    assert property (p_detected_assign);
endmodule","** Error: (vlog-13069) prueba.sv(25): near ""("": syntax error, unexpected '(', expecting ""SystemVerilog keyword 'endproperty'"".",10.2720468044281,3059,306
"module fsm53(
    input logic clk, reset,
    output logic [2:0] light
);
    typedef enum logic [1:0] {RED, GREEN, YELLOW} state_t;
    state_t state, next_state;

    always_comb begin
        case(state)
            RED:    next_state = GREEN;
            GREEN:  next_state = YELLOW;
            YELLOW: next_state = RED;
            default: next_state = RED;
        endcase
    end

    always_ff @(posedge clk or posedge reset) begin
        if(reset) state <= RED;
        else state <= next_state;
    end

    always_comb begin
        case(state)
            RED: light = 3'b100;
            GREEN: light = 3'b001;
            YELLOW: light = 3'b010;
            default: light = 3'b100;
        endcase
    end
endmodule
","module fsm53_assertions();
    typedef enum logic [1:0] {RED, GREEN, YELLOW} state_t;

    property p_next_red_assign;
        @(posedge clk) (state == RED) |-> (next_state == GREEN);
    endproperty
    assert property (p_next_red_assign);

    property p_next_green_assign;
        @(posedge clk) (state == GREEN) |-> (next_state == YELLOW);
    endproperty
    assert property (p_next_green_assign);

    property p_next_yellow_assign;
        @(posedge clk) (state == YELLOW) |-> (next_state == RED);
    endproperty
    assert property (p_next_yellow_assign);

    property p_next_default_assign;
        @(posedge clk) (state != RED && state != GREEN && state != YELLOW) |-> (next_state == RED);
    endproperty
    assert property (p_next_default_assign);

    property p_light_red_assign;
        (state == RED) |-> (light == 3'b100);
    endproperty
    assert property (p_light_red_assign);

    property p_light_green_assign;
        (state == GREEN) |-> (light == 3'b001);
    endproperty
    assert property (p_light_green_assign);

    property p_light_yellow_assign;
        (state == YELLOW) |-> (light == 3'b010);
    endproperty
    assert property (p_light_yellow_assign);

endmodule","** Error: prueba.sv(5): (vlog-2730) Undefined variable: 'next_state'.
** Error: prueba.sv(5): (vlog-2730) Undefined variable: 'state'.
** Error: prueba.sv(5): (vlog-2730) Undefined variable: 'clk'.",12.916067123413086,3093,384
"module fsm54(
    input logic clk, reset,
    output logic [1:0] count
);
    typedef enum logic [1:0] {C0, C1, C2, C3} state_t;
    state_t state, next_state;

    always_comb begin
        case(state)
            C0: next_state = C1;
            C1: next_state = C2;
            C2: next_state = C3;
            C3: next_state = C0;
            default: next_state = C0;
        endcase
    end

    always_ff @(posedge clk or posedge reset) begin
        if(reset) state <= C0;
        else state <= next_state;
    end

    assign count = state;
endmodule
","module fsm54_assertions(
    input logic clk, reset,
    output logic [1:0] count
);
    typedef enum logic [1:0] {C0, C1, C2, C3} state_t;
    state_t state, next_state;
    
    property p_next_C0_assign;
        @(posedge clk) (state == C0) |-> (next_state == C1);
    endproperty
    assert property (p_next_C0_assign);

    property p_next_C1_assign;
        @(posedge clk) (state == C1) |-> (next_state == C2);
    endproperty
    assert property (p_next_C1_assign);

    property p_next_C2_assign;
        @(posedge clk) (state == C2) |-> (next_state == C3);
    endproperty
    assert property (p_next_C2_assign);

    property p_next_C3_assign;
        @(posedge clk) (state == C3) |-> (next_state == C0);
    endproperty
    assert property (p_next_C3_assign);

    property p_next_default_assign;
        @(posedge clk) (state != C0 && state != C1 && state != C2 && state != C3) |-> (next_state == C0);
    endproperty
    assert property (p_next_default_assign);

endmodule",OK,11.614173650741575,3049,352
"module fsm55(
    input logic clk, reset, code_entered,
    output logic unlock
);
    typedef enum logic [1:0] {LOCKED, WAIT, UNLOCKED} state_t;
    state_t state, next_state;

    always_comb begin
        case(state)
            LOCKED: next_state = code_entered ? WAIT : LOCKED;
            WAIT:   next_state = code_entered ? UNLOCKED : LOCKED;
            UNLOCKED: next_state = LOCKED;
            default: next_state = LOCKED;
        endcase
    end

    always_ff @(posedge clk or posedge reset) begin
        if(reset) state <= LOCKED;
        else state <= next_state;
    end

    assign unlock = (state == UNLOCKED);
endmodule
","module fsm55_assertions(
    input logic clk, reset, code_entered,
    output logic unlock
);
    typedef enum logic [1:0] {LOCKED, WAIT, UNLOCKED} state_t;
    state_t state, next_state;

    property p_next_locked_assign;
        @(posedge clk) (state == LOCKED) |-> (next_state == code_entered ? WAIT : LOCKED);
    endproperty
    assert property (p_next_locked_assign);

    property p_next_wait_assign;
        @(posedge clk) (state == WAIT) |-> (next_state == code_entered ? UNLOCKED : LOCKED);
    endproperty
    assert property (p_next_wait_assign);

    property p_next_unlocked_assign;
        @(posedge clk) (state == UNLOCKED) |-> (next_state == LOCKED);
    endproperty
    assert property (p_next_unlocked_assign);

    property p_unlock_assign;
        (state == UNLOCKED) |-> (unlock == 1'b1);
    endproperty
    assert property (p_unlock_assign);

endmodule",** Error (suppressible): prueba.sv(26): (vlog-1957) The sva directive is not sensitive to a clock. Unclocked directives are not supported.,9.535356760025024,3052,280
"module fsm56(
    input logic clk, reset, coin,
    output logic dispense
);
    typedef enum logic [1:0] {S0, S1, S2} state_t;
    state_t state, next_state;

    always_comb begin
        case(state)
            S0: next_state = coin ? S1 : S0;
            S1: next_state = coin ? S2 : S1;
            S2: next_state = S0;
            default: next_state = S0;
        endcase
    end

    always_ff @(posedge clk or posedge reset) begin
        if(reset) state <= S0;
        else state <= next_state;
    end

    assign dispense = (state == S2);
endmodule
","module fsm56_assertions(
    input logic clk,
    input logic reset,
    input logic coin,
    output logic dispense
);
    typedef enum logic [1:0] {S0, S1, S2} state_t;
    state_t state, next_state;

    property p_initial_state;
        initial $assert(state == S0);
    endproperty

    property p_state_machine;
        always_comb begin
            next_state = state;
            case(state)
                S0: if(coin) next_state = S1;
                S1: if(coin) next_state = S2;
                S2: next_state = S0;
            endcase
        end
        assert property (p_state_machine);
    endproperty

    property p_dispense;
        always_comb begin
            assign dispense = (state == S2);
            assert(dispense);
        end
    endproperty
endmodule","** Error: (vlog-13069) prueba.sv(11): near ""initial"": syntax error, unexpected initial, expecting disable.
** Error: (vlog-13069) prueba.sv(24): near ""endproperty"": syntax error, unexpected ""SystemVerilog keyword 'endproperty'"".
** Error: (vlog-13069) prueba.sv(31): near ""endproperty"": syntax error, unexpected ""SystemVerilog keyword 'endproperty'"".",8.203307390213013,3045,236
"module fsm57(
    input logic clk, reset, start,
    output logic a, b
);
    typedef enum logic [1:0] {IDLE, STATE1, STATE2} state_t;
    state_t state, next_state;

    always_comb begin
        case(state)
            IDLE: next_state = start ? STATE1 : IDLE;
            STATE1: next_state = STATE2;
            STATE2: next_state = IDLE;
            default: next_state = IDLE;
        endcase
    end

    always_ff @(posedge clk or posedge reset) begin
        if(reset) state <= IDLE;
        else state <= next_state;
    end

    always_comb begin
        case(state)
            IDLE:   begin a=0; b=0; end
            STATE1: begin a=1; b=0; end
            STATE2: begin a=0; b=1; end
            default: begin a=0; b=0; end
        endcase
    end
endmodule
","module fsm57_assertions(
    input logic clk,
    input logic reset,
    input logic start,
    output logic a,
    output logic b
);

    typedef enum logic [1:0] { IDLE, STATE1, STATE2 } state_t;

    state_t state, next_state;

    property p_next_state_assignment;
        @(posedge clk)
        (start == 1'b1) |-> (next_state == STATE1);
        (start == 1'b0) |-> (next_state == IDLE);
    endproperty

    assert property (p_next_state_assignment);

    property p_a_assignment;
        @(posedge clk)
        (state == IDLE) |-> (a == 0'b0);
        (state == STATE1) |-> (a == 0'b1);
        (state == STATE2) |-> (a == 0'b0);
    endproperty

    assert property (p_a_assignment);

    property p_b_assignment;
        @(posedge clk)
        (state == IDLE) |-> (b == 0'b0);
        (state == STATE1) |-> (b == 0'b0);
        (state == STATE2) |-> (b == 0'b1);
    endproperty

    assert property (p_b_assignment);

endmodule","** Error: (vlog-13069) prueba.sv(16): near ""("": syntax error, unexpected '(', expecting ""SystemVerilog keyword 'endproperty'"".
** Error: (vlog-13069) prueba.sv(24): near ""("": syntax error, unexpected '(', expecting ""SystemVerilog keyword 'endproperty'"".
** Error: (vlog-13069) prueba.sv(33): near ""("": syntax error, unexpected '(', expecting ""SystemVerilog keyword 'endproperty'"".",11.329349517822266,3103,330
"module fsm59(
    input logic clk, reset, trigger,
    output logic done
);
    typedef enum logic [1:0] {IDLE, BUSY, DONE} state_t;
    state_t state, next_state;
    logic [3:0] counter;

    always_comb begin
        case(state)
            IDLE:   next_state = trigger ? BUSY : IDLE;
            BUSY:   next_state = (counter==4'd10) ? DONE : BUSY;
            DONE:   next_state = IDLE;
            default: next_state = IDLE;
        endcase
    end

    always_ff @(posedge clk or posedge reset) begin
        if(reset) begin
            state <= IDLE;
            counter <= 0;
        end else begin
            state <= next_state;
            if(state==BUSY) counter <= counter+1;
            else counter <= 0;
        end
    end

    assign done = (state==DONE);
endmodule
","module fsm59_assertions(
    input logic clk, 
    input logic reset, 
    input logic trigger,
    output logic done
);
    typedef enum logic [1:0] {IDLE, BUSY, DONE} state_t;
    state_t state, next_state;
    logic [3:0] counter;

    property p_next_state_busy_assign;
        (state == IDLE && trigger) |-> (next_state == BUSY);
    endproperty
    assert property (p_next_state_busy_assign);

    property p_next_state_done_assign;
        (state == BUSY && counter == 4'd10) |-> (next_state == DONE);
    endproperty
    assert property (p_next_state_done_assign);

    property p_next_state_idle_assign;
        (state == DONE || state == 'bZ) |-> (next_state == IDLE);
    endproperty
    assert property (p_next_state_idle_assign);

    property p_counter_increment;
        (state == BUSY) |-> (counter == $past(counter) + 1);
    endproperty
    assert property (p_counter_increment);

    property p_counter_reset;
        (state == IDLE || state == DONE) |-> (counter == 0);
    endproperty
    assert property (p_counter_reset);

    property p_done_assignment;
        (state == DONE) |-> (done == 1'b1);
    endproperty
    assert property (p_done_assignment);

endmodule","** Error (suppressible): prueba.sv(14): (vlog-1957) The sva directive is not sensitive to a clock. Unclocked directives are not supported.
** Error (suppressible): prueba.sv(19): (vlog-1957) The sva directive is not sensitive to a clock. Unclocked directives are not supported.
** Error (suppressible): prueba.sv(24): (vlog-1957) The sva directive is not sensitive to a clock. Unclocked directives are not supported.
** Error: prueba.sv(27): (vlog-13452) Could not determine the clocking event for '$past'.
** Error (suppressible): prueba.sv(29): (vlog-1957) The sva directive is not sensitive to a clock. Unclocked directives are not supported.
** Error (suppressible): prueba.sv(34): (vlog-1957) The sva directive is not sensitive to a clock. Unclocked directives are not supported.
** Error (suppressible): prueba.sv(39): (vlog-1957) The sva directive is not sensitive to a clock. Unclocked directives are not supported.",12.851961135864258,3094,383
"module fsm60(
    input logic clk, reset, in_bit,
    output logic detected
);
    typedef enum logic [1:0] {S0, S1, S2} state_t;
    state_t state, next_state;

    always_comb begin
        case(state)
            S0: next_state = in_bit ? S1 : S0;
            S1: next_state = in_bit ? S2 : S0;
            S2: next_state = in_bit ? S2 : S0;
            default: next_state = S0;
        endcase
    end

    always_ff @(posedge clk or posedge reset) begin
        if(reset) state <= S0;
        else state <= next_state;
    end

    always_comb begin
        case({state, in_bit})
            {S2,1'b0}: detected = 1; // pattern detected
            default: detected = 0;
        endcase
    end
endmodule
","module fsm60_assertions(
    input logic clk,
    input logic reset,
    input logic in_bit,
    output logic detected
);
    typedef enum logic [1:0] {S0, S1, S2} state_t;
    state_t state, next_state;

    property p_next_state_0;
        @(posedge clk) (state == S0) |-> (next_state == in_bit ? S1 : S0);
    endproperty
    assert property (p_next_state_0);

    property p_next_state_1;
        @(posedge clk) (state == S1) |-> (next_state == in_bit ? S2 : S0);
    endproperty
    assert property (p_next_state_1);

    property p_next_state_2;
        @(posedge clk) (state == S2) |-> (next_state == in_bit ? S2 : S0);
    endproperty
    assert property (p_next_state_2);

    property p_next_state_default;
        @(posedge clk) (state != S0 && state != S1 && state != S2) |-> (next_state == S0);
    endproperty
    assert property (p_next_state_default);

    property p_detected_true;
        (state == S2 && in_bit == 0) |-> (detected == 1);
    endproperty
    assert property (p_detected_true);

endmodule",** Error (suppressible): prueba.sv(33): (vlog-1957) The sva directive is not sensitive to a clock. Unclocked directives are not supported.,12.255138158798218,3098,358
"module case61(
    input logic sel,
    input logic a, b,
    output logic y
);
    always_comb begin
        case(sel)
            1'b0: y = a;
            1'b1: y = b;
        endcase
    end
endmodule
","module case61_assertions(
    input logic sel,
    input logic a, b,
    output logic y
);
    property p_y_a_assign;
        (sel == 1'b0) |-> (y == a);
    endproperty
    assert property (p_y_a_assign);

    property p_y_b_assign;
        (sel == 1'b1) |-> (y == b);
    endproperty
    assert property (p_y_b_assign);
endmodule","** Error (suppressible): prueba.sv(9): (vlog-1957) The sva directive is not sensitive to a clock. Unclocked directives are not supported.
** Error (suppressible): prueba.sv(14): (vlog-1957) The sva directive is not sensitive to a clock. Unclocked directives are not supported.",4.364653825759888,2930,130
"module case62(
    input logic [1:0] sel,
    input logic [3:0] data,
    output logic y
);
    always_comb begin
        case(sel)
            2'b00: y = data[0];
            2'b01: y = data[1];
            2'b10: y = data[2];
            2'b11: y = data[3];
        endcase
    end
endmodule
","module case62_assertions(
    input logic [1:0] sel,
    input logic [3:0] data,
    output logic y
);
    property p_y_sel00;
        (sel == 2'b00) |=> (y == data[0]);
    endproperty
    assert property (p_y_sel00);

    property p_y_sel01;
        (sel == 2'b01) |=> (y == data[1]);
    endproperty
    assert property (p_y_sel01);

    property p_y_sel10;
        (sel == 2'b10) |=> (y == data[2]);
    endproperty
    assert property (p_y_sel10);

    property p_y_sel11;
        (sel == 2'b11) |=> (y == data[3]);
    endproperty
    assert property (p_y_sel11);
endmodule","** Error (suppressible): prueba.sv(9): (vlog-1957) The sva directive is not sensitive to a clock. Unclocked directives are not supported.
** Error (suppressible): prueba.sv(14): (vlog-1957) The sva directive is not sensitive to a clock. Unclocked directives are not supported.
** Error (suppressible): prueba.sv(19): (vlog-1957) The sva directive is not sensitive to a clock. Unclocked directives are not supported.
** Error (suppressible): prueba.sv(24): (vlog-1957) The sva directive is not sensitive to a clock. Unclocked directives are not supported.",7.895387411117554,2972,242
"module case63(
    input logic [1:0] op,
    input logic [3:0] a, b,
    output logic [3:0] result
);
    always_comb begin
        case(op)
            2'b00: result = a + b;
            2'b01: result = a - b;
            2'b10: result = a & b;
            2'b11: result = a | b;
        endcase
    end
endmodule
","module case63_assertions(
    input logic [1:0] op,
    input logic [3:0] a, b,
    output logic [3:0] result
);
    logic temp_a_plus_b;
    logic temp_a_minus_b;
    logic temp_a_and_b;
    logic temp_a_or_b;

    always_comb begin
        case(op)
            2'b00: temp_a_plus_b = a + b;
            2'b01: temp_a_minus_b = a - b;
            2'b10: temp_a_and_b = a & b;
            2'b11: temp_a_or_b = a | b;
        endcase
    end

    property p_plus_assign;
        (op == 2'b00) |=> (result == temp_a_plus_b);
    endproperty
    assert property (p_plus_assign);

    property p_minus_assign;
        (op == 2'b01) |=> (result == temp_a_minus_b);
    endproperty
    assert property (p_minus_assign);

    property p_and_assign;
        (op == 2'b10) |=> (result == temp_a_and_b);
    endproperty
    assert property (p_and_assign);

    property p_or_assign;
        (op == 2'b11) |=> (result == temp_a_or_b);
    endproperty
    assert property (p_or_assign);
endmodule","** Error (suppressible): prueba.sv(23): (vlog-1957) The sva directive is not sensitive to a clock. Unclocked directives are not supported.
** Error (suppressible): prueba.sv(28): (vlog-1957) The sva directive is not sensitive to a clock. Unclocked directives are not supported.
** Error (suppressible): prueba.sv(33): (vlog-1957) The sva directive is not sensitive to a clock. Unclocked directives are not supported.
** Error (suppressible): prueba.sv(38): (vlog-1957) The sva directive is not sensitive to a clock. Unclocked directives are not supported.",12.320444345474243,2979,392
"module case64(
    input logic [3:0] req,
    output logic [1:0] grant
);
    always_comb begin
        case(req)
            4'b0001: grant = 2'b00;
            4'b0010: grant = 2'b01;
            4'b0100: grant = 2'b10;
            4'b1000: grant = 2'b11;
            default: grant = 2'b00;
        endcase
    end
endmodule
","module case64_assertions(
    input logic [3:0] req,
    output logic [1:0] grant
);

    property p_grant_0001_assign;
        (req == 4'b0001) |-> (grant == 2'b00);
    endproperty
    assert property (p_grant_0001_assign);

    property p_grant_0010_assign;
        (req == 4'b0010) |-> (grant == 2'b01);
    endproperty
    assert property (p_grant_0010_assign);

    property p_grant_0100_assign;
        (req == 4'b0100) |-> (grant == 2'b10);
    endproperty
    assert property (p_grant_0100_assign);

    property p_grant_1000_assign;
        (req == 4'b1000) |-> (grant == 2'b11);
    endproperty
    assert property (p_grant_1000_assign);

endmodule","** Error (suppressible): prueba.sv(9): (vlog-1957) The sva directive is not sensitive to a clock. Unclocked directives are not supported.
** Error (suppressible): prueba.sv(14): (vlog-1957) The sva directive is not sensitive to a clock. Unclocked directives are not supported.
** Error (suppressible): prueba.sv(19): (vlog-1957) The sva directive is not sensitive to a clock. Unclocked directives are not supported.
** Error (suppressible): prueba.sv(24): (vlog-1957) The sva directive is not sensitive to a clock. Unclocked directives are not supported.",9.157447338104248,2999,280
"module case65(
    input logic [3:0] val,
    output logic match
);
    always_comb begin
        case(val)
            4'd1, 4'd3, 4'd5, 4'd7: match = 1; // selected values
            default: match = 0;
        endcase
    end
endmodule
","module case65_assertions(
    input logic [3:0] val,
    output logic match
);

    property p_match_assign;
        (val == 4'd1 || val == 4'd3 || val == 4'd5 || val == 4'd7) |-> (match == 1);
    endproperty
    assert property (p_match_assign);

    property p_not_match_assign;
        (val != 4'd1 && val != 4'd3 && val != 4'd5 && val != 4'd7) |-> (match == 0);
    endproperty
    assert property (p_not_match_assign);

endmodule","** Error (suppressible): prueba.sv(9): (vlog-1957) The sva directive is not sensitive to a clock. Unclocked directives are not supported.
** Error (suppressible): prueba.sv(14): (vlog-1957) The sva directive is not sensitive to a clock. Unclocked directives are not supported.",5.763588905334473,2947,174
"module case67(
    input logic [1:0] gray,
    output logic [1:0] bin
);
    always_comb begin
        case(gray)
            2'b00: bin = 2'b00;
            2'b01: bin = 2'b01;
            2'b11: bin = 2'b10;
            2'b10: bin = 2'b11;
        endcase
    end
endmodule
","module case67_assertions(
    input logic [1:0] gray,
    output logic [1:0] bin
);

    property p_bin_00;
        gray == 2'b00 |=> bin == 2'b00;
    endproperty
    assert property (p_bin_00);

    property p_bin_01;
        gray == 2'b01 |=> bin == 2'b01;
    endproperty
    assert property (p_bin_01);

    property p_bin_11;
        gray == 2'b11 |=> bin == 2'b10;
    endproperty
    assert property (p_bin_11);

    property p_bin_10;
        gray == 2'b10 |=> bin == 2'b11;
    endproperty
    assert property (p_bin_10);

endmodule","** Error (suppressible): prueba.sv(9): (vlog-1957) The sva directive is not sensitive to a clock. Unclocked directives are not supported.
** Error (suppressible): prueba.sv(14): (vlog-1957) The sva directive is not sensitive to a clock. Unclocked directives are not supported.
** Error (suppressible): prueba.sv(19): (vlog-1957) The sva directive is not sensitive to a clock. Unclocked directives are not supported.
** Error (suppressible): prueba.sv(24): (vlog-1957) The sva directive is not sensitive to a clock. Unclocked directives are not supported.",7.539935350418091,2978,228
"module case68(
    input logic [3:0] num,
    output logic even
);
    always_comb begin
        case(num[0])
            1'b0: even = 1;
            1'b1: even = 0;
        endcase
    end
endmodule
","module case68_assertions(
    input logic [3:0] num,
    output logic even
);
    logic even_assign;
    property p_even_assign;
        (num[0] == 1'b0) |-> (even_assign == 1);
    endproperty
    assert property (p_even_assign);
    property p_odd_assign;
        (num[0] == 1'b1) |-> (even_assign == 0);
    endproperty
    assert property (p_odd_assign);
endmodule","** Error (suppressible): prueba.sv(9): (vlog-1957) The sva directive is not sensitive to a clock. Unclocked directives are not supported.
** Error (suppressible): prueba.sv(13): (vlog-1957) The sva directive is not sensitive to a clock. Unclocked directives are not supported.",4.610883474349976,2931,139
"module case69(
    input logic [1:0] sel,
    output logic [3:0] leds
);
    always_comb begin
        case(sel)
            2'b00: leds = 4'b0001;
            2'b01: leds = 4'b0010;
            2'b10: leds = 4'b0100;
            2'b11: leds = 4'b1000;
        endcase
    end
endmodule
","module case69_assertions(
    input logic [1:0] sel,
    output logic [3:0] leds
);

    logic [3:0] expected_leds;

    always_comb begin
        switch(sel)
            case(2'b00) expected_leds = 4'b0001;
            case(2'b01) expected_leds = 4'b0010;
            case(2'b10) expected_leds = 4'b0100;
            case(2'b11) expected_leds = 4'b1000;
        endcase
    end

    property p_leds_assignment;
        leds == expected_leds;
    endproperty
    assert property (p_leds_assignment);

endmodule","** Error: (vlog-13069) prueba.sv(10): near ""case"": syntax error, unexpected case, expecting ';'.
** Error: (vlog-13069) prueba.sv(11): near ""="": syntax error, unexpected '=', expecting ++ or --.
** Error: (vlog-13069) prueba.sv(12): near ""="": syntax error, unexpected '=', expecting ++ or --.
** Error: (vlog-13069) prueba.sv(13): near ""="": syntax error, unexpected '=', expecting ++ or --.",6.6022889614105225,2986,195
"module case70(
    input logic [1:0] op,
    input logic [3:0] a, b,
    output logic [7:0] result
);
    always_comb begin
        case(op)
            2'b00: result = a + b;
            2'b01: result = a - b;
            2'b10: result = a * b;
            2'b11: result = a / (b != 0 ? b : 1);
        endcase
    end
endmodule
","module case70_assertions(
    input logic [1:0] op,
    input logic [3:0] a, b,
    output logic [7:0] result
);

    logic [7:0] past_result;

    property p_addition_result;
        (op == 2'b00) |-> (result == a + b);
    endproperty
    assert property (p_addition_result);

    property p_subtraction_result;
        (op == 2'b01) |-> (result == a - b);
    endproperty
    assert property (p_subtraction_result);

    property p_multiplication_result;
        (op == 2'b10) |-> (result == a * b);
    endproperty
    assert property (p_multiplication_result);

    property p_division_result;
        (op == 2'b11) |-> (result == a / (b != 0 ? b : 1));
    endproperty
    assert property (p_division_result);

endmodule","** Error (suppressible): prueba.sv(12): (vlog-1957) The sva directive is not sensitive to a clock. Unclocked directives are not supported.
** Error (suppressible): prueba.sv(17): (vlog-1957) The sva directive is not sensitive to a clock. Unclocked directives are not supported.
** Error (suppressible): prueba.sv(22): (vlog-1957) The sva directive is not sensitive to a clock. Unclocked directives are not supported.
** Error (suppressible): prueba.sv(27): (vlog-1957) The sva directive is not sensitive to a clock. Unclocked directives are not supported.",8.4186429977417,2988,257
"module seq_case71(
    input logic clk, reset,
    output logic [1:0] count
);
    always_ff @(posedge clk or posedge reset) begin
        if(reset)
            count <= 2'b00;
        else
            case(count)
                2'b00: count <= 2'b01;
                2'b01: count <= 2'b10;
                2'b10: count <= 2'b11;
                2'b11: count <= 2'b00;
                default: count <= 2'b00;
            endcase
    end
endmodule
","module seq_case71_assertions(
    input logic clk,
    input logic reset,
    output logic [1:0] count
);
    logic next_count;

    always_comb begin
        next_count = count;
        case(count)
            2'b00: next_count = 2'b01;
            2'b01: next_count = 2'b10;
            2'b10: next_count = 2'b11;
            2'b11: next_count = 2'b00;
            default: next_count = 2'b00;
        endcase
    end

    property p_count_assign;
        @(posedge clk) (reset) |-> (count == 2'b00);
        @(posedge clk) (!reset) |-> (count == next_count);
    endproperty
    assert property (p_count_assign);

endmodule","** Error: (vlog-13069) prueba.sv(21): near ""@"": syntax error, unexpected '@', expecting ""SystemVerilog keyword 'endproperty'"".",7.868757963180542,3018,231
"module seq_case72(
    input logic clk, reset,
    output logic [1:0] state
);
    always_ff @(posedge clk or posedge reset) begin
        if(reset)
            state <= 2'b00;
        else
            case(state)
                2'b00: state <= 2'b01;
                2'b01: state <= 2'b10;
                2'b10: state <= 2'b00;
                default: state <= 2'b00;
            endcase
    end
endmodule
","module seq_case72_assertions(
    input logic clk,
    input logic reset,
    output logic [1:0] state
);

    property p_state_initial;
        @(posedge clk or posedge reset)
        (reset) |-> (state == 2'b00);
    endproperty
    assert property (p_state_initial);

    property p_state_transition1;
        @(posedge clk)
        (state == 2'b00) |-> (next_state == 2'b01);
    endproperty
    assert property (p_state_transition1);

    property p_state_transition2;
        @(posedge clk)
        (state == 2'b01) |-> (next_state == 2'b10);
    endproperty
    assert property (p_state_transition2);

    property p_state_transition3;
        @(posedge clk)
        (state == 2'b10) |-> (next_state == 2'b00);
    endproperty
    assert property (p_state_transition3);

endmodule",** Error: prueba.sv(15): (vlog-2730) Undefined variable: 'next_state'.,8.788599729537964,3001,268
"module seq_case73(
    input logic clk, reset, serial_in,
    output logic [3:0] q
);
    always_ff @(posedge clk or posedge reset) begin
        if(reset)
            q <= 4'b0000;
        else
            case(q)
                default: q <= {q[2:0], serial_in}; // shift left
            endcase
    end
endmodule
","module seq_case73_assertions(
    input logic clk, reset, serial_in,
    output logic [3:0] q
);
    property p_q_assign;
        @(posedge clk or posedge reset)
        (reset) |-> (q == 4'b0000);
        !reset |-> (q == $past(q)[3:0] {serial_in});
    endproperty
    assert property (p_q_assign);
endmodule","** Error: (vlog-13069) prueba.sv(8): near ""!"": syntax error, unexpected '!', expecting ""SystemVerilog keyword 'endproperty'"".",4.258975028991699,2963,120
"module seq_case74(
    input logic clk, reset, in_bit,
    output logic detected
);
    typedef enum logic [1:0] {S0, S1, S2} state_t;
    state_t state, next_state;

    always_comb begin
        case(state)
            S0: next_state = in_bit ? S1 : S0;
            S1: next_state = in_bit ? S2 : S0;
            S2: next_state = in_bit ? S2 : S0;
            default: next_state = S0;
        endcase
    end

    always_ff @(posedge clk or posedge reset) begin
        if(reset) state <= S0;
        else state <= next_state;
    end

    assign detected = (state == S2);
endmodule
","module seq_case74_assertions(
    input logic clk,
    input logic reset,
    input logic in_bit,
    output logic detected
);
    typedef enum logic [1:0] {S0, S1, S2} state_t;
    state_t state, next_state;

    property p_next_state_0;
        @(posedge clk) (state == S0 && !in_bit) |-> (next_state == S0);
    endproperty
    assert property (p_next_state_0);

    property p_next_state_1;
        @(posedge clk) (state == S1 && in_bit) |-> (next_state == S2);
    endproperty
    assert property (p_next_state_1);

    property p_next_state_2;
        @(posedge clk) (state == S2 && !in_bit) |-> (next_state == S0);
    endproperty
    assert property (p_next_state_2);

    property p_detected;
        (state == S2) |-> (detected == 1'b1);
    endproperty
    assert property (p_detected);

endmodule",** Error (suppressible): prueba.sv(28): (vlog-1957) The sva directive is not sensitive to a clock. Unclocked directives are not supported.,9.692609786987305,3059,284
"module seq_case75(
    input logic clk, reset, enable,
    output logic [3:0] count
);
    always_ff @(posedge clk or posedge reset) begin
        if(reset)
            count <= 4'b0000;
        else
            case(enable)
                1'b0: count <= count;      // hold
                1'b1: count <= count + 1;  // increment
                default: count <= 4'b0000;
            endcase
    end
endmodule
","module seq_case75_assertions(
    input logic clk,
    input logic reset,
    input logic enable,
    output logic [3:0] count
);
    property p_count_hold;
        @(posedge clk) (enable == 1'b0) |-> (count == $past(count));
    endproperty
    assert property (p_count_hold);
    
    property p_count_increment;
        @(posedge clk) (enable == 1'b1) |-> (count == $past(count) + 1);
    endproperty
    assert property (p_count_increment);
    
    property p_count_default;
        @(posedge clk) (enable != 1'b0 && enable != 1'b1) |-> (count == 4'b0000);
    endproperty
    assert property (p_count_default);
endmodule",OK,7.272224426269531,2987,217
"module seq_case76(
    input logic clk, reset, start,
    output logic a, b
);
    typedef enum logic [1:0] {IDLE, STATE1, STATE2} state_t;
    state_t state, next_state;

    always_comb begin
        case(state)
            IDLE: next_state = start ? STATE1 : IDLE;
            STATE1: next_state = STATE2;
            STATE2: next_state = IDLE;
            default: next_state = IDLE;
        endcase
    end

    always_ff @(posedge clk or posedge reset) begin
        if(reset) state <= IDLE;
        else state <= next_state;
    end

    always_ff @(posedge clk) begin
        case(state)
            IDLE: begin a<=0; b<=0; end
            STATE1: begin a<=1; b<=0; end
            STATE2: begin a<=0; b<=1; end
            default: begin a<=0; b<=0; end
        endcase
    end
endmodule
","module seq_case76_assertions(
    input logic clk, reset, start,
    output logic a, b
);
    typedef enum logic [1:0] {IDLE, STATE1, STATE2} state_t;
    state_t state, next_state;
    
    property p_next_state_assign;
        @(posedge clk) (start) |-> (next_state == STATE1);
        @(posedge clk) (!start) |-> (next_state == IDLE);
    endproperty
    assert property (p_next_state_assign);
    
    property p_a_assign;
        @(posedge clk) (state == IDLE) |-> (a == 0);
        @(posedge clk) (state == STATE1) |-> (a == 1);
        @(posedge clk) (state == STATE2) |-> (a == 0);
        @(posedge clk) (state != IDLE && state != STATE1 && state != STATE2) |-> (a == 0);
    endproperty
    assert property (p_a_assign);
    
    property p_b_assign;
        @(posedge clk) (state == IDLE) |-> (b == 0);
        @(posedge clk) (state == STATE1) |-> (b == 0);
        @(posedge clk) (state == STATE2) |-> (b == 1);
        @(posedge clk) (state != IDLE && state != STATE1 && state != STATE2) |-> (b == 0);
    endproperty
    assert property (p_b_assign);
    
endmodule","** Error: (vlog-13069) prueba.sv(10): near ""@"": syntax error, unexpected '@', expecting ""SystemVerilog keyword 'endproperty'"".
** Error: (vlog-13069) prueba.sv(16): near ""@"": syntax error, unexpected '@', expecting ""SystemVerilog keyword 'endproperty'"".
** Error: (vlog-13069) prueba.sv(24): near ""@"": syntax error, unexpected '@', expecting ""SystemVerilog keyword 'endproperty'"".",12.578493595123293,3107,371
"module seq_case79(
    input logic clk, reset, start,
    output logic x, y
);
    typedef enum logic [1:0] {IDLE, S1, S2} state_t;
    state_t state, next_state;

    always_comb begin
        case(state)
            IDLE: next_state = start ? S1 : IDLE;
            S1: next_state = S2;
            S2: next_state = IDLE;
            default: next_state = IDLE;
        endcase
    end

    always_ff @(posedge clk or posedge reset) begin
        if(reset) state <= IDLE;
        else state <= next_state;
    end

    always_ff @(posedge clk) begin
        case(state)
            IDLE: x<=0; y<=0;
            S1: x<=1; y<=0;
            S2: x<=0; y<=1;
            default: x<=0; y<=0;
        endcase
    end
endmodule
","module seq_case79_assertions(
    input logic clk,
    input logic reset,
    input logic start,
    output logic x,
    output logic y
);

    typedef enum logic [1:0] { IDLE, S1, S2 } state_t;
    state_t state, next_state;

    property p_next_state_assign;
        @(posedge clk)
        (start) |-> (next_state == S1);
        else
        (next_state != S1) |-> (next_state == IDLE);
    endproperty
    assert property (p_next_state_assign);

    property p_x_assign;
        @(posedge clk)
        (state == IDLE) |-> (x == 0);
        else if (state == S1) |-> (x == 1);
        else if (state == S2) |-> (x == 0);
        else |-> (x == 0);
    endproperty
    assert property (p_x_assign);

    property p_y_assign;
        @(posedge clk)
        (state == IDLE) |-> (y == 0);
        else if (state == S1) |-> (y == 0);
        else if (state == S2) |-> (y == 1);
        else |-> (y == 0);
    endproperty
    assert property (p_y_assign);

endmodule","** Error: (vlog-13069) prueba.sv(15): near ""else"": syntax error, unexpected else, expecting ""SystemVerilog keyword 'endproperty'"".
** Error: (vlog-13069) prueba.sv(23): near ""else"": syntax error, unexpected else, expecting ""SystemVerilog keyword 'endproperty'"".
** Error: (vlog-13069) prueba.sv(32): near ""else"": syntax error, unexpected else, expecting ""SystemVerilog keyword 'endproperty'"".",11.542917013168337,3099,339
"module seq_case80(
    input logic clk, reset, sensor,
    output logic alarm
);
    typedef enum logic [1:0] {SAFE, WARN, DANGER} state_t;
    state_t state, next_state;

    always_comb begin
        case(state)
            SAFE: next_state = sensor ? WARN : SAFE;
            WARN: next_state = sensor ? DANGER : SAFE;
            DANGER: next_state = SAFE;
            default: next_state = SAFE;
        endcase
    end

    always_ff @(posedge clk or posedge reset) begin
        if(reset) state <= SAFE;
        else state <= next_state;
    end

    always_ff @(posedge clk) begin
        case(state)
            SAFE: alarm <= 0;
            WARN: alarm <= 0;
            DANGER: alarm <= 1;
            default: alarm <= 0;
        endcase
    end
endmodule
","module seq_case80_assertions(
    input logic clk, reset, sensor,
    output logic alarm
);
    typedef enum logic [1:0] {SAFE, WARN, DANGER} state_t;
    state_t state, next_state;

    property p_next_state_assign;
        @(posedge clk)
        (sensor == 1'b0) |-> (next_state == SAFE);
        (sensor == 1'b1) |-> (next_state == WARN);
    endproperty
    assert property (p_next_state_assign);

    property p_alarm_assign;
        @(posedge clk)
        (state == SAFE) |-> (alarm == 0);
        (state == WARN) |-> (alarm == 0);
        (state == DANGER) |-> (alarm == 1);
    endproperty
    assert property (p_alarm_assign);

endmodule","** Error: (vlog-13069) prueba.sv(11): near ""("": syntax error, unexpected '(', expecting ""SystemVerilog keyword 'endproperty'"".
** Error: (vlog-13069) prueba.sv(18): near ""("": syntax error, unexpected '(', expecting ""SystemVerilog keyword 'endproperty'"".",24.00501823425293,3083,219
"module nested_case_1(input logic [1:0] op, func, input logic [7:0] a,b, output logic [7:0] y);
always_comb begin
  case(op)
    2'b00: begin
      case(func)
        2'b00: y = a + b;
        2'b01: y = a - b;
        default: y = 0;
      endcase
    end
    2'b01: y = a & b;
    default: y = 8'h00;
  endcase
end
endmodule","module nested_case_1_assertions(input logic [1:0] op, func, input logic [7:0] a,b, output logic [7:0] y);
  logic temp_y;
  property p_add_func;
    @(posedge clk)
    if (op == 2'b00 && func == 2'b00)
      temp_y = a + b;
    else
      temp_y = y;
    assert(temp_y == y);
  endproperty
  assert property(p_add_func);

  property p_sub_func;
    @(posedge clk)
    if (op == 2'b00 && func == 2'b01)
      temp_y = a - b;
    else
      temp_y = y;
    assert(temp_y == y);
  endproperty
  assert property(p_sub_func);

  property p_and_func;
    @(posedge clk)
    if (op == 2'b01)
      temp_y = a & b;
    else
      temp_y = y;
    assert(temp_y == y);
  endproperty
  assert property(p_and_func);

  property p_default_func;
    @(posedge clk)
    if (op != 2'b00 && op != 2'b01)
      temp_y = 8'h00;
    else
      temp_y = y;
    assert(temp_y == y);
  endproperty
  assert property(p_default_func);

endmodule","** Error: (vlog-13069) prueba.sv(6): near ""="": syntax error, unexpected '=', expecting ++ or --.
** Error: (vlog-13069) prueba.sv(16): near ""="": syntax error, unexpected '=', expecting ++ or --.
** Error: (vlog-13069) prueba.sv(26): near ""="": syntax error, unexpected '=', expecting ++ or --.
** Error: (vlog-13069) prueba.sv(36): near ""="": syntax error, unexpected '=', expecting ++ or --.",12.660812139511108,3004,384
"module nested_case_2(input logic [2:0] mode, sel, output logic [3:0] y);
always_comb begin
  case(mode)
    3'b000: begin
      case(sel)
        3'b000: y = 1;
        3'b001: y = 2;
        default: y = 0;
      endcase
    end
    3'b001: y = 4;
    default: y = 0;
  endcase
end
endmodule
","module nested_case_2_assertions(input logic [2:0] mode, input logic sel, output logic [3:0] y);
  property p_mode_000_sel_000_assign;
    (mode == 3'b000 && sel == 3'b000) |-> (y == 1);
  endproperty
  assert property (p_mode_000_sel_000_assign);

  property p_mode_000_sel_001_assign;
    (mode == 3'b000 && sel == 3'b001) |-> (y == 2);
  endproperty
  assert property (p_mode_000_sel_001_assign);

  property p_mode_000_default_assign;
    (mode == 3'b000 && sel != 3'b000 && sel != 3'b001) |-> (y == 0);
  endproperty
  assert property (p_mode_000_default_assign);

  property p_mode_001_assign;
    (mode == 3'b001) |-> (y == 4);
  endproperty
  assert property (p_mode_001_assign);

  property p_mode_default_assign;
    (mode != 3'b000 && mode != 3'b001) |-> (y == 0);
  endproperty
  assert property (p_mode_default_assign);
endmodule","** Error (suppressible): prueba.sv(5): (vlog-1957) The sva directive is not sensitive to a clock. Unclocked directives are not supported.
** Error (suppressible): prueba.sv(10): (vlog-1957) The sva directive is not sensitive to a clock. Unclocked directives are not supported.
** Error (suppressible): prueba.sv(15): (vlog-1957) The sva directive is not sensitive to a clock. Unclocked directives are not supported.
** Error (suppressible): prueba.sv(20): (vlog-1957) The sva directive is not sensitive to a clock. Unclocked directives are not supported.
** Error (suppressible): prueba.sv(25): (vlog-1957) The sva directive is not sensitive to a clock. Unclocked directives are not supported.",12.533761739730837,2990,380
"module nested_case_3(input logic [1:0] a,b,c, output logic y);
always_comb begin
  case(a)
    2'b00: begin
      case(b)
        2'b00: y = c[0];
        2'b01: y = c[1];
        default: y = 0;
      endcase
    end
    default: y = 1;
  endcase
end
endmodule
","module nested_case_3_assertions(input logic [1:0] a,b,c, output logic y);
  property p_y_assign;
    always_comb begin
      case(a)
        2'b00: begin
          case(b)
            2'b00: assert(y == c[0]);
            2'b01: assert(y == c[1]);
            default: assert(y == 0);
          endcase
        end
        default: assert(y == 1);
      endcase
    end
  endproperty
endmodule","** Error: (vlog-13069) prueba.sv(3): near ""always_comb"": syntax error, unexpected ""SystemVerilog keyword 'always_comb'"", expecting disable.",5.480003595352173,2972,144
"module nested_case_4(input logic [3:0] op, input logic [1:0] sub, output logic [3:0] y);
always_comb begin
  case(op)
    4'h0: begin
      case(sub)
        2'b00: y = 4'h1;
        2'b01: y = 4'h2;
        default: y = 4'h0;
      endcase
    end
    4'h1: y = 4'hF;
    default: y = 0;
  endcase
end
endmodule
","module nested_case_4_assertions(input logic [3:0] op, input logic [1:0] sub, output logic [3:0] y);
  property p_nested_case_4_assign;
    always_comb begin
      if (op == 4'h0) begin
        case(sub)
          2'b00: assert(y == 4'h1);
          2'b01: assert(y == 4'h2);
          default: assert(y == 4'h0);
        endcase
      end else if (op == 4'h1) {
        assert(y == 4'hF);
      } else {
        assert(y == 0);
      }
    end
  endproperty
  assert property (p_nested_case_4_assign);
endmodule","** Error: (vlog-13069) prueba.sv(3): near ""always_comb"": syntax error, unexpected ""SystemVerilog keyword 'always_comb'"", expecting disable.",7.193264007568359,3003,204
"module nested_case_5(input logic [1:0] s1,s2, output logic y);
always_comb begin
  case(s1)
    2'b00: begin
      case(s2)
        2'b00: y = 1;
        2'b01: y = 0;
        default: y = 0;
      endcase
    end
    2'b01: y = 1;
    default: y = 0;
  endcase
end
endmodule
","module nested_case_5_assertions(input logic [1:0] s1,s2, output logic y);
    property p_y_assign_00_00;
        (s1 == 2'b00 && s2 == 2'b00) |-> (y == 1);
    endproperty
    assert property (p_y_assign_00_00);

    property p_y_assign_00_01;
        (s1 == 2'b00 && s2 == 2'b01) |-> (y == 0);
    endproperty
    assert property (p_y_assign_00_01);

    property p_y_assign_01;
        (s1 == 2'b01) |-> (y == 1);
    endproperty
    assert property (p_y_assign_01);

    property p_y_assign_default;
        (s1 != 2'b00 && s1 != 2'b01) |-> (y == 0);
    endproperty
    assert property (p_y_assign_default);
endmodule","** Error (suppressible): prueba.sv(5): (vlog-1957) The sva directive is not sensitive to a clock. Unclocked directives are not supported.
** Error (suppressible): prueba.sv(10): (vlog-1957) The sva directive is not sensitive to a clock. Unclocked directives are not supported.
** Error (suppressible): prueba.sv(15): (vlog-1957) The sva directive is not sensitive to a clock. Unclocked directives are not supported.
** Error (suppressible): prueba.sv(20): (vlog-1957) The sva directive is not sensitive to a clock. Unclocked directives are not supported.",9.727407932281494,2985,282
"module nested_case_6(input logic [2:0] a,b, output logic [2:0] y);
always_comb begin
  case(a)
    3'b001: begin
      case(b)
        3'b001: y = 3'b111;
        3'b010: y = 3'b000;
        default: y = 3'b001;
      endcase
    end
    default: y = 0;
  endcase
end
endmodule
","module nested_case_6_assertions(input logic [2:0] a,b, output logic [2:0] y);
  property p_a_001_b_001_y_111;
    @(posedge clk) (a == 3'b001) && (b == 3'b001) |-> (y == 3'b111);
  endproperty
  assert property (p_a_001_b_001_y_111);

  property p_a_001_b_010_y_000;
    @(posedge clk) (a == 3'b001) && (b == 3'b010) |-> (y == 3'b000);
  endproperty
  assert property (p_a_001_b_010_y_000);

  property p_a_001_b_default_y_001;
    @(posedge clk) (a == 3'b001) && (b != 3'b001) && (b != 3'b010) |-> (y == 3'b001);
  endproperty
  assert property (p_a_001_b_default_y_001);

  property p_a_default_y_0;
    @(posedge clk) (a != 3'b001) |-> (y == 0);
  endproperty
  assert property (p_a_default_y_0);
endmodule","** Error: prueba.sv(3): (vlog-2730) Undefined variable: 'clk'.
** Error (suppressible): prueba.sv(5): (vlog-1957) The sva directive is not sensitive to a clock. Unclocked directives are not supported.
** Error: prueba.sv(8): (vlog-2730) Undefined variable: 'clk'.
** Error (suppressible): prueba.sv(10): (vlog-1957) The sva directive is not sensitive to a clock. Unclocked directives are not supported.
** Error: prueba.sv(13): (vlog-2730) Undefined variable: 'clk'.
** Error (suppressible): prueba.sv(15): (vlog-1957) The sva directive is not sensitive to a clock. Unclocked directives are not supported.
** Error: prueba.sv(18): (vlog-2730) Undefined variable: 'clk'.
** Error (suppressible): prueba.sv(20): (vlog-1957) The sva directive is not sensitive to a clock. Unclocked directives are not supported.
** Error: prueba.sv(3): (vlog-2730) Undefined variable: 'clk'.",12.56525206565857,2991,386
"module nested_case_7(input logic [1:0] a,b,c, output logic [1:0] y);
always_comb begin
  case(a)
    2'b00: begin
      case(b)
        2'b00: y = c;
        default: y = 2'b00;
      endcase
    end
    default: y = 2'b11;
  endcase
end
endmodule
","module nested_case_7_assertions(input logic [1:0] a,b,c, output logic [1:0] y);
  property p_y_a_assign;
    @(posedge clk) (a == 2'b00) |-> (y == c);
  endproperty
  assert property (p_y_a_assign);

  property p_y_b_assign;
    @(posedge clk) (a != 2'b00) |-> (y == 2'b00);
  endproperty
  assert property (p_y_b_assign);

  property p_y_default_assign;
    @(posedge clk) (a == 2'b11) |-> (y == 2'b11);
  endproperty
  assert property (p_y_default_assign);

endmodule","** Error: prueba.sv(3): (vlog-2730) Undefined variable: 'clk'.
** Error (suppressible): prueba.sv(5): (vlog-1957) The sva directive is not sensitive to a clock. Unclocked directives are not supported.
** Error: prueba.sv(8): (vlog-2730) Undefined variable: 'clk'.
** Error (suppressible): prueba.sv(10): (vlog-1957) The sva directive is not sensitive to a clock. Unclocked directives are not supported.
** Error: prueba.sv(13): (vlog-2730) Undefined variable: 'clk'.
** Error (suppressible): prueba.sv(15): (vlog-1957) The sva directive is not sensitive to a clock. Unclocked directives are not supported.
** Error: prueba.sv(3): (vlog-2730) Undefined variable: 'clk'.",7.118045806884766,2969,204
"module nested_case_8(input logic [3:0] a, input logic [1:0] b, output logic y);
always_comb begin
  case(a)
    4'hA: begin
      case(b)
        2'b00: y = 1;
        default: y = 0;
      endcase
    end
    default: y = 0;
  endcase
end
endmodule
","module nested_case_8_assertions(input logic [3:0] a, input logic [1:0] b, output logic y);
    logic z;

    property p_assign_y_when_a_eq_a;
        (a == 4'hA) |-> (y == 1);
    endproperty
    assert property (p_assign_y_when_a_eq_a);

    property p_assign_z_when_a_not_eq_a;
        (a != 4'hA) |-> (y == 0);
    endproperty
    assert property (p_assign_z_when_a_not_eq_a);

    property p_assign_y_when_b_eq_b;
        (b == 2'b00) |-> (y == 1);
    endproperty
    assert property (p_assign_y_when_b_eq_b);

    property p_assign_z_when_b_not_eq_b;
        (b != 2'b00) |-> (y == 0);
    endproperty
    assert property (p_assign_z_when_b_not_eq_b);
endmodule","** Error (suppressible): prueba.sv(7): (vlog-1957) The sva directive is not sensitive to a clock. Unclocked directives are not supported.
** Error (suppressible): prueba.sv(12): (vlog-1957) The sva directive is not sensitive to a clock. Unclocked directives are not supported.
** Error (suppressible): prueba.sv(17): (vlog-1957) The sva directive is not sensitive to a clock. Unclocked directives are not supported.
** Error (suppressible): prueba.sv(22): (vlog-1957) The sva directive is not sensitive to a clock. Unclocked directives are not supported.",9.827964544296265,2961,293
"module nested_case_9(input logic [1:0] x,y, output logic z);
always_comb begin
  case(x)
    2'b01: begin
      case(y)
        2'b10: z = 1;
        default: z = 0;
      endcase
    end
    default: z = 0;
  endcase
end
endmodule
","module nested_case_9_assertions(input logic [1:0] x,y, output logic z);
    logic z_expected;

    always_comb begin
        z_expected = 0;
        case(x)
            2'b01: begin
                case(y)
                    2'b10: z_expected = 1;
                default: z_expected = 0;
                endcase
            end
        default: z_expected = 0;
        endcase
    end

    property p_z_assign;
        z == z_expected;
    endproperty
    assert property (p_z_assign);

endmodule",** Error (suppressible): prueba.sv(20): (vlog-1957) The sva directive is not sensitive to a clock. Unclocked directives are not supported.,5.524415016174316,2955,160
"module nested_case_10(input logic [2:0] a,b, output logic y);
always_comb begin
  case(a)
    3'b100: begin
      case(b)
        3'b001: y = 1;
        default: y = 0;
      endcase
    end
    default: y = 0;
  endcase
end
endmodule
","module nested_case_10_assertions(input logic [2:0] a,b, output logic y);
  property p_y_assign_1;
    (a == 3'b100) |-> (y == 1'b1);
  endproperty
  assert property (p_y_assign_1);

  property p_y_assign_2;
    (a == 3'b100 && b == 3'b001) |-> (y == 1'b1);
  endproperty
  assert property (p_y_assign_2);

  property p_y_assign_3;
    (a != 3'b100 && a != 3'b100) |-> (y == 1'b0);
  endproperty
  assert property (p_y_assign_3);
endmodule","** Error (suppressible): prueba.sv(5): (vlog-1957) The sva directive is not sensitive to a clock. Unclocked directives are not supported.
** Error (suppressible): prueba.sv(10): (vlog-1957) The sva directive is not sensitive to a clock. Unclocked directives are not supported.
** Error (suppressible): prueba.sv(15): (vlog-1957) The sva directive is not sensitive to a clock. Unclocked directives are not supported.",7.086696624755859,2958,212
"module ff_case_1(input logic clk, rst, toggle, output logic state);
always_ff @(posedge clk or posedge rst) begin
  if (rst) state <= 0;
  else begin
    case(state)
      1'b0: if (toggle) state <= 1;
      1'b1: if (toggle) state <= 0;
    endcase
  end
end
endmodule
","module ff_case_1_assertions(input logic clk, rst, toggle, output logic state);
  property p_initial_state;
    initial (state == 0);
  endproperty
  assert property (p_initial_state);

  property p_valid_toggle;
    always_ff @(posedge clk or posedge rst) begin
      if (!rst) assert(toggle == 0);
    end
  endproperty
  assert property (p_valid_toggle);

  property p_state_update;
    always_ff @(posedge clk or posedge rst) begin
      if (!rst) assert(1'b0);
      else begin
        if (state == 0) assert(toggle == 1'b1 && state == 1'b1);
        else if (state == 1) assert(toggle == 1'b0 && state == 1'b0);
      end
    end
  endproperty
  assert property (p_state_update);
endmodule","** Error: (vlog-13069) prueba.sv(3): near ""initial"": syntax error, unexpected initial, expecting disable.
** Error: (vlog-13069) prueba.sv(8): near ""always_ff"": syntax error, unexpected ""SystemVerilog keyword 'always_ff'"", expecting disable.
** Error: (vlog-13069) prueba.sv(15): near ""always_ff"": syntax error, unexpected ""SystemVerilog keyword 'always_ff'"", expecting disable.",7.823554754257202,2957,235
"module ff_case_2(input logic clk, rst, start, done, output logic [1:0] state);
always_ff @(posedge clk or posedge rst) begin
  if (rst) state <= 2'b00;
  else begin
    case(state)
      2'b00: if (start) state <= 2'b01;
      2'b01: if (done)  state <= 2'b00;
      default: state <= 2'b00;
    endcase
  end
end
endmodule
","module ff_case_2_assertions(input logic clk, rst, start, done, output logic [1:0] state);
  property p_next_idle_assign;
    @(posedge clk) (state == 2'b00 && start) |-> (state == 2'b01);
  endproperty
  assert property (p_next_idle_assign);

  property p_next_run_assign;
    @(posedge clk) (state == 2'b01 && done) |-> (state == 2'b00);
  endproperty
  assert property (p_next_run_assign);

endmodule",OK,5.944089651107788,2992,154
"module ff_case_3(input logic clk, rst, err, output logic bad);
always_ff @(posedge clk or posedge rst) begin
  if (rst) bad <= 0;
  else begin
    case(bad)
      1'b0: if (err) bad <= 1;
      1'b1: bad <= 1;
    endcase
  end
end
endmodule
","module ff_case_3_assertions(input logic clk, rst, err, output logic bad);
    logic temp;

    property p_bad_assign;
        @(posedge clk or posedge rst) begin
            if (rst) assert(bad == 0);
            else begin
                if (err) assert(bad == 1);
                else assert(bad == 0);
            end
        end
    endproperty
    assert property (p_bad_assign);

endmodule","** Error: (vlog-13069) prueba.sv(5): near ""begin"": syntax error, unexpected begin, expecting disable.",4.346848964691162,2953,118
"module ff_case_4(input logic clk, rst, input logic [1:0] mode, output logic [3:0] cnt);
always_ff @(posedge clk or posedge rst) begin
  if (rst) cnt <= 0;
  else begin
    case(mode)
      2'b00: cnt <= cnt;
      2'b01: cnt <= cnt + 1;
      2'b10: cnt <= cnt - 1;
      default: cnt <= 0;
    endcase
  end
end
endmodule
","module ff_case_4_assertions(input logic clk, rst, input logic [1:0] mode, output logic [3:0] cnt);
  property p_cnt_increment;
    @(posedge clk) (mode == 2'b01) |-> (cnt == $past(cnt) + 1);
  endproperty
  assert property (p_cnt_increment);

  property p_cnt_decrement;
    @(posedge clk) (mode == 2'b10) |-> (cnt == $past(cnt) - 1);
  endproperty
  assert property (p_cnt_decrement);

endmodule",OK,5.470653772354126,2988,152
"module ff_case_5(input logic clk, rst, load, input logic [7:0] d, output logic [7:0] q);
always_ff @(posedge clk or posedge rst) begin
  if (rst) q <= 0;
  else begin
    case(load)
      1'b0: q <= q;
      1'b1: q <= d;
    endcase
  end
end
endmodule
","module ff_case_5_assertions(input logic clk, rst, load, input logic [7:0] d, output logic [7:0] q);
    property p_ff_init;
        @(posedge clk) rst |-> (q == 0);
    endproperty
    assert property (p_ff_init);

    property p_ff_load_d;
        @(posedge clk) load && !rst |-> (q == d);
    endproperty
    assert property (p_ff_load_d);

endmodule",OK,4.855893135070801,2961,129
"module ff_case_6(input logic clk, rst, timer, output logic [1:0] light);
always_ff @(posedge clk or posedge rst) begin
  if (rst) light <= 2'b00;
  else begin
    case(light)
      2'b00: if (timer) light <= 2'b01;
      2'b01: if (timer) light <= 2'b10;
      2'b10: if (timer) light <= 2'b00;
      default: light <= 2'b00;
    endcase
  end
end
endmodule
","module ff_case_6_assertions(
  input logic clk,
  input logic rst,
  input logic timer,
  output logic [1:0] light
);
  logic next_light;

  always_comb begin
    next_light = light;
    case(light)
      2'b00: if (timer) next_light <= 2'b01;
      2'b01: if (timer) next_light <= 2'b10;
      2'b10: if (timer) next_light <= 2'b00;
      default: next_light <= 2'b00;
    endcase
  end

  property p_light_next_light_assign;
    @(posedge clk) (light == next_light);
  endproperty
  assert property (p_light_next_light_assign);
endmodule",OK,7.478662490844727,3010,212
"module ff_case_7(input logic clk, rst, stall, output logic [1:0] state);
always_ff @(posedge clk or posedge rst) begin
  if (rst) state <= 2'b00;
  else begin
    case(state)
      2'b00: state <= stall ? 2'b00 : 2'b01;
      2'b01: state <= stall ? 2'b01 : 2'b10;
      2'b10: state <= 2'b00;
      default: state <= 2'b00;
    endcase
  end
end
endmodule
","module ff_case_7_assertions(input logic clk, rst, stall, output logic [1:0] state);
    property p_state_00_assign;
        @(posedge clk) (state == 2'b00) |-> (stall ? state == 2'b00 : state == 2'b01);
    endproperty
    assert property (p_state_00_assign);

    property p_state_01_assign;
        @(posedge clk) (state == 2'b01) |-> (stall ? state == 2'b01 : state == 2'b10);
    endproperty
    assert property (p_state_01_assign);

    property p_state_10_assign;
        @(posedge clk) (state == 2'b10) |-> (state == 2'b00);
    endproperty
    assert property (p_state_10_assign);

endmodule",OK,8.35273289680481,3016,232
"module ff_case_8(input logic clk, rst, en, input logic [3:0] d, output logic [3:0] q);
always_ff @(posedge clk or posedge rst) begin
  if (rst) q <= 0;
  else begin
    case(en)
      1'b1: q <= d;
      1'b0: q <= q;
    endcase
  end
end
endmodule
","module ff_case_8_assertions(input logic clk, rst, en, input logic [3:0] d, output logic [3:0] q);
logic next_q;

always_comb begin
  next_q = q;
  case(en)
    1'b1: next_q <= d;
    1'b0: next_q <= q;
  endcase
end

property p_next_q_assign;
  @(posedge clk) (en) |-> (q == next_q);
endproperty
assert property (p_next_q_assign);

endmodule",OK,5.14767861366272,2961,146
"module ff_case_9(input logic clk, rst, inc, output logic [2:0] cnt);
always_ff @(posedge clk or posedge rst) begin
  if (rst) cnt <= 0;
  else begin
    case(cnt)
      3'b111: cnt <= cnt;
      default: if (inc) cnt <= cnt + 1;
    endcase
  end
end
endmodule
","module ff_case_9_assertions(input logic clk, rst, inc, output logic [2:0] cnt);
  property p_cnt_reset;
    @(posedge rst) cnt == 0;
  endproperty
  assert property (p_cnt_reset);

  property p_cnt_increment;
    @(posedge clk) (inc && cnt < 3'b110) |-> cnt == $past(cnt) + 1;
  endproperty
  assert property (p_cnt_increment);

endmodule",OK,4.543121099472046,2958,127
"module ff_case_10(input logic clk, rst, fail, output logic [1:0] state);
always_ff @(posedge clk or posedge rst) begin
  if (rst) state <= 2'b00;
  else begin
    case(state)
      2'b00: state <= 2'b01;
      2'b01: state <= fail ? 2'b10 : 2'b00;
      2'b10: state <= 2'b01;
      default: state <= 2'b00;
    endcase
  end
end
endmodule
","module ff_case_10_assertions(input logic clk, rst, fail, output logic [1:0] state);
    property p_state_initial;
        @(posedge clk) rst |-> (state == 2'b00);
    endproperty
    assert property (p_state_initial);

    property p_state_01;
        @(posedge clk) (state == 2'b00) |-> (fail ? state == 2'b10 : state == 2'b01);
    endproperty
    assert property (p_state_01);

    property p_state_10;
        @(posedge clk) (state == 2'b01) |-> state == 2'b01;
    endproperty
    assert property (p_state_10);

    property p_state_default;
        @(posedge clk) (state != 2'b00 && state != 2'b01 && state != 2'b10) |-> state == 2'b00;
    endproperty
    assert property (p_state_default);
endmodule",OK,9.119453191757202,3008,267
"module multi_case_1(input logic [1:0] sel, output logic en, valid);
always_comb begin
  case(sel)
    2'b00: begin en = 0; valid = 0; end
    2'b01: begin en = 1; valid = 0; end
    2'b10: begin en = 1; valid = 1; end
    default: begin en = 0; valid = 0; end
  endcase
end
endmodule","module multi_case_1_assertions(input logic [1:0] sel, output logic en, valid);

  property p_en_assign;
    (sel == 2'b00) |=> (en == 0);
    (sel == 2'b01) |=> (en == 1);
    (sel == 2'b10) |=> (en == 1);
    (sel == 2'b11) |=> (en == 0);
  endproperty
  assert property (p_en_assign);

  property p_valid_assign;
    (sel == 2'b00) |=> (valid == 0);
    (sel == 2'b01) |=> (valid == 0);
    (sel == 2'b10) |=> (valid == 1);
    (sel == 2'b11) |=> (valid == 0);
  endproperty
  assert property (p_valid_assign);

endmodule","** Error: (vlog-13069) prueba.sv(5): near ""("": syntax error, unexpected '(', expecting ""SystemVerilog keyword 'endproperty'"".
** Error: (vlog-13069) prueba.sv(13): near ""("": syntax error, unexpected '(', expecting ""SystemVerilog keyword 'endproperty'"".",8.490258932113647,2978,242
"module multi_case_2(input logic [1:0] op, output logic we, mode);
always_comb begin
  case(op)
    2'b00: begin we = 0; mode = 0; end
    2'b01: begin we = 1; mode = 0; end
    2'b10: begin we = 1; mode = 1; end
    default: begin we = 0; mode = 0; end
  endcase
end
endmodule
","module multi_case_2_assertions(input logic [1:0] op, output logic we, mode);
  property p_we_assign_00;
    @(posedge clk) (op == 2'b00) |-> (we == 0);
  endproperty
  assert property (p_we_assign_00);

  property p_we_assign_01;
    @(posedge clk) (op == 2'b01) |-> (we == 1);
  endproperty
  assert property (p_we_assign_01);

  property p_we_assign_10;
    @(posedge clk) (op == 2'b10) |-> (we == 1);
  endproperty
  assert property (p_we_assign_10);

  property p_we_assign_default;
    @(posedge clk) (op != 2'b00 && op != 2'b01 && op != 2'b10) |-> (we == 0);
  endproperty
  assert property (p_we_assign_default);
endmodule","** Error: prueba.sv(3): (vlog-2730) Undefined variable: 'clk'.
** Error (suppressible): prueba.sv(5): (vlog-1957) The sva directive is not sensitive to a clock. Unclocked directives are not supported.
** Error: prueba.sv(8): (vlog-2730) Undefined variable: 'clk'.
** Error (suppressible): prueba.sv(10): (vlog-1957) The sva directive is not sensitive to a clock. Unclocked directives are not supported.
** Error: prueba.sv(13): (vlog-2730) Undefined variable: 'clk'.
** Error (suppressible): prueba.sv(15): (vlog-1957) The sva directive is not sensitive to a clock. Unclocked directives are not supported.
** Error: prueba.sv(18): (vlog-2730) Undefined variable: 'clk'.
** Error (suppressible): prueba.sv(20): (vlog-1957) The sva directive is not sensitive to a clock. Unclocked directives are not supported.
** Error: prueba.sv(3): (vlog-2730) Undefined variable: 'clk'.",9.154183626174929,2978,266
"module multi_case_3(input logic [1:0] state, output logic ready, valid);
always_comb begin
  case(state)
    2'b00: begin ready = 1; valid = 0; end
    2'b01: begin ready = 0; valid = 1; end
    default: begin ready = 0; valid = 0; end
  endcase
end
endmodule
","module multi_case_3_assertions(input logic [1:0] state, output logic ready, valid);

    property p_ready_assign;
        (state == 2'b00) |-> (ready == 1);
        (state != 2'b00) |-> (ready == 0);
    endproperty
    assert property (p_ready_assign);

    property p_valid_assign;
        (state == 2'b01) |-> (valid == 1);
        (state != 2'b01) |-> (valid == 0);
    endproperty
    assert property (p_valid_assign);

endmodule","** Error: (vlog-13069) prueba.sv(5): near ""("": syntax error, unexpected '(', expecting ""SystemVerilog keyword 'endproperty'"".
** Error: (vlog-13069) prueba.sv(11): near ""("": syntax error, unexpected '(', expecting ""SystemVerilog keyword 'endproperty'"".",5.752131462097168,2958,162
"module multi_case_4(input logic [1:0] code, output logic err, halt);
always_comb begin
  case(code)
    2'b00: begin err = 0; halt = 0; end
    2'b01: begin err = 1; halt = 0; end
    2'b10: begin err = 1; halt = 1; end
    default: begin err = 0; halt = 0; end
  endcase
end
endmodule
","module multi_case_4_assertions(input logic [1:0] code, output logic err, halt);
    logic is_err;
    logic is_halt;

    property p_err_assign;
        (code == 2'b00) |-> (err == 0);
        (code == 2'b01) |-> (err == 1);
        (code == 2'b10) |-> (err == 1);
        (code == 2'b11) |-> (err == 0);
    endproperty
    assert property (p_err_assign);

    property p_halt_assign;
        (code == 2'b00) |-> (halt == 0);
        (code == 2'b01) |-> (halt == 0);
        (code == 2'b10) |-> (halt == 1);
        (code == 2'b11) |-> (halt == 0);
    endproperty
    assert property (p_halt_assign);

endmodule","** Error: (vlog-13069) prueba.sv(7): near ""("": syntax error, unexpected '(', expecting ""SystemVerilog keyword 'endproperty'"".
** Error: (vlog-13069) prueba.sv(15): near ""("": syntax error, unexpected '(', expecting ""SystemVerilog keyword 'endproperty'"".",8.683651685714722,2978,256
"module multi_case_5(input logic [2:0] cmd, output logic rd, wr, busy);
always_comb begin
  case(cmd)
    3'b000: begin rd=0; wr=0; busy=0; end
    3'b001: begin rd=1; wr=0; busy=1; end
    3'b010: begin rd=0; wr=1; busy=1; end
    default: begin rd=0; wr=0; busy=0; end
  endcase
end
endmodule
","module multi_case_5_assertions(input logic [2:0] cmd, output logic rd, wr, busy);
  property p_cmd_000_assign;
    (cmd == 3'b000) |-> (rd == 0 && wr == 0 && busy == 0);
  endproperty
  assert property (p_cmd_000_assign);

  property p_cmd_001_assign;
    (cmd == 3'b001) |-> (rd == 1 && wr == 0 && busy == 1);
  endproperty
  assert property (p_cmd_001_assign);

  property p_cmd_010_assign;
    (cmd == 3'b010) |-> (rd == 0 && wr == 1 && busy == 1);
  endproperty
  assert property (p_cmd_010_assign);

  property p_cmd_default_assign;
    (cmd != 3'b000 && cmd != 3'b001 && cmd != 3'b010) |-> (rd == 0 && wr == 0 && busy == 0);
  endproperty
  assert property (p_cmd_default_assign);
endmodule","** Error (suppressible): prueba.sv(5): (vlog-1957) The sva directive is not sensitive to a clock. Unclocked directives are not supported.
** Error (suppressible): prueba.sv(10): (vlog-1957) The sva directive is not sensitive to a clock. Unclocked directives are not supported.
** Error (suppressible): prueba.sv(15): (vlog-1957) The sva directive is not sensitive to a clock. Unclocked directives are not supported.
** Error (suppressible): prueba.sv(20): (vlog-1957) The sva directive is not sensitive to a clock. Unclocked directives are not supported.",10.301767587661743,2991,304
"module multi_case_6(input logic [1:0] pwr, output logic core_on, io_on);
always_comb begin
  case(pwr)
    2'b00: begin core_on=0; io_on=0; end
    2'b01: begin core_on=1; io_on=0; end
    2'b10: begin core_on=1; io_on=1; end
    default: begin core_on=0; io_on=0; end
  endcase
end
endmodule
","module multi_case_6_assertions(input logic [1:0] pwr, output logic core_on, io_on);
  property p_core_on_00;
    (pwr == 2'b00) |-> (core_on == 0);
  endproperty
  assert property (p_core_on_00);

  property p_core_on_01;
    (pwr == 2'b01) |-> (core_on == 1);
  endproperty
  assert property (p_core_on_01);

  property p_core_on_10;
    (pwr == 2'b10) |-> (core_on == 1);
  endproperty
  assert property (p_core_on_10);

  property p_core_on_default;
    (pwr != 2'b00 && pwr != 2'b01 && pwr != 2'b10) |-> (core_on == 0);
  endproperty
  assert property (p_core_on_default);

  property p_io_on_00;
    (pwr == 2'b00) |-> (io_on == 0);
  endproperty
  assert property (p_io_on_00);

  property p_io_on_01;
    (pwr == 2'b01) |-> (io_on == 0);
  endproperty
  assert property (p_io_on_01);

  property p_io_on_10;
    (pwr == 2'b10) |-> (io_on == 1);
  endproperty
  assert property (p_io_on_10);

  property p_io_on_default;
    (pwr != 2'b00 && pwr != 2'b01 && pwr != 2'b10) |-> (io_on == 0);
  endproperty
  assert property (p_io_on_default);
endmodule","** Error (suppressible): prueba.sv(5): (vlog-1957) The sva directive is not sensitive to a clock. Unclocked directives are not supported.
** Error (suppressible): prueba.sv(10): (vlog-1957) The sva directive is not sensitive to a clock. Unclocked directives are not supported.
** Error (suppressible): prueba.sv(15): (vlog-1957) The sva directive is not sensitive to a clock. Unclocked directives are not supported.
** Error (suppressible): prueba.sv(20): (vlog-1957) The sva directive is not sensitive to a clock. Unclocked directives are not supported.
** Error (suppressible): prueba.sv(25): (vlog-1957) The sva directive is not sensitive to a clock. Unclocked directives are not supported.
** Error (suppressible): prueba.sv(30): (vlog-1957) The sva directive is not sensitive to a clock. Unclocked directives are not supported.
** Error (suppressible): prueba.sv(35): (vlog-1957) The sva directive is not sensitive to a clock. Unclocked directives are not supported.
** Error (suppressible): prueba.sv(40): (vlog-1957) The sva directive is not sensitive to a clock. Unclocked directives are not supported.",15.703991413116457,2991,491
"module multi_case_7(input logic [1:0] level, output logic full, empty);
always_comb begin
  case(level)
    2'b00: begin empty=1; full=0; end
    2'b11: begin empty=0; full=1; end
    default: begin empty=0; full=0; end
  endcase
end
endmodule
","module multi_case_7_assertions(input logic [1:0] level, output logic full, empty);
  property p_empty_level_00;
    @(posedge clk) (level == 2'b00) |-> (empty == 1);
  endproperty
  assert property (p_empty_level_00);

  property p_full_level_11;
    @(posedge clk) (level == 2'b11) |-> (full == 1);
  endproperty
  assert property (p_full_level_11);

endmodule","** Error: prueba.sv(3): (vlog-2730) Undefined variable: 'clk'.
** Error (suppressible): prueba.sv(5): (vlog-1957) The sva directive is not sensitive to a clock. Unclocked directives are not supported.
** Error: prueba.sv(8): (vlog-2730) Undefined variable: 'clk'.
** Error (suppressible): prueba.sv(10): (vlog-1957) The sva directive is not sensitive to a clock. Unclocked directives are not supported.
** Error: prueba.sv(3): (vlog-2730) Undefined variable: 'clk'.",5.154246807098389,2952,144
"module multi_case_8(input logic [1:0] resp, output logic ok, retry, fail);
always_comb begin
  case(resp)
    2'b00: begin ok=1; retry=0; fail=0; end
    2'b01: begin ok=0; retry=1; fail=0; end
    2'b10: begin ok=0; retry=0; fail=1; end
    default: begin ok=0; retry=0; fail=0; end
  endcase
end
endmodule
","module multi_case_8_assertions(input logic [1:0] resp, output logic ok, retry, fail);
    property p_ok_resp_00;
        (resp == 2'b00) |-> (ok == 1 && retry == 0 && fail == 0);
    endproperty
    assert property (p_ok_resp_00);

    property p_retry_resp_01;
        (resp == 2'b01) |-> (ok == 0 && retry == 1 && fail == 0);
    endproperty
    assert property (p_retry_resp_01);

    property p_fail_resp_10;
        (resp == 2'b10) |-> (ok == 0 && retry == 0 && fail == 1);
    endproperty
    assert property (p_fail_resp_10);

endmodule","** Error (suppressible): prueba.sv(5): (vlog-1957) The sva directive is not sensitive to a clock. Unclocked directives are not supported.
** Error (suppressible): prueba.sv(10): (vlog-1957) The sva directive is not sensitive to a clock. Unclocked directives are not supported.
** Error (suppressible): prueba.sv(15): (vlog-1957) The sva directive is not sensitive to a clock. Unclocked directives are not supported.",7.503721714019775,2988,216
"module multi_case_9(input logic [1:0] st, output logic valid, dirty);
always_comb begin
  case(st)
    2'b00: begin valid=0; dirty=0; end
    2'b01: begin valid=1; dirty=0; end
    2'b10: begin valid=1; dirty=1; end
    default: begin valid=0; dirty=0; end
  endcase
end
endmodule
","module multi_case_9_assertions(input logic [1:0] st, output logic valid, dirty);
    property p_valid_assign;
        (st == 2'b00) |-> (valid == 0);
        (st == 2'b01) |-> (valid == 1);
        (st == 2'b10) |-> (valid == 1);
        (st != 2'b00 && st != 2'b01 && st != 2'b10) |-> (valid == 0);
    endproperty
    assert property (p_valid_assign);

    property p_dirty_assign;
        (st == 2'b00) |-> (dirty == 0);
        (st == 2'b01) |-> (dirty == 0);
        (st == 2'b10) |-> (dirty == 1);
        (st != 2'b10) |-> (dirty == 0);
    endproperty
    assert property (p_dirty_assign);

endmodule","** Error: (vlog-13069) prueba.sv(4): near ""("": syntax error, unexpected '(', expecting ""SystemVerilog keyword 'endproperty'"".
** Error: (vlog-13069) prueba.sv(12): near ""("": syntax error, unexpected '(', expecting ""SystemVerilog keyword 'endproperty'"".",8.950381755828857,2970,261
"module multi_case_10(input logic [1:0] g, output logic gnt0, gnt1);
always_comb begin
  case(g)
    2'b01: begin gnt0=1; gnt1=0; end
    2'b10: begin gnt0=0; gnt1=1; end
    default: begin gnt0=0; gnt1=0; end
  endcase
end
endmodule
","module multi_case_10_assertions(input logic [1:0] g, output logic gnt0, gnt1);

  property p_gnt0_assign;
    (g == 2'b01) |-> (gnt0 == 1'b1);
  endproperty
  assert property (p_gnt0_assign);

  property p_gnt1_assign;
    (g == 2'b01) |-> (gnt1 == 1'b0);
  endproperty
  assert property (p_gnt1_assign);

  property p_default_assign;
    (g == 2'b10) |-> (gnt0 == 1'b0);
  endproperty
  assert property (p_default_assign);

endmodule","** Error (suppressible): prueba.sv(6): (vlog-1957) The sva directive is not sensitive to a clock. Unclocked directives are not supported.
** Error (suppressible): prueba.sv(11): (vlog-1957) The sva directive is not sensitive to a clock. Unclocked directives are not supported.
** Error (suppressible): prueba.sv(16): (vlog-1957) The sva directive is not sensitive to a clock. Unclocked directives are not supported.",6.736892223358154,2969,195
"module slice_case_1(input logic [1:0] a, input logic b, output logic y);
always_comb begin
  case({a,b})
    3'b000: y = 0;
    3'b101: y = 1;
    default: y = 0;
  endcase
end
endmodule
","module slice_case_1_assertions(input logic [1:0] a, input logic b, output logic y);

    property p_y_000_assign;
        (a == 0 && b == 0) |-> (y == 0);
    endproperty
    assert property (p_y_000_assign);

    property p_y_101_assign;
        (a == 1 && b == 0 && 1) |-> (y == 1);
    endproperty
    assert property (p_y_101_assign);

endmodule","** Error (suppressible): prueba.sv(6): (vlog-1957) The sva directive is not sensitive to a clock. Unclocked directives are not supported.
** Error (suppressible): prueba.sv(11): (vlog-1957) The sva directive is not sensitive to a clock. Unclocked directives are not supported.",5.272134065628052,2943,145
"module slice_case_2(input logic [3:0] x, output logic y);
always_comb begin
  case({x[3:2],x[0]})
    3'b100: y = 1;
    3'b011: y = 0;
    default: y = 0;
  endcase
end
endmodule
","module slice_case_2_assertions(input logic [3:0] x, output logic y);
  property p_y_assign;
    (x[3:2] == 3'b100) |-> (y == 1);
    (x[3:2] == 3'b011) |-> (y == 0);
    (x[3:2] != 3'b100 && x[3:2] != 3'b011) |-> (y == 0);
  endproperty
  assert property (p_y_assign);
endmodule","** Error: (vlog-13069) prueba.sv(4): near ""("": syntax error, unexpected '(', expecting ""SystemVerilog keyword 'endproperty'"".",5.270504713058472,2945,149
"module slice_case_3(input logic [1:0] a,b, output logic y);
always_comb begin
  case({a[1],b})
    3'b101: y = 1;
    default: y = 0;
  endcase
end
endmodule
","module slice_case_3_assertions(input logic [1:0] a,b, output logic y);
  property p_assign_101;
    (a[1] == 1'b1 && b == 1'b0) |-> (y == 1'b1);
  endproperty
  assert property (p_assign_101);

  property p_assign_default;
    (a[1] != 1'b1 || b != 1'b0) |-> (y == 1'b0);
  endproperty
  assert property (p_assign_default);
endmodule","** Error (suppressible): prueba.sv(5): (vlog-1957) The sva directive is not sensitive to a clock. Unclocked directives are not supported.
** Error (suppressible): prueba.sv(10): (vlog-1957) The sva directive is not sensitive to a clock. Unclocked directives are not supported.",5.126878261566162,2929,152
"module slice_case_4(input logic [2:0] op, input logic z, output logic go);
always_comb begin
  case({op[1:0],z})
    3'b001: go = 1;
    3'b111: go = 1;
    default: go = 0;
  endcase
end
endmodule
","module slice_case_4_assertions(input logic [2:0] op, input logic z, output logic go);
    property p_go_assign1;
        (op[1:0] == 2'b00 && z) |-> (go);
    endproperty
    assert property (p_go_assign1);

    property p_go_assign2;
        (op[1:0] == 2'b11 && z) |-> (go);
    endproperty
    assert property (p_go_assign2);

endmodule","** Error (suppressible): prueba.sv(5): (vlog-1957) The sva directive is not sensitive to a clock. Unclocked directives are not supported.
** Error (suppressible): prueba.sv(10): (vlog-1957) The sva directive is not sensitive to a clock. Unclocked directives are not supported.",4.788124561309815,2947,136
"module slice_case_5(input logic [7:0] addr, output logic hit);
always_comb begin
  case({addr[7],addr[2:0]})
    4'b1001: hit = 1;
    4'b1010: hit = 1;
    default: hit = 0;
  endcase
end
endmodule
","module slice_case_5_assertions(input logic [7:0] addr, output logic hit);
  property p_hit_assign;
    (addr[7] == 1 && addr[2:0] == 4'b1001) |-> (hit == 1);
  endproperty
  assert property (p_hit_assign);

  property p_hit_assign_1;
    (addr[7] == 1 && addr[2:0] == 4'b1010) |-> (hit == 1);
  endproperty
  assert property (p_hit_assign_1);

  property p_hit_assign_default;
    (addr[7] != 1 || addr[2:0] != 4'b1001 && addr[2:0] != 4'b1010) |-> (hit == 0);
  endproperty
  assert property (p_hit_assign_default);
endmodule","** Error (suppressible): prueba.sv(5): (vlog-1957) The sva directive is not sensitive to a clock. Unclocked directives are not supported.
** Error (suppressible): prueba.sv(10): (vlog-1957) The sva directive is not sensitive to a clock. Unclocked directives are not supported.
** Error (suppressible): prueba.sv(15): (vlog-1957) The sva directive is not sensitive to a clock. Unclocked directives are not supported.",7.673462152481079,2947,233
"module slice_case_6(input logic [3:0] ctrl, input logic en, output logic ok);
always_comb begin
  case({ctrl[3:2],en})
    3'b101: ok = 1;
    3'b011: ok = 1;
    default: ok = 0;
  endcase
end
endmodule
","module slice_case_6_assertions(
  input logic [3:0] ctrl,
  input logic en,
  output logic ok
);

  property p_ok_high;
    (en && ctrl[3:2] == 3'b101) |-> ok == 1;
  endproperty
  assert property (p_ok_high);

  property p_ok_high2;
    (en && ctrl[3:2] == 3'b011) |-> ok == 1;
  endproperty
  assert property (p_ok_high2);

  property p_ok_low;
    (en && ctrl[3:2] != 3'b101 && ctrl[3:2] != 3'b011) |-> ok == 0;
  endproperty
  assert property (p_ok_low);

endmodule","** Error (suppressible): prueba.sv(10): (vlog-1957) The sva directive is not sensitive to a clock. Unclocked directives are not supported.
** Error (suppressible): prueba.sv(15): (vlog-1957) The sva directive is not sensitive to a clock. Unclocked directives are not supported.
** Error (suppressible): prueba.sv(20): (vlog-1957) The sva directive is not sensitive to a clock. Unclocked directives are not supported.",7.038107395172119,2947,213
"module slice_case_7(input logic [1:0] flags, input logic mode, output logic y);
always_comb begin
  case({flags,mode})
    3'b110: y = 1;
    3'b001: y = 1;
    default: y = 0;
  endcase
end
endmodule
","module slice_case_7_assertions(input logic [1:0] flags, input logic mode, output logic y);
    property p_y_slice_assign;
        (flags == 3'b110 || flags == 3'b001) |-> (y == 1);
    endproperty
    assert property (p_y_slice_assign);
    property p_y_default_assign;
        (flags != 3'b110 && flags != 3'b001) |-> (y == 0);
    endproperty
    assert property (p_y_default_assign);
endmodule","** Error (suppressible): prueba.sv(5): (vlog-1957) The sva directive is not sensitive to a clock. Unclocked directives are not supported.
** Error (suppressible): prueba.sv(9): (vlog-1957) The sva directive is not sensitive to a clock. Unclocked directives are not supported.",5.232610702514648,2943,154
"module slice_case_8(input logic [4:0] x, output logic y);
always_comb begin
  case({x[4],x[1:0]})
    3'b101: y = 1;
    3'b000: y = 0;
    default: y = 0;
  endcase
end
endmodule
","module slice_case_8_assertions(input logic [4:0] x, output logic y);
    property p_slice_case_8_assign;
        (x[4] == 1'b1 && x[1:0] == 2'b10) |=> (y == 1);
        (x[4] == 1'b0 && x[1:0] == 2'b00) |=> (y == 0);
        (x[4] != 1'b1 && x[1:0] != 2'b10 && x[1:0] != 2'b00) |=> (y == 0);
    endproperty
    assert property (p_slice_case_8_assign);
endmodule","** Error: (vlog-13069) prueba.sv(4): near ""("": syntax error, unexpected '(', expecting ""SystemVerilog keyword 'endproperty'"".",6.384101390838623,2945,186
"module slice_case_9(input logic [2:0] bus, input logic err, output logic stop);
always_comb begin
  case({bus[2],err})
    2'b11: stop = 1;
    2'b01: stop = 0;
    default: stop = 0;
  endcase
end
endmodule
","module slice_case_9_assertions();
  logic stop;

  property p_stop_11;
    always_comb begin
      assert(stop == 1'b1) when ({bus[2], err} == 2'b11);
    end
  endproperty
  assert property (p_stop_11);

  property p_stop_01;
    always_comb begin
      assert(stop == 1'b0) when ({bus[2], err} == 2'b01);
    end
  endproperty
  assert property (p_stop_01);

  property p_stop_default;
    always_comb begin
      assert(stop == 1'b0) when ({bus[2], err} != 2'b11 and {bus[2], err} != 2'b01);
    end
  endproperty
  assert property (p_stop_default);
endmodule","** Error: (vlog-13069) prueba.sv(5): near ""always_comb"": syntax error, unexpected ""SystemVerilog keyword 'always_comb'"", expecting disable.
** Error: (vlog-13069) prueba.sv(12): near ""always_comb"": syntax error, unexpected ""SystemVerilog keyword 'always_comb'"", expecting disable.
** Error: (vlog-13069) prueba.sv(19): near ""always_comb"": syntax error, unexpected ""SystemVerilog keyword 'always_comb'"", expecting disable.",7.430608510971069,2943,226
"module slice_case_10(input logic [3:0] mode, output logic y);
always_comb begin
  case({mode[3],mode[0]})
    2'b10: y = 1;
    2'b01: y = 1;
    default: y = 0;
  endcase
end
endmodule
","module slice_case_10_assertions(input logic [3:0] mode, output logic y);
    property p_mode_10_assign;
        (mode[3] == 1'b1 && mode[0] == 1'b0) |-> (y == 1);
    endproperty
    assert property (p_mode_10_assign);

    property p_mode_01_assign;
        (mode[3] == 1'b0 && mode[0] == 1'b1) |-> (y == 1);
    endproperty
    assert property (p_mode_01_assign);

    property p_mode_default_assign;
        (mode[3] != 1'b1 && mode[0] != 1'b1) |-> (y == 0);
    endproperty
    assert property (p_mode_default_assign);
endmodule","** Error (suppressible): prueba.sv(5): (vlog-1957) The sva directive is not sensitive to a clock. Unclocked directives are not supported.
** Error (suppressible): prueba.sv(10): (vlog-1957) The sva directive is not sensitive to a clock. Unclocked directives are not supported.
** Error (suppressible): prueba.sv(15): (vlog-1957) The sva directive is not sensitive to a clock. Unclocked directives are not supported.",7.225467205047607,2942,220
"module proto_case_1(input logic clk, rst, req, output logic gnt);
always_ff @(posedge clk or posedge rst) begin
  if (rst) gnt <= 0;
  else begin
    case(gnt)
      1'b0: if (req) gnt <= 1;
      1'b1: gnt <= 0;
    endcase
  end
end
endmodule
","module proto_case_1_assertions(input logic clk, rst, req, output logic gnt);
  property p_gnt_assign;
    @(posedge clk) (req && !gnt) |-> (gnt == 1'b1);
  endproperty
  assert property (p_gnt_assign);

  property p_gnt_reset;
    @(posedge clk) (!req && gnt) |-> (gnt == 1'b0);
  endproperty
  assert property (p_gnt_reset);
endmodule",OK,4.984873294830322,2958,133
"module proto_case_2(input logic clk, rst, valid, output logic ready);
always_ff @(posedge clk or posedge rst) begin
  if (rst) ready <= 1;
  else begin
    case(ready)
      1'b1: if (valid) ready <= 0;
      1'b0: ready <= 1;
    endcase
  end
end
endmodule
","module proto_case_2_assertions(input logic clk, rst, valid, output logic ready);

  property p_ready_assign;
    @(posedge clk)
    (valid) |-> (ready == 1'b0);
  endproperty
  assert property (p_ready_assign);

endmodule",OK,3.2272229194641118,2953,77
"module proto_case_3(input logic clk, rst, send, ack, output logic busy);
always_ff @(posedge clk or posedge rst) begin
  if (rst) busy <= 0;
  else begin
    case(busy)
      1'b0: if (send) busy <= 1;
      1'b1: if (ack) busy <= 0;
    endcase
  end
end
endmodule
","module proto_case_3_assertions(input logic clk, rst, send, ack, output logic busy);
    logic is_busy_next;
    property p_busy_assign;
        @(posedge clk) (busy != is_busy_next) |-> (is_busy_next == send & !ack);
    endproperty
    assert property (p_busy_assign);
endmodule",OK,3.6600942611694336,2959,96
"module proto_case_4(input logic clk, rst, give, take, output logic [1:0] credit);
always_ff @(posedge clk or posedge rst) begin
  if (rst) credit <= 2;
  else begin
    case({give,take})
      2'b10: credit <= credit + 1;
      2'b01: credit <= credit - 1;
      default: credit <= credit;
    endcase
  end
end
endmodule
","module proto_case_4_assertions(input logic clk, rst, give, take, output logic [1:0] credit);
    localparam IDLE = 2'd0;
    localparam ADD  = 2'd1;
    localparam SUB  = 2'd2;

    property p_credit_add_assign;
        @(posedge clk) (give && !take) |-> (credit == $past(credit) + 1);
    endproperty
    assert property (p_credit_add_assign);

    property p_credit_sub_assign;
        @(posedge clk) (!give && take) |-> (credit == $past(credit) - 1);
    endproperty
    assert property (p_credit_sub_assign);

    property p_credit_default_assign;
        @(posedge clk)
        (!give && !take) |-> (credit == $past(credit));
    endproperty
    assert property (p_credit_default_assign);

endmodule",OK,8.067756414413452,2972,237
"module proto_case_5(input logic clk, rst, sop, eop, output logic in_pkt);
always_ff @(posedge clk or posedge rst) begin
  if (rst) in_pkt <= 0;
  else begin
    case(in_pkt)
      1'b0: if (sop) in_pkt <= 1;
      1'b1: if (eop) in_pkt <= 0;
    endcase
  end
end
endmodule
","module proto_case_5_assertions(input logic clk, rst, sop, eop, output logic in_pkt);
    logic last_in_pkt;

    always_ff @(posedge clk or posedge rst) begin
        if (rst) begin
            in_pkt <= 0;
            last_in_pkt <= 0;
        end else begin
            last_in_pkt <= in_pkt;
            case(in_pkt)
                1'b0: if (sop) in_pkt <= 1;
                1'b1: if (eop) in_pkt <= 0;
            endcase
        end
    end

    property p_in_pkt_assign;
        @(posedge clk)
        (last_in_pkt != in_pkt) |->
        (last_in_pkt == $past(last_in_pkt) && sop == 1'b1 && in_pkt == 1'b1) ||
        (last_in_pkt == $past(last_in_pkt) && eop == 1'b1 && in_pkt == 1'b0);
    endproperty
    assert property (p_in_pkt_assign);
endmodule",OK,9.299029350280762,2971,283
"module proto_case_6(input logic clk, rst, fail, output logic retry);
always_ff @(posedge clk or posedge rst) begin
  if (rst) retry <= 0;
  else begin
    case(retry)
      1'b0: if (fail) retry <= 1;
      1'b1: retry <= 0;
    endcase
  end
end
endmodule
","module proto_case_6_assertions(input logic clk, rst, fail, output logic retry);
    logic retry_next;

    always_comb begin
        retry_next = retry;
        case(retry)
            1'b0: if (fail) retry_next = 1'b1;
            1'b1: retry_next = 1'b0;
        endcase
    end

    property p_retry_assign;
        @(posedge clk) retry == retry_next;
    endproperty
    assert property (p_retry_assign);

endmodule",OK,4.897438049316406,2953,139
"module proto_case_7(input logic clk, rst, lock_req, unlock, output logic locked);
always_ff @(posedge clk or posedge rst) begin
  if (rst) locked <= 0;
  else begin
    case(locked)
      1'b0: if (lock_req) locked <= 1;
      1'b1: if (unlock) locked <= 0;
    endcase
  end
end
endmodule
","module proto_case_7_assertions(
  input logic clk,
  input logic rst,
  input logic lock_req,
  input logic unlock,
  output logic locked
);

  logic prev_locked;

  always @(posedge clk) begin
    if (rst) begin
      locked <= 0;
      prev_locked <= 0;
    end else begin
      prev_locked <= locked;
      if (locked == 0 && lock_req) begin
        assert property (locked == 1);
      end else if (locked == 1 && unlock) begin
        assert property (locked == 0);
      end
    end
  end

endmodule",OK,5.551745176315308,2963,160
"module proto_case_8(input logic clk, rst, start, finish, output logic busy);
always_ff @(posedge clk or posedge rst) begin
  if (rst) busy <= 0;
  else begin
    case(busy)
      1'b0: if (start) busy <= 1;
      1'b1: if (finish) busy <= 0;
    endcase
  end
end
endmodule
","module proto_case_8_assertions(input logic clk, rst, start, finish, output logic busy);
  logic busy_next;

  always_comb begin
    busy_next = busy;
    case(busy)
      1'b0: if (start) busy_next <= 1;
      1'b1: if (finish) busy_next <= 0;
    endcase
  end

  property p_busy_start;
    @(posedge clk) (start && !busy) |-> (busy_next == 1);
  endproperty
  assert property (p_busy_start);

  property p_busy_finish;
    @(posedge clk) (finish && busy) |-> (busy_next == 0);
  endproperty
  assert property (p_busy_finish);

endmodule",OK,6.514732122421265,2959,194
"module proto_case_9(input logic clk, rst, go, done, output logic active);
always_ff @(posedge clk or posedge rst) begin
  if (rst) active <= 0;
  else begin
    case(active)
      1'b0: if (go) active <= 1;
      1'b1: if (done) active <= 0;
    endcase
  end
end
endmodule
","module proto_case_9_assertions(input logic clk, rst, go, done, output logic active);
  property p_active_go_assign;
    @(posedge clk) (active == 1'b0 && go) |-> (active == 1'b1);
  endproperty
  assert property (p_active_go_assign);

  property p_active_done_assign;
    @(posedge clk) (active == 1'b1 && done) |-> (active == 1'b0);
  endproperty
  assert property (p_active_done_assign);
endmodule",OK,5.243061065673828,2959,145
"module router_fsm (
    input  logic clk,
    input  logic rst_n,
    input  logic [3:0] req,
    output logic [1:0] selected,
    output logic grant
);
    typedef enum logic [1:0] {IDLE, LOOKUP, FORWARD, DROP} state_t;
    state_t state;

    always_ff @(posedge clk or negedge rst_n) begin
        if (!rst_n) begin
            state <= IDLE;
            selected <= 2'b00;
            grant <= 1'b0;
        end else begin
            case (state)
                IDLE: begin
                    grant <= 1'b0;
                    if (req != 4'b0000)
                        state <= LOOKUP;
                end

                LOOKUP: begin
                    casez (req)
                        4'b1???: selected <= 2'd3;
                        4'b01??: selected <= 2'd2;
                        4'b001?: selected <= 2'd1;
                        4'b0001: selected <= 2'd0;
                        default: selected <= 2'd0;
                    endcase
                    state <= (req == 4'b0000) ? IDLE : FORWARD;
                end

                FORWARD: begin
                    grant <= 1'b1;
                    if (req[selected] == 1'b0)
                        state <= IDLE;
                end

                DROP: state <= IDLE;
            endcase
        end
    end
endmodule
","module router_fsm_assertions(
    input logic clk,
    input logic rst_n,
    input logic [3:0] req,
    output logic [1:0] selected,
    output logic grant
);
    typedef enum logic [1:0] { IDLE, LOOKUP, FORWARD, DROP } state_t;
    state_t state;

    property p_grant_idle;
        (state == IDLE) |=> (grant == 1'b0);
    endproperty
    assert property (p_grant_idle);

    property p_selected_lookup;
        (state == LOOKUP) |=> (selected == 2'd3);
    endproperty
    assert property (p_selected_lookup);

    property p_selected_forward;
        (state == FORWARD) |=> (selected == 2'd2);
    endproperty
    assert property (p_selected_forward);

    property p_selected_drop;
        (state == DROP) |=> (selected == 2'd1);
    endproperty
    assert property (p_selected_drop);

    property p_grant_forward;
        (state == FORWARD) |=> (grant == 1'b1);
    endproperty
    assert property (p_grant_forward);

    property p_grant_drop;
        (req == 4'b0000) |=> (grant == 1'b0);
    endproperty
    assert property (p_grant_drop);

endmodule","** Error (suppressible): prueba.sv(14): (vlog-1957) The sva directive is not sensitive to a clock. Unclocked directives are not supported.
** Error (suppressible): prueba.sv(19): (vlog-1957) The sva directive is not sensitive to a clock. Unclocked directives are not supported.
** Error (suppressible): prueba.sv(24): (vlog-1957) The sva directive is not sensitive to a clock. Unclocked directives are not supported.
** Error (suppressible): prueba.sv(29): (vlog-1957) The sva directive is not sensitive to a clock. Unclocked directives are not supported.
** Error (suppressible): prueba.sv(34): (vlog-1957) The sva directive is not sensitive to a clock. Unclocked directives are not supported.
** Error (suppressible): prueba.sv(39): (vlog-1957) The sva directive is not sensitive to a clock. Unclocked directives are not supported.",13.313082695007324,3225,352
"module instr_decoder (
    input  logic [31:0] instr,
    output logic [3:0] alu_op,
    output logic writeback,
    output logic [2:0] opcode
);
    typedef enum logic [2:0] {ALU, LOAD, STORE, BRANCH, SYS} op_t;
    always_comb begin
        writeback = 0;
        alu_op = 0;
        opcode = instr[31:29];

        unique case (opcode)
            ALU: begin
                writeback = 1;
                case (instr[28:25])
                    4'h0: alu_op = 4'h1; // ADD
                    4'h1: alu_op = 4'h2; // SUB
                    4'h2: alu_op = 4'h3; // AND
                    default: alu_op = 4'hF; // illegal
                endcase
            end

            LOAD:  writeback = 1;
            STORE: writeback = 0;
            BRANCH: writeback = 0;
            SYS: writeback = 0;
        endcase
    end
endmodule
","module instr_decoder_assertions(
    input  logic [31:0] instr,
    output logic [3:0] alu_op,
    output logic writeback,
    output logic [2:0] opcode
);

    // Inner variables
    logic [2:0] expected_alu_op;

    // Inner functions
    function logic [3:0] get_alu_op(logic [31:0] instr);
        if (instr[28:25] == 4'h0) begin
            return 4'h1;
        end else if (instr[28:25] == 4'h1) begin
            return 4'h2;
        end else if (instr[28:25] == 4'h2) begin
            return 4'h3;
        end else begin
            return 4'hF;
        end
    endfunction

    // Properties and asserts
    property p_alu_op_assign;
        alu_op == get_alu_op(instr);
    endproperty
    assert property (p_alu_op_assign);

    property p_opcode_assign;
        opcode == instr[31:29];
    endproperty
    assert property (p_opcode_assign);

    property p_writeback_alu;
        instr[31:29] == 4'h0 |-> writeback == 1;
    endproperty
    assert property (p_writeback_alu);

    property p_writeback_load;
        instr[31:29] == 4'h1 |-> writeback == 1;
    endproperty
    assert property (p_writeback_load);

    property p_writeback_store;
        instr[31:29] == 4'h2 |-> writeback == 0;
    endproperty
    assert property (p_writeback_store);

endmodule","** Error (suppressible): prueba.sv(28): (vlog-1957) The sva directive is not sensitive to a clock. Unclocked directives are not supported.
** Error (suppressible): prueba.sv(33): (vlog-1957) The sva directive is not sensitive to a clock. Unclocked directives are not supported.
** Error (suppressible): prueba.sv(38): (vlog-1957) The sva directive is not sensitive to a clock. Unclocked directives are not supported.
** Error (suppressible): prueba.sv(43): (vlog-1957) The sva directive is not sensitive to a clock. Unclocked directives are not supported.
** Error (suppressible): prueba.sv(48): (vlog-1957) The sva directive is not sensitive to a clock. Unclocked directives are not supported.",15.784432172775269,3133,456
"module phy_link (
    input logic clk,
    input logic [3:0] mode,
    output logic [1:0] speed,
    output logic training
);
    always_ff @(posedge clk) begin
        casez (mode)
            4'b1???: speed <= 2'b11;   // Gen3
            4'b01??: speed <= 2'b10;   // Gen2
            4'b001?: speed <= 2'b01;   // Gen1
            4'b0001: speed <= 2'b00;   // Safe
        endcase
    end

    always_ff @(posedge clk)
        training <= (speed != 2'b00);
endmodule
","module phy_link_assertions(
    input logic clk,
    input logic [3:0] mode,
    output logic [1:0] speed,
    output logic training
);
    logic temp_speed;

    property p_speed_gen3_assign;
        @(posedge clk) (mode == 4'b1???) |-> (speed == 2'b11);
    endproperty
    assert property (p_speed_gen3_assign);

    property p_speed_gen2_assign;
        @(posedge clk) (mode == 4'b01??) |-> (speed == 2'b10);
    endproperty
    assert property (p_speed_gen2_assign);

    property p_speed_gen1_assign;
        @(posedge clk) (mode == 4'b001?) |-> (speed == 2'b01);
    endproperty
    assert property (p_speed_gen1_assign);

    property p_speed_safe_assign;
        @(posedge clk) (mode == 4'b0001) |-> (speed == 2'b00);
    endproperty
    assert property (p_speed_safe_assign);

    property p_training_assign;
        @(posedge clk) (speed != 2'b00) |-> (training == 1'b1);
    endproperty
    assert property (p_training_assign);
endmodule",OK,11.70279026031494,3036,344
"module mem_ctrl (
    input logic clk,
    input logic [1:0] cmd,
    input logic [1:0] burst,
    output logic ack,
    output logic err
);
    always_ff @(posedge clk) begin
        ack <= 0;
        err <= 0;
        case (cmd)
            2'b00: begin // READ
                case (burst)
                    2'b00, 2'b01: ack <= 1;
                    default: err <= 1;
                endcase
            end

            2'b01: begin // WRITE
                case (burst)
                    2'b00, 2'b10: ack <= 1;
                    default: err <= 1;
                endcase
            end

            default: err <= 1;
        endcase
    end
endmodule
","module mem_ctrl_assertions(
    input logic clk,
    input logic [1:0] cmd,
    input logic [1:0] burst,
    output logic ack,
    output logic err
);

    property p_read_ack_assign;
        @(posedge clk) (cmd == 2'b00) & (burst == 2'b00 || burst == 2'b01) |-> (ack == 1);
    endproperty
    assert property (p_read_ack_assign);

    property p_read_err_assign;
        @(posedge clk) (cmd == 2'b00) & (burst != 2'b00 && burst != 2'b01) |-> (err == 1);
    endproperty
    assert property (p_read_err_assign);

    property p_write_ack_assign;
        @(posedge clk) (cmd == 2'b01) & (burst == 2'b00 || burst == 2'b10) |-> (ack == 1);
    endproperty
    assert property (p_write_ack_assign);

    property p_write_err_assign;
        @(posedge clk) (cmd == 2'b01) & (burst != 2'b00 && burst != 2'b10) |-> (err == 1);
    endproperty
    assert property (p_write_err_assign);

endmodule",OK,11.880386590957642,3061,346
"module dma_engine (
    input logic clk,
    input logic [1:0] size,
    output logic busy,
    output logic done
);
    typedef enum logic [1:0] {SMALL, MEDIUM, LARGE} size_t;

    always_ff @(posedge clk) begin
        case (size)
            SMALL: begin
                busy <= 1;
                done <= ##1 1;
            end

            MEDIUM: begin
                busy <= 1;
                done <= ##2 1;
            end

            LARGE: begin
                busy <= 1;
                done <= ##4 1;
            end
        endcase
    end
endmodule
","module dma_engine_assertions(
    input logic clk,
    input logic [1:0] size,
    output logic busy,
    output logic done
);
    typedef enum logic [1:0] {SMALL, MEDIUM, LARGE} size_t;

    property p_busy_small_assign;
        @(posedge clk) (size == SMALL) |-> (busy == 1);
    endproperty
    assert property (p_busy_small_assign);

    property p_done_small_assign;
        @(posedge clk) (size == SMALL) |-> (done == 1);
    endproperty
    assert property (p_done_small_assign);

    property p_busy_medium_assign;
        @(posedge clk) (size == MEDIUM) |-> (busy == 1);
    endproperty
    assert property (p_busy_medium_assign);

    property p_done_medium_assign;
        @(posedge clk) (size == MEDIUM) |-> (done == 1);
    endproperty
    assert property (p_done_medium_assign);

    property p_busy_large_assign;
        @(posedge clk) (size == LARGE) |-> (busy == 1);
    endproperty
    assert property (p_busy_large_assign);

    property p_done_large_assign;
        @(posedge clk) (size == LARGE) |-> (done == 1);
    endproperty
    assert property (p_done_large_assign);
endmodule",OK,12.091619968414308,3014,350
"module instr_decoder (
    input  logic [31:0] instr,
    output logic        is_branch,
    output logic        is_load,
    output logic        is_store,
    output logic        illegal
);

    logic [6:0] opcode;
    logic [2:0] funct3;
    logic [6:0] funct7;

    assign opcode = instr[6:0];
    assign funct3 = instr[14:12];
    assign funct7 = instr[31:25];

    always_comb begin
        is_branch = 1'b0;
        is_load   = 1'b0;
        is_store  = 1'b0;
        illegal   = 1'b0;

        unique case (opcode)
            7'b1100011: begin // BRANCH
                is_branch = 1'b1;
                unique case (funct3)
                    3'b000, // BEQ
                    3'b001, // BNE
                    3'b100, // BLT
                    3'b101, // BGE
                    3'b110, // BLTU
                    3'b111: ; // BGEU
                    default: illegal = 1'b1;
                endcase
            end

            7'b0000011: begin // LOAD
                is_load = 1'b1;
                unique case (funct3)
                    3'b000, // LB
                    3'b001, // LH
                    3'b010, // LW
                    3'b100, // LBU
                    3'b101: ; // LHU
                    default: illegal = 1'b1;
                endcase
            end

            7'b0100011: begin // STORE
                is_store = 1'b1;
                unique case (funct3)
                    3'b000, // SB
                    3'b001, // SH
                    3'b010: ; // SW
                    default: illegal = 1'b1;
                endcase
            end

            default: illegal = 1'b1;
        endcase
    end

endmodule
","module instr_decoder_assertions(
    input logic [31:0] instr,
    output logic is_branch,
    output logic is_load,
    output logic is_store,
    output logic illegal
);

    logic [6:0] opcode;
    logic [2:0] funct3;
    logic [6:0] funct7;

    assign opcode = instr[6:0];
    assign funct3 = instr[14:12];
    assign funct7 = instr[31:25];

    property p_is_branch_beq;
        (opcode == 7'b1100011 && funct3 == 3'b000) |=> (is_branch == 1'b1);
    endproperty
    assert property (p_is_branch_beq);

    property p_is_branch_bne;
        (opcode == 7'b1100011 && funct3 == 3'b001) |=> (is_branch == 1'b1);
    endproperty
    assert property (p_is_branch_bne);

    property p_is_branch_blt;
        (opcode == 7'b1100011 && funct3 == 3'b100) |=> (is_branch == 1'b1);
    endproperty
    assert property (p_is_branch_blt);

    property p_is_branch_bge;
        (opcode == 7'b1100011 && funct3 == 3'b101) |=> (is_branch == 1'b1);
    endproperty
    assert property (p_is_branch_bge);

    property p_is_branch_bltu;
        (opcode == 7'b1100011 && funct3 == 3'b110) |=> (is_branch == 1'b1);
    endproperty
    assert property (p_is_branch_bltu);

    property p_is_branch_bgeu;
        (opcode == 7'b1100011 && funct3 == 3'b111) |=> (is_branch == 1'b1);
    endproperty
    assert property (p_is_branch_bgeu);

    property p_is_load_lb;
        (opcode == 7'b0000011 && funct3 == 3'b000) |=> (is_load == 1'b1);
    endproperty
    assert property (p_is_load_lb);

    property p_is_load_lh;
        (opcode == 7'b0000011 && funct3 == 3'b001) |=> (is_load == 1'b1);
    endproperty
    assert property (p_is_load_lh);

    property p_is_load_lw;
        (opcode == 7'b0000011 && funct3 == 3'b010) |=> (is_load == 1'b1);
    endproperty
    assert property (p_is_load_lw);

    property p_is_load_lbu;
        (opcode == 7'b0000011 && funct3 == 3'b100) |=> (is_load == 1'b1);
    endproperty
    assert property (p_is_load_lbu);

    property p_is_load_lhu;
        (opcode == 7'b0000011 && funct3 == 3'b101) |=> (is_load == 1'b1);
    endproperty
    assert property (p_is_load_lhu);

    property p_is_store_sb;
        (opcode == 7'b0100011 && funct3 == 3'b000) |=> (is_store == 1'b1);
    endproperty
    assert property (p_is_store_sb);

    property p_is_store_sh;
        (opcode == 7'b0100011 && funct3 == 3'b001) |=> (is_store == 1'b1);
    endproperty
    assert property (p_is_store_sh);

    property p_is_store_sw;
        (opcode == 7'b0100011 && funct3 == 3'b010) |=> (is_store == 1'b1);
    endproperty
    assert property (p_is_store_sw);

endmodule","** Error (suppressible): prueba.sv(20): (vlog-1957) The sva directive is not sensitive to a clock. Unclocked directives are not supported.
** Error (suppressible): prueba.sv(25): (vlog-1957) The sva directive is not sensitive to a clock. Unclocked directives are not supported.
** Error (suppressible): prueba.sv(30): (vlog-1957) The sva directive is not sensitive to a clock. Unclocked directives are not supported.
** Error (suppressible): prueba.sv(35): (vlog-1957) The sva directive is not sensitive to a clock. Unclocked directives are not supported.
** Error (suppressible): prueba.sv(40): (vlog-1957) The sva directive is not sensitive to a clock. Unclocked directives are not supported.
** Error (suppressible): prueba.sv(45): (vlog-1957) The sva directive is not sensitive to a clock. Unclocked directives are not supported.
** Error (suppressible): prueba.sv(50): (vlog-1957) The sva directive is not sensitive to a clock. Unclocked directives are not supported.
** Error (suppressible): prueba.sv(55): (vlog-1957) The sva directive is not sensitive to a clock. Unclocked directives are not supported.
** Error (suppressible): prueba.sv(60): (vlog-1957) The sva directive is not sensitive to a clock. Unclocked directives are not supported.
** Error (suppressible): prueba.sv(65): (vlog-1957) The sva directive is not sensitive to a clock. Unclocked directives are not supported.
** Error (suppressible): prueba.sv(70): (vlog-1957) The sva directive is not sensitive to a clock. Unclocked directives are not supported.
** Error (suppressible): prueba.sv(75): (vlog-1957) The sva directive is not sensitive to a clock. Unclocked directives are not supported.
** Error (suppressible): prueba.sv(80): (vlog-1957) The sva directive is not sensitive to a clock. Unclocked directives are not supported.
** Error (suppressible): prueba.sv(85): (vlog-1957) The sva directive is not sensitive to a clock. Unclocked directives are not supported.",38.84367775917053,3405,1129
"module axi_read_fsm (
    input  logic        clk,
    input  logic        rst_n,
    input  logic        arvalid,
    input  logic        rready,
    input  logic        rlast,
    output logic        arready,
    output logic        rvalid
);

    typedef enum logic [2:0] {
        IDLE,
        ADDR_ACCEPT,
        DATA_WAIT,
        DATA_LAST,
        ERROR
    } state_t;

    state_t state, next_state;

    always_ff @(posedge clk or negedge rst_n) begin
        if (!rst_n)
            state <= IDLE;
        else
            state <= next_state;
    end

    always_comb begin
        arready   = 1'b0;
        rvalid    = 1'b0;
        next_state = state;

        priority case (state)
            IDLE: begin
                if (arvalid) begin
                    arready   = 1'b1;
                    next_state = ADDR_ACCEPT;
                end
            end

            ADDR_ACCEPT: begin
                next_state = DATA_WAIT;
            end

            DATA_WAIT: begin
                rvalid = 1'b1;
                if (rready && rlast)
                    next_state = DATA_LAST;
                else if (rready)
                    next_state = DATA_WAIT;
            end

            DATA_LAST: begin
                rvalid = 1'b1;
                if (rready)
                    next_state = IDLE;
            end

            default: begin
                next_state = ERROR;
            end
        endcase
    end

endmodule
","module axi_read_fsm_assertions(
    input  logic        clk,
    input  logic        rst_n,
    input  logic        arvalid,
    input  logic        rready,
    input  logic        rlast,
    output logic        arready,
    output logic        rvalid
);

    typedef enum logic [2:0] {
        IDLE,
        ADDR_ACCEPT,
        DATA_WAIT,
        DATA_LAST,
        ERROR
    } state_t;

    state_t state, next_state;

    property p_arvalid_to_addr_accept;
        @(posedge clk) (arvalid) |-> (next_state == ADDR_ACCEPT);
    endproperty
    assert property (p_arvalid_to_addr_accept);

    property p_addr_accept_to_data_wait;
        @(posedge clk) (next_state == ADDR_ACCEPT) |-> (next_state == DATA_WAIT);
    endproperty
    assert property (p_addr_accept_to_data_wait);

    property p_data_wait_to_data_last;
        @(posedge clk) (rlast) |-> (next_state == DATA_LAST);
    endproperty
    assert property (p_data_wait_to_data_last);

    property p_data_last_to_idle;
        @(posedge clk) (rready) |-> (next_state == IDLE);
    endproperty
    assert property (p_data_last_to_idle);

endmodule",OK,30.326918363571167,3257,363
"module packet_parser (
    input  logic [63:0] header,
    output logic        is_ipv4,
    output logic        is_ipv6,
    output logic        is_arp,
    output logic        unknown
);

    logic [15:0] ethertype;
    assign ethertype = header[15:0];

    always_comb begin
        is_ipv4  = 1'b0;
        is_ipv6  = 1'b0;
        is_arp   = 1'b0;
        unknown  = 1'b0;

        casez (ethertype)
            16'h0800: is_ipv4 = 1'b1; // IPv4
            16'h86DD: is_ipv6 = 1'b1; // IPv6
            16'h0806: is_arp  = 1'b1; // ARP

            16'h88??: begin
                // Vendor-specific or experimental
                unknown = 1'b1;
            end

            default: unknown = 1'b1;
        endcase
    end

endmodule
","module packet_parser_assertions();
    logic [63:0] header;
    logic        is_ipv4;
    logic        is_ipv6;
    logic        is_arp;
    logic        unknown;

    logic [15:0] ethertype;

    always_comb begin
        is_ipv4  = 0'b0;
        is_ipv6  = 0'b0;
        is_arp   = 0'b0;
        unknown  = 0'b0;

        assign ethertype = header[15:0];

        casez (ethertype)
            16'h0800: is_ipv4 = 1'b1; // IPv4
            16'h86DD: is_ipv6 = 1'b1; // IPv6
            16'h0806: is_arp  = 1'b1; // ARP

            16'h88??: begin
                // Vendor-specific or experimental
                unknown = 1'b1;
            end

            default: unknown = 1'b1;
        endcase
    end

    property p_is_ipv4_assign;
        is_ipv4 == 1'b1 implies (header[31:16] == 16'h0800);
    endproperty
    assert property (p_is_ipv4_assign);

    property p_is_ipv6_assign;
        is_ipv6 == 1'b1 implies (header[31:16] == 16'h86DD);
    endproperty
    assert property (p_is_ipv6_assign);

    property p_is_arp_assign;
        is_arp == 1'b1 implies (header[31:16] == 16'h0806);
    endproperty
    assert property (p_is_arp_assign);

    property p_unknown_assign;
        unknown == 1'b1 implies (header[31:16] != 16'h0800 && header[31:16] != 16'h86DD && header[31:16] != 16'h0806);
    endproperty
    assert property (p_unknown_assign);
endmodule","** Error (suppressible): prueba.sv(35): (vlog-1957) The sva directive is not sensitive to a clock. Unclocked directives are not supported.
** Error (suppressible): prueba.sv(40): (vlog-1957) The sva directive is not sensitive to a clock. Unclocked directives are not supported.
** Error (suppressible): prueba.sv(45): (vlog-1957) The sva directive is not sensitive to a clock. Unclocked directives are not supported.
** Error (suppressible): prueba.sv(50): (vlog-1957) The sva directive is not sensitive to a clock. Unclocked directives are not supported.",18.647113800048828,3133,553
"module power_ctrl (
    input  logic [2:0] mode,
    output logic       clk_en,
    output logic       power_en,
    output logic       retention_en
);

    always_comb begin
        clk_en        = 1'b0;
        power_en      = 1'b0;
        retention_en  = 1'b0;

        unique case (mode)
            3'b000: begin // OFF
                power_en = 1'b0;
            end

            3'b001: begin // RETENTION
                power_en     = 1'b1;
                retention_en = 1'b1;
            end

            3'b010: begin // IDLE
                power_en = 1'b1;
                clk_en   = 1'b0;
            end

            3'b011: begin // ACTIVE
                power_en = 1'b1;
                clk_en   = 1'b1;
            end

            default: begin
                // Illegal mode ? safe shutdown
                power_en = 1'b0;
            end
        endcase
    end

endmodule
","module power_ctrl_assertions(
    input  logic [2:0] mode,
    output logic       clk_en,
    output logic       power_en,
    output logic       retention_en
);
    property p_clk_en_off;
        (mode == 3'b000) |=> (clk_en == 1'b0);
    endproperty
    assert property (p_clk_en_off);

    property p_power_en_off;
        (mode == 3'b000) |=> (power_en == 1'b0);
    endproperty
    assert property (p_power_en_off);

    property p_retention_en_off;
        (mode == 3'b000) |=> (retention_en == 1'b0);
    endproperty
    assert property (p_retention_en_off);

    property p_clk_en_retention;
        (mode == 3'b001) |=> (clk_en == 1'b0);
    endproperty
    assert property (p_clk_en_retention);

    property p_power_en_retention;
        (mode == 3'b001) |=> (power_en == 1'b1);
    endproperty
    assert property (p_power_en_retention);

    property p_retention_en_retention;
        (mode == 3'b001) |=> (retention_en == 1'b1);
    endproperty
    assert property (p_retention_en_retention);

    property p_clk_en_idle;
        (mode == 3'b010) |=> (clk_en == 1'b0);
    endproperty
    assert property (p_clk_en_idle);

    property p_power_en_idle;
        (mode == 3'b010) |=> (power_en == 1'b1);
    endproperty
    assert property (p_power_en_idle);

    property p_retention_en_idle;
        (mode == 3'b010) |=> (retention_en == 1'b0);
    endproperty
    assert property (p_retention_en_idle);

    property p_clk_en_active;
        (mode == 3'b011) |=> (clk_en == 1'b1);
    endproperty
    assert property (p_clk_en_active);

    property p_power_en_active;
        (mode == 3'b011) |=> (power_en == 1'b1);
    endproperty
    assert property (p_power_en_active);

    property p_retention_en_active;
        (mode == 3'b011) |=> (retention_en == 1'b0);
    endproperty
    assert property (p_retention_en_active);
endmodule","** Error (suppressible): prueba.sv(10): (vlog-1957) The sva directive is not sensitive to a clock. Unclocked directives are not supported.
** Error (suppressible): prueba.sv(15): (vlog-1957) The sva directive is not sensitive to a clock. Unclocked directives are not supported.
** Error (suppressible): prueba.sv(20): (vlog-1957) The sva directive is not sensitive to a clock. Unclocked directives are not supported.
** Error (suppressible): prueba.sv(25): (vlog-1957) The sva directive is not sensitive to a clock. Unclocked directives are not supported.
** Error (suppressible): prueba.sv(30): (vlog-1957) The sva directive is not sensitive to a clock. Unclocked directives are not supported.
** Error (suppressible): prueba.sv(35): (vlog-1957) The sva directive is not sensitive to a clock. Unclocked directives are not supported.
** Error (suppressible): prueba.sv(40): (vlog-1957) The sva directive is not sensitive to a clock. Unclocked directives are not supported.
** Error (suppressible): prueba.sv(45): (vlog-1957) The sva directive is not sensitive to a clock. Unclocked directives are not supported.
** Error (suppressible): prueba.sv(50): (vlog-1957) The sva directive is not sensitive to a clock. Unclocked directives are not supported.
** Error (suppressible): prueba.sv(55): (vlog-1957) The sva directive is not sensitive to a clock. Unclocked directives are not supported.
** Error (suppressible): prueba.sv(60): (vlog-1957) The sva directive is not sensitive to a clock. Unclocked directives are not supported.
** Error (suppressible): prueba.sv(65): (vlog-1957) The sva directive is not sensitive to a clock. Unclocked directives are not supported.",23.81123375892639,3143,705
"module scheduler_ctrl (
    input  logic [7:0] ctrl_word,
    output logic       high_prio,
    output logic       drop_pkt
);

    logic [3:0] class;
    logic [3:0] action;

    assign class  = ctrl_word[7:4];
    assign action = ctrl_word[3:0];

    always_comb begin
        high_prio = 1'b0;
        drop_pkt  = 1'b0;

        unique case (class)
            4'h0, 4'h1: begin
                case (action)
                    4'h0: high_prio = 1'b0;
                    4'h1: high_prio = 1'b1;
                    4'hF: drop_pkt  = 1'b1;
                    default: ;
                endcase
            end

            4'hA, 4'hB: begin
                casez (action)
                    4'b1???: high_prio = 1'b1;
                    4'b0???: drop_pkt  = 1'b1;
                    default: ;
                endcase
            end

            default: drop_pkt = 1'b1;
        endcase
    end

endmodule
","module scheduler_ctrl_assertions(
    input logic [7:0] ctrl_word,
    output logic high_prio,
    output logic drop_pkt
);
    logic [3:0] class;
    logic [3:0] action;

    assign class = ctrl_word[7:4];
    assign action = ctrl_word[3:0];

    property p_high_prio_0_to_1;
        (class == 4'h0 || class == 4'h1) && (action == 4'h0) |=> high_prio == 1'b0;
    endproperty
    assert property (p_high_prio_0_to_1);

    property p_high_prio_1_to_1;
        (class == 4'h0 || class == 4'h1) && (action == 4'h1) |=> high_prio == 1'b1;
    endproperty
    assert property (p_high_prio_1_to_1);

    property p_drop_pkt_F_to_1;
        (class == 4'h0 || class == 4'h1) && (action == 4'hF) |=> drop_pkt == 1'b1;
    endproperty
    assert property (p_drop_pkt_F_to_1);

    property p_high_prio_A_to_1;
        (class == 4'hA || class == 4'hB) && (action[3] == 1'b1) |=> high_prio == 1'b1;
    endproperty
    assert property (p_high_prio_A_to_1);

    property p_high_prio_B_to_1;
        (class == 4'hA || class == 4'hB) && (action[2] == 1'b1) |=> high_prio == 1'b1;
    endproperty
    assert property (p_high_prio_B_to_1);

    property p_drop_pkt_0_to_1;
        (class == 4'hA || class == 4'hB) && (action[0] == 1'b0) |=> drop_pkt == 1'b1;
    endproperty
    assert property (p_drop_pkt_0_to_1);

    property p_drop_pkt_default;
        (class != 4'hA && class != 4'hB) |=> drop_pkt == 1'b1;
    endproperty
    assert property (p_drop_pkt_default);
endmodule","** Error: (vlog-13069) prueba.sv(6): near ""class"": syntax error, unexpected class, expecting IDENTIFIER or TYPE_IDENTIFIER or NETTYPE_IDENTIFIER or '='.
** Error: (vlog-13069) prueba.sv(9): near ""class"": syntax error, unexpected class.
** Error: (vlog-13069) prueba.sv(13): near ""class"": syntax error, unexpected class.
** Error: (vlog-13069) prueba.sv(18): near ""class"": syntax error, unexpected class.
** Error: (vlog-13069) prueba.sv(23): near ""class"": syntax error, unexpected class.
** Error: (vlog-13069) prueba.sv(28): near ""class"": syntax error, unexpected class.
** Error: (vlog-13069) prueba.sv(33): near ""class"": syntax error, unexpected class.
** Error: (vlog-13069) prueba.sv(38): near ""class"": syntax error, unexpected class.
** Error: (vlog-13069) prueba.sv(43): near ""class"": syntax error, unexpected class.",20.89198899269104,3159,623
"module dma_channel_arbiter (
    input  logic [3:0] ch_req,
    output logic [1:0] grant,
    output logic       grant_valid
);

    always_comb begin
        grant       = 2'd0;
        grant_valid = 1'b0;

        priority case (1'b1)
            ch_req[0]: begin
                grant       = 2'd0;
                grant_valid = 1'b1;
            end
            ch_req[1]: begin
                grant       = 2'd1;
                grant_valid = 1'b1;
            end
            ch_req[2]: begin
                grant       = 2'd2;
                grant_valid = 1'b1;
            end
            ch_req[3]: begin
                grant       = 2'd3;
                grant_valid = 1'b1;
            end
            default: begin
                grant_valid = 1'b0;
            end
        endcase
    end

endmodule
","module dma_channel_arbiter_assertions(
    input logic [3:0] ch_req,
    output logic [1:0] grant,
    output logic grant_valid
);

    property p_grant_ch0_assign;
        (ch_req == 4'b0001) |-> (grant == 2'd0);
    endproperty
    assert property (p_grant_ch0_assign);

    property p_grant_ch1_assign;
        (ch_req == 4'b0010) |-> (grant == 2'd1);
    endproperty
    assert property (p_grant_ch1_assign);

    property p_grant_ch2_assign;
        (ch_req == 4'b0100) |-> (grant == 2'd2);
    endproperty
    assert property (p_grant_ch2_assign);

    property p_grant_ch3_assign;
        (ch_req == 4'b1000) |-> (grant == 2'd3);
    endproperty
    assert property (p_grant_ch3_assign);

endmodule","** Error (suppressible): prueba.sv(10): (vlog-1957) The sva directive is not sensitive to a clock. Unclocked directives are not supported.
** Error (suppressible): prueba.sv(15): (vlog-1957) The sva directive is not sensitive to a clock. Unclocked directives are not supported.
** Error (suppressible): prueba.sv(20): (vlog-1957) The sva directive is not sensitive to a clock. Unclocked directives are not supported.
** Error (suppressible): prueba.sv(25): (vlog-1957) The sva directive is not sensitive to a clock. Unclocked directives are not supported.",10.174517631530762,3112,281
"module coherence_cmd_decode (
    input  logic [4:0] cmd,
    output logic       req_shared,
    output logic       req_exclusive,
    output logic       invalidate,
    output logic       illegal
);

    always_comb begin
        req_shared    = 1'b0;
        req_exclusive = 1'b0;
        invalidate    = 1'b0;
        illegal       = 1'b0;

        unique case (cmd)
            5'h00: req_shared    = 1'b1; // ReadShared
            5'h01: req_exclusive = 1'b1; // ReadExclusive
            5'h02: invalidate    = 1'b1; // Invalidate
            5'h03: begin                  // Upgrade
                req_exclusive = 1'b1;
                invalidate    = 1'b1;
            end
            5'h10, 5'h11: begin            // Probe responses
                // No action, metadata only
            end
            default: illegal = 1'b1;
        endcase
    end

endmodule
","module coherence_cmd_decode_assertions();
    logic req_shared;
    logic req_exclusive;
    logic invalidate;
    logic illegal;

    property p_req_shared_assign;
        (cmd == 5'h00) |=> (req_shared == 1'b1);
    endproperty
    assert property (p_req_shared_assign);

    property p_req_exclusive_assign;
        (cmd == 5'h01) |=> (req_exclusive == 1'b1);
    endproperty
    assert property (p_req_exclusive_assign);

    property p_invalidate_assign;
        (cmd == 5'h02) |=> (invalidate == 1'b1);
    endproperty
    assert property (p_invalidate_assign);

    property p_upgrade_assign;
        (cmd == 5'h03) |=> (req_exclusive == 1'b1 && invalidate == 1'b1);
    endproperty
    assert property (p_upgrade_assign);

endmodule",** Error: prueba.sv(8): (vlog-2730) Undefined variable: 'cmd'.,9.528158903121948,3126,254
"module pcie_tlp_decoder (
    input  logic [7:0] tlp_type,
    output logic       is_mem,
    output logic       is_cfg,
    output logic       is_msg,
    output logic       unsupported
);

    always_comb begin
        is_mem      = 1'b0;
        is_cfg      = 1'b0;
        is_msg      = 1'b0;
        unsupported = 1'b0;

        casez (tlp_type)
            8'b0000_000?: is_mem = 1'b1; // MemRd/MemWr
            8'b0000_10??: is_cfg = 1'b1; // CfgRd/CfgWr
            8'b0011_0???: is_msg = 1'b1; // Messages
            default: unsupported = 1'b1;
        endcase
    end

endmodule
","module pcie_tlp_decoder_assertions(
    input  logic [7:0] tlp_type,
    output logic       is_mem,
    output logic       is_cfg,
    output logic       is_msg,
    output logic       unsupported
);

    property p_is_mem_assign;
        (tlp_type == 8'b0000_0000) |=> (is_mem == 1'b1);
    endproperty
    assert property (p_is_mem_assign);

    property p_is_cfg_assign;
        (tlp_type == 8'b0000_1000) |=> (is_cfg == 1'b1);
    endproperty
    assert property (p_is_cfg_assign);

    property p_is_msg_assign;
        (tlp_type == 8'b0011_0000) |=> (is_msg == 1'b1);
    endproperty
    assert property (p_is_msg_assign);

    property p_unsupported_assign;
        (tlp_type != 8'b0000_0000 && tlp_type != 8'b0000_1000 && tlp_type != 8'b0011_0000) |=> (unsupported == 1'b1);
    endproperty
    assert property (p_unsupported_assign);

endmodule","** Error (suppressible): prueba.sv(12): (vlog-1957) The sva directive is not sensitive to a clock. Unclocked directives are not supported.
** Error (suppressible): prueba.sv(17): (vlog-1957) The sva directive is not sensitive to a clock. Unclocked directives are not supported.
** Error (suppressible): prueba.sv(22): (vlog-1957) The sva directive is not sensitive to a clock. Unclocked directives are not supported.
** Error (suppressible): prueba.sv(27): (vlog-1957) The sva directive is not sensitive to a clock. Unclocked directives are not supported.",12.37219214439392,3091,356
"module cdc_ctrl_fsm (
    input  logic clk,
    input  logic rst_n,
    input  logic req,
    input  logic ack,
    output logic req_sync
);

    typedef enum logic [1:0] {
        CDC_IDLE,
        CDC_REQ,
        CDC_WAIT_ACK,
        CDC_DONE
    } cdc_state_t;

    cdc_state_t state, next_state;

    always_ff @(posedge clk or negedge rst_n) begin
        if (!rst_n)
            state <= CDC_IDLE;
        else
            state <= next_state;
    end

    always_comb begin
        req_sync  = 1'b0;
        next_state = state;

        unique case (state)
            CDC_IDLE: begin
                if (req)
                    next_state = CDC_REQ;
            end

            CDC_REQ: begin
                req_sync = 1'b1;
                next_state = CDC_WAIT_ACK;
            end

            CDC_WAIT_ACK: begin
                req_sync = 1'b1;
                if (ack)
                    next_state = CDC_DONE;
            end

            CDC_DONE: begin
                if (!req)
                    next_state = CDC_IDLE;
            end

            default: next_state = CDC_IDLE;
        endcase
    end

endmodule
","module cdc_ctrl_fsm_assertions(
    input  logic clk,
    input  logic rst_n,
    input  logic req,
    input  logic ack,
    output logic req_sync
);

    typedef enum logic [1:0] {
        CDC_IDLE,
        CDC_REQ,
        CDC_WAIT_ACK,
        CDC_DONE
    } cdc_state_t;

    cdc_state_t state, next_state;

    property p_req_sync_req_assign;
        @(posedge clk) (state == CDC_REQ) |-> (req_sync == 1'b1);
    endproperty
    assert property (p_req_sync_req_assign);

    property p_req_sync_ack_assign;
        @(posedge clk) (state == CDC_WAIT_ACK) |-> (req_sync == 1'b1);
    endproperty
    assert property (p_req_sync_ack_assign);

    property p_next_state_req_assign;
        @(posedge clk) (state == CDC_IDLE) |-> (next_state == CDC_REQ);
    endproperty
    assert property (p_next_state_req_assign);

    property p_next_state_ack_assign;
        @(posedge clk) (state == CDC_REQ) |-> (next_state == CDC_WAIT_ACK);
    endproperty
    assert property (p_next_state_ack_assign);

    property p_next_state_done_assign;
        @(posedge clk) (state == CDC_WAIT_ACK) |-> (next_state == CDC_DONE);
    endproperty
    assert property (p_next_state_done_assign);

endmodule",OK,14.64951205253601,3195,409
"module irq_priority_resolver (
    input  logic [7:0] irq_pending,
    input  logic [7:0] irq_enable,
    output logic [2:0] irq_id,
    output logic       irq_valid
);

    logic [7:0] active_irq;
    assign active_irq = irq_pending & irq_enable;

    always_comb begin
        irq_id    = 3'd0;
        irq_valid = 1'b0;

        priority case (1'b1)
            active_irq[7]: begin irq_id = 3'd7; irq_valid = 1'b1; end
            active_irq[6]: begin irq_id = 3'd6; irq_valid = 1'b1; end
            active_irq[5]: begin irq_id = 3'd5; irq_valid = 1'b1; end
            active_irq[4]: begin irq_id = 3'd4; irq_valid = 1'b1; end
            active_irq[3]: begin irq_id = 3'd3; irq_valid = 1'b1; end
            active_irq[2]: begin irq_id = 3'd2; irq_valid = 1'b1; end
            active_irq[1]: begin irq_id = 3'd1; irq_valid = 1'b1; end
            active_irq[0]: begin irq_id = 3'd0; irq_valid = 1'b1; end
            default: irq_valid = 1'b0;
        endcase
    end

endmodule
","module irq_priority_resolver_assertions(
    input  logic [7:0] irq_pending,
    input  logic [7:0] irq_enable,
    output logic [2:0] irq_id,
    output logic       irq_valid
);

    logic [7:0] active_irq;
    assign active_irq = irq_pending & irq_enable;

    property p_irq_id_priority;
        for (int i = 7; i >= 0; i--)
            (active_irq[i]) |-> (irq_id == i);
    endproperty
    assert property (p_irq_id_priority);

endmodule","** Error: (vlog-13069) prueba.sv(12): near ""for"": syntax error, unexpected for, expecting disable.
** Error: prueba.sv(12): (vlog-13205) Syntax error found in the scope following 'i'. Is there a missing '::'?",7.536638259887695,3250,160
"module mem_burst_ctrl (
    input  logic [1:0] burst_type,
    output logic [3:0] burst_len,
    output logic       burst_wrap
);

    always_comb begin
        burst_len  = 4'd0;
        burst_wrap = 1'b0;

        unique case (burst_type)
            2'b00: burst_len = 4'd1;   // Fixed
            2'b01: burst_len = 4'd4;   // INCR4
            2'b10: burst_len = 4'd8;   // INCR8
            2'b11: begin               // WRAP
                burst_len  = 4'd4;
                burst_wrap = 1'b1;
            end
            default: ;
        endcase
    end

endmodule
","module mem_burst_ctrl_assertions(
    input  logic [1:0] burst_type,
    output logic [3:0] burst_len,
    output logic       burst_wrap
);

    logic burst_len_assign_valid;

    always_comb begin
        burst_len  = 4'd0;
        burst_wrap = 1'b0;

        unique case (burst_type)
            2'b00: begin
                burst_len_assign_valid = 1'b1;
                burst_len = 4'd1;
            end
            2'b01: begin
                burst_len_assign_valid = 1'b1;
                burst_len = 4'd4;
            end
            2'b10: begin
                burst_len_assign_valid = 1'b1;
                burst_len = 4'd8;
            end
            2'b11: begin
                burst_len_assign_valid = 1'b1;
                burst_len = 4'd4;
                burst_wrap = 1'b1;
            end
            default: ;
        endcase
    end

    property p_burst_len_assign;
        $signed(burst_len_assign_valid) |-> $signed(burst_len_assign_valid);
    endproperty
    assert property (p_burst_len_assign);

endmodule",** Error (suppressible): prueba.sv(38): (vlog-1957) The sva directive is not sensitive to a clock. Unclocked directives are not supported.,11.953459978103638,3066,345
"module gpu_exec_select (
    input  logic [15:0] opcode,
    output logic        use_alu,
    output logic        use_fpu,
    output logic        use_ldst,
    output logic        illegal
);

    always_comb begin
        use_alu  = 1'b0;
        use_fpu  = 1'b0;
        use_ldst = 1'b0;
        illegal  = 1'b0;

        casez (opcode)
            16'b0001_????_????_????: use_alu  = 1'b1;
            16'b0010_????_????_????: use_fpu  = 1'b1;
            16'b0100_????_????_????: use_ldst = 1'b1;
            default: illegal = 1'b1;
        endcase
    end

endmodule
","module gpu_exec_select_assertions(
    input  logic [15:0] opcode,
    output logic        use_alu,
    output logic        use_fpu,
    output logic        use_ldst,
    output logic        illegal
);

    property p_use_alu_assign;
        opcode == 16'b0001_????_????_???? |-> use_alu == 1'b1;
    endproperty
    assert property (p_use_alu_assign);

    property p_use_fpu_assign;
        opcode == 16'b0010_????_????_???? |-> use_fpu == 1'b1;
    endproperty
    assert property (p_use_fpu_assign);

    property p_use_ldst_assign;
        opcode == 16'b0100_????_????_???? |-> use_ldst == 1'b1;
    endproperty
    assert property (p_use_ldst_assign);

    property p_illegal_assign;
        opcode != 16'b0001_????_????_???? &&
                 opcode != 16'b0010_????_????_???? &&
                 opcode != 16'b0100_????_????_???? |-> illegal == 1'b1;
    endproperty
    assert property (p_illegal_assign);

endmodule","** Error (suppressible): prueba.sv(12): (vlog-1957) The sva directive is not sensitive to a clock. Unclocked directives are not supported.
** Error (suppressible): prueba.sv(17): (vlog-1957) The sva directive is not sensitive to a clock. Unclocked directives are not supported.
** Error (suppressible): prueba.sv(22): (vlog-1957) The sva directive is not sensitive to a clock. Unclocked directives are not supported.
** Error (suppressible): prueba.sv(29): (vlog-1957) The sva directive is not sensitive to a clock. Unclocked directives are not supported.",12.127987146377563,3088,346
"module cpu_full_decoder (
    input  logic [31:0] instr,
    output logic        reg_write,
    output logic        mem_read,
    output logic        mem_write,
    output logic        branch,
    output logic        illegal
);

    logic [6:0] opcode;
    logic [2:0] funct3;
    logic [1:0] addr_mode;

    assign opcode    = instr[6:0];
    assign funct3    = instr[14:12];
    assign addr_mode = instr[21:20];

    always_comb begin
        reg_write = 1'b0;
        mem_read  = 1'b0;
        mem_write = 1'b0;
        branch    = 1'b0;
        illegal   = 1'b0;

        unique case (opcode)

            7'b0110011: begin // ALU register ops
                reg_write = 1'b1;
                unique case (funct3)
                    3'b000, 3'b111, 3'b110: ; // ADD/AND/OR
                    default: illegal = 1'b1;
                endcase
            end

            7'b0000011: begin // LOAD
                mem_read  = 1'b1;
                reg_write = 1'b1;
                unique case (funct3)
                    3'b010: begin // LW
                        case (addr_mode)
                            2'b00, 2'b01: ; // direct/indexed
                            2'b10: illegal = 1'b1;
                            default: illegal = 1'b1;
                        endcase
                    end
                    default: illegal = 1'b1;
                endcase
            end

            7'b0100011: begin // STORE
                mem_write = 1'b1;
                unique case (funct3)
                    3'b010: begin // SW
                        case (addr_mode)
                            2'b00: ;        // direct
                            2'b01: ;        // indexed
                            default: illegal = 1'b1;
                        endcase
                    end
                    default: illegal = 1'b1;
                endcase
            end

            7'b1100011: begin // BRANCH
                branch = 1'b1;
                unique case (funct3)
                    3'b000, 3'b001: ; // BEQ/BNE
                    default: illegal = 1'b1;
                endcase
            end

            default: illegal = 1'b1;
        endcase
    end

endmodule
","module cpu_full_decoder_assertions(
    input  logic [31:0] instr,
    output logic        reg_write,
    output logic        mem_read,
    output logic        mem_write,
    output logic        branch,
    output logic        illegal
);

    logic [6:0] opcode;
    logic [2:0] funct3;
    logic [1:0] addr_mode;

    assign opcode    = instr[6:0];
    assign funct3    = instr[14:12];
    assign addr_mode = instr[21:20];

    property p_alu_register_ops_reg_write;
        (opcode == 7'b0110011) & (funct3 == 3'b000 || funct3 == 3'b111 || funct3 == 3'b110) |-> (reg_write == 1'b1);
    endproperty
    assert property (p_alu_register_ops_reg_write);

    property p_alu_register_ops_illegal;
        (opcode == 7'b0110011) & (funct3 != 3'b000 && funct3 != 3'b111 && funct3 != 3'b110) |-> (illegal == 1'b1);
    endproperty
    assert property (p_alu_register_ops_illegal);

    property p_load_mem_read;
        (opcode == 7'b0000011) & (funct3 != 3'b010) |-> (mem_read == 1'b1);
    endproperty
    assert property (p_load_mem_read);

    property p_load_reg_write;
        (opcode == 7'b0000011) & (funct3 != 3'b010) |-> (reg_write == 1'b1);
    endproperty
    assert property (p_load_reg_write);

    property p_load_illegal;
        (opcode == 7'b0000011) & (funct3 == 3'b010) |-> (illegal == 1'b1);
    endproperty
    assert property (p_load_illegal);

    property p_store_mem_write;
        (opcode == 7'b0100011) & (funct3 != 3'b010) |-> (mem_write == 1'b1);
    endproperty
    assert property (p_store_mem_write);

    property p_store_illegal;
        (opcode == 7'b0100011) & (funct3 == 3'b010) |-> (illegal == 1'b1);
    endproperty
    assert property (p_store_illegal);

    property p_branch_branch;
        (opcode == 7'b1100011) & (funct3 == 3'b000 || funct3 == 3'b001) |-> (branch == 1'b1);
    endproperty
    assert property (p_branch_branch);

    property p_branch_illegal;
        (opcode == 7'b1100011) & (funct3 != 3'b000 && funct3 != 3'b001) |-> (illegal == 1'b1);
    endproperty
    assert property (p_branch_illegal);

endmodule","** Error (suppressible): prueba.sv(21): (vlog-1957) The sva directive is not sensitive to a clock. Unclocked directives are not supported.
** Error (suppressible): prueba.sv(26): (vlog-1957) The sva directive is not sensitive to a clock. Unclocked directives are not supported.
** Error (suppressible): prueba.sv(31): (vlog-1957) The sva directive is not sensitive to a clock. Unclocked directives are not supported.
** Error (suppressible): prueba.sv(36): (vlog-1957) The sva directive is not sensitive to a clock. Unclocked directives are not supported.
** Error (suppressible): prueba.sv(41): (vlog-1957) The sva directive is not sensitive to a clock. Unclocked directives are not supported.
** Error (suppressible): prueba.sv(46): (vlog-1957) The sva directive is not sensitive to a clock. Unclocked directives are not supported.
** Error (suppressible): prueba.sv(51): (vlog-1957) The sva directive is not sensitive to a clock. Unclocked directives are not supported.
** Error (suppressible): prueba.sv(56): (vlog-1957) The sva directive is not sensitive to a clock. Unclocked directives are not supported.
** Error (suppressible): prueba.sv(61): (vlog-1957) The sva directive is not sensitive to a clock. Unclocked directives are not supported.",31.293850660324097,3524,858
"module packet_classifier (
    input  logic [31:0] hdr,
    output logic        fast_path,
    output logic        slow_path,
    output logic        drop
);

    logic [7:0] proto;
    logic [3:0] subtype;
    logic [2:0] qos;

    assign proto   = hdr[31:24];
    assign subtype = hdr[23:20];
    assign qos     = hdr[2:0];

    always_comb begin
        fast_path = 1'b0;
        slow_path = 1'b0;
        drop      = 1'b0;

        unique case (proto)
            8'h08: begin // IPv4
                case (subtype)
                    4'h0: begin // UDP
                        case (qos)
                            3'b000, 3'b001: fast_path = 1'b1;
                            3'b111: drop = 1'b1;
                            default: slow_path = 1'b1;
                        endcase
                    end

                    4'h1: begin // TCP
                        case (qos)
                            3'b000: fast_path = 1'b1;
                            default: slow_path = 1'b1;
                        endcase
                    end

                    default: slow_path = 1'b1;
                endcase
            end

            8'h86: begin // IPv6
                case (subtype)
                    4'h0, 4'h1: slow_path = 1'b1;
                    default: drop = 1'b1;
                endcase
            end

            default: drop = 1'b1;
        endcase
    end

endmodule
","module packet_classifier_assertions(
    input  logic [31:0] hdr,
    output logic        fast_path,
    output logic        slow_path,
    output logic        drop
);
    logic [7:0] proto;
    logic [3:0] subtype;
    logic [2:0] qos;

    assign proto   = hdr[31:24];
    assign subtype = hdr[23:20];
    assign qos     = hdr[2:0];

    property p_ipv4_udp_fast_path;
        (proto == 8'h08 && subtype == 4'h0 && qos == 3'b000 || qos == 3'b001) |=> fast_path;
    endproperty
    assert property (p_ipv4_udp_fast_path);

    property p_ipv4_udp_slow_path;
        (proto == 8'h08 && subtype == 4'h0 && qos != 3'b000 && qos != 3'b001) |=> slow_path;
    endproperty
    assert property (p_ipv4_udp_slow_path);

    property p_ipv4_udp_drop;
        (proto == 8'h08 && subtype == 4'h0 && qos == 3'b111) |=> drop;
    endproperty
    assert property (p_ipv4_udp_drop);

    property p_ipv4_tcp_fast_path;
        (proto == 8'h08 && subtype == 4'h1 && qos == 3'b000) |=> fast_path;
    endproperty
    assert property (p_ipv4_tcp_fast_path);

    property p_ipv4_tcp_slow_path;
        (proto == 8'h08 && subtype == 4'h1 && qos != 3'b000) |=> slow_path;
    endproperty
    assert property (p_ipv4_tcp_slow_path);

    property p_ipv4_unknown_slow_path;
        (proto == 8'h08 && subtype != 4'h0 && subtype != 4'h1) |=> slow_path;
    endproperty
    assert property (p_ipv4_unknown_slow_path);

    property p_ipv6_unknown_slow_path;
        (proto == 8'h86 && subtype != 4'h0 && subtype != 4'h1) |=> slow_path;
    endproperty
    assert property (p_ipv6_unknown_slow_path);

    property p_ipv6_drop;
        (proto == 8'h86 && subtype == 4'h0 || subtype == 4'h1) |=> drop;
    endproperty
    assert property (p_ipv6_drop);

    property p_unknown_drop;
        (proto != 8'h08 && proto != 8'h86) |=> drop;
    endproperty
    assert property (p_unknown_drop);
endmodule","** Error (suppressible): prueba.sv(18): (vlog-1957) The sva directive is not sensitive to a clock. Unclocked directives are not supported.
** Error (suppressible): prueba.sv(23): (vlog-1957) The sva directive is not sensitive to a clock. Unclocked directives are not supported.
** Error (suppressible): prueba.sv(28): (vlog-1957) The sva directive is not sensitive to a clock. Unclocked directives are not supported.
** Error (suppressible): prueba.sv(33): (vlog-1957) The sva directive is not sensitive to a clock. Unclocked directives are not supported.
** Error (suppressible): prueba.sv(38): (vlog-1957) The sva directive is not sensitive to a clock. Unclocked directives are not supported.
** Error (suppressible): prueba.sv(43): (vlog-1957) The sva directive is not sensitive to a clock. Unclocked directives are not supported.
** Error (suppressible): prueba.sv(48): (vlog-1957) The sva directive is not sensitive to a clock. Unclocked directives are not supported.
** Error (suppressible): prueba.sv(53): (vlog-1957) The sva directive is not sensitive to a clock. Unclocked directives are not supported.
** Error (suppressible): prueba.sv(58): (vlog-1957) The sva directive is not sensitive to a clock. Unclocked directives are not supported.",42.91909456253052,3281,741
"module storage_cmd_proc (
    input  logic [7:0] cmd,
    input  logic [3:0] feature,
    input  logic [1:0] subop,
    output logic       exec,
    output logic       flush,
    output logic       error
);

    always_comb begin
        exec  = 1'b0;
        flush = 1'b0;
        error = 1'b0;

        unique case (cmd)
            8'h01: begin // READ
                case (feature)
                    4'h0, 4'h1: exec = 1'b1;
                    4'hF: begin
                        case (subop)
                            2'b00: exec = 1'b1;
                            default: error = 1'b1;
                        endcase
                    end
                    default: error = 1'b1;
                endcase
            end

            8'h02: begin // WRITE
                case (feature)
                    4'h0: exec = 1'b1;
                    4'hE: flush = 1'b1;
                    default: error = 1'b1;
                endcase
            end

            8'hFF: begin // FLUSH
                flush = 1'b1;
            end

            default: error = 1'b1;
        endcase
    end

endmodule
","module storage_cmd_proc_assertions(
    input  logic [7:0] cmd,
    input  logic [3:0] feature,
    input  logic [1:0] subop,
    output logic       exec,
    output logic       flush,
    output logic       error
);

    // Internal variables
    logic read_exec;
    logic write_exec;
    logic flush_feature;

    // Internal functions
    function logic check_read_exec(logic cmd, logic feature)
        return (cmd == 8'h01 && (feature == 4'h0 || feature == 4'h1));
    endfunction

    function logic check_read_error(logic cmd, logic feature, logic subop)
        return (cmd == 8'h01 && feature != 4'h0 && feature != 4'h1 && subop != 2'b00);
    endfunction

    function logic check_write_exec(logic cmd, logic feature)
        return (cmd == 8'h02 && feature == 4'h0);
    endfunction

    function logic check_write_flush(logic cmd, logic feature)
        return (cmd == 8'h02 && feature == 4'hE);
    endfunction

    function logic check_flush_feature(logic cmd)
        return (cmd == 8'hFF);
    endfunction

    // Assertions
    property p_read_exec;
        check_read_exec(cmd, feature) |-> exec;
    endproperty
    assert property (p_read_exec);

    property p_read_error;
        check_read_error(cmd, feature, subop) |-> error;
    endproperty
    assert property (p_read_error);

    property p_write_exec;
        check_write_exec(cmd, feature) |-> exec;
    endproperty
    assert property (p_write_exec);

    property p_write_flush;
        check_write_flush(cmd, feature) |-> flush;
    endproperty
    assert property (p_write_flush);

    property p_flush_feature;
        check_flush_feature(cmd) |-> flush;
    endproperty
    assert property (p_flush_feature);

endmodule","** Error: (vlog-13069) prueba.sv(17): near ""return"": syntax error, unexpected ""SystemVerilog keyword 'return'"", expecting ';'.
** Error: (vlog-13069) prueba.sv(21): near ""return"": syntax error, unexpected ""SystemVerilog keyword 'return'"", expecting ';'.
** Error: (vlog-13069) prueba.sv(25): near ""return"": syntax error, unexpected ""SystemVerilog keyword 'return'"", expecting ';'.
** Error: (vlog-13069) prueba.sv(29): near ""return"": syntax error, unexpected ""SystemVerilog keyword 'return'"", expecting ';'.
** Error: (vlog-13069) prueba.sv(33): near ""return"": syntax error, unexpected ""SystemVerilog keyword 'return'"", expecting ';'.",19.475449800491333,3189,539
"module thermal_policy (
    input  logic [1:0] mode,
    input  logic [2:0] temp_level,
    output logic       throttle,
    output logic       shutdown
);

    always_comb begin
        throttle = 1'b0;
        shutdown = 1'b0;

        unique case (mode)
            2'b00: begin // Performance
                case (temp_level)
                    3'b000, 3'b001: ;
                    3'b010, 3'b011: throttle = 1'b1;
                    default: shutdown = 1'b1;
                endcase
            end

            2'b01: begin // Balanced
                case (temp_level)
                    3'b000: ;
                    3'b001, 3'b010: throttle = 1'b1;
                    default: shutdown = 1'b1;
                endcase
            end

            2'b10: begin // Power-save
                case (temp_level)
                    3'b000, 3'b001: throttle = 1'b1;
                    default: shutdown = 1'b1;
                endcase
            end

            default: shutdown = 1'b1;
        endcase
    end

endmodule
","module thermal_policy_assertions();

    logic throttle, shutdown;
    logic [1:0] mode;
    logic [2:0] temp_level;

    property p_throttle_performance;
        when (mode == 2'b00) then assert(throttle == 1'b0);
    endproperty
    assert property (p_throttle_performance);

    property p_throttle_balanced;
        when (mode == 2'b01) then assert(throttle == 1'b1);
    endproperty
    assert property (p_throttle_balanced);

    property p_throttle_power_save;
        when (mode == 2'b10) then assert(throttle == 1'b1);
    endproperty
    assert property (p_throttle_power_save);

    property p_shutdown_performance;
        when (mode == 2'b00) then assert(shutdown == 1'b0);
    endproperty
    assert property (p_shutdown_performance);

    property p_shutdown_balanced;
        when (mode == 2'b01) then assert(shutdown == 1'b1);
    endproperty
    assert property (p_shutdown_balanced);

    property p_shutdown_power_save;
        when (mode == 2'b10) then assert(shutdown == 1'b1);
    endproperty
    assert property (p_shutdown_power_save);

endmodule","** Error: (vlog-13069) prueba.sv(8): near ""then"": syntax error, unexpected IDENTIFIER, expecting ""SystemVerilog keyword 'endproperty'"".
** Error: (vlog-13069) prueba.sv(13): near ""then"": syntax error, unexpected IDENTIFIER, expecting ""SystemVerilog keyword 'endproperty'"".
** Error: (vlog-13069) prueba.sv(18): near ""then"": syntax error, unexpected IDENTIFIER, expecting ""SystemVerilog keyword 'endproperty'"".
** Error: (vlog-13069) prueba.sv(23): near ""then"": syntax error, unexpected IDENTIFIER, expecting ""SystemVerilog keyword 'endproperty'"".
** Error: (vlog-13069) prueba.sv(28): near ""then"": syntax error, unexpected IDENTIFIER, expecting ""SystemVerilog keyword 'endproperty'"".
** Error: (vlog-13069) prueba.sv(33): near ""then"": syntax error, unexpected IDENTIFIER, expecting ""SystemVerilog keyword 'endproperty'"".",12.91105055809021,3180,343
"module interconnect_router (
    input  logic [3:0] master_id,
    input  logic [1:0] txn_type,
    input  logic [1:0] burst,
    output logic       route_fast,
    output logic       route_slow,
    output logic       reject
);

    always_comb begin
        route_fast = 1'b0;
        route_slow = 1'b0;
        reject     = 1'b0;

        unique case (master_id)
            4'h0, 4'h1: begin
                case (txn_type)
                    2'b00: route_fast = 1'b1; // read
                    2'b01: begin              // write
                        case (burst)
                            2'b00, 2'b01: route_fast = 1'b1;
                            default: route_slow = 1'b1;
                        endcase
                    end
                    default: reject = 1'b1;
                endcase
            end

            4'hF: begin
                case (txn_type)
                    2'b00: route_slow = 1'b1;
                    default: reject = 1'b1;
                endcase
            end

            default: reject = 1'b1;
        endcase
    end

endmodule
","module interconnect_router_assertions(
    input  logic [3:0] master_id,
    input  logic [1:0] txn_type,
    input  logic [1:0] burst,
    output logic       route_fast,
    output logic       route_slow,
    output logic       reject
);
    property p_read_route_fast;
        (master_id == 4'h0 || master_id == 4'h1) && (txn_type == 2'b00) |=> (route_fast == 1'b1);
    endproperty
    assert property (p_read_route_fast);

    property p_write_route_fast;
        (master_id == 4'h0 || master_id == 4'h1) && (txn_type == 2'b01) && (burst == 2'b00 || burst == 2'b01) |=> (route_fast == 1'b1);
    endproperty
    assert property (p_write_route_fast);

    property p_write_route_slow;
        (master_id == 4'h0 || master_id == 4'h1) && (txn_type == 2'b01) && (burst == 2'b10 || burst == 2'b11) |=> (route_slow == 1'b1);
    endproperty
    assert property (p_write_route_slow);

    property p_reject_default;
        (master_id != 4'h0 && master_id != 4'h1) |=> (reject == 1'b1);
    endproperty
    assert property (p_reject_default);

    property p_reject_read;
        (master_id == 4'hF) && (txn_type == 2'b00) |=> (reject == 1'b1);
    endproperty
    assert property (p_reject_read);

endmodule","** Error (suppressible): prueba.sv(12): (vlog-1957) The sva directive is not sensitive to a clock. Unclocked directives are not supported.
** Error (suppressible): prueba.sv(17): (vlog-1957) The sva directive is not sensitive to a clock. Unclocked directives are not supported.
** Error (suppressible): prueba.sv(22): (vlog-1957) The sva directive is not sensitive to a clock. Unclocked directives are not supported.
** Error (suppressible): prueba.sv(27): (vlog-1957) The sva directive is not sensitive to a clock. Unclocked directives are not supported.
** Error (suppressible): prueba.sv(32): (vlog-1957) The sva directive is not sensitive to a clock. Unclocked directives are not supported.",16.51628088951111,3181,473
"module obi_txn_decoder (
    input  logic        req,
    input  logic        we,
    input  logic [1:0]  prot,
    input  logic [1:0]  burst,
    output logic        allow,
    output logic        fault
);

    // prot[1] = privileged
    // prot[0] = secure

    always_comb begin
        allow = 1'b0;
        fault = 1'b0;

        if (req) begin
            unique case (we)
                1'b0: begin // READ
                    case (prot)
                        2'b00, 2'b01: begin
                            case (burst)
                                2'b00, 2'b01: allow = 1'b1;
                                default: fault = 1'b1;
                            endcase
                        end
                        default: fault = 1'b1;
                    endcase
                end

                1'b1: begin // WRITE
                    case (prot)
                        2'b10: begin // privileged non-secure
                            case (burst)
                                2'b00: allow = 1'b1;
                                default: fault = 1'b1;
                            endcase
                        end
                        default: fault = 1'b1;
                    endcase
                end

                default: fault = 1'b1;
            endcase
        end
    end

endmodule
","module obi_txn_decoder_assertions(
    input  logic        req,
    input  logic        we,
    input  logic [1:0]  prot,
    input  logic [1:0]  burst,
    output logic        allow,
    output logic        fault
);
    // Inner variables
    logic valid_req;
    logic valid_we;
    logic valid_prot;
    logic valid_burst;

    // Inner functions
    function void check_valid_req() begin
        valid_req = req;
    endfunction
    function void check_valid_we() begin
        valid_we = we;
    endfunction
    function void check_valid_prot() begin
        valid_prot = (prot[1] == 1'b0) && (prot[0] == 1'b0) || (prot[1] == 1'b1) && (prot[0] == 1'b1);
    endfunction
    function void check_valid_burst() begin
        valid_burst = (burst[1] == 1'b0) && (burst[0] == 1'b0) || (burst[1] == 1'b1) && (burst[0] == 1'b1);
    endfunction

    // Properties and assert properties
    property p_allow_read;
        req && !we && valid_req && valid_prot && valid_burst => allow == 1'b1;
    endproperty
    assert property (p_allow_read);

    property p_allow_write_privileged_non_secure;
        req && we && prot[1] && valid_req && valid_we && valid_prot && valid_burst => allow == 1'b1;
    endproperty
    assert property (p_allow_write_privileged_non_secure);

    property p_fault_invalid_req;
        !req => fault == 1'b0;
    endproperty
    assert property (p_fault_invalid_req);

    property p_fault_invalid_we;
        req && !we => fault == 1'b0;
    endproperty
    assert property (p_fault_invalid_we);

    property p_fault_invalid_prot;
        req && we && !valid_prot => fault == 1'b1;
    endproperty
    assert property (p_fault_invalid_prot);

    property p_fault_invalid_burst;
        req && we && valid_prot && !valid_burst => fault == 1'b1;
    endproperty
    assert property (p_fault_invalid_burst);
endmodule","** Error: (vlog-13069) prueba.sv(16): near ""begin"": syntax error, unexpected begin, expecting ';'.
** Error: (vlog-13069) prueba.sv(19): near ""begin"": syntax error, unexpected begin, expecting ';'.
** Error: (vlog-13069) prueba.sv(22): near ""begin"": syntax error, unexpected begin, expecting ';'.
** Error: (vlog-13069) prueba.sv(25): near ""begin"": syntax error, unexpected begin, expecting ';'.
** Error: (vlog-13069) prueba.sv(31): near ""=>"": syntax error, unexpected =>, expecting ""SystemVerilog keyword 'endproperty'"".
** Error: (vlog-13069) prueba.sv(36): near ""=>"": syntax error, unexpected =>, expecting ""SystemVerilog keyword 'endproperty'"".
** Error: (vlog-13069) prueba.sv(41): near ""=>"": syntax error, unexpected =>, expecting ""SystemVerilog keyword 'endproperty'"".
** Error: (vlog-13069) prueba.sv(46): near ""=>"": syntax error, unexpected =>, expecting ""SystemVerilog keyword 'endproperty'"".
** Error: (vlog-13069) prueba.sv(51): near ""=>"": syntax error, unexpected =>, expecting ""SystemVerilog keyword 'endproperty'"".
** Error: (vlog-13069) prueba.sv(56): near ""=>"": syntax error, unexpected =>, expecting ""SystemVerilog keyword 'endproperty'"".",21.07725739479065,3198,615
"module alert_handler_ctrl (
    input  logic [1:0] alert_class,
    input  logic [1:0] esc_state,
    output logic       irq,
    output logic       nmi,
    output logic       reset_req
);

    always_comb begin
        irq       = 1'b0;
        nmi       = 1'b0;
        reset_req = 1'b0;

        unique case (alert_class)
            2'b00: begin // Class A
                case (esc_state)
                    2'b00: irq = 1'b1;
                    2'b01: nmi = 1'b1;
                    default: reset_req = 1'b1;
                endcase
            end

            2'b01: begin // Class B
                case (esc_state)
                    2'b00, 2'b01: nmi = 1'b1;
                    default: reset_req = 1'b1;
                endcase
            end

            2'b10: begin // Class C
                case (esc_state)
                    2'b00: nmi = 1'b1;
                    default: reset_req = 1'b1;
                endcase
            end

            default: reset_req = 1'b1;
        endcase
    end

endmodule
","module alert_handler_ctrl_assertions(
    input  logic [1:0] alert_class,
    input  logic [1:0] esc_state,
    output logic       irq,
    output logic       nmi,
    output logic       reset_req
);

    property p_irq_class_a_esc_state_00;
        (alert_class == 2'b00 && esc_state == 2'b00) |-> (irq == 1'b1);
    endproperty
    assert property (p_irq_class_a_esc_state_00);

    property p_nmi_class_a_esc_state_01;
        (alert_class == 2'b00 && esc_state == 2'b01) |-> (nmi == 1'b1);
    endproperty
    assert property (p_nmi_class_a_esc_state_01);

    property p_reset_req_class_a_esc_state_default;
        (alert_class == 2'b00 && esc_state != 2'b00 && esc_state != 2'b01) |-> (reset_req == 1'b1);
    endproperty
    assert property (p_reset_req_class_a_esc_state_default);

    property p_nmi_class_b_esc_state_00_01;
        (alert_class == 2'b01 && (esc_state == 2'b00 || esc_state == 2'b01)) |-> (nmi == 1'b1);
    endproperty
    assert property (p_nmi_class_b_esc_state_00_01);

    property p_reset_req_class_b_esc_state_default;
        (alert_class == 2'b01 && esc_state != 2'b00 && esc_state != 2'b01) |-> (reset_req == 1'b1);
    endproperty
    assert property (p_reset_req_class_b_esc_state_default);

    property p_nmi_class_c_esc_state_00;
        (alert_class == 2'b10 && esc_state == 2'b00) |-> (nmi == 1'b1);
    endproperty
    assert property (p_nmi_class_c_esc_state_00);

    property p_reset_req_class_c_esc_state_default;
        (alert_class == 2'b10 && esc_state != 2'b00) |-> (reset_req == 1'b1);
    endproperty
    assert property (p_reset_req_class_c_esc_state_default);

    property p_reset_req_class_default;
        (alert_class != 2'b00 && alert_class != 2'b01 && alert_class != 2'b10) |-> (reset_req == 1'b1);
    endproperty
    assert property (p_reset_req_class_default);

endmodule","** Error (suppressible): prueba.sv(12): (vlog-1957) The sva directive is not sensitive to a clock. Unclocked directives are not supported.
** Error (suppressible): prueba.sv(17): (vlog-1957) The sva directive is not sensitive to a clock. Unclocked directives are not supported.
** Error (suppressible): prueba.sv(22): (vlog-1957) The sva directive is not sensitive to a clock. Unclocked directives are not supported.
** Error (suppressible): prueba.sv(27): (vlog-1957) The sva directive is not sensitive to a clock. Unclocked directives are not supported.
** Error (suppressible): prueba.sv(32): (vlog-1957) The sva directive is not sensitive to a clock. Unclocked directives are not supported.
** Error (suppressible): prueba.sv(37): (vlog-1957) The sva directive is not sensitive to a clock. Unclocked directives are not supported.
** Error (suppressible): prueba.sv(42): (vlog-1957) The sva directive is not sensitive to a clock. Unclocked directives are not supported.
** Error (suppressible): prueba.sv(47): (vlog-1957) The sva directive is not sensitive to a clock. Unclocked directives are not supported.",25.59880208969116,3191,761
"module lifecycle_gate (
    input  logic [2:0] lc_state,
    input  logic [1:0] transition,
    output logic       allow,
    output logic       violation
);

    always_comb begin
        allow     = 1'b0;
        violation = 1'b0;

        unique case (lc_state)
            3'b000: begin // TEST_UNLOCKED
                case (transition)
                    2'b00, 2'b01: allow = 1'b1;
                    default: violation = 1'b1;
                endcase
            end

            3'b001: begin // DEV
                case (transition)
                    2'b01: allow = 1'b1;
                    default: violation = 1'b1;
                endcase
            end

            3'b010: begin // PROD
                case (transition)
                    2'b10: allow = 1'b1;
                    default: violation = 1'b1;
                endcase
            end

            3'b111: begin // RMA
                case (transition)
                    2'b11: allow = 1'b1;
                    default: violation = 1'b1;
                endcase
            end

            default: violation = 1'b1;
        endcase
    end

endmodule
","module lifecycle_gate_assertions(
    input  logic [2:0] lc_state,
    input  logic [1:0] transition,
    output logic       allow,
    output logic       violation
);

    logic allow_test_unlocked;
    logic allow_dev;
    logic allow_prod;
    logic allow_rma;

    always_comb begin
        allow_test_unlocked = transition == 2'b00 || transition == 2'b01;
        allow_dev = transition == 2'b01;
        allow_prod = transition == 2'b10;
        allow_rma = transition == 2'b11;
    end

    property p_allow_test_unlocked;
        (lc_state == 3'b000) |-> (allow == allow_test_unlocked);
    endproperty
    assert property (p_allow_test_unlocked);

    property p_allow_dev;
        (lc_state == 3'b001) |-> (allow == allow_dev);
    endproperty
    assert property (p_allow_dev);

    property p_allow_prod;
        (lc_state == 3'b010) |-> (allow == allow_prod);
    endproperty
    assert property (p_allow_prod);

    property p_allow_rma;
        (lc_state == 3'b111) |-> (allow == allow_rma);
    endproperty
    assert property (p_allow_rma);

endmodule","** Error (suppressible): prueba.sv(23): (vlog-1957) The sva directive is not sensitive to a clock. Unclocked directives are not supported.
** Error (suppressible): prueba.sv(28): (vlog-1957) The sva directive is not sensitive to a clock. Unclocked directives are not supported.
** Error (suppressible): prueba.sv(33): (vlog-1957) The sva directive is not sensitive to a clock. Unclocked directives are not supported.
** Error (suppressible): prueba.sv(38): (vlog-1957) The sva directive is not sensitive to a clock. Unclocked directives are not supported.",13.451350450515749,3187,371
"module tl_addr_router (
    input  logic [31:0] addr,
    input  logic [2:0]  opcode,
    output logic        route_rom,
    output logic        route_ram,
    output logic        deny
);

    logic [3:0] region;
    assign region = addr[31:28];

    always_comb begin
        route_rom = 1'b0;
        route_ram = 1'b0;
        deny      = 1'b0;

        unique case (region)
            4'h0: begin // ROM
                case (opcode)
                    3'b000: route_rom = 1'b1; // read
                    default: deny = 1'b1;
                endcase
            end

            4'h1, 4'h2: begin // RAM
                case (opcode)
                    3'b000, 3'b001: route_ram = 1'b1;
                    default: deny = 1'b1;
                endcase
            end

            default: deny = 1'b1;
        endcase
    end

endmodule
","module tl_addr_router_assertions(
    input  logic [31:0] addr,
    input  logic [2:0]  opcode,
    output logic        route_rom,
    output logic        route_ram,
    output logic        deny
);

    logic [3:0] region;
    assign region = addr[31:28];

    property p_rom_read;
        when (region == 4'h0 && opcode == 3'b000)
            assert(route_rom == 1'b1);
    endproperty
    assert property (p_rom_read);

    property p_ram_read_write;
        when (region == 4'h1 || region == 4'h2)
            assert(route_ram == 1'b1);
    endproperty
    assert property (p_ram_read_write);

    property p_default_deny;
        when (region != 4'h0 && region != 4'h1 && region != 4'h2)
            assert(deny == 1'b1);
    endproperty
    assert property (p_default_deny);

endmodule","** Error: (vlog-13069) prueba.sv(14): near ""assert"": syntax error, unexpected ""SystemVerilog keyword 'assert' "", expecting ""SystemVerilog keyword 'endproperty'"".
** Error: (vlog-13069) prueba.sv(20): near ""assert"": syntax error, unexpected ""SystemVerilog keyword 'assert' "", expecting ""SystemVerilog keyword 'endproperty'"".
** Error: (vlog-13069) prueba.sv(26): near ""assert"": syntax error, unexpected ""SystemVerilog keyword 'assert' "", expecting ""SystemVerilog keyword 'endproperty'"".",10.413264036178589,3136,280
"module reg_access_ctrl (
    input  logic [7:0]  periph_id,
    input  logic [7:0]  offset,
    input  logic        we,
    output logic        rd_en,
    output logic        wr_en,
    output logic        err
);

    always_comb begin
        rd_en = 1'b0;
        wr_en = 1'b0;
        err   = 1'b0;

        unique case (periph_id)
            8'h10: begin // UART
                case (offset)
                    8'h00, 8'h04: begin
                        case (we)
                            1'b0: rd_en = 1'b1;
                            1'b1: wr_en = 1'b1;
                        endcase
                    end
                    default: err = 1'b1;
                endcase
            end

            8'h20: begin // GPIO
                case (offset)
                    8'h00: wr_en = we;
                    8'h04: rd_en = ~we;
                    default: err = 1'b1;
                endcase
            end

            default: err = 1'b1;
        endcase
    end

endmodule
","module reg_access_ctrl_assertions(
    input  logic [7:0]  periph_id,
    input  logic [7:0]  offset,
    input  logic        we,
    output logic        rd_en,
    output logic        wr_en,
    output logic        err
);

    logic is_uart;
    logic is_gpio;

    property p_rd_en_uart_read;
        is_uart = (periph_id == 8'h10) && (offset == 8'h00);
        rd_en == is_uart;
    endproperty
    assert property (p_rd_en_uart_read);

    property p_wr_en_uart_write;
        is_uart = (periph_id == 8'h10) && (offset == 8'h04);
        wr_en == is_uart;
    endproperty
    assert property (p_wr_en_uart_write);

    property p_err_invalid_uart;
        is_uart = (periph_id == 8'h10) && (offset != 8'h00) && (offset != 8'h04);
        err == is_uart;
    endproperty
    assert property (p_err_invalid_uart);

    property p_wr_en_gpio_write;
        is_gpio = (periph_id == 8'h20) && (offset == 8'h00);
        wr_en == we && is_gpio;
    endproperty
    assert property (p_wr_en_gpio_write);

    property p_rd_en_gpio_read;
        is_gpio = (periph_id == 8'h20) && (offset == 8'h04);
        rd_en == ~we && is_gpio;
    endproperty
    assert property (p_rd_en_gpio_read);

    property p_err_invalid_gpio;
        is_gpio = (periph_id == 8'h20) && (offset != 8'h00) && (offset != 8'h04);
        err == is_gpio;
    endproperty
    assert property (p_err_invalid_gpio);

endmodule","** Error: (vlog-13069) prueba.sv(14): near ""="": syntax error, unexpected '=', expecting ++ or --.
** Error: prueba.sv(15): (vlog-13205) Syntax error found in the scope following 'rd_en'. Is there a missing '::'?",18.94623851776123,3167,543
"module obi_err_resp (
    input  logic [1:0] err_src,
    input  logic       priv,
    output logic [1:0] resp
);

    always_comb begin
        resp = 2'b00;

        unique case (err_src)
            2'b00: resp = 2'b00; // OK

            2'b01: begin // Decode error
                case (priv)
                    1'b1: resp = 2'b10;
                    1'b0: resp = 2'b11;
                endcase
            end

            2'b10: begin // Permission error
                case (priv)
                    1'b1: resp = 2'b11;
                    default: resp = 2'b10;
                endcase
            end

            default: resp = 2'b11;
        endcase
    end

endmodule
","module obi_err_resp_assertions(
    input  logic [1:0] err_src,
    input  logic       priv,
    output logic [1:0] resp
);

    logic decoded_error;
    logic permission_error;

    property p_ok;
        resp == 2'b00;
    endproperty
    assert property (p_ok);

    property p_decoded_error;
        decoded_error;
    endproperty
    assert property (p_decoded_error);

    property p_permission_error;
        permission_error;
    endproperty
    assert property (p_permission_error);

    always_comb begin
        decoded_error = err_src == 2'b01;
        permission_error = err_src == 2'b10;
    end

endmodule","** Error (suppressible): prueba.sv(13): (vlog-1957) The sva directive is not sensitive to a clock. Unclocked directives are not supported.
** Error (suppressible): prueba.sv(18): (vlog-1957) The sva directive is not sensitive to a clock. Unclocked directives are not supported.
** Error (suppressible): prueba.sv(23): (vlog-1957) The sva directive is not sensitive to a clock. Unclocked directives are not supported.",7.628488302230835,3080,201
"module obi_addr_check (
    input  logic [31:0] addr,
    input  logic        we,
    input  logic        priv,
    output logic        grant,
    output logic        err
);

    logic [3:0] region;
    assign region = addr[31:28];

    always_comb begin
        grant = 1'b0;
        err   = 1'b0;

        unique case (region)
            4'h0: begin // Boot ROM
                case (we)
                    1'b0: grant = 1'b1; // read-only
                    default: err = 1'b1;
                endcase
            end

            4'h1: begin // Secure RAM
                case (priv)
                    1'b1: begin
                        case (we)
                            1'b0, 1'b1: grant = 1'b1;
                        endcase
                    end
                    default: err = 1'b1;
                endcase
            end

            4'h2: begin // MMIO
                case (we)
                    1'b0, 1'b1: grant = 1'b1;
                    default: err = 1'b1;
                endcase
            end

            default: err = 1'b1;
        endcase
    end

endmodule
","module obi_addr_check_assertions(
    input  logic [31:0] addr,
    input  logic        we,
    input  logic        priv,
    output logic        grant,
    output logic        err
);

    logic [3:0] region;
    assign region = addr[31:28];

    property p_bootrom_read_grant;
        @(posedge clk)
        (region == 4'h0 && we == 1'b0) |-> (grant == 1'b1);
    endproperty
    assert property (p_bootrom_read_grant);

    property p_bootrom_err_when_write;
        @(posedge clk)
        (region == 4'h0 && we != 1'b0) |-> (err == 1'b1);
    endproperty
    assert property (p_bootrom_err_when_write);

    property p_secure_ram_grant_when_priv_owner;
        @(posedge clk)
        (region == 4'h1 && priv == 1'b1) |-> (grant == 1'b1);
    endproperty
    assert property (p_secure_ram_grant_when_priv_owner);

    property p_secure_ram_err_when_not_priv_owner;
        @(posedge clk)
        (region == 4'h1 && priv != 1'b1) |-> (err == 1'b1);
    endproperty
    assert property (p_secure_ram_err_when_not_priv_owner);

    property p_mmio_grant_always;
        @(posedge clk)
        (region == 4'h2) |-> (grant == 1'b1);
    endproperty
    assert property (p_mmio_grant_always);

    property p_err_when_invalid_region;
        @(posedge clk)
        (region > 4'h2) |-> (err == 1'b1);
    endproperty
    assert property (p_err_when_invalid_region);

endmodule","** Error: prueba.sv(13): (vlog-2730) Undefined variable: 'clk'.
** Error (suppressible): prueba.sv(16): (vlog-1957) The sva directive is not sensitive to a clock. Unclocked directives are not supported.
** Error: prueba.sv(19): (vlog-2730) Undefined variable: 'clk'.
** Error (suppressible): prueba.sv(22): (vlog-1957) The sva directive is not sensitive to a clock. Unclocked directives are not supported.
** Error: prueba.sv(25): (vlog-2730) Undefined variable: 'clk'.
** Error (suppressible): prueba.sv(28): (vlog-1957) The sva directive is not sensitive to a clock. Unclocked directives are not supported.
** Error: prueba.sv(31): (vlog-2730) Undefined variable: 'clk'.
** Error (suppressible): prueba.sv(34): (vlog-1957) The sva directive is not sensitive to a clock. Unclocked directives are not supported.
** Error: prueba.sv(37): (vlog-2730) Undefined variable: 'clk'.
** Error (suppressible): prueba.sv(40): (vlog-1957) The sva directive is not sensitive to a clock. Unclocked directives are not supported.
** Error: prueba.sv(43): (vlog-2730) Undefined variable: 'clk'.
** Error (suppressible): prueba.sv(46): (vlog-1957) The sva directive is not sensitive to a clock. Unclocked directives are not supported.
** Error: prueba.sv(13): (vlog-2730) Undefined variable: 'clk'.",17.732383489608765,3180,496
"module rstmgr_policy (
    input  logic [2:0] reset_cause,
    input  logic [2:0] lc_state,
    output logic       cold_reset,
    output logic       warm_reset,
    output logic       escalate
);

    always_comb begin
        cold_reset = 1'b0;
        warm_reset = 1'b0;
        escalate   = 1'b0;

        unique case (reset_cause)
            3'b000: begin // Power-on
                case (lc_state)
                    3'b000, 3'b001: cold_reset = 1'b1;
                    default: escalate = 1'b1;
                endcase
            end

            3'b001: begin // Watchdog
                case (lc_state)
                    3'b001, 3'b010: warm_reset = 1'b1;
                    default: escalate = 1'b1;
                endcase
            end

            3'b010: begin // Security violation
                case (lc_state)
                    3'b010: warm_reset = 1'b1;
                    default: escalate = 1'b1;
                endcase
            end

            default: escalate = 1'b1;
        endcase
    end

endmodule
","module rstmgr_policy_assertions(
    input  logic [2:0] reset_cause,
    input  logic [2:0] lc_state,
    output logic       cold_reset,
    output logic       warm_reset,
    output logic       escalate
);

    property p_power_on_cold_reset;
        reset_cause == 3'b000 |-> cold_reset == 1'b1;
    endproperty
    assert property (p_power_on_cold_reset);

    property p_power_on_escalate;
        reset_cause == 3'b000 & lc_state != 3'b000 & lc_state != 3'b001 |-> escalate == 1'b1;
    endproperty
    assert property (p_power_on_escalate);

    property p_watchdog_warm_reset;
        reset_cause == 3'b001 & lc_state == 3'b001 |-> warm_reset == 1'b1;
    endproperty
    assert property (p_watchdog_warm_reset);

    property p_watchdog_escalate;
        reset_cause == 3'b001 & lc_state != 3'b001 & lc_state != 3'b010 |-> escalate == 1'b1;
    endproperty
    assert property (p_watchdog_escalate);

    property p_security_violation_warm_reset;
        reset_cause == 3'b010 & lc_state == 3'b010 |-> warm_reset == 1'b1;
    endproperty
    assert property (p_security_violation_warm_reset);

    property p_security_violation_escalate;
        reset_cause == 3'b010 & lc_state != 3'b010 |-> escalate == 1'b1;
    endproperty
    assert property (p_security_violation_escalate);

endmodule","** Error (suppressible): prueba.sv(12): (vlog-1957) The sva directive is not sensitive to a clock. Unclocked directives are not supported.
** Error (suppressible): prueba.sv(17): (vlog-1957) The sva directive is not sensitive to a clock. Unclocked directives are not supported.
** Error (suppressible): prueba.sv(22): (vlog-1957) The sva directive is not sensitive to a clock. Unclocked directives are not supported.
** Error (suppressible): prueba.sv(27): (vlog-1957) The sva directive is not sensitive to a clock. Unclocked directives are not supported.
** Error (suppressible): prueba.sv(32): (vlog-1957) The sva directive is not sensitive to a clock. Unclocked directives are not supported.
** Error (suppressible): prueba.sv(37): (vlog-1957) The sva directive is not sensitive to a clock. Unclocked directives are not supported.",17.097394466400146,3189,484
"module tlul_access_filter (
    input  logic [2:0] opcode,
    input  logic [2:0] param,
    input  logic [2:0] size,
    output logic       allow,
    output logic       error
);

    always_comb begin
        allow = 1'b0;
        error = 1'b0;

        unique case (opcode)
            3'b000: begin // Get
                case (size)
                    3'b000, 3'b001, 3'b010: allow = 1'b1;
                    default: error = 1'b1;
                endcase
            end

            3'b001: begin // PutFull
                case (param)
                    3'b000: begin
                        case (size)
                            3'b001, 3'b010: allow = 1'b1;
                            default: error = 1'b1;
                        endcase
                    end
                    default: error = 1'b1;
                endcase
            end

            3'b010: begin // PutPartial
                case (param)
                    3'b001: allow = 1'b1;
                    default: error = 1'b1;
                endcase
            end

            default: error = 1'b1;
        endcase
    end

endmodule
","module tlul_access_filter_assertions();

    logic allow, error;
    logic [2:0] opcode, param, size;

    property p_get_allowed;
        initial begin
            opcode = 3'b000;
            param = 3'b000;
            size = 3'b000;
            assert(allow == 1'b1);
            assert(error == 1'b0);
        end
    endproperty

    property p_putfull_allowed;
        initial begin
            opcode = 3'b001;
            param = 3'b000;
            size = 3'b001;
            assert(allow == 1'b1);
            assert(error == 1'b0);
        end
    endproperty

    property p_putpartial_allowed;
        initial begin
            opcode = 3'b010;
            param = 3'b001;
            assert(allow == 1'b1);
            assert(error == 1'b0);
        end
    endproperty

    property p_invalid_opcode_error;
        initial begin
            opcode = 3'b111;
            assert(allow == 1'b0);
            assert(error == 1'b1);
        end
    endproperty

    property p_invalid_param_error;
        initial begin
            opcode = 3'b001;
            param = 3'b111;
            assert(allow == 1'b0);
            assert(error == 1'b1);
        end
    endproperty

endmodule","** Error: (vlog-13069) prueba.sv(7): near ""initial"": syntax error, unexpected initial, expecting disable.
** Error: prueba.sv(9): (vlog-13205) Syntax error found in the scope following 'param'. Is there a missing '::'?",14.402167081832886,3197,399
"module otp_ctrl_decode (
    input  logic [3:0] cmd,
    input  logic [1:0] part,
    input  logic       write_en,
    output logic       exec,
    output logic       fault
);

    always_comb begin
        exec  = 1'b0;
        fault = 1'b0;

        unique case (cmd)
            4'h1: begin // READ
                case (part)
                    2'b00, 2'b01: exec = 1'b1;
                    default: fault = 1'b1;
                endcase
            end

            4'h2: begin // WRITE
                case (write_en)
                    1'b1: begin
                        case (part)
                            2'b01: exec = 1'b1;
                            default: fault = 1'b1;
                        endcase
                    end
                    default: fault = 1'b1;
                endcase
            end

            4'hF: begin // LOCK
                case (part)
                    2'b10: exec = 1'b1;
                    default: fault = 1'b1;
                endcase
            end

            default: fault = 1'b1;
        endcase
    end

endmodule
","module otp_ctrl_decode_assertions(
    input  logic [3:0] cmd,
    input  logic [1:0] part,
    input  logic       write_en,
    output logic       exec,
    output logic       fault
);

    localparam READ = 4'h1;
    localparam WRITE = 4'h2;
    localparam LOCK = 4'hF;

    property p_read_exec;
        (cmd == READ) & (part == 2'b00 || part == 2'b01) |-> (exec == 1'b1);
    endproperty
    assert property (p_read_exec);

    property p_read_fault;
        (cmd == READ) & (part != 2'b00 && part != 2'b01) |-> (fault == 1'b1);
    endproperty
    assert property (p_read_fault);

    property p_write_exec;
        (cmd == WRITE) & (write_en) & (part == 2'b01) |-> (exec == 1'b1);
    endproperty
    assert property (p_write_exec);

    property p_write_fault;
        (cmd == WRITE) & (!write_en) |-> (fault == 1'b1);
    endproperty
    assert property (p_write_fault);

    property p_lock_exec;
        (cmd == LOCK) & (part == 2'b10) |-> (exec == 1'b1);
    endproperty
    assert property (p_lock_exec);

    property p_lock_fault;
        (cmd == LOCK) & (part != 2'b10) |-> (fault == 1'b1);
    endproperty
    assert property (p_lock_fault);

endmodule","** Error (suppressible): prueba.sv(16): (vlog-1957) The sva directive is not sensitive to a clock. Unclocked directives are not supported.
** Error (suppressible): prueba.sv(21): (vlog-1957) The sva directive is not sensitive to a clock. Unclocked directives are not supported.
** Error (suppressible): prueba.sv(26): (vlog-1957) The sva directive is not sensitive to a clock. Unclocked directives are not supported.
** Error (suppressible): prueba.sv(31): (vlog-1957) The sva directive is not sensitive to a clock. Unclocked directives are not supported.
** Error (suppressible): prueba.sv(36): (vlog-1957) The sva directive is not sensitive to a clock. Unclocked directives are not supported.
** Error (suppressible): prueba.sv(41): (vlog-1957) The sva directive is not sensitive to a clock. Unclocked directives are not supported.",15.381047487258911,3167,441
"module alert_aggregator (
    input  logic [3:0] src,
    input  logic [1:0] sev,
    output logic       irq,
    output logic       nmi,
    output logic       fatal
);

    always_comb begin
        irq   = 1'b0;
        nmi   = 1'b0;
        fatal = 1'b0;

        unique case (src)
            4'h0, 4'h1: begin
                case (sev)
                    2'b00: irq = 1'b1;
                    2'b01: nmi = 1'b1;
                    default: fatal = 1'b1;
                endcase
            end

            4'hF: begin
                case (sev)
                    2'b10, 2'b11: fatal = 1'b1;
                    default: nmi = 1'b1;
                endcase
            end

            default: fatal = 1'b1;
        endcase
    end

endmodule
","module alert_aggregator_assertions(
    input  logic [3:0] src,
    input  logic [1:0] sev,
    output logic       irq,
    output logic       nmi,
    output logic       fatal
);

    logic temp_irq, temp_nmi, temp_fatal;

    property p_irq_logic;
        initial begin
            temp_irq = 1'b0;
            irq <= 1'b0;
            temp_irq <= irq;
            assert(temp_irq == 1'b1);
        end
    endproperty

    property p_nmi_logic;
        initial begin
            temp_nmi = 1'b0;
            nmi <= 1'b0;
            temp_nmi <= nmi;
            assert(temp_nmi == 1'b1);
        end
    endproperty

    property p_fatal_logic;
        initial begin
            temp_fatal = 1'b0;
            fatal <= 1'b0;
            temp_fatal <= fatal;
            assert(temp_fatal == 1'b1);
        end
    endproperty

    assert property p_irq_logic;
    assert property p_nmi_logic;
    assert property p_fatal_logic;

endmodule","** Error: (vlog-13069) prueba.sv(12): near ""initial"": syntax error, unexpected initial, expecting disable.
** Error: prueba.sv(14): (vlog-13205) Syntax error found in the scope following 'irq'. Is there a missing '::'?",11.113152503967283,3110,310
"module obi_write_resp (
    input  logic [1:0] result,
    input  logic       priv,
    output logic [1:0] resp
);

    always_comb begin
        resp = 2'b00;

        unique case (result)
            2'b00: resp = 2'b00; // OK

            2'b01: begin // Decode error
                case (priv)
                    1'b1: resp = 2'b10;
                    default: resp = 2'b11;
                endcase
            end

            2'b10: begin // Access error
                case (priv)
                    1'b1: resp = 2'b11;
                    default: resp = 2'b10;
                endcase
            end

            default: resp = 2'b11;
        endcase
    end

endmodule
","module obi_write_resp_assertions(
    input logic [1:0] result,
    input logic priv,
    output logic [1:0] resp
);

    property p_resp_ok;
        resp == 2'b00;
    endproperty
    assert property (p_resp_ok);

    property p_resp_decode_error;
        (result == 2'b01) && (resp == 2'b10);
    endproperty
    assert property (p_resp_decode_error);

    property p_resp_access_error;
        (result == 2'b10) && (resp == 2'b11);
    endproperty
    assert property (p_resp_access_error);

endmodule","** Error (suppressible): prueba.sv(10): (vlog-1957) The sva directive is not sensitive to a clock. Unclocked directives are not supported.
** Error (suppressible): prueba.sv(15): (vlog-1957) The sva directive is not sensitive to a clock. Unclocked directives are not supported.
** Error (suppressible): prueba.sv(20): (vlog-1957) The sva directive is not sensitive to a clock. Unclocked directives are not supported.",7.237688779830933,3073,185
"module debug_access_gate (
    input  logic dbg_req,
    input  logic [2:0] lc_state,
    input  logic       priv,
    output logic       dbg_grant,
    output logic       violation
);

    always_comb begin
        dbg_grant = 1'b0;
        violation = 1'b0;

        if (dbg_req) begin
            unique case (lc_state)
                3'b000: begin // TEST
                    case (priv)
                        1'b1: dbg_grant = 1'b1;
                        default: violation = 1'b1;
                    endcase
                end

                3'b001: begin // DEV
                    dbg_grant = 1'b1;
                end

                default: violation = 1'b1;
            endcase
        end
    end

endmodule
","module debug_access_gate_assertions(
    input  logic dbg_req,
    input  logic [2:0] lc_state,
    input  logic       priv,
    output logic       dbg_grant,
    output logic       violation
);

    logic violation_assign;

    property p_test_grant;
        when (dbg_req && lc_state == 3'b000 && priv) |-> (dbg_grant == 1'b1);
    endproperty
    assert property (p_test_grant);

    property p_test_violation;
        when (dbg_req && lc_state == 3'b000 && !priv) |-> (violation == 1'b1);
    endproperty
    assert property (p_test_violation);

    property p_dev_grant;
        when (dbg_req && lc_state == 3'b001) |-> (dbg_grant == 1'b1);
    endproperty
    assert property (p_dev_grant);

    property p_violation;
        when (dbg_req && lc_state != 3'b000 && lc_state != 3'b001) |-> (violation == 1'b1);
    endproperty
    assert property (p_violation);

endmodule","** Error (suppressible): prueba.sv(14): (vlog-1957) The sva directive is not sensitive to a clock. Unclocked directives are not supported.
** Error (suppressible): prueba.sv(19): (vlog-1957) The sva directive is not sensitive to a clock. Unclocked directives are not supported.
** Error (suppressible): prueba.sv(24): (vlog-1957) The sva directive is not sensitive to a clock. Unclocked directives are not supported.
** Error (suppressible): prueba.sv(29): (vlog-1957) The sva directive is not sensitive to a clock. Unclocked directives are not supported.",10.874431848526,3067,311
"module tlul_access_ctrl (
    input  logic        tl_i_a_valid,
    input  logic [2:0]  tl_i_a_opcode,
    input  logic [2:0]  tl_i_a_param,
    input  logic [2:0]  tl_i_a_size,
    output logic        tl_o_d_error,
    output logic        tl_o_d_valid
);

    always_comb begin
        tl_o_d_valid = 1'b0;
        tl_o_d_error = 1'b0;

        if (tl_i_a_valid) begin
            tl_o_d_valid = 1'b1;

            unique case (tl_i_a_opcode)
                3'b000: begin // Get
                    case (tl_i_a_size)
                        3'b000, 3'b001, 3'b010: ;
                        default: tl_o_d_error = 1'b1;
                    endcase
                end

                3'b001: begin // PutFullData
                    case (tl_i_a_param)
                        3'b000: begin
                            case (tl_i_a_size)
                                3'b001, 3'b010: ;
                                default: tl_o_d_error = 1'b1;
                            endcase
                        end
                        default: tl_o_d_error = 1'b1;
                    endcase
                end

                3'b010: begin // PutPartialData
                    case (tl_i_a_param)
                        3'b001: ;
                        default: tl_o_d_error = 1'b1;
                    endcase
                end

                default: tl_o_d_error = 1'b1;
            endcase
        end
    end

endmodule
","module tlul_access_ctrl_assertions(
    input  logic        tl_i_a_valid,
    input  logic [2:0]  tl_i_a_opcode,
    input  logic [2:0]  tl_i_a_param,
    input  logic [2:0]  tl_i_a_size,
    output logic        tl_o_d_error,
    output logic        tl_o_d_valid
);

    property p_d_valid_when_a_valid;
        tl_o_d_valid == (tl_i_a_valid);
    endproperty
    assert property (p_d_valid_when_a_valid);

    property p_error_when_opcode_invalid;
        tl_o_d_error == (tl_i_a_opcode != 3'b000 &&
                          tl_i_a_opcode != 3'b001 &&
                          tl_i_a_opcode != 3'b010);
    endproperty
    assert property (p_error_when_opcode_invalid);

    property p_error_when_size_invalid;
        tl_o_d_error == (tl_i_a_opcode == 3'b000 &&
                          (tl_i_a_size != 3'b000 &&
                           tl_i_a_size != 3'b001 &&
                           tl_i_a_size != 3'b010));
    endproperty
    assert property (p_error_when_size_invalid);

    property p_error_when_param_invalid;
        tl_o_d_error == (tl_i_a_opcode == 3'b001 &&
                          tl_i_a_param != 3'b000);
    endproperty
    assert property (p_error_when_param_invalid);

endmodule","** Error (suppressible): prueba.sv(13): (vlog-1957) The sva directive is not sensitive to a clock. Unclocked directives are not supported.
** Error (suppressible): prueba.sv(20): (vlog-1957) The sva directive is not sensitive to a clock. Unclocked directives are not supported.
** Error (suppressible): prueba.sv(28): (vlog-1957) The sva directive is not sensitive to a clock. Unclocked directives are not supported.
** Error (suppressible): prueba.sv(34): (vlog-1957) The sva directive is not sensitive to a clock. Unclocked directives are not supported.",16.99279475212097,3330,459
"module tlul_addr_decode (
    input  logic        tl_i_a_valid,
    input  logic [31:0] tl_i_a_address,
    input  logic [2:0]  tl_i_a_opcode,
    output logic        tl_o_d_error,
    output logic        rom_sel,
    output logic        ram_sel,
    output logic        mmio_sel
);

    logic [3:0] addr_region;
    assign addr_region = tl_i_a_address[31:28];

    always_comb begin
        rom_sel      = 1'b0;
        ram_sel      = 1'b0;
        mmio_sel     = 1'b0;
        tl_o_d_error = 1'b0;

        if (tl_i_a_valid) begin
            unique case (addr_region)
                4'h0: begin // ROM
                    case (tl_i_a_opcode)
                        3'b000: rom_sel = 1'b1;
                        default: tl_o_d_error = 1'b1;
                    endcase
                end

                4'h1, 4'h2: begin // RAM
                    case (tl_i_a_opcode)
                        3'b000, 3'b001, 3'b010: ram_sel = 1'b1;
                        default: tl_o_d_error = 1'b1;
                    endcase
                end

                4'h4: begin // MMIO
                    mmio_sel = 1'b1;
                end

                default: tl_o_d_error = 1'b1;
            endcase
        end
    end

endmodule
","module tlul_addr_decode_assertions(
    input  logic        tl_i_a_valid,
    input  logic [31:0] tl_i_a_address,
    input  logic [2:0]  tl_i_a_opcode,
    output logic        tl_o_d_error,
    output logic        rom_sel,
    output logic        ram_sel,
    output logic        mmio_sel
);
    logic [3:0] addr_region;
    assign addr_region = tl_i_a_address[31:28];

    property p_rom_select;
        @(posedge tl_i_a_valid) (addr_region == 4'h0) |-> (rom_sel == 1'b1);
    endproperty
    assert property (p_rom_select);

    property p_ram_select;
        @(posedge tl_i_a_valid) (addr_region == 4'h1 || addr_region == 4'h2) |-> (ram_sel == 1'b1);
    endproperty
    assert property (p_ram_select);

    property p_mmio_select;
        @(posedge tl_i_a_valid) (addr_region == 4'h4) |-> (mmio_sel == 1'b1);
    endproperty
    assert property (p_mmio_select);

    property p_tl_o_d_error_rom;
        @(posedge tl_i_a_valid) (addr_region != 4'h0) |-> (tl_o_d_error == 1'b1);
    endproperty
    assert property (p_tl_o_d_error_rom);

    property p_tl_o_d_error_ram;
        @(posedge tl_i_a_valid) (addr_region != 4'h1 && addr_region != 4'h2) |-> (tl_o_d_error == 1'b1);
    endproperty
    assert property (p_tl_o_d_error_ram);

endmodule",OK,18.365463972091675,3291,503
"module alert_handler_core (
    input  logic [1:0] alert_class_i,
    input  logic [1:0] esc_state_i,
    output logic       irq_o,
    output logic       nmi_o,
    output logic       reset_req_o
);

    always_comb begin
        irq_o       = 1'b0;
        nmi_o       = 1'b0;
        reset_req_o = 1'b0;

        unique case (alert_class_i)
            2'b00: begin // Class A
                case (esc_state_i)
                    2'b00: irq_o = 1'b1;
                    2'b01: nmi_o = 1'b1;
                    default: reset_req_o = 1'b1;
                endcase
            end

            2'b01: begin // Class B
                case (esc_state_i)
                    2'b00, 2'b01: nmi_o = 1'b1;
                    default: reset_req_o = 1'b1;
                endcase
            end

            default: reset_req_o = 1'b1;
        endcase
    end

endmodule
","module alert_handler_core_assertions(
    input  logic [1:0] alert_class_i,
    input  logic [1:0] esc_state_i,
    output logic       irq_o,
    output logic       nmi_o,
    output logic       reset_req_o
);

    property p_irq_a_class;
        (alert_class_i == 2'b00) |-> (irq_o == 1'b1);
    endproperty
    assert property (p_irq_a_class);

    property p_nmi_a_class;
        (alert_class_i == 2'b00) & (esc_state_i == 2'b01) |-> (nmi_o == 1'b1);
    endproperty
    assert property (p_nmi_a_class);

    property p_reset_req_a_class;
        (alert_class_i == 2'b00) & (esc_state_i != 2'b00) & (esc_state_i != 2'b01) |-> (reset_req_o == 1'b1);
    endproperty
    assert property (p_reset_req_a_class);

    property p_nmi_b_class;
        (alert_class_i == 2'b01) & (esc_state_i != 2'b00) |-> (nmi_o == 1'b1);
    endproperty
    assert property (p_nmi_b_class);

    property p_reset_req_b_class;
        (alert_class_i == 2'b01) & (esc_state_i == 2'b00) |-> (reset_req_o == 1'b1);
    endproperty
    assert property (p_reset_req_b_class);

endmodule","** Error (suppressible): prueba.sv(12): (vlog-1957) The sva directive is not sensitive to a clock. Unclocked directives are not supported.
** Error (suppressible): prueba.sv(17): (vlog-1957) The sva directive is not sensitive to a clock. Unclocked directives are not supported.
** Error (suppressible): prueba.sv(22): (vlog-1957) The sva directive is not sensitive to a clock. Unclocked directives are not supported.
** Error (suppressible): prueba.sv(27): (vlog-1957) The sva directive is not sensitive to a clock. Unclocked directives are not supported.
** Error (suppressible): prueba.sv(32): (vlog-1957) The sva directive is not sensitive to a clock. Unclocked directives are not supported.",15.957982778549194,3167,460
"module lc_ctrl_perm_check (
    input  logic [2:0] lc_state_i,
    input  logic [1:0] lc_transition_i,
    output logic       allow_o,
    output logic       violation_o
);

    always_comb begin
        allow_o     = 1'b0;
        violation_o = 1'b0;

        unique case (lc_state_i)
            3'b000: begin // TEST_UNLOCKED
                case (lc_transition_i)
                    2'b00, 2'b01: allow_o = 1'b1;
                    default: violation_o = 1'b1;
                endcase
            end

            3'b001: begin // DEV
                case (lc_transition_i)
                    2'b01: allow_o = 1'b1;
                    default: violation_o = 1'b1;
                endcase
            end

            3'b010: begin // PROD
                case (lc_transition_i)
                    2'b10: allow_o = 1'b1;
                    default: violation_o = 1'b1;
                endcase
            end

            default: violation_o = 1'b1;
        endcase
    end

endmodule
","module lc_ctrl_perm_check_assertions(
    input  logic [2:0] lc_state_i,
    input  logic [1:0] lc_transition_i,
    output logic       allow_o,
    output logic       violation_o
);

    property p_allow_test_unlocked;
        (lc_state_i == 3'b000 && lc_transition_i == 2'b00) |=> (allow_o == 1'b1);
        (lc_state_i == 3'b000 && lc_transition_i == 2'b01) |=> (allow_o == 1'b1);
        (lc_state_i == 3'b000 && lc_transition_i != 2'b00 && lc_transition_i != 2'b01) |=> (allow_o == 1'b0);
    endproperty
    assert property (p_allow_test_unlocked);

    property p_allow_dev;
        (lc_state_i == 3'b001 && lc_transition_i == 2'b01) |=> (allow_o == 1'b1);
        (lc_state_i == 3'b001 && lc_transition_i != 2'b01) |=> (allow_o == 1'b0);
    endproperty
    assert property (p_allow_dev);

    property p_allow_prod;
        (lc_state_i == 3'b010 && lc_transition_i == 2'b10) |=> (allow_o == 1'b1);
        (lc_state_i == 3'b010 && lc_transition_i != 2'b10) |=> (allow_o == 1'b0);
    endproperty
    assert property (p_allow_prod);

endmodule","** Error: (vlog-13069) prueba.sv(10): near ""("": syntax error, unexpected '(', expecting ""SystemVerilog keyword 'endproperty'"".
** Error: (vlog-13069) prueba.sv(17): near ""("": syntax error, unexpected '(', expecting ""SystemVerilog keyword 'endproperty'"".
** Error: (vlog-13069) prueba.sv(23): near ""("": syntax error, unexpected '(', expecting ""SystemVerilog keyword 'endproperty'"".",16.18316078186035,3180,464
"module obi_host_resp_gen (
    input  logic [1:0] obi_result_i,
    input  logic       obi_priv_i,
    output logic [1:0] obi_resp_o
);

    always_comb begin
        obi_resp_o = 2'b00;

        unique case (obi_result_i)
            2'b00: obi_resp_o = 2'b00; // OK

            2'b01: begin // Decode error
                case (obi_priv_i)
                    1'b1: obi_resp_o = 2'b10;
                    default: obi_resp_o = 2'b11;
                endcase
            end

            2'b10: begin // Access error
                case (obi_priv_i)
                    1'b1: obi_resp_o = 2'b11;
                    default: obi_resp_o = 2'b10;
                endcase
            end

            default: obi_resp_o = 2'b11;
        endcase
    end

endmodule
","module obi_host_resp_gen_assertions(
    input  logic [1:0] obi_result_i,
    input  logic       obi_priv_i,
    output logic [1:0] obi_resp_o
);

    property p_ok_resp;
        assert(obi_resp_o == 2'b00) whenever (obi_result_i == 2'b00);
    endproperty

    property p_decode_err_resp;
        assert(obi_resp_o == 2'b10) whenever (obi_result_i == 2'b01 && obi_priv_i == 1'b1);
        assert(obi_resp_o == 2'b11) whenever (obi_result_i == 2'b01 && obi_priv_i == 1'b0);
    endproperty

    property p_access_err_resp;
        assert(obi_resp_o == 2'b11) whenever (obi_result_i == 2'b10 && obi_priv_i == 1'b1);
        assert(obi_resp_o == 2'b10) whenever (obi_result_i == 2'b10 && obi_priv_i == 1'b0);
    endproperty

    property p_default_resp;
        assert(obi_resp_o == 2'b11) whenever (obi_result_i != 2'b00 && obi_result_i != 2'b01 && obi_result_i != 2'b10);
    endproperty
endmodule","** Error: (vlog-13069) prueba.sv(8): near ""assert"": syntax error, unexpected ""SystemVerilog keyword 'assert' "", expecting disable.",13.645302057266235,3127,387
"module reg_if_write_filter (
    input  logic        we_i,
    input  logic [11:0] addr_i,
    output logic        wr_en_o,
    output logic        err_o
);

    logic [7:0] reg_offset;
    assign reg_offset = addr_i[11:4];

    always_comb begin
        wr_en_o = 1'b0;
        err_o   = 1'b0;

        if (we_i) begin
            unique case (reg_offset)
                8'h00, 8'h04: wr_en_o = 1'b1;
                8'h10: err_o = 1'b1; // read-only
                default: err_o = 1'b1;
            endcase
        end
    end

endmodule
","module reg_if_write_filter_assertions(
    input  logic        we_i,
    input  logic [11:0] addr_i,
    output logic        wr_en_o,
    output logic        err_o
);

    logic [7:0] reg_offset;
    assign reg_offset = addr_i[11:4];

    property p_wr_en_we_i_0;
        when (we_i) begin
            unique case (reg_offset)
                8'h00, 8'h04: assert(wr_en_o == 1'b1);
                else: assert(wr_en_o == 1'b0);
            endcase
        end
    endproperty
    assert property (p_wr_en_we_i_0);

    property p_err_we_i_0;
        when (we_i) begin
            unique case (reg_offset)
                8'h00, 8'h04: assert(err_o == 1'b0);
                8'h10: assert(err_o == 1'b1);
                else: assert(err_o == 1'b1);
            endcase
        end
    endproperty
    assert property (p_err_we_i_0);

endmodule","** Error: (vlog-13069) prueba.sv(12): near ""begin"": syntax error, unexpected begin, expecting ""SystemVerilog keyword 'endproperty'"".
** Error: (vlog-13069) prueba.sv(22): near ""begin"": syntax error, unexpected begin, expecting ""SystemVerilog keyword 'endproperty'"".",11.351491689682009,3070,323
"module tl_a_perm_check (
    input  logic        a_valid,
    input  logic [2:0]  a_opcode,
    input  logic [2:0]  a_param,
    input  logic [2:0]  a_size,
    output logic        deny
);

    always_comb begin
        deny = 1'b0;

        if (a_valid) begin
            unique case (a_opcode)
                3'b000: begin // Get
                    case (a_size)
                        3'b000, 3'b001, 3'b010: ;
                        default: deny = 1'b1;
                    endcase
                end

                3'b001: begin // PutFull
                    case (a_param)
                        3'b000: begin
                            case (a_size)
                                3'b001, 3'b010: ;
                                default: deny = 1'b1;
                            endcase
                        end
                        default: deny = 1'b1;
                    endcase
                end

                3'b010: begin // PutPartial
                    case (a_param)
                        3'b001: ;
                        default: deny = 1'b1;
                    endcase
                end

                default: deny = 1'b1;
            endcase
        end
    end

endmodule
","module tl_a_perm_check_assertions(
    input  logic        a_valid,
    input  logic [2:0]  a_opcode,
    input  logic [2:0]  a_param,
    input  logic [2:0]  a_size,
    output logic        deny
);

    property p_get_deny;
        if (a_valid && a_opcode == 3'b000)
            case (a_size)
                3'b000, 3'b001, 3'b010: assert(deny == 1'b0);
                default: assert(deny == 1'b1);
            endcase
    endproperty
    assert property (p_get_deny);

    property p_put_full_deny;
        if (a_valid && a_opcode == 3'b001)
            case (a_param)
                3'b000:
                    case (a_size)
                        3'b001, 3'b010: assert(deny == 1'b0);
                        default: assert(deny == 1'b1);
                    endcase
                default: assert(deny == 1'b1);
            endcase
    endproperty
    assert property (p_put_full_deny);

    property p_put_partial_deny;
        if (a_valid && a_opcode == 3'b010)
            case (a_param)
                3'b001: assert(deny == 1'b0);
                default: assert(deny == 1'b1);
            endcase
    endproperty
    assert property (p_put_partial_deny);

endmodule","** Error: (vlog-13069) prueba.sv(12): near ""assert"": syntax error, unexpected ""SystemVerilog keyword 'assert' "".
** Error: (vlog-13069) prueba.sv(23): near ""assert"": syntax error, unexpected ""SystemVerilog keyword 'assert' "".
** Error: (vlog-13069) prueba.sv(34): near ""assert"": syntax error, unexpected ""SystemVerilog keyword 'assert' "".",14.975951433181764,3202,420
"module tl_d_resp_gen (
    input  logic        d_valid,
    input  logic [2:0]  d_opcode,
    input  logic        denied,
    output logic        d_error
);

    always_comb begin
        d_error = 1'b0;

        if (d_valid) begin
            unique case (d_opcode)
                3'b000, 3'b001: begin
                    case (denied)
                        1'b1: d_error = 1'b1;
                        default: ;
                    endcase
                end

                default: d_error = 1'b1;
            endcase
        end
    end

endmodule
","module tl_d_resp_gen_assertions(
    input logic d_valid,
    input logic [2:0] d_opcode,
    input logic denied,
    output logic d_error
);

    logic d_error_expected;

    always_comb begin
        d_error_expected = 1'b0;

        if (d_valid) begin
            unique case (d_opcode)
                3'b000, 3'b001: begin
                    case (denied)
                        1'b1: d_error_expected = 1'b1;
                        default: ;
                    endcase
                end

                default: d_error_expected = 1'b1;
            endcase
        end
    end

    property p_d_error_assignment;
        d_error == d_error_expected;
    endproperty
    assert property (p_d_error_assignment);

endmodule",** Error (suppressible): prueba.sv(30): (vlog-1957) The sva directive is not sensitive to a clock. Unclocked directives are not supported.,7.986617565155029,3028,225
"module axil_aw_decode (
    input  logic        awvalid,
    input  logic [31:0] awaddr,
    input  logic [2:0]  awprot,
    output logic        awready,
    output logic        awerror
);

    logic [3:0] region;
    assign region = awaddr[31:28];

    always_comb begin
        awready = 1'b0;
        awerror = 1'b0;

        if (awvalid) begin
            unique case (region)
                4'h0: begin // ROM
                    awerror = 1'b1;
                end

                4'h1: begin // RAM
                    case (awprot[1]) // privileged
                        1'b1: awready = 1'b1;
                        default: awerror = 1'b1;
                    endcase
                end

                4'h2: begin // MMIO
                    awready = 1'b1;
                end

                default: awerror = 1'b1;
            endcase
        end
    end

endmodule
","module axil_aw_decode_assertions(
    input  logic        awvalid,
    input  logic [31:0] awaddr,
    input  logic [2:0]  awprot,
    output logic        awready,
    output logic        awerror
);

    logic [3:0] region;
    assign region = awaddr[31:28];

    property p_rom_error;
        if (awvalid) assert(awerror == 1'b1);
    endproperty
    assert property (p_rom_error);

    property p_ram_error;
        if (awvalid) begin
            unique case (region)
                4'h0: begin
                    awerror = 1'b1;
                end
                4'h1: begin
                    if (awprot[1]) awready = 1'b1;
                    else awerror = 1'b1;
                end
                4'h2: begin
                    awready = 1'b1;
                end
                default: awerror = 1'b1;
            endcase
        end
    endproperty
    assert property (p_ram_error);

    property p_mmio_ready;
        if (awvalid) begin
            unique case (region)
                4'h0: begin
                    awerror = 1'b1;
                end
                4'h1: begin
                    if (awprot[1]) awready = 1'b1;
                    else awerror = 1'b1;
                end
                4'h2: begin
                    awready = 1'b1;
                end
                default: awerror = 1'b1;
            endcase
        end
    endproperty
    assert property (p_mmio_ready);

endmodule","** Error: (vlog-13069) prueba.sv(13): near ""assert"": syntax error, unexpected ""SystemVerilog keyword 'assert' "".
** Error: (vlog-13069) prueba.sv(18): near ""begin"": syntax error, unexpected begin.
** Error: (vlog-13069) prueba.sv(37): near ""begin"": syntax error, unexpected begin.",15.241958379745483,3126,439
"module axil_r_resp (
    input  logic        rvalid,
    input  logic [1:0]  rresp,
    input  logic        secure,
    output logic        fault
);

    always_comb begin
        fault = 1'b0;

        if (rvalid) begin
            unique case (rresp)
                2'b00: ; // OKAY
                2'b10: begin // SLVERR
                    case (secure)
                        1'b0: fault = 1'b1;
                        default: ;
                    endcase
                end
                default: fault = 1'b1;
            endcase
        end
    end

endmodule
","module axil_r_resp_assertions(
    input logic rvalid,
    input logic [1:0] rresp,
    input logic secure,
    output logic fault
);

    logic fault_assign;

    always_comb begin
        fault_assign = 1'b0;

        if (rvalid) begin
            unique case (rresp)
                2'b00: ; // OKAY
                2'b10: begin // SLVERR
                    case (secure)
                        1'b0: fault_assign = 1'b1;
                        default: ;
                    endcase
                end
                default: fault_assign = 1'b1;
            endcase
        end
    end

    property p_fault_assign;
        fault_assign == 1'b0 |-> fault == 1'b0;
    endproperty
    assert property (p_fault_assign);

endmodule",** Error (suppressible): prueba.sv(30): (vlog-1957) The sva directive is not sensitive to a clock. Unclocked directives are not supported.,8.134700059890747,3021,221
"module wb_slave_decode (
    input  logic        wb_cyc_i,
    input  logic        wb_stb_i,
    input  logic        wb_we_i,
    input  logic [31:0] wb_adr_i,
    output logic        wb_ack_o,
    output logic        wb_err_o
);

    logic [3:0] region;
    assign region = wb_adr_i[31:28];

    always_comb begin
        wb_ack_o = 1'b0;
        wb_err_o = 1'b0;

        if (wb_cyc_i && wb_stb_i) begin
            unique case (region)
                4'h0: begin // ROM
                    case (wb_we_i)
                        1'b0: wb_ack_o = 1'b1;
                        default: wb_err_o = 1'b1;
                    endcase
                end

                4'h1: begin // RAM
                    wb_ack_o = 1'b1;
                end

                default: wb_err_o = 1'b1;
            endcase
        end
    end

endmodule
","module wb_slave_decode_assertions(
    input  logic        wb_cyc_i,
    input  logic        wb_stb_i,
    input  logic        wb_we_i,
    input  logic [31:0] wb_adr_i,
    output logic        wb_ack_o,
    output logic        wb_err_o
);

    logic [3:0] region;
    assign region = wb_adr_i[31:28];

    property p_rom_read;
        @(posedge wb_cyc_i and posedge wb_stb_i)
        (region == 4'h0 && !wb_we_i) |-> (wb_ack_o == 1'b1);
    endproperty
    assert property (p_rom_read);

    property p_ram_read;
        @(posedge wb_cyc_i and posedge wb_stb_i)
        (region == 4'h1) |-> (wb_ack_o == 1'b1);
    endproperty
    assert property (p_ram_read);

    property p_default_error;
        @(posedge wb_cyc_i and posedge wb_stb_i)
        (region != 4'h0 && region != 4'h1) |-> (wb_err_o == 1'b1);
    endproperty
    assert property (p_default_error);

endmodule","** Error: (vlog-13069) prueba.sv(14): near ""and"": syntax error, unexpected and, expecting or or ')' or ','.
** Error: (vlog-13069) prueba.sv(20): near ""and"": syntax error, unexpected and, expecting or or ')' or ','.
** Error: (vlog-13069) prueba.sv(26): near ""and"": syntax error, unexpected and, expecting or or ')' or ','.",12.625283241271973,3146,341
"module wb_err_policy (
    input  logic [1:0] err_src,
    output logic       retry,
    output logic       fatal
);

    always_comb begin
        retry = 1'b0;
        fatal = 1'b0;

        unique case (err_src)
            2'b00: ;
            2'b01: retry = 1'b1;
            2'b10: fatal = 1'b1;
            default: fatal = 1'b1;
        endcase
    end

endmodule
","module wb_err_policy_assertions(
    input  logic [1:0] err_src,
    output logic       retry,
    output logic       fatal
);
    
    property p_retry_assign;
        (err_src == 2'b01) |=> (retry == 1'b1);
    endproperty
    assert property (p_retry_assign);

    property p_fatal_assign;
        (err_src == 2'b00) |=> (fatal == 1'b0);
        (err_src == 2'b10) |=> (fatal == 1'b1);
        (err_src == 2'b11) |=> (fatal == 1'b1);
    endproperty
    assert property (p_fatal_assign);

endmodule","** Error: (vlog-13069) prueba.sv(14): near ""("": syntax error, unexpected '(', expecting ""SystemVerilog keyword 'endproperty'"".",7.058801889419556,2994,198
"module litex_csr_filter (
    input  logic        csr_we,
    input  logic [13:0] csr_addr,
    output logic        csr_wr_en,
    output logic        csr_err
);

    logic [7:0] csr_sel;
    assign csr_sel = csr_addr[13:6];

    always_comb begin
        csr_wr_en = 1'b0;
        csr_err   = 1'b0;

        if (csr_we) begin
            unique case (csr_sel)
                8'h00, 8'h01: csr_wr_en = 1'b1;
                8'h10: csr_err = 1'b1; // RO CSR
                default: csr_err = 1'b1;
            endcase
        end
    end

endmodule
","module litex_csr_filter_assertions();

    logic csr_we;
    logic [13:0] csr_addr;
    logic csr_wr_en;
    logic csr_err;

    logic [7:0] csr_sel;
    assign csr_sel = csr_addr[13:6];

    property p_csr_we_assign;
        (csr_we) |-> (csr_wr_en == 1'b1);
    endproperty
    assert property (p_csr_we_assign);

    property p_csr_err_assign_ro;
        (csr_sel == 8'h10) |-> (csr_err == 1'b1);
    endproperty
    assert property (p_csr_err_assign_ro);

    property p_csr_err_assign_default;
        (csr_we && csr_sel != 8'h10) |-> (csr_err == 1'b1);
    endproperty
    assert property (p_csr_err_assign_default);

endmodule","** Error (suppressible): prueba.sv(14): (vlog-1957) The sva directive is not sensitive to a clock. Unclocked directives are not supported.
** Error (suppressible): prueba.sv(19): (vlog-1957) The sva directive is not sensitive to a clock. Unclocked directives are not supported.
** Error (suppressible): prueba.sv(24): (vlog-1957) The sva directive is not sensitive to a clock. Unclocked directives are not supported.",9.73241090774536,3075,265
"module litex_bus_resp (
    input  logic valid,
    input  logic error,
    output logic ack,
    output logic err
);

    always_comb begin
        ack = 1'b0;
        err = 1'b0;

        if (valid) begin
            case (error)
                1'b0: ack = 1'b1;
                1'b1: err = 1'b1;
            endcase
        end
    end

endmodule
","module litex_bus_resp_assertions(
    input  logic valid,
    input  logic error,
    output logic ack,
    output logic err
);

    property p_ack_valid_assign;
        (valid) |-> (ack == 1'b1);
    endproperty
    assert property (p_ack_valid_assign);

    property p_err_valid_assign;
        (valid && error) |-> (err == 1'b1);
    endproperty
    assert property (p_err_valid_assign);

endmodule","** Error (suppressible): prueba.sv(11): (vlog-1957) The sva directive is not sensitive to a clock. Unclocked directives are not supported.
** Error (suppressible): prueba.sv(16): (vlog-1957) The sva directive is not sensitive to a clock. Unclocked directives are not supported.",5.218857049942017,2977,138
"module piton_l2_coh_ctrl (
    input  logic [2:0] msg_type_i,
    input  logic [1:0] line_state_i,
    output logic       send_data_o,
    output logic       invalidate_o,
    output logic       nack_o
);

    // msg_type:
    // 000 = ReadShared
    // 001 = ReadExclusive
    // 010 = Upgrade
    // 011 = Writeback

    // line_state:
    // 00 = Invalid
    // 01 = Shared
    // 10 = Exclusive
    // 11 = Modified

    always_comb begin
        send_data_o   = 1'b0;
        invalidate_o = 1'b0;
        nack_o        = 1'b0;

        unique case (msg_type_i)
            3'b000: begin // ReadShared
                case (line_state_i)
                    2'b00: send_data_o = 1'b1;
                    2'b01, 2'b10, 2'b11: send_data_o = 1'b1;
                    default: nack_o = 1'b1;
                endcase
            end

            3'b001: begin // ReadExclusive
                case (line_state_i)
                    2'b00: send_data_o = 1'b1;
                    2'b01: begin
                        send_data_o   = 1'b1;
                        invalidate_o = 1'b1;
                    end
                    2'b10, 2'b11: send_data_o = 1'b1;
                    default: nack_o = 1'b1;
                endcase
            end

            3'b010: begin // Upgrade
                case (line_state_i)
                    2'b01: invalidate_o = 1'b1;
                    default: nack_o = 1'b1;
                endcase
            end

            3'b011: begin // Writeback
                case (line_state_i)
                    2'b10, 2'b11: ;
                    default: nack_o = 1'b1;
                endcase
            end

            default: nack_o = 1'b1;
        endcase
    end

endmodule
","module piton_l2_coh_ctrl_assertions(
    input logic [2:0] msg_type_i,
    input logic [1:0] line_state_i,
    output logic send_data_o,
    output logic invalidate_o,
    output logic nack_o
);

    property p_read_shared_line_valid;
        (msg_type_i == 3'b000) |-> (line_state_i == 2'b00 || line_state_i == 2'b01 || line_state_i == 2'b10 || line_state_i == 2'b11);
    endproperty
    assert property (p_read_shared_line_valid);

    property p_read_exclusive_line_valid;
        (msg_type_i == 3'b001) |-> (line_state_i == 2'b00 || line_state_i == 2'b01 || line_state_i == 2'b10 || line_state_i == 2'b11);
    endproperty
    assert property (p_read_exclusive_line_valid);

    property p_upgrade_line_valid;
        (msg_type_i == 3'b010) |-> (line_state_i == 2'b01);
    endproperty
    assert property (p_upgrade_line_valid);

    property p_writeback_line_valid;
        (msg_type_i == 3'b011) |-> (line_state_i == 2'b10 || line_state_i == 2'b11);
    endproperty
    assert property (p_writeback_line_valid);

endmodule","** Error (suppressible): prueba.sv(12): (vlog-1957) The sva directive is not sensitive to a clock. Unclocked directives are not supported.
** Error (suppressible): prueba.sv(17): (vlog-1957) The sva directive is not sensitive to a clock. Unclocked directives are not supported.
** Error (suppressible): prueba.sv(22): (vlog-1957) The sva directive is not sensitive to a clock. Unclocked directives are not supported.
** Error (suppressible): prueba.sv(27): (vlog-1957) The sva directive is not sensitive to a clock. Unclocked directives are not supported.",17.43380355834961,3449,426
"module piton_dir_state (
    input  logic [1:0] state_i,
    input  logic [2:0] event_i,
    output logic [1:0] state_o,
    output logic       error_o
);

    always_comb begin
        state_o = state_i;
        error_o = 1'b0;

        unique case (state_i)
            2'b00: begin // Invalid
                case (event_i)
                    3'b000: state_o = 2'b01; // ReadShared
                    3'b001: state_o = 2'b10; // ReadExclusive
                    default: error_o = 1'b1;
                endcase
            end

            2'b01: begin // Shared
                case (event_i)
                    3'b001: state_o = 2'b10;
                    3'b010: state_o = 2'b00; // Invalidate
                    default: ;
                endcase
            end

            2'b10: begin // Exclusive
                case (event_i)
                    3'b011: state_o = 2'b11; // Write
                    default: ;
                endcase
            end

            2'b11: begin // Modified
                case (event_i)
                    3'b100: state_o = 2'b00; // Writeback
                    default: ;
                endcase
            end

            default: error_o = 1'b1;
        endcase
    end

endmodule
","module piton_dir_state_assertions(
    input  logic [1:0] state_i,
    input  logic [2:0] event_i,
    output logic [1:0] state_o,
    output logic       error_o
);

    property p_invalid_to_read_shared;
        (state_i == 2'b00 && event_i == 3'b000) |-> (state_o == 2'b01);
    endproperty
    assert property (p_invalid_to_read_shared);

    property p_invalid_to_read_exclusive;
        (state_i == 2'b00 && event_i == 3'b001) |-> (state_o == 2'b10);
    endproperty
    assert property (p_invalid_to_read_exclusive);

    property p_invalid_to_error;
        (state_i == 2'b00 && event_i != 3'b000 && event_i != 3'b001) |-> (error_o == 1'b1);
    endproperty
    assert property (p_invalid_to_error);

    property p_shared_to_read_exclusive;
        (state_i == 2'b01 && event_i == 3'b001) |-> (state_o == 2'b10);
    endproperty
    assert property (p_shared_to_read_exclusive);

    property p_shared_to_invalidate;
        (state_i == 2'b01 && event_i == 3'b010) |-> (state_o == 2'b00);
    endproperty
    assert property (p_shared_to_invalidate);

    property p_exclusive_to_write;
        (state_i == 2'b10 && event_i == 3'b011) |-> (state_o == 2'b11);
    endproperty
    assert property (p_exclusive_to_write);

    property p_modified_to_writeback;
        (state_i == 2'b11 && event_i == 3'b100) |-> (state_o == 2'b00);
    endproperty
    assert property (p_modified_to_writeback);

endmodule","** Error (suppressible): prueba.sv(11): (vlog-1957) The sva directive is not sensitive to a clock. Unclocked directives are not supported.
** Error (suppressible): prueba.sv(16): (vlog-1957) The sva directive is not sensitive to a clock. Unclocked directives are not supported.
** Error (suppressible): prueba.sv(21): (vlog-1957) The sva directive is not sensitive to a clock. Unclocked directives are not supported.
** Error (suppressible): prueba.sv(26): (vlog-1957) The sva directive is not sensitive to a clock. Unclocked directives are not supported.
** Error (suppressible): prueba.sv(31): (vlog-1957) The sva directive is not sensitive to a clock. Unclocked directives are not supported.
** Error (suppressible): prueba.sv(36): (vlog-1957) The sva directive is not sensitive to a clock. Unclocked directives are not supported.
** Error (suppressible): prueba.sv(41): (vlog-1957) The sva directive is not sensitive to a clock. Unclocked directives are not supported.",20.674169540405277,3247,572
"module chisel_priority_mux (
    input  logic [3:0] sel_i,
    input  logic [7:0] in0_i,
    input  logic [7:0] in1_i,
    input  logic [7:0] in2_i,
    input  logic [7:0] in3_i,
    output logic [7:0] out_o
);

    always_comb begin
        out_o = 8'h00;

        case (1'b1)
            sel_i[0]: out_o = in0_i;
            sel_i[1]: out_o = in1_i;
            sel_i[2]: out_o = in2_i;
            sel_i[3]: out_o = in3_i;
            default: out_o = 8'h00;
        endcase
    end

endmodule
","module chisel_priority_mux_assertions(
    input  logic [3:0] sel_i,
    input  logic [7:0] in0_i,
    input  logic [7:0] in1_i,
    input  logic [7:0] in2_i,
    input  logic [7:0] in3_i,
    output logic [7:0] out_o
);
    
    property p_out_assign_in0;
        (sel_i == 4'b0001) |-> (out_o == in0_i);
    endproperty
    assert property (p_out_assign_in0);

    property p_out_assign_in1;
        (sel_i == 4'b0010) |-> (out_o == in1_i);
    endproperty
    assert property (p_out_assign_in1);

    property p_out_assign_in2;
        (sel_i == 4'b0100) |-> (out_o == in2_i);
    endproperty
    assert property (p_out_assign_in2);

    property p_out_assign_in3;
        (sel_i == 4'b1000) |-> (out_o == in3_i);
    endproperty
    assert property (p_out_assign_in3);

endmodule","** Error (suppressible): prueba.sv(13): (vlog-1957) The sva directive is not sensitive to a clock. Unclocked directives are not supported.
** Error (suppressible): prueba.sv(18): (vlog-1957) The sva directive is not sensitive to a clock. Unclocked directives are not supported.
** Error (suppressible): prueba.sv(23): (vlog-1957) The sva directive is not sensitive to a clock. Unclocked directives are not supported.
** Error (suppressible): prueba.sv(28): (vlog-1957) The sva directive is not sensitive to a clock. Unclocked directives are not supported.",11.97028422355652,3076,341
"module chisel_fsm_ctrl (
    input  logic [3:0] state_i,
    input  logic       fire_i,
    output logic       advance_o,
    output logic       stall_o
);

    always_comb begin
        advance_o = 1'b0;
        stall_o   = 1'b0;

        unique case (state_i)
            4'd0: begin
                case (fire_i)
                    1'b1: advance_o = 1'b1;
                    default: stall_o = 1'b1;
                endcase
            end

            4'd1, 4'd2: begin
                case (fire_i)
                    1'b1: advance_o = 1'b1;
                    default: ;
                endcase
            end

            4'd15: stall_o = 1'b1;

            default: stall_o = 1'b1;
        endcase
    end

endmodule
","module chisel_fsm_ctrl_assertions(
    input  logic [3:0] state_i,
    input  logic       fire_i,
    output logic       advance_o,
    output logic       stall_o
);

    property p_advance_fire_d0;
        when (state_i == 4'd0) && (fire_i) |-> advance_o;
    endproperty
    assert property (p_advance_fire_d0);

    property p_stall_fire_d0;
        when (state_i == 4'd0) && !fire_i |-> stall_o;
    endproperty
    assert property (p_stall_fire_d0);

    property p_advance_fire_d1_d2;
        when (state_i == 4'd1 || state_i == 4'd2) && fire_i |-> advance_o;
    endproperty
    assert property (p_advance_fire_d1_d2);

    property p_stall_fire_d1_d2;
        when (state_i == 4'd1 || state_i == 4'd2) && !fire_i |-> stall_o;
    endproperty
    assert property (p_stall_fire_d1_d2);

    property p_stall_fire_d15;
        when (state_i == 4'd15) |-> stall_o;
    endproperty
    assert property (p_stall_fire_d15);

endmodule","** Error (suppressible): prueba.sv(11): (vlog-1957) The sva directive is not sensitive to a clock. Unclocked directives are not supported.
** Error (suppressible): prueba.sv(16): (vlog-1957) The sva directive is not sensitive to a clock. Unclocked directives are not supported.
** Error (suppressible): prueba.sv(21): (vlog-1957) The sva directive is not sensitive to a clock. Unclocked directives are not supported.
** Error (suppressible): prueba.sv(26): (vlog-1957) The sva directive is not sensitive to a clock. Unclocked directives are not supported.
** Error (suppressible): prueba.sv(31): (vlog-1957) The sva directive is not sensitive to a clock. Unclocked directives are not supported.",12.799388647079468,3097,368
"module axil_to_tlul_opcode (
    input  logic awvalid,
    input  logic arvalid,
    input  logic wvalid,
    output logic [2:0] tl_a_opcode_o,
    output logic       tl_a_valid_o
);

    always_comb begin
        tl_a_opcode_o = 3'b000;
        tl_a_valid_o  = 1'b0;

        unique case (1'b1)
            arvalid: begin
                tl_a_opcode_o = 3'b000; // Get
                tl_a_valid_o  = 1'b1;
            end

            awvalid && wvalid: begin
                tl_a_opcode_o = 3'b001; // PutFull
                tl_a_valid_o  = 1'b1;
            end

            default: ;
        endcase
    end

endmodule
","module axil_to_tlul_opcode_assertions(
    input  logic awvalid,
    input  logic arvalid,
    input  logic wvalid,
    output logic [2:0] tl_a_opcode_o,
    output logic       tl_a_valid_o
);
    logic get_opcode;
    logic putfull_opcode;

    property p_get_opcode;
        (arvalid) |-> (get_opcode == 1'b1);
    endproperty
    assert property (p_get_opcode);

    property p_putfull_opcode;
        (awvalid && wvalid) |-> (putfull_opcode == 1'b1);
    endproperty
    assert property (p_putfull_opcode);

endmodule","** Error (suppressible): prueba.sv(14): (vlog-1957) The sva directive is not sensitive to a clock. Unclocked directives are not supported.
** Error (suppressible): prueba.sv(19): (vlog-1957) The sva directive is not sensitive to a clock. Unclocked directives are not supported.",7.809195041656494,3088,186
"module tlul_to_obi_req (
    input  logic        tl_a_valid,
    input  logic [2:0]  tl_a_opcode,
    output logic        obi_req_o,
    output logic        obi_we_o
);

    always_comb begin
        obi_req_o = 1'b0;
        obi_we_o  = 1'b0;

        if (tl_a_valid) begin
            unique case (tl_a_opcode)
                3'b000: begin // Get
                    obi_req_o = 1'b1;
                    obi_we_o  = 1'b0;
                end

                3'b001, 3'b010: begin // Put
                    obi_req_o = 1'b1;
                    obi_we_o  = 1'b1;
                end

                default: ;
            endcase
        end
    end

endmodule
","module tlul_to_obi_req_assertions(
    input  logic        tl_a_valid,
    input  logic [2:0]  tl_a_opcode,
    output logic        obi_req_o,
    output logic        obi_we_o
);

    property p_get_assign;
        when (tl_a_opcode == 3'b000) begin
            assert(obi_req_o == 1'b1 && obi_we_o == 1'b0);
        end
    endproperty

    property p_put_assign;
        when (tl_a_opcode == 3'b001 || tl_a_opcode == 3'b010) begin
            assert(obi_req_o == 1'b1 && obi_we_o == 1'b1);
        end
    endproperty

endmodule","** Error: (vlog-13069) prueba.sv(9): near ""begin"": syntax error, unexpected begin, expecting ""SystemVerilog keyword 'endproperty'"".
** Error: (vlog-13069) prueba.sv(15): near ""begin"": syntax error, unexpected begin, expecting ';'.",8.10665249824524,3093,215
"module obi_to_axil_resp (
    input  logic [1:0] obi_resp_i,
    output logic [1:0] axil_rresp_o,
    output logic [1:0] axil_bresp_o
);

    always_comb begin
        axil_rresp_o = 2'b00;
        axil_bresp_o = 2'b00;

        unique case (obi_resp_i)
            2'b00: begin
                axil_rresp_o = 2'b00;
                axil_bresp_o = 2'b00;
            end

            2'b10: begin
                axil_rresp_o = 2'b10;
                axil_bresp_o = 2'b10;
            end

            default: begin
                axil_rresp_o = 2'b11;
                axil_bresp_o = 2'b11;
            end
        endcase
    end

endmodule
","module obi_to_axil_resp_assertions(
    input  logic [1:0] obi_resp_i,
    output logic [1:0] axil_rresp_o,
    output logic [1:0] axil_bresp_o
);
    property p_axil_rresp_zero;
        axil_rresp_o == 2'b00;
    endproperty
    assert property (p_axil_rresp_zero);

    property p_axil_bresp_zero;
        axil_bresp_o == 2'b00;
    endproperty
    assert property (p_axil_bresp_zero);

    property p_axil_rresp_ten;
        obi_resp_i == 2'b10 |-> axil_rresp_o == 2'b10;
    endproperty
    assert property (p_axil_rresp_ten);

    property p_axil_bresp_ten;
        obi_resp_i == 2'b10 |-> axil_bresp_o == 2'b10;
    endproperty
    assert property (p_axil_bresp_ten);

    property p_axil_rresp_eleven;
        obi_resp_i != 2'b10 |-> axil_rresp_o == 2'b11;
    endproperty
    assert property (p_axil_rresp_eleven);

    property p_axil_bresp_eleven;
        obi_resp_i != 2'b10 |-> axil_bresp_o == 2'b11;
    endproperty
    assert property (p_axil_bresp_eleven);
endmodule","** Error (suppressible): prueba.sv(9): (vlog-1957) The sva directive is not sensitive to a clock. Unclocked directives are not supported.
** Error (suppressible): prueba.sv(14): (vlog-1957) The sva directive is not sensitive to a clock. Unclocked directives are not supported.
** Error (suppressible): prueba.sv(19): (vlog-1957) The sva directive is not sensitive to a clock. Unclocked directives are not supported.
** Error (suppressible): prueba.sv(24): (vlog-1957) The sva directive is not sensitive to a clock. Unclocked directives are not supported.
** Error (suppressible): prueba.sv(29): (vlog-1957) The sva directive is not sensitive to a clock. Unclocked directives are not supported.
** Error (suppressible): prueba.sv(34): (vlog-1957) The sva directive is not sensitive to a clock. Unclocked directives are not supported.",15.223804473876951,3116,423
"module piton_l2_arbiter (
    input  logic [3:0] req_i,           // per-core request valid
    input  logic [1:0] line_state_i [3:0], // MESI state per core
    input  logic [2:0] msg_type_i [3:0],   // message type per core
    output logic [3:0] grant_o,
    output logic [3:0] nack_o
);

    always_comb begin
        grant_o = 4'b0000;
        nack_o  = 4'b0000;

        for (int i=0; i<4; i++) begin
            if (req_i[i]) begin
                unique case (msg_type_i[i])
                    3'b000: begin // ReadShared
                        unique case (line_state_i[i])
                            2'b00: grant_o[i] = 1'b1;
                            2'b01, 2'b10: grant_o[i] = 1'b1;
                            default: nack_o[i] = 1'b1;
                        endcase
                    end

                    3'b001: begin // ReadExclusive
                        unique case (line_state_i[i])
                            2'b00: grant_o[i] = 1'b1;
                            2'b01: begin
                                grant_o[i] = 1'b1;
                                // invalidate other sharers
                                for (int j=0; j<4; j++) if (j!=i) nack_o[j] = 1'b1;
                            end
                            2'b10, 2'b11: grant_o[i] = 1'b1;
                            default: nack_o[i] = 1'b1;
                        endcase
                    end

                    3'b010: begin // Upgrade
                        unique case (line_state_i[i])
                            2'b01: grant_o[i] = 1'b1;
                            default: nack_o[i] = 1'b1;
                        endcase
                    end

                    default: nack_o[i] = 1'b1;
                endcase
            end
        end
    end

endmodule
","module piton_l2_arbiter_assertions(
    input  logic [3:0] req_i,           // per-core request valid
    input  logic [1:0] line_state_i [3:0], // MESI state per core
    input  logic [2:0] msg_type_i [3:0],   // message type per core
    output logic [3:0] grant_o,
    output logic [3:0] nack_o
);
    logic [3:0] grant_o_copy;
    logic [3:0] nack_o_copy;

    always_comb begin
        grant_o_copy = grant_o;
        nack_o_copy = nack_o;
    end

    property p_grant_req_read_shared_grant_valid;
        for (int i=0; i<4; i++) begin
            if (req_i[i] && msg_type_i[i] == 3'b000) begin
                assert(grant_o_copy[i] == 1'b1);
            end
        end
    endproperty

    assert property (p_grant_req_read_shared_grant_valid);

    property p_grant_req_read_exclusive_grant_valid;
        for (int i=0; i<4; i++) begin
            if (req_i[i] && msg_type_i[i] == 3'b001) begin
                assert(grant_o_copy[i] == 1'b1);
            end
        end
    endproperty

    assert property (p_grant_req_read_exclusive_grant_valid);

    property p_grant_req_upgrade_grant_valid;
        for (int i=0; i<4; i++) begin
            if (req_i[i] && msg_type_i[i] == 3'b010) begin
                assert(grant_o_copy[i] == 1'b1);
            end
        end
    endproperty

    assert property (p_grant_req_upgrade_grant_valid);

    property p_grant_req_invalid_grant_invalid;
        for (int i=0; i<4; i++) begin
            if (req_i[i] && msg_type_i[i] != 3'b000 && msg_type_i[i] != 3'b001 && msg_type_i[i] != 3'b010) begin
                assert(grant_o_copy[i] == 1'b0);
            end
        end
    endproperty

    assert property (p_grant_req_invalid_grant_invalid);

    property p_nack_req_read_shared_grant_invalid;
        for (int i=0; i<4; i++) begin
            if (req_i[i] && msg_type_i[i] == 3'b000) begin
                assert(nack_o_copy[i] == 1'b0);
            end
        end
    endproperty

    assert property (p_nack_req_read_shared_grant_invalid);

    property p_nack_req_read_exclusive_grant_valid;
        for (int i=0; i<4; i++) begin
            if (req_i[i] && msg_type_i[i] == 3'b001) begin
                assert(nack_o_copy[i] == 1'b0);
            end
        end
    endproperty

    assert property (p_nack_req_read_exclusive_grant_valid);

    property p_nack_req_upgrade_grant_invalid;
        for (int i=0; i<4; i++) begin
            if (req_i[i] && msg_type_i[i] == 3'b010) begin
                assert(nack_o_copy[i] == 1'b0);
            end
        end
    endproperty

    assert property (p_nack_req_upgrade_grant_invalid);

    property p_nack_req_invalid_grant_valid;
        for (int i=0; i<4; i++) begin
            if (req_i[i] && msg_type_i[i] != 3'b000 && msg_type_i[i] != 3'b001 && msg_type_i[i] != 3'b010) begin
                assert(nack_o_copy[i] == 1'b1);
            end
        end
    endproperty

    assert property (p_nack_req_invalid_grant_valid);

endmodule","** Error: (vlog-13069) prueba.sv(17): near ""for"": syntax error, unexpected for, expecting disable.
** Error: prueba.sv(17): (vlog-13205) Syntax error found in the scope following 'i'. Is there a missing '::'?",38.55662631988525,3416,1117
"module chisel_deep_fsm (
    input  logic [7:0] event_i,
    input  logic       ready_i,
    input  logic       valid_i,
    output logic       fire_o,
    output logic       stall_o
);

    logic [3:0] state;
    always_comb begin
        fire_o  = 1'b0;
        stall_o = 1'b0;

        unique case (state)
            4'd0: begin
                if (valid_i) begin
                    unique case (event_i[1:0])
                        2'b00: fire_o  = 1'b1;
                        2'b01: stall_o = 1'b1;
                        default: stall_o = 1'b1;
                    endcase
                end
            end

            4'd1: begin
                if (ready_i) begin
                    unique case (event_i[3:2])
                        2'b00: fire_o = 1'b1;
                        2'b01: stall_o = 1'b1;
                        default: stall_o = 1'b1;
                    endcase
                end
            end

            4'd2: begin
                unique case (event_i[5:4])
                    2'b00: fire_o = 1'b1;
                    2'b01: stall_o = 1'b1;
                    default: stall_o = 1'b1;
                endcase
            end

            4'd15: stall_o = 1'b1;

            default: stall_o = 1'b1;
        endcase
    end

endmodule
","module chisel_deep_fsm_assertions(
    input  logic [7:0] event_i,
    input  logic       ready_i,
    input  logic       valid_i,
    output logic       fire_o,
    output logic       stall_o
);
    logic [3:0] state;

    property p_state_0_fire;
        @(posedge clk) (state == 4'd0 && valid_i) |-> (fire_o);
    endproperty
    assert property (p_state_0_fire);

    property p_state_0_stall_event_00;
        @(posedge clk) (state == 4'd0 && valid_i && event_i[1:0] == 2'b00) |-> (stall_o);
    endproperty
    assert property (p_state_0_stall_event_00);

    property p_state_0_stall_event_01;
        @(posedge clk) (state == 4'd0 && valid_i && event_i[1:0] == 2'b01) |-> (stall_o);
    endproperty
    assert property (p_state_0_stall_event_01);

    property p_state_1_ready;
        @(posedge clk) (state == 4'd1 && ready_i) |-> (fire_o);
    endproperty
    assert property (p_state_1_ready);

    property p_state_1_stall_event_20;
        @(posedge clk) (state == 4'd1 && ready_i && event_i[3:2] == 2'b00) |-> (stall_o);
    endproperty
    assert property (p_state_1_stall_event_20);

    property p_state_1_stall_event_21;
        @(posedge clk) (state == 4'd1 && ready_i && event_i[3:2] == 2'b01) |-> (stall_o);
    endproperty
    assert property (p_state_1_stall_event_21);

    property p_state_2_stall_event_40;
        @(posedge clk) (state == 4'd2 && event_i[5:4] == 2'b00) |-> (stall_o);
    endproperty
    assert property (p_state_2_stall_event_40);

    property p_state_2_stall_event_41;
        @(posedge clk) (state == 4'd2 && event_i[5:4] == 2'b01) |-> (stall_o);
    endproperty
    assert property (p_state_2_stall_event_41);

    property p_default_stall;
        @(posedge clk) (state != 4'd0 && state != 4'd1 && state != 4'd2) |-> (stall_o);
    endproperty
    assert property (p_default_stall);

endmodule","** Error: prueba.sv(11): (vlog-2730) Undefined variable: 'clk'.
** Error (suppressible): prueba.sv(13): (vlog-1957) The sva directive is not sensitive to a clock. Unclocked directives are not supported.
** Error: prueba.sv(16): (vlog-2730) Undefined variable: 'clk'.
** Error (suppressible): prueba.sv(18): (vlog-1957) The sva directive is not sensitive to a clock. Unclocked directives are not supported.
** Error: prueba.sv(21): (vlog-2730) Undefined variable: 'clk'.
** Error (suppressible): prueba.sv(23): (vlog-1957) The sva directive is not sensitive to a clock. Unclocked directives are not supported.
** Error: prueba.sv(26): (vlog-2730) Undefined variable: 'clk'.
** Error (suppressible): prueba.sv(28): (vlog-1957) The sva directive is not sensitive to a clock. Unclocked directives are not supported.
** Error: prueba.sv(31): (vlog-2730) Undefined variable: 'clk'.
** Error (suppressible): prueba.sv(33): (vlog-1957) The sva directive is not sensitive to a clock. Unclocked directives are not supported.
** Error: prueba.sv(36): (vlog-2730) Undefined variable: 'clk'.
** Error (suppressible): prueba.sv(38): (vlog-1957) The sva directive is not sensitive to a clock. Unclocked directives are not supported.
** Error: prueba.sv(41): (vlog-2730) Undefined variable: 'clk'.
** Error (suppressible): prueba.sv(43): (vlog-1957) The sva directive is not sensitive to a clock. Unclocked directives are not supported.
** Error: prueba.sv(46): (vlog-2730) Undefined variable: 'clk'.
** Error (suppressible): prueba.sv(48): (vlog-1957) The sva directive is not sensitive to a clock. Unclocked directives are not supported.
** Error: prueba.sv(51): (vlog-2730) Undefined variable: 'clk'.
** Error (suppressible): prueba.sv(53): (vlog-1957) The sva directive is not sensitive to a clock. Unclocked directives are not supported.
** Error: prueba.sv(11): (vlog-2730) Undefined variable: 'clk'.",41.481122970581055,3269,724
"module axil_tl_obi_bridge (
    input  logic        awvalid_i,
    input  logic        arvalid_i,
    input  logic        wvalid_i,
    input  logic [31:0] awaddr_i,
    input  logic [2:0]  awprot_i,
    input  logic [2:0]  tl_opcode_i,
    input  logic [1:0]  obi_resp_i,
    output logic        tl_a_valid_o,
    output logic [2:0]  tl_a_opcode_o,
    output logic        obi_req_o,
    output logic        obi_we_o,
    output logic [1:0]  axil_rresp_o
);

    always_comb begin
        tl_a_valid_o   = 1'b0;
        tl_a_opcode_o  = 3'b000;
        obi_req_o      = 1'b0;
        obi_we_o       = 1'b0;
        axil_rresp_o   = 2'b00;

        // AXI ? TL
        unique case (1'b1)
            arvalid_i: begin
                tl_a_valid_o  = 1'b1;
                tl_a_opcode_o = 3'b000; // Get
            end

            awvalid_i && wvalid_i: begin
                tl_a_valid_o  = 1'b1;
                tl_a_opcode_o = 3'b001; // PutFull
            end

            default: ;
        endcase

        // TL ? OBI
        if (tl_a_valid_o) begin
            unique case (tl_a_opcode_o)
                3'b000: begin
                    obi_req_o = 1'b1;
                    obi_we_o  = 1'b0;
                end

                3'b001, 3'b010: begin
                    obi_req_o = 1'b1;
                    obi_we_o  = 1'b1;
                end

                default: ;
            endcase
        end

        // OBI ? AXI Response
        unique case (obi_resp_i)
            2'b00: axil_rresp_o = 2'b00; // OKAY
            2'b10: axil_rresp_o = 2'b10; // SLVERR
            default: axil_rresp_o = 2'b11; // DECERR
        endcase
    end

endmodule
","module axil_tl_obi_bridge_assertions(
    input  logic        awvalid_i,
    input  logic        arvalid_i,
    input  logic        wvalid_i,
    input  logic [31:0] awaddr_i,
    input  logic [2:0]  awprot_i,
    input  logic [2:0]  tl_opcode_i,
    input  logic [1:0]  obi_resp_i,
    output logic        tl_a_valid_o,
    output logic [2:0]  tl_a_opcode_o,
    output logic        obi_req_o,
    output logic        obi_we_o,
    output logic [1:0]  axil_rresp_o
);

    // Variables for assertions
    logic valid_tl_a_opcode;
    logic valid_obi_req;
    logic valid_obi_we;

    // Assertions
    property p_tl_a_valid_o;
        @(posedge clk) (arvalid_i || awvalid_i && wvalid_i) |-> (tl_a_valid_o == 1'b1);
    endproperty
    assert property (p_tl_a_valid_o);

    property p_tl_a_opcode_o;
        @(posedge clk) (arvalid_i) |-> (tl_a_opcode_o == 3'b000);
        @(posedge clk) (awvalid_i && wvalid_i) |-> (tl_a_opcode_o == 3'b001);
    endproperty
    assert property (p_tl_a_opcode_o);

    property p_obi_req_o;
        @(posedge clk) (tl_a_valid_o) |-> (obi_req_o == 1'b1);
    endproperty
    assert property (p_obi_req_o);

    property p_obi_we_o;
        @(posedge clk) (tl_a_opcode_o == 3'b001 || tl_a_opcode_o == 3'b010) |-> (obi_we_o == 1'b1);
    endproperty
    assert property (p_obi_we_o);

    property p_axil_rresp_o;
        @(posedge clk) (obi_resp_i == 2'b00) |-> (axil_rresp_o == 2'b00);
        @(posedge clk) (obi_resp_i == 2'b10) |-> (axil_rresp_o == 2'b10);
        @(posedge clk) (obi_resp_i != 2'b00 && obi_resp_i != 2'b10) |-> (axil_rresp_o == 2'b11);
    endproperty
    assert property (p_axil_rresp_o);

endmodule","** Error: (vlog-13069) prueba.sv(29): near ""@"": syntax error, unexpected '@', expecting ""SystemVerilog keyword 'endproperty'"".
** Error: (vlog-13069) prueba.sv(45): near ""@"": syntax error, unexpected '@', expecting ""SystemVerilog keyword 'endproperty'"".",26.309447288513184,3500,703
"module sec_lc_gate (
    input  logic sec_req_i,
    input  logic [2:0] lc_state_i,
    input  logic [1:0] access_type_i,
    output logic allow_o,
    output logic violation_o
);

    always_comb begin
        allow_o     = 1'b0;
        violation_o = 1'b0;

        if (sec_req_i) begin
            unique case (lc_state_i)
                3'b000: begin // TEST
                    unique case (access_type_i)
                        2'b00: allow_o = 1'b1;
                        2'b01: violation_o = 1'b1;
                        default: violation_o = 1'b1;
                    endcase
                end

                3'b001: begin // DEV
                    unique case (access_type_i)
                        2'b00, 2'b01: allow_o = 1'b1;
                        default: violation_o = 1'b1;
                    endcase
                end

                3'b010: begin // PROD
                    unique case (access_type_i)
                        2'b01: allow_o = 1'b1;
                        default: violation_o = 1'b1;
                    endcase
                end

                default: violation_o = 1'b1;
            endcase
        end
    end

endmodule
","module sec_lc_gate_assertions(
    input  logic sec_req_i,
    input  logic [2:0] lc_state_i,
    input  logic [1:0] access_type_i,
    output logic allow_o,
    output logic violation_o
);

    logic tmp_allow_o;
    logic tmp_violation_o;

    property p_test_allow_assign;
        if (sec_req_i) @(posedge clk) (lc_state_i == 3'b000) & (access_type_i == 2'b00) |-> (allow_o == 1'b1);
    endproperty
    assert property (p_test_allow_assign);

    property p_test_violation_assign;
        if (sec_req_i) @(posedge clk) (lc_state_i == 3'b000) & (access_type_i == 2'b01) |-> (violation_o == 1'b1);
    endproperty
    assert property (p_test_violation_assign);

    property p_dev_allow_assign;
        if (sec_req_i) @(posedge clk) (lc_state_i == 3'b001) & (access_type_i == 2'b00 || access_type_i == 2'b01) |-> (allow_o == 1'b1);
    endproperty
    assert property (p_dev_allow_assign);

    property p_dev_violation_assign;
        if (sec_req_i) @(posedge clk) (lc_state_i == 3'b001) & (access_type_i != 2'b00 && access_type_i != 2'b01) |-> (violation_o == 1'b1);
    endproperty
    assert property (p_dev_violation_assign);

    property p_prod_allow_assign;
        if (sec_req_i) @(posedge clk) (lc_state_i == 3'b010) & (access_type_i == 2'b01) |-> (allow_o == 1'b1);
    endproperty
    assert property (p_prod_allow_assign);

    property p_prod_violation_assign;
        if (sec_req_i) @(posedge clk) (lc_state_i == 3'b010) & (access_type_i != 2'b01) |-> (violation_o == 1'b1);
    endproperty
    assert property (p_prod_violation_assign);

endmodule","** Error: prueba.sv(13): (vlog-2730) Undefined variable: 'clk'.
** Error (suppressible): prueba.sv(15): (vlog-1957) The sva directive is not sensitive to a clock. Unclocked directives are not supported.
** Error: prueba.sv(18): (vlog-2730) Undefined variable: 'clk'.
** Error (suppressible): prueba.sv(20): (vlog-1957) The sva directive is not sensitive to a clock. Unclocked directives are not supported.
** Error: prueba.sv(23): (vlog-2730) Undefined variable: 'clk'.
** Error (suppressible): prueba.sv(25): (vlog-1957) The sva directive is not sensitive to a clock. Unclocked directives are not supported.
** Error: prueba.sv(28): (vlog-2730) Undefined variable: 'clk'.
** Error (suppressible): prueba.sv(30): (vlog-1957) The sva directive is not sensitive to a clock. Unclocked directives are not supported.
** Error: prueba.sv(33): (vlog-2730) Undefined variable: 'clk'.
** Error (suppressible): prueba.sv(35): (vlog-1957) The sva directive is not sensitive to a clock. Unclocked directives are not supported.
** Error: prueba.sv(38): (vlog-2730) Undefined variable: 'clk'.
** Error (suppressible): prueba.sv(40): (vlog-1957) The sva directive is not sensitive to a clock. Unclocked directives are not supported.
** Error: prueba.sv(13): (vlog-2730) Undefined variable: 'clk'.",39.39697861671448,3219,633
"module piton_l2_repl (
    input  logic [3:0] req_i,            // request from 4 cores
    input  logic [1:0] line_state_i [3:0], // MESI states per core
    input  logic [1:0] lru_i [3:0],     // LRU priority
    output logic [3:0] grant_o,
    output logic [3:0] evict_o,
    output logic [3:0] stall_o
);

    always_comb begin
        grant_o = 4'b0000;
        evict_o = 4'b0000;
        stall_o = 4'b0000;

        for (int i = 0; i < 4; i++) begin
            if (req_i[i]) begin
                unique case (line_state_i[i])
                    2'b00: grant_o[i] = 1'b1; // Invalid ? grant
                    2'b01: begin
                        unique case (lru_i[i])
                            2'b00: grant_o[i] = 1'b1;
                            2'b01: evict_o[i] = 1'b1;
                            default: stall_o[i] = 1'b1;
                        endcase
                    end
                    2'b10: begin
                        unique case (lru_i[i])
                            2'b00, 2'b01: grant_o[i] = 1'b1;
                            2'b10: evict_o[i] = 1'b1;
                            default: stall_o[i] = 1'b1;
                        endcase
                    end
                    2'b11: stall_o[i] = 1'b1;
                    default: stall_o[i] = 1'b1;
                endcase
            end
        end
    end
endmodule
","module piton_l2_repl_assertions(
    input  logic [3:0] req_i,            // request from 4 cores
    input  logic [1:0] line_state_i [3:0], // MESI states per core
    input  logic [1:0] lru_i [3:0],     // LRU priority
    output logic [3:0] grant_o,
    output logic [3:0] evict_o,
    output logic [3:0] stall_o
);
    localparam IDLE = 2'b00;
    localparam SHARED = 2'b01;
    localparam EXCLUSIVE = 2'b10;
    localparam INVALID = 2'b11;

    property p_grant_valid_req;
        for (int i = 0; i < 4; i++) begin
            (req_i[i]) |=> (grant_o[i] == 1'b1);
        end
    endproperty
    assert property (p_grant_valid_req);

    property p_grant_invalid_line_state;
        for (int i = 0; i < 4; i++) begin
            (req_i[i] && line_state_i[i] == INVALID) |=> (grant_o[i] == 1'b0);
        end
    endproperty
    assert property (p_grant_invalid_line_state);

    property p_evict_valid_shared_line;
        for (int i = 0; i < 4; i++) begin
            (req_i[i] && line_state_i[i] == SHARED) |-> (evict_o[i] == 1'b1);
        end
    endproperty
    assert property (p_evict_valid_shared_line);

    property p_evict_valid_exclusive_line;
        for (int i = 0; i < 4; i++) begin
            (req_i[i] && line_state_i[i] == EXCLUSIVE) |-> (evict_o[i] == 1'b0);
        end
    endproperty
    assert property (p_evict_valid_exclusive_line);

    property p_stall_valid_invalid_line;
        for (int i = 0; i < 4; i++) begin
            (req_i[i] && line_state_i[i] == INVALID) |-> (stall_o[i] == 1'b1);
        end
    endproperty
    assert property (p_stall_valid_invalid_line);

endmodule","** Error: (vlog-13069) prueba.sv(15): near ""for"": syntax error, unexpected for, expecting disable.
** Error: prueba.sv(15): (vlog-13205) Syntax error found in the scope following 'i'. Is there a missing '::'?",22.487998008728027,3335,627
"module chisel_event_dispatch (
    input  logic [7:0] evt_i,
    input  logic [3:0] fsm_state_i,
    output logic       fire_o,
    output logic       stall_o,
    output logic       error_o
);

    always_comb begin
        fire_o  = 1'b0;
        stall_o = 1'b0;
        error_o = 1'b0;

        unique case (fsm_state_i)
            4'd0: begin
                unique case (evt_i[1:0])
                    2'b00: fire_o = 1'b1;
                    2'b01: stall_o = 1'b1;
                    default: error_o = 1'b1;
                endcase
            end

            4'd1: begin
                unique case (evt_i[3:2])
                    2'b00: fire_o = 1'b1;
                    2'b01: stall_o = 1'b1;
                    default: error_o = 1'b1;
                endcase
            end

            4'd2: begin
                unique case (evt_i[5:4])
                    2'b00: fire_o = 1'b1;
                    2'b01: stall_o = 1'b1;
                    default: error_o = 1'b1;
                endcase
            end

            4'd3: begin
                unique case (evt_i[7:6])
                    2'b00: fire_o = 1'b1;
                    2'b01: stall_o = 1'b1;
                    default: error_o = 1'b1;
                endcase
            end

            default: error_o = 1'b1;
        endcase
    end
endmodule
","module chisel_event_dispatch_assertions(
    input  logic [7:0] evt_i,
    input  logic [3:0] fsm_state_i,
    output logic       fire_o,
    output logic       stall_o,
    output logic       error_o
);
    property p_fire_evt0_assign;
        (fsm_state_i == 4'd0) && (evt_i[1:0] == 2'b00) |-> (fire_o == 1'b1);
    endproperty
    assert property (p_fire_evt0_assign);

    property p_stall_evt0_assign;
        (fsm_state_i == 4'd0) && (evt_i[1:0] == 2'b01) |-> (stall_o == 1'b1);
    endproperty
    assert property (p_stall_evt0_assign);

    property p_error_evt0_assign;
        (fsm_state_i == 4'd0) && (evt_i[1:0] != 2'b00) && (evt_i[1:0] != 2'b01) |-> (error_o == 1'b1);
    endproperty
    assert property (p_error_evt0_assign);

    property p_fire_evt1_assign;
        (fsm_state_i == 4'd1) && (evt_i[3:2] == 2'b00) |-> (fire_o == 1'b1);
    endproperty
    assert property (p_fire_evt1_assign);

    property p_stall_evt1_assign;
        (fsm_state_i == 4'd1) && (evt_i[3:2] == 2'b01) |-> (stall_o == 1'b1);
    endproperty
    assert property (p_stall_evt1_assign);

    property p_error_evt1_assign;
        (fsm_state_i == 4'd1) && (evt_i[3:2] != 2'b00) && (evt_i[3:2] != 2'b01) |-> (error_o == 1'b1);
    endproperty
    assert property (p_error_evt1_assign);

    property p_fire_evt2_assign;
        (fsm_state_i == 4'd2) && (evt_i[5:4] == 2'b00) |-> (fire_o == 1'b1);
    endproperty
    assert property (p_fire_evt2_assign);

    property p_stall_evt2_assign;
        (fsm_state_i == 4'd2) && (evt_i[5:4] == 2'b01) |-> (stall_o == 1'b1);
    endproperty
    assert property (p_stall_evt2_assign);

    property p_error_evt2_assign;
        (fsm_state_i == 4'd2) && (evt_i[5:4] != 2'b00) && (evt_i[5:4] != 2'b01) |-> (error_o == 1'b1);
    endproperty
    assert property (p_error_evt2_assign);

    property p_fire_evt3_assign;
        (fsm_state_i == 4'd3) && (evt_i[7:6] == 2'b00) |-> (fire_o == 1'b1);
    endproperty
    assert property (p_fire_evt3_assign);

    property p_stall_evt3_assign;
        (fsm_state_i == 4'd3) && (evt_i[7:6] == 2'b01) |-> (stall_o == 1'b1);
    endproperty
    assert property (p_stall_evt3_assign);

    property p_error_evt3_assign;
        (fsm_state_i == 4'd3) && (evt_i[7:6] != 2'b00) && (evt_i[7:6] != 2'b01) |-> (error_o == 1'b1);
    endproperty
    assert property (p_error_evt3_assign);

endmodule","** Error (suppressible): prueba.sv(11): (vlog-1957) The sva directive is not sensitive to a clock. Unclocked directives are not supported.
** Error (suppressible): prueba.sv(16): (vlog-1957) The sva directive is not sensitive to a clock. Unclocked directives are not supported.
** Error (suppressible): prueba.sv(21): (vlog-1957) The sva directive is not sensitive to a clock. Unclocked directives are not supported.
** Error (suppressible): prueba.sv(26): (vlog-1957) The sva directive is not sensitive to a clock. Unclocked directives are not supported.
** Error (suppressible): prueba.sv(31): (vlog-1957) The sva directive is not sensitive to a clock. Unclocked directives are not supported.
** Error (suppressible): prueba.sv(36): (vlog-1957) The sva directive is not sensitive to a clock. Unclocked directives are not supported.
** Error (suppressible): prueba.sv(41): (vlog-1957) The sva directive is not sensitive to a clock. Unclocked directives are not supported.
** Error (suppressible): prueba.sv(46): (vlog-1957) The sva directive is not sensitive to a clock. Unclocked directives are not supported.
** Error (suppressible): prueba.sv(51): (vlog-1957) The sva directive is not sensitive to a clock. Unclocked directives are not supported.
** Error (suppressible): prueba.sv(56): (vlog-1957) The sva directive is not sensitive to a clock. Unclocked directives are not supported.
** Error (suppressible): prueba.sv(61): (vlog-1957) The sva directive is not sensitive to a clock. Unclocked directives are not supported.
** Error (suppressible): prueba.sv(66): (vlog-1957) The sva directive is not sensitive to a clock. Unclocked directives are not supported.",36.02102518081665,3316,1064
"module multi_proto_arbiter (
    input  logic tl_valid_i,
    input  logic axi_awvalid_i,
    input  logic axi_arvalid_i,
    input  logic obi_req_i,
    input  logic [2:0] tl_opcode_i,
    input  logic [1:0] obi_resp_i,
    output logic grant_o,
    output logic deny_o,
    output logic error_o
);

    always_comb begin
        grant_o = 1'b0;
        deny_o  = 1'b0;
        error_o = 1'b0;

        unique case (1'b1)
            tl_valid_i: begin
                unique case (tl_opcode_i)
                    3'b000: grant_o = 1'b1; // Get
                    3'b001, 3'b010: grant_o = 1'b1; // Put
                    default: deny_o = 1'b1;
                endcase
            end

            axi_awvalid_i || axi_arvalid_i: begin
                grant_o = 1'b1;
            end

            obi_req_i: begin
                unique case (obi_resp_i)
                    2'b00: grant_o = 1'b1;
                    2'b10: deny_o = 1'b1;
                    default: error_o = 1'b1;
                endcase
            end

            default: error_o = 1'b1;
        endcase
    end
endmodule
","module multi_proto_arbiter_assertions(
    input  logic tl_valid_i,
    input  logic axi_awvalid_i,
    input  logic axi_arvalid_i,
    input  logic obi_req_i,
    input  logic [2:0] tl_opcode_i,
    input  logic [1:0] obi_resp_i,
    output logic grant_o,
    output logic deny_o,
    output logic error_o
);

    property p_grant_tl_get;
        (tl_valid_i && tl_opcode_i == 3'b000) |-> grant_o;
    endproperty
    assert property (p_grant_tl_get);

    property p_grant_tl_put;
        (tl_valid_i && tl_opcode_i == 3'b001) |-> grant_o;
        (tl_valid_i && tl_opcode_i == 3'b010) |-> grant_o;
    endproperty
    assert property (p_grant_tl_put);

    property p_deny_tl_other;
        (tl_valid_i && tl_opcode_i != 3'b000) |-> deny_o;
        (tl_valid_i && tl_opcode_i != 3'b001) |-> deny_o;
        (tl_valid_i && tl_opcode_i != 3'b010) |-> deny_o;
    endproperty
    assert property (p_deny_tl_other);

    property p_grant_axi;
        (axi_awvalid_i || axi_arvalid_i) |-> grant_o;
    endproperty
    assert property (p_grant_axi);

    property p_grant_obi;
        (obi_req_i && obi_resp_i == 2'b00) |-> grant_o;
    endproperty
    assert property (p_grant_obi);

    property p_deny_obi;
        (obi_req_i && obi_resp_i == 2'b10) |-> deny_o;
    endproperty
    assert property (p_deny_obi);

    property p_error_default;
        (~tl_valid_i && ~axi_awvalid_i && ~axi_arvalid_i && ~obi_req_i) |-> error_o;
    endproperty
    assert property (p_error_default);

endmodule","** Error: (vlog-13069) prueba.sv(20): near ""("": syntax error, unexpected '(', expecting ""SystemVerilog keyword 'endproperty'"".
** Error: (vlog-13069) prueba.sv(26): near ""("": syntax error, unexpected '(', expecting ""SystemVerilog keyword 'endproperty'"".",37.48776960372925,3251,597
"module sec_lc_multi_gate (
    input  logic sec_req_i,
    input  logic [2:0] lc_state_i,
    input  logic [1:0] access_type_i,
    input  logic priv_i,
    output logic allow_o,
    output logic violation_o
);

    always_comb begin
        allow_o     = 1'b0;
        violation_o = 1'b0;

        if (sec_req_i) begin
            unique case (lc_state_i)
                3'b000: begin
                    unique case (access_type_i)
                        2'b00: begin
                            unique case (priv_i)
                                1'b1: allow_o = 1'b1;
                                default: violation_o = 1'b1;
                            endcase
                        end
                        2'b01: violation_o = 1'b1;
                        default: violation_o = 1'b1;
                    endcase
                end

                3'b001: begin
                    unique case (access_type_i)
                        2'b00, 2'b01: begin
                            unique case (priv_i)
                                1'b1: allow_o = 1'b1;
                                default: violation_o = 1'b1;
                            endcase
                        end
                        default: violation_o = 1'b1;
                    endcase
                end

                3'b010: begin
                    unique case (access_type_i)
                        2'b01: begin
                            unique case (priv_i)
                                1'b1: allow_o = 1'b1;
                                default: violation_o = 1'b1;
                            endcase
                        end
                        default: violation_o = 1'b1;
                    endcase
                end

                default: violation_o = 1'b1;
            endcase
        end
    end
endmodule
","module sec_lc_multi_gate_assertions(
    input  logic sec_req_i,
    input  logic [2:0] lc_state_i,
    input  logic [1:0] access_type_i,
    input  logic priv_i,
    output logic allow_o,
    output logic violation_o
);

    // Variables for assertion properties
    logic assertion_valid;

    // Assert property for sec_req_i = 1
    property p_sec_req_assert;
        assert (sec_req_i == 1) => assertion_valid == 1;
    endproperty
    assert property (p_sec_req_assert);

    // Assert property for each case statement
    property p_allow_assert;
        unique case (lc_state_i)
            3'b000: unique case (access_type_i)
                2'b00: unique case (priv_i)
                    1'b1: assert (allow_o == 1'b1);
                    default: assert (violation_o == 1'b1);
                endcase
                2'b01: assert (violation_o == 1'b1);
                default: assert (violation_o == 1'b1);
            endcase
    endproperty
    assert property (p_allow_assert);

    // Assert property for violation_o
    property p_violation_assert;
        unique case (lc_state_i)
            3'b000: unique case (access_type_i)
                2'b00: unique case (priv_i)
                    1'b1: assert (violation_o == 1'b0);
                    default: assert (violation_o == 1'b1);
                endcase
                2'b01: assert (violation_o == 1'b1);
                default: assert (violation_o == 1'b1);
            endcase
        unique case (lc_state_i)
            3'b001: unique case (access_type_i)
                2'b00, 2'b01: unique case (priv_i)
                    1'b1: assert (violation_o == 1'b0);
                    default: assert (violation_o == 1'b1);
                endcase
                default: assert (violation_o == 1'b1);
            endcase
        unique case (lc_state_i)
            3'b010: unique case (access_type_i)
                2'b01: unique case (priv_i)
                    1'b1: assert (violation_o == 1'b0);
                    default: assert (violation_o == 1'b1);
                endcase
                default: assert (violation_o == 1'b1);
            endcase
        default: assert (violation_o == 1'b1);
    endproperty
    assert property (p_violation_assert);

endmodule","** Error: (vlog-13069) prueba.sv(15): near ""assert"": syntax error, unexpected ""SystemVerilog keyword 'assert' "", expecting disable.
** Error: (vlog-13069) prueba.sv(21): near ""unique"": syntax error, unexpected ""SystemVerilog keyword 'unique'"", expecting disable.
** Error: (vlog-13069) prueba.sv(35): near ""unique"": syntax error, unexpected ""SystemVerilog keyword 'unique'"", expecting disable.",25.015873193740845,3340,708
"module multi_core_cache_arb (
    input  logic [3:0] req_i,
    input  logic [1:0] line_state_i [3:0],
    input  logic [2:0] msg_type_i [3:0],
    input  logic priv_i [3:0],
    output logic [3:0] grant_o,
    output logic [3:0] nack_o
);

    always_comb begin
        grant_o = 4'b0000;
        nack_o  = 4'b0000;

        for (int i=0; i<4; i++) begin
            if (req_i[i]) begin
                unique case (line_state_i[i])
                    2'b00: begin
                        unique case (msg_type_i[i])
                            3'b000: begin
                                unique case (priv_i[i])
                                    1'b1: grant_o[i] = 1'b1;
                                    default: nack_o[i] = 1'b1;
                                endcase
                            end
                            3'b001: grant_o[i] = 1'b1;
                            default: nack_o[i] = 1'b1;
                        endcase
                    end
                    2'b01: begin
                        unique case (msg_type_i[i])
                            3'b010: grant_o[i] = 1'b1;
                            default: nack_o[i] = 1'b1;
                        endcase
                    end
                    2'b10, 2'b11: nack_o[i] = 1'b1;
                    default: nack_o[i] = 1'b1;
                endcase
            end
        end
    end
endmodule
","module multi_core_cache_arb_assertions(
        input  logic [3:0] req_i,
        input  logic [1:0] line_state_i [3:0],
        input  logic [2:0] msg_type_i [3:0],
        input  logic priv_i [3:0],
        output logic [3:0] grant_o,
        output logic [3:0] nack_o
    );
        logic [3:0] grant_o_tmp;
        logic [3:0] nack_o_tmp;

        property p_grant_o_assign;
            for (int i=0; i<4; i++) begin
                (req_i[i]) |-> (grant_o_tmp[i] == line_state_i[i] == 2'b00 ? msg_type_i[i] == 3'b000 ? priv_i[i] == 1'b1 : 1'b0 : 1'b0);
            end
        endproperty
        assert property (p_grant_o_assign);

        property p_nack_o_assign;
            for (int i=0; i<4; i++) begin
                (req_i[i]) |-> (nack_o_tmp[i] == line_state_i[i] == 2'b00 ? msg_type_i[i] != 3'b000 ? 1'b1 : 1'b0 : 1'b0);
            end
        endproperty
        assert property (p_nack_o_assign);

        property p_grant_o_default_assign;
            for (int i=0; i<4; i++) begin
                (!req_i[i]) |-> (grant_o_tmp[i] == 1'b0);
            end
        endproperty
        assert property (p_grant_o_default_assign);

        property p_nack_o_default_assign;
            for (int i=0; i<4; i++) begin
                (!req_i[i]) |-> (nack_o_tmp[i] == 1'b0);
            end
        endproperty
        assert property (p_nack_o_default_assign);

    endmodule","** Error: (vlog-13069) prueba.sv(13): near ""for"": syntax error, unexpected for, expecting disable.
** Error: prueba.sv(13): (vlog-13205) Syntax error found in the scope following 'i'. Is there a missing '::'?",19.722711086273197,3304,548
"module piton_l2_evict_ctrl (
    input  logic [3:0] req_i,
    input  logic [1:0] line_state_i [3:0],
    input  logic [1:0] lru_i [3:0],
    input  logic priv_i [3:0],
    output logic [3:0] grant_o,
    output logic [3:0] evict_o,
    output logic [3:0] stall_o
);

    always_comb begin
        grant_o = 4'b0000;
        evict_o = 4'b0000;
        stall_o = 4'b0000;

        for (int i = 0; i < 4; i++) begin
            if (req_i[i]) begin
                unique case (line_state_i[i])
                    2'b00: begin
                        unique case (priv_i[i])
                            1'b1: grant_o[i] = 1'b1;
                            default: stall_o[i] = 1'b1;
                        endcase
                    end
                    2'b01: begin
                        unique case (lru_i[i])
                            2'b00: grant_o[i] = 1'b1;
                            2'b01: evict_o[i] = 1'b1;
                            default: stall_o[i] = 1'b1;
                        endcase
                    end
                    2'b10: begin
                        unique case (lru_i[i])
                            2'b00, 2'b01: grant_o[i] = 1'b1;
                            2'b10: evict_o[i] = 1'b1;
                            default: stall_o[i] = 1'b1;
                        endcase
                    end
                    2'b11: stall_o[i] = 1'b1;
                    default: stall_o[i] = 1'b1;
                endcase
            end
        end
    end
endmodule
","module piton_l2_evict_ctrl_assertions(
    input  logic [3:0] req_i,
    input  logic [1:0] line_state_i [3:0],
    input  logic [1:0] lru_i [3:0],
    input  logic priv_i [3:0],
    output logic [3:0] grant_o,
    output logic [3:0] evict_o,
    output logic [3:0] stall_o
);

    logic [3:0] grant_o_expected;
    logic [3:0] evict_o_expected;
    logic [3:0] stall_o_expected;

    property p_grant_o_assign;
        for (int i = 0; i < 4; i++) begin
            if (req_i[i]) begin
                unique case (line_state_i[i])
                    2'b00: begin
                        unique case (priv_i[i])
                            1'b1: grant_o_expected[i] = 1'b1;
                            default: stall_o_expected[i] = 1'b1;
                        endcase
                    end
                    2'b01: begin
                        unique case (lru_i[i])
                            2'b00: grant_o_expected[i] = 1'b1;
                            2'b01: evict_o_expected[i] = 1'b1;
                            default: stall_o_expected[i] = 1'b1;
                        endcase
                    end
                    2'b10: begin
                        unique case (lru_i[i])
                            2'b00, 2'b01: grant_o_expected[i] = 1'b1;
                            2'b10: evict_o_expected[i] = 1'b1;
                            default: stall_o_expected[i] = 1'b1;
                        endcase
                    end
                    2'b11: stall_o_expected[i] = 1'b1;
                    default: stall_o_expected[i] = 1'b1;
                endcase
            end
        end
        assert property (grant_o == grant_o_expected && evict_o == evict_o_expected && stall_o == stall_o_expected);
    endproperty

endmodule","** Error: (vlog-13069) prueba.sv(16): near ""for"": syntax error, unexpected for, expecting disable.
** Error: prueba.sv(16): (vlog-13205) Syntax error found in the scope following 'i'. Is there a missing '::'?",21.551827430725098,3372,582
"module tl_axi_obi_bridge (
    input  logic tl_valid_i,
    input  logic [2:0] tl_opcode_i,
    input  logic axi_awvalid_i,
    input  logic axi_arvalid_i,
    input  logic [1:0] obi_resp_i,
    input  logic priv_i,
    output logic tl_a_valid_o,
    output logic [2:0] tl_a_opcode_o,
    output logic obi_req_o,
    output logic obi_we_o,
    output logic [1:0] axi_rresp_o
);

    always_comb begin
        tl_a_valid_o  = 1'b0;
        tl_a_opcode_o = 3'b000;
        obi_req_o     = 1'b0;
        obi_we_o      = 1'b0;
        axi_rresp_o   = 2'b00;

        // TL ? OBI
        if (tl_valid_i) begin
            unique case (tl_opcode_i)
                3'b000: begin
                    tl_a_valid_o  = 1'b1;
                    tl_a_opcode_o = 3'b000; // Get
                    obi_req_o     = 1'b1;
                    obi_we_o      = 1'b0;
                end
                3'b001, 3'b010: begin
                    tl_a_valid_o  = 1'b1;
                    tl_a_opcode_o = tl_opcode_i;
                    obi_req_o     = 1'b1;
                    obi_we_o      = 1'b1;
                end
                default: axi_rresp_o = 2'b11; // DECERR
            endcase
        end

        // AXI ? TL mapping
        unique case (1'b1)
            axi_arvalid_i: begin
                tl_a_valid_o  = 1'b1;
                tl_a_opcode_o = 3'b000; // Get
            end
            axi_awvalid_i: begin
                tl_a_valid_o  = 1'b1;
                tl_a_opcode_o = 3'b001; // PutFull
            end
        endcase

        // OBI ? AXI Response
        unique case (obi_resp_i)
            2'b00: axi_rresp_o = 2'b00; // OKAY
            2'b10: axi_rresp_o = 2'b10; // SLVERR
            default: axi_rresp_o = 2'b11; // DECERR
        endcase

        // Privilege enforcement
        if (!priv_i) begin
            axi_rresp_o = 2'b10;
            tl_a_valid_o = 1'b0;
            obi_req_o    = 1'b0;
        end
    end
endmodule
","module tl_axi_obi_bridge_assertions(
    input  logic tl_valid_i,
    input  logic [2:0] tl_opcode_i,
    input  logic axi_awvalid_i,
    input  logic axi_arvalid_i,
    input  logic [1:0] obi_resp_i,
    input  logic priv_i,
    output logic tl_a_valid_o,
    output logic [2:0] tl_a_opcode_o,
    output logic obi_req_o,
    output logic obi_we_o,
    output logic [1:0] axi_rresp_o
);

    property p_tl_a_valid_get;
        (tl_opcode_i == 3'b000) |=> (tl_a_valid_o == 1'b1);
    endproperty
    assert property (p_tl_a_valid_get);

    property p_tl_a_opcode_get;
        (tl_opcode_i == 3'b000) |=> (tl_a_opcode_o == 3'b000);
    endproperty
    assert property (p_tl_a_opcode_get);

    property p_obi_req_get;
        (tl_opcode_i == 3'b000) |=> (obi_req_o == 1'b1);
    endproperty
    assert property (p_obi_req_get);

    property p_obi_we_putfull;
        (tl_opcode_i != 3'b000) |=> (obi_we_o == 1'b1);
    endproperty
    assert property (p_obi_we_putfull);

    property p_axi_rresp_okay;
        (obi_resp_i == 2'b00) |=> (axi_rresp_o == 2'b00);
    endproperty
    assert property (p_axi_rresp_okay);

    property p_axi_rresp_slverr;
        (obi_resp_i == 2'b10) |=> (axi_rresp_o == 2'b10);
    endproperty
    assert property (p_axi_rresp_slverr);

    property p_tl_a_valid_priv;
        (!priv_i) |=> (tl_a_valid_o == 1'b0);
    endproperty
    assert property (p_tl_a_valid_priv);

    property p_obi_req_priv;
        (!priv_i) |=> (obi_req_o == 1'b0);
    endproperty
    assert property (p_obi_req_priv);

endmodule","** Error (suppressible): prueba.sv(18): (vlog-1957) The sva directive is not sensitive to a clock. Unclocked directives are not supported.
** Error (suppressible): prueba.sv(23): (vlog-1957) The sva directive is not sensitive to a clock. Unclocked directives are not supported.
** Error (suppressible): prueba.sv(28): (vlog-1957) The sva directive is not sensitive to a clock. Unclocked directives are not supported.
** Error (suppressible): prueba.sv(33): (vlog-1957) The sva directive is not sensitive to a clock. Unclocked directives are not supported.
** Error (suppressible): prueba.sv(38): (vlog-1957) The sva directive is not sensitive to a clock. Unclocked directives are not supported.
** Error (suppressible): prueba.sv(43): (vlog-1957) The sva directive is not sensitive to a clock. Unclocked directives are not supported.
** Error (suppressible): prueba.sv(48): (vlog-1957) The sva directive is not sensitive to a clock. Unclocked directives are not supported.
** Error (suppressible): prueba.sv(53): (vlog-1957) The sva directive is not sensitive to a clock. Unclocked directives are not supported.",25.486921310424805,3615,659
"module multi_core_bus_arb (
    input  logic [3:0] req_i,
    input  logic [1:0] line_state_i [3:0],
    input  logic [2:0] msg_type_i [3:0],
    input  logic priv_i [3:0],
    output logic [3:0] grant_o,
    output logic [3:0] nack_o
);

    always_comb begin
        grant_o = 4'b0000;
        nack_o  = 4'b0000;

        for (int i=0; i<4; i++) begin
            if (req_i[i]) begin
                unique case (line_state_i[i])
                    2'b00: begin
                        unique case (msg_type_i[i])
                            3'b000: begin
                                unique case (priv_i[i])
                                    1'b1: grant_o[i] = 1'b1;
                                    default: nack_o[i] = 1'b1;
                                endcase
                            end
                            3'b001: grant_o[i] = 1'b1;
                            default: nack_o[i] = 1'b1;
                        endcase
                    end
                    2'b01: begin
                        unique case (msg_type_i[i])
                            3'b010: grant_o[i] = 1'b1;
                            default: nack_o[i] = 1'b1;
                        endcase
                    end
                    2'b10, 2'b11: nack_o[i] = 1'b1;
                    default: nack_o[i] = 1'b1;
                endcase
            end
        end
    end
endmodule
","module multi_core_bus_arb_assertions(
    input  logic [3:0] req_i,
    input  logic [1:0] line_state_i [3:0],
    input  logic [2:0] msg_type_i [3:0],
    input  logic priv_i [3:0],
    output logic [3:0] grant_o,
    output logic [3:0] nack_o
);

    logic [3:0] expected_grant_o;
    logic [3:0] expected_nack_o;

    always_comb begin
        expected_grant_o = 4'b0000;
        expected_nack_o  = 4'b0000;

        for (int i=0; i<4; i++) begin
            if (req_i[i]) begin
                unique case (line_state_i[i])
                    2'b00: begin
                        unique case (msg_type_i[i])
                            3'b000: begin
                                unique case (priv_i[i])
                                    1'b1: begin
                                        expected_grant_o[i] = 1'b1;
                                        expected_nack_o[i] = 1'b0;
                                    end
                                    default: begin
                                        expected_grant_o[i] = 1'b0;
                                        expected_nack_o[i] = 1'b1;
                                    end
                                endcase
                            end
                            3'b001: begin
                                expected_grant_o[i] = 1'b1;
                                expected_nack_o[i] = 1'b0;
                            end
                            default: begin
                                expected_grant_o[i] = 1'b0;
                                expected_nack_o[i] = 1'b1;
                            end
                        endcase
                    end
                    2'b01: begin
                        unique case (msg_type_i[i])
                            3'b010: begin
                                expected_grant_o[i] = 1'b1;
                                expected_nack_o[i] = 1'b0;
                            end
                            default: begin
                                expected_grant_o[i] = 1'b0;
                                expected_nack_o[i] = 1'b1;
                            end
                        endcase
                    end
                    2'b10, 2'b11: begin
                        expected_grant_o[i] = 1'b0;
                        expected_nack_o[i] = 1'b1;
                    end
                    default: begin
                        expected_grant_o[i] = 1'b0;
                        expected_nack_o[i] = 1'b1;
                    end
                endcase
            end
        end

        assert property (expected_grant_o == grant_o);
        assert property (expected_nack_o == nack_o);
    end

endmodule","** Error (suppressible): prueba.sv(68): (vlog-1957) The sva directive is not sensitive to a clock. Unclocked directives are not supported.
** Error (suppressible): prueba.sv(69): (vlog-1957) The sva directive is not sensitive to a clock. Unclocked directives are not supported.",42.758549451828,3304,721
"module sec_lc_gate_4lvl (
    input  logic sec_req_i,
    input  logic [2:0] lc_state_i,
    input  logic [1:0] access_type_i,
    input  logic priv_i,
    output logic allow_o,
    output logic violation_o
);

    always_comb begin
        allow_o     = 1'b0;
        violation_o = 1'b0;

        if (sec_req_i) begin
            unique case (lc_state_i)
                3'b000: begin
                    unique case (access_type_i)
                        2'b00: begin
                            unique case (priv_i)
                                1'b1: allow_o = 1'b1;
                                default: violation_o = 1'b1;
                            endcase
                        end
                        2'b01: violation_o = 1'b1;
                        default: violation_o = 1'b1;
                    endcase
                end

                3'b001: begin
                    unique case (access_type_i)
                        2'b00, 2'b01: begin
                            unique case (priv_i)
                                1'b1: allow_o = 1'b1;
                                default: violation_o = 1'b1;
                            endcase
                        end
                        default: violation_o = 1'b1;
                    endcase
                end

                3'b010: begin
                    unique case (access_type_i)
                        2'b01: begin
                            unique case (priv_i)
                                1'b1: allow_o = 1'b1;
                                default: violation_o = 1'b1;
                            endcase
                        end
                        default: violation_o = 1'b1;
                    endcase
                end

                default: violation_o = 1'b1;
            endcase
        end
    end
endmodule
","module sec_lc_gate_4lvl_assertions(
    input  logic sec_req_i,
    input  logic [2:0] lc_state_i,
    input  logic [1:0] access_type_i,
    input  logic priv_i,
    output logic allow_o,
    output logic violation_o
);

    property p_allow_sec_req_0;
        (sec_req_i == 1'b1) & (lc_state_i == 3'b000) & (access_type_i == 2'b00) & (priv_i == 1'b1) |-> (allow_o == 1'b1);
    endproperty
    assert property (p_allow_sec_req_0);

    property p_violation_sec_req_0;
        (sec_req_i == 1'b1) & (lc_state_i == 3'b000) & (access_type_i == 2'b00) & (priv_i == 1'b0) |-> (violation_o == 1'b1);
    endproperty
    assert property (p_violation_sec_req_0);

    property p_violation_sec_req_1;
        (sec_req_i == 1'b1) & (lc_state_i == 3'b000) & (access_type_i == 2'b01) |-> (violation_o == 1'b1);
    endproperty
    assert property (p_violation_sec_req_1);

    property p_allow_sec_req_2;
        (sec_req_i == 1'b1) & (lc_state_i == 3'b001) & (access_type_i == 2'b00) & (priv_i == 1'b1) |-> (allow_o == 1'b1);
    endproperty
    assert property (p_allow_sec_req_2);

    property p_violation_sec_req_2;
        (sec_req_i == 1'b1) & (lc_state_i == 3'b001) & (access_type_i == 2'b00) & (priv_i == 1'b0) |-> (violation_o == 1'b1);
    endproperty
    assert property (p_violation_sec_req_2);

    property p_violation_sec_req_3;
        (sec_req_i == 1'b1) & (lc_state_i == 3'b001) & (access_type_i == 2'b01) |-> (violation_o == 1'b1);
    endproperty
    assert property (p_violation_sec_req_3);

    property p_allow_sec_req_3;
        (sec_req_i == 1'b1) & (lc_state_i == 3'b010) & (access_type_i == 2'b01) & (priv_i == 1'b1) |-> (allow_o == 1'b1);
    endproperty
    assert property (p_allow_sec_req_3);

    property p_violation_sec_req_4;
        (sec_req_i == 1'b1) & (lc_state_i == 3'b010) & (access_type_i == 2'b01) & (priv_i == 1'b0) |-> (violation_o == 1'b1);
    endproperty
    assert property (p_violation_sec_req_4);

    property p_violation_sec_req_5;
        (sec_req_i == 1'b1) & (lc_state_i == 3'b010) & (access_type_i != 2'b01) |-> (violation_o == 1'b1);
    endproperty
    assert property (p_violation_sec_req_5);

    property p_violation_sec_req_6;
        (sec_req_i == 1'b1) & (lc_state_i != 3'b010) |-> (violation_o == 1'b1);
    endproperty
    assert property (p_violation_sec_req_6);
endmodule","** Error (suppressible): prueba.sv(13): (vlog-1957) The sva directive is not sensitive to a clock. Unclocked directives are not supported.
** Error (suppressible): prueba.sv(18): (vlog-1957) The sva directive is not sensitive to a clock. Unclocked directives are not supported.
** Error (suppressible): prueba.sv(23): (vlog-1957) The sva directive is not sensitive to a clock. Unclocked directives are not supported.
** Error (suppressible): prueba.sv(28): (vlog-1957) The sva directive is not sensitive to a clock. Unclocked directives are not supported.
** Error (suppressible): prueba.sv(33): (vlog-1957) The sva directive is not sensitive to a clock. Unclocked directives are not supported.
** Error (suppressible): prueba.sv(38): (vlog-1957) The sva directive is not sensitive to a clock. Unclocked directives are not supported.
** Error (suppressible): prueba.sv(43): (vlog-1957) The sva directive is not sensitive to a clock. Unclocked directives are not supported.
** Error (suppressible): prueba.sv(48): (vlog-1957) The sva directive is not sensitive to a clock. Unclocked directives are not supported.
** Error (suppressible): prueba.sv(53): (vlog-1957) The sva directive is not sensitive to a clock. Unclocked directives are not supported.
** Error (suppressible): prueba.sv(58): (vlog-1957) The sva directive is not sensitive to a clock. Unclocked directives are not supported.",36.128960371017456,3341,1058
"module chisel_priority_mux_nested (
    input  logic [3:0] sel_i,
    input  logic [7:0] in0_i,
    input  logic [7:0] in1_i,
    input  logic [7:0] in2_i,
    input  logic [7:0] in3_i,
    input  logic event_i,
    output logic [7:0] out_o
);

    always_comb begin
        out_o = 8'h00;

        case (1'b1)
            sel_i[0]: begin
                unique case (event_i)
                    1'b1: out_o = in0_i;
                    default: out_o = 8'hFF;
                endcase
            end
            sel_i[1]: begin
                unique case (event_i)
                    1'b1: out_o = in1_i;
                    default: out_o = 8'hFF;
                endcase
            end
            sel_i[2]: begin
                unique case (event_i)
                    1'b1: out_o = in2_i;
                    default: out_o = 8'hFF;
                endcase
            end
            sel_i[3]: begin
                unique case (event_i)
                    1'b1: out_o = in3_i;
                    default: out_o = 8'hFF;
                endcase
            end
            default: out_o = 8'h00;
        endcase
    end
endmodule
","module chisel_priority_mux_nested_assertions(
    input  logic [3:0] sel_i,
    input  logic [7:0] in0_i,
    input  logic [7:0] in1_i,
    input  logic [7:0] in2_i,
    input  logic [7:0] in3_i,
    input  logic event_i,
    output logic [7:0] out_o
);
    property p_out_o_in0_i;
        (event_i && sel_i[0]) |-> (out_o == in0_i);
    endproperty
    assert property (p_out_o_in0_i);

    property p_out_o_in1_i;
        (event_i && sel_i[1]) |-> (out_o == in1_i);
    endproperty
    assert property (p_out_o_in1_i);

    property p_out_o_in2_i;
        (event_i && sel_i[2]) |-> (out_o == in2_i);
    endproperty
    assert property (p_out_o_in2_i);

    property p_out_o_in3_i;
        (event_i && sel_i[3]) |-> (out_o == in3_i);
    endproperty
    assert property (p_out_o_in3_i);

endmodule","** Error (suppressible): prueba.sv(13): (vlog-1957) The sva directive is not sensitive to a clock. Unclocked directives are not supported.
** Error (suppressible): prueba.sv(18): (vlog-1957) The sva directive is not sensitive to a clock. Unclocked directives are not supported.
** Error (suppressible): prueba.sv(23): (vlog-1957) The sva directive is not sensitive to a clock. Unclocked directives are not supported.
** Error (suppressible): prueba.sv(28): (vlog-1957) The sva directive is not sensitive to a clock. Unclocked directives are not supported.",32.47293019294739,3239,355
"module piton_l2_coh_evict (
    input  logic [3:0] req_i,
    input  logic [1:0] line_state_i [3:0],
    input  logic [1:0] lru_i [3:0],
    input  logic [2:0] msg_type_i [3:0],
    output logic [3:0] grant_o,
    output logic [3:0] evict_o,
    output logic [3:0] nack_o
);

    always_comb begin
        grant_o = 4'b0000;
        evict_o = 4'b0000;
        nack_o  = 4'b0000;

        for (int i = 0; i < 4; i++) begin
            if (req_i[i]) begin
                unique case (line_state_i[i])
                    2'b00: begin
                        unique case (msg_type_i[i])
                            3'b000: grant_o[i] = 1'b1;
                            3'b001: begin
                                unique case (lru_i[i])
                                    2'b00: grant_o[i] = 1'b1;
                                    2'b01: evict_o[i] = 1'b1;
                                    default: nack_o[i] = 1'b1;
                                endcase
                            end
                            default: nack_o[i] = 1'b1;
                        endcase
                    end
                    2'b01: begin
                        unique case (msg_type_i[i])
                            3'b010: grant_o[i] = 1'b1;
                            default: nack_o[i] = 1'b1;
                        endcase
                    end
                    2'b10, 2'b11: nack_o[i] = 1'b1;
                    default: nack_o[i] = 1'b1;
                endcase
            end
        end
    end
endmodule
","module piton_l2_coh_evict_assertions(
    input  logic [3:0] req_i,
    input  logic [1:0] line_state_i [3:0],
    input  logic [1:0] lru_i [3:0],
    input  logic [2:0] msg_type_i [3:0],
    output logic [3:0] grant_o,
    output logic [3:0] evict_o,
    output logic [3:0] nack_o
);
    
    logic [3:0] state [3:0];
    logic [3:0] msg_type [3:0];
    logic [3:0] lru [3:0];
    
    property p_grant_valid;
        for (int i = 0; i < 4; i++) (req_i[i] && grant_o[i]) |-> (true);
    endproperty
    assert property (p_grant_valid);

    property p_evict_valid;
        for (int i = 0; i < 4; i++) (req_i[i] && evict_o[i]) |-> (true);
    endproperty
    assert property (p_evict_valid);

    property p_nack_valid;
        for (int i = 0; i < 4; i++) (req_i[i] && nack_o[i]) |-> (true);
    endproperty
    assert property (p_nack_valid);

    property p_grant_line_state;
        for (int i = 0; i < 4; i++) (req_i[i] && grant_o[i]) |-> (line_state_i[i] == 2'b00);
    endproperty
    assert property (p_grant_line_state);

    property p_evict_line_state;
        for (int i = 0; i < 4; i++) (req_i[i] && evict_o[i]) |-> (line_state_i[i] == 2'b01);
    endproperty
    assert property (p_evict_line_state);

    property p_grant_msg_type;
        for (int i = 0; i < 4; i++) (req_i[i] && grant_o[i]) |-> (msg_type_i[i] == 3'b000);
    endproperty
    assert property (p_grant_msg_type);

    property p_evict_msg_type;
        for (int i = 0; i < 4; i++) (req_i[i] && evict_o[i]) |-> (msg_type_i[i] == 3'b001);
    endproperty
    assert property (p_evict_msg_type);

    property p_grant_lru;
        for (int i = 0; i < 4; i++) (req_i[i] && grant_o[i]) |-> (lru_i[i] == 2'b00);
    endproperty
    assert property (p_grant_lru);

endmodule","** Error: (vlog-13069) prueba.sv(16): near ""for"": syntax error, unexpected for, expecting disable.
** Error: prueba.sv(16): (vlog-13205) Syntax error found in the scope following 'i'. Is there a missing '::'?",27.415786743164062,3370,765
"module tl_axi_obi_bridge_sec (
    input  logic tl_valid_i,
    input  logic [2:0] tl_opcode_i,
    input  logic axi_awvalid_i,
    input  logic axi_arvalid_i,
    input  logic [1:0] obi_resp_i,
    input  logic priv_i,
    output logic tl_a_valid_o,
    output logic [2:0] tl_a_opcode_o,
    output logic obi_req_o,
    output logic obi_we_o,
    output logic [1:0] axi_rresp_o
);

    always_comb begin
        tl_a_valid_o  = 1'b0;
        tl_a_opcode_o = 3'b000;
        obi_req_o     = 1'b0;
        obi_we_o      = 1'b0;
        axi_rresp_o   = 2'b00;

        if (tl_valid_i) begin
            unique case (tl_opcode_i)
                3'b000: begin
                    tl_a_valid_o  = 1'b1;
                    tl_a_opcode_o = 3'b000; // Get
                    obi_req_o     = 1'b1;
                    obi_we_o      = 1'b0;
                end
                3'b001, 3'b010: begin
                    tl_a_valid_o  = 1'b1;
                    tl_a_opcode_o = tl_opcode_i;
                    obi_req_o     = 1'b1;
                    obi_we_o      = 1'b1;
                end
                default: axi_rresp_o = 2'b11;
            endcase
        end

        unique case (1'b1)
            axi_arvalid_i: begin
                tl_a_valid_o  = 1'b1;
                tl_a_opcode_o = 3'b000;
            end
            axi_awvalid_i: begin
                tl_a_valid_o  = 1'b1;
                tl_a_opcode_o = 3'b001;
            end
        endcase

        unique case (obi_resp_i)
            2'b00: axi_rresp_o = 2'b00;
            2'b10: axi_rresp_o = 2'b10;
            default: axi_rresp_o = 2'b11;
        endcase

        if (!priv_i) begin
            axi_rresp_o = 2'b10;
            tl_a_valid_o = 1'b0;
            obi_req_o    = 1'b0;
        end
    end
endmodule
","module tl_axi_obi_bridge_sec_assertions(
    input  logic tl_valid_i,
    input  logic [2:0] tl_opcode_i,
    input  logic axi_awvalid_i,
    input  logic axi_arvalid_i,
    input  logic [1:0] obi_resp_i,
    input  logic priv_i,
    output logic tl_a_valid_o,
    output logic [2:0] tl_a_opcode_o,
    output logic obi_req_o,
    output logic obi_we_o,
    output logic [1:0] axi_rresp_o
);

    property p_tl_a_valid_get_assign;
        tl_a_valid_o == 1'b1 && tl_opcode_i == 3'b000;
    endproperty
    assert property (p_tl_a_valid_get_assign);

    property p_tl_a_opcode_get_assign;
        tl_a_opcode_o == 3'b000 && tl_opcode_i == 3'b000;
    endproperty
    assert property (p_tl_a_opcode_get_assign);

    property p_obi_req_get_assign;
        obi_req_o == 1'b1 && tl_opcode_i == 3'b000;
    endproperty
    assert property (p_obi_req_get_assign);

    property p_obi_we_get_assign;
        obi_we_o == 1'b0 && tl_opcode_i == 3'b000;
    endproperty
    assert property (p_obi_we_get_assign);

    property p_axi_rresp_get_assign;
        axi_rresp_o == 2'b00 && tl_opcode_i == 3'b000;
    endproperty
    assert property (p_axi_rresp_get_assign);

    property p_tl_a_valid_write_assign;
        tl_a_valid_o == 1'b1 && (tl_opcode_i == 3'b001 || tl_opcode_i == 3'b010);
    endproperty
    assert property (p_tl_a_valid_write_assign);

    property p_tl_a_opcode_write_assign;
        tl_a_opcode_o == tl_opcode_i && (tl_opcode_i == 3'b001 || tl_opcode_i == 3'b010);
    endproperty
    assert property (p_tl_a_opcode_write_assign);

    property p_obi_req_write_assign;
        obi_req_o == 1'b1 && (tl_opcode_i == 3'b001 || tl_opcode_i == 3'b010);
    endproperty
    assert property (p_obi_req_write_assign);

    property p_obi_we_write_assign;
        obi_we_o == 1'b1 && (tl_opcode_i == 3'b001 || tl_opcode_i == 3'b010);
    endproperty
    assert property (p_obi_we_write_assign);

    property p_axi_rresp_write_assign;
        axi_rresp_o == 2'b00 && (tl_opcode_i == 3'b001 || tl_opcode_i == 3'b010);
    endproperty
    assert property (p_axi_rresp_write_assign);

    property p_tl_a_valid_no_assign;
        tl_a_valid_o == 1'b0 && (tl_opcode_i != 3'b000 && tl_opcode_i != 3'b001 && tl_opcode_i != 3'b010);
    endproperty
    assert property (p_tl_a_valid_no_assign);

    property p_axi_rresp_error_assign;
        axi_rresp_o == 2'b11 && (tl_opcode_i != 3'b000 && tl_opcode_i != 3'b001 && tl_opcode_i != 3'b010);
    endproperty
    assert property (p_axi_rresp_error_assign);

endmodule","** Error (suppressible): prueba.sv(18): (vlog-1957) The sva directive is not sensitive to a clock. Unclocked directives are not supported.
** Error (suppressible): prueba.sv(23): (vlog-1957) The sva directive is not sensitive to a clock. Unclocked directives are not supported.
** Error (suppressible): prueba.sv(28): (vlog-1957) The sva directive is not sensitive to a clock. Unclocked directives are not supported.
** Error (suppressible): prueba.sv(33): (vlog-1957) The sva directive is not sensitive to a clock. Unclocked directives are not supported.
** Error (suppressible): prueba.sv(38): (vlog-1957) The sva directive is not sensitive to a clock. Unclocked directives are not supported.
** Error (suppressible): prueba.sv(43): (vlog-1957) The sva directive is not sensitive to a clock. Unclocked directives are not supported.
** Error (suppressible): prueba.sv(48): (vlog-1957) The sva directive is not sensitive to a clock. Unclocked directives are not supported.
** Error (suppressible): prueba.sv(53): (vlog-1957) The sva directive is not sensitive to a clock. Unclocked directives are not supported.
** Error (suppressible): prueba.sv(58): (vlog-1957) The sva directive is not sensitive to a clock. Unclocked directives are not supported.
** Error (suppressible): prueba.sv(63): (vlog-1957) The sva directive is not sensitive to a clock. Unclocked directives are not supported.
** Error (suppressible): prueba.sv(68): (vlog-1957) The sva directive is not sensitive to a clock. Unclocked directives are not supported.
** Error (suppressible): prueba.sv(73): (vlog-1957) The sva directive is not sensitive to a clock. Unclocked directives are not supported.",56.07759237289429,3571,1065
"module chisel_priority_fsm (
    input  logic [7:0] evt_i,
    input  logic [3:0] state_i,
    output logic fire_o,
    output logic stall_o,
    output logic error_o
);

    always_comb begin
        fire_o  = 1'b0;
        stall_o = 1'b0;
        error_o = 1'b0;

        unique case (state_i)
            4'd0: unique case (evt_i[1:0])
                      2'b00: fire_o = 1'b1;
                      2'b01: stall_o = 1'b1;
                      default: error_o = 1'b1;
                  endcase
            4'd1: unique case (evt_i[3:2])
                      2'b00: fire_o = 1'b1;
                      2'b01: stall_o = 1'b1;
                      default: error_o = 1'b1;
                  endcase
            4'd2: unique case (evt_i[5:4])
                      2'b00: fire_o = 1'b1;
                      2'b01: stall_o = 1'b1;
                      default: error_o = 1'b1;
                  endcase
            4'd3: unique case (evt_i[7:6])
                      2'b00: fire_o = 1'b1;
                      2'b01: stall_o = 1'b1;
                      default: error_o = 1'b1;
                  endcase
            default: error_o = 1'b1;
        endcase
    end
endmodule
","module chisel_priority_fsm_assertions(
    input  logic [7:0] evt_i,
    input  logic [3:0] state_i,
    output logic fire_o,
    output logic stall_o,
    output logic error_o
);

    logic [3:0] next_state;

    always_comb begin
        fire_o  = 1'b0;
        stall_o = 1'b0;
        error_o = 1'b0;

        unique case (state_i)
            4'd0: unique case (evt_i[1:0])
                      2'b00: begin
                          fire_o = 1'b1;
                          next_state = 4'd1;
                      end
                      2'b01: begin
                          stall_o = 1'b1;
                          next_state = 4'd0;
                      end
                      default: error_o = 1'b1;
                  endcase
            4'd1: unique case (evt_i[3:2])
                      2'b00: begin
                          fire_o = 1'b1;
                          next_state = 4'd2;
                      end
                      2'b01: begin
                          stall_o = 1'b1;
                          next_state = 4'd1;
                      end
                      default: error_o = 1'b1;
                  endcase
            4'd2: unique case (evt_i[5:4])
                      2'b00: begin
                          fire_o = 1'b1;
                          next_state = 4'd3;
                      end
                      2'b01: begin
                          stall_o = 1'b1;
                          next_state = 4'd2;
                      end
                      default: error_o = 1'b1;
                  endcase
            4'd3: unique case (evt_i[7:6])
                      2'b00: begin
                          fire_o = 1'b1;
                          next_state = 4'd0;
                      end
                      2'b01: begin
                          stall_o = 1'b1;
                          next_state = 4'd3;
                      end
                      default: error_o = 1'b1;
                  endcase
            default: error_o = 1'b1;
        endcase
    end

    property p_next_state_update;
        @(posedge clk) state_i == next_state;
    endproperty
    assert property (p_next_state_update);

endmodule","** Error: prueba.sv(66): (vlog-2730) Undefined variable: 'clk'.
** Error (suppressible): prueba.sv(68): (vlog-1957) The sva directive is not sensitive to a clock. Unclocked directives are not supported.
** Error: prueba.sv(66): (vlog-2730) Undefined variable: 'clk'.",41.001150369644165,3284,631
"module sec_lc_gate_nested (
    input  logic sec_req_i,
    input  logic [2:0] lc_state_i,
    input  logic [1:0] access_type_i,
    input  logic priv_i,
    input  logic alert_i,
    output logic allow_o,
    output logic violation_o
);

    always_comb begin
        allow_o     = 1'b0;
        violation_o = 1'b0;

        if (sec_req_i) begin
            unique case (lc_state_i)
                3'b000: unique case (access_type_i)
                            2'b00: unique case (priv_i)
                                        1'b1: unique case (alert_i)
                                                    1'b0: allow_o = 1'b1;
                                                    default: violation_o = 1'b1;
                                                endcase
                                        default: violation_o = 1'b1;
                                    endcase
                            2'b01: violation_o = 1'b1;
                            default: violation_o = 1'b1;
                        endcase
                3'b001: unique case (access_type_i)
                            2'b00, 2'b01: unique case (priv_i)
                                              1'b1: allow_o = 1'b1;
                                              default: violation_o = 1'b1;
                                          endcase
                            default: violation_o = 1'b1;
                        endcase
                3'b010: unique case (access_type_i)
                            2'b01: unique case (priv_i)
                                      1'b1: allow_o = 1'b1;
                                      default: violation_o = 1'b1;
                                  endcase
                            default: violation_o = 1'b1;
                        endcase
                default: violation_o = 1'b1;
            endcase
        end
    end
endmodule
","module sec_lc_gate_nested_assertions(
    input  logic sec_req_i,
    input  logic [2:0] lc_state_i,
    input  logic [1:0] access_type_i,
    input  logic priv_i,
    input  logic alert_i,
    output logic allow_o,
    output logic violation_o
);

    property p_allow_sec_req_000_access_type_00_priv_1_alert_0;
        (sec_req_i && lc_state_i == 3'b000 && access_type_i == 2'b00 && priv_i && !alert_i) |=> allow_o;
    endproperty
    assert property (p_allow_sec_req_000_access_type_00_priv_1_alert_0);

    property p_violation_sec_req_000_access_type_00_priv_1_alert_1;
        (sec_req_i && lc_state_i == 3'b000 && access_type_i == 2'b00 && priv_i && alert_i) |=> violation_o;
    endproperty
    assert property (p_violation_sec_req_000_access_type_00_priv_1_alert_1);

    property p_violation_sec_req_000_access_type_01_priv_any_alert_any;
        (sec_req_i && lc_state_i == 3'b000 && access_type_i == 2'b01) |=> violation_o;
    endproperty
    assert property (p_violation_sec_req_000_access_type_01_priv_any_alert_any);

    property p_allow_sec_req_001_access_type_00_priv_1_alert_0;
        (sec_req_i && lc_state_i == 3'b001 && access_type_i == 2'b00 && priv_i && !alert_i) |=> allow_o;
    endproperty
    assert property (p_allow_sec_req_001_access_type_00_priv_1_alert_0);

    property p_violation_sec_req_001_access_type_00_priv_any_alert_any;
        (sec_req_i && lc_state_i == 3'b001 && access_type_i == 2'b00) |=> violation_o;
    endproperty
    assert property (p_violation_sec_req_001_access_type_00_priv_any_alert_any);

    property p_allow_sec_req_010_access_type_01_priv_1_alert_0;
        (sec_req_i && lc_state_i == 3'b010 && access_type_i == 2'b01 && priv_i && !alert_i) |=> allow_o;
    endproperty
    assert property (p_allow_sec_req_010_access_type_01_priv_1_alert_0);

    property p_violation_sec_req_010_access_type_any_priv_any_alert_any;
        (sec_req_i && lc_state_i == 3'b010) |=> violation_o;
    endproperty
    assert property (p_violation_sec_req_010_access_type_any_priv_any_alert_any);

    property p_violation_sec_req_any_access_type_any_priv_any_alert_any;
        (sec_req_i) |=> violation_o;
    endproperty
    assert property (p_violation_sec_req_any_access_type_any_priv_any_alert_any);
endmodule","** Error (suppressible): prueba.sv(14): (vlog-1957) The sva directive is not sensitive to a clock. Unclocked directives are not supported.
** Error (suppressible): prueba.sv(19): (vlog-1957) The sva directive is not sensitive to a clock. Unclocked directives are not supported.
** Error (suppressible): prueba.sv(24): (vlog-1957) The sva directive is not sensitive to a clock. Unclocked directives are not supported.
** Error (suppressible): prueba.sv(29): (vlog-1957) The sva directive is not sensitive to a clock. Unclocked directives are not supported.
** Error (suppressible): prueba.sv(34): (vlog-1957) The sva directive is not sensitive to a clock. Unclocked directives are not supported.
** Error (suppressible): prueba.sv(39): (vlog-1957) The sva directive is not sensitive to a clock. Unclocked directives are not supported.
** Error (suppressible): prueba.sv(44): (vlog-1957) The sva directive is not sensitive to a clock. Unclocked directives are not supported.
** Error (suppressible): prueba.sv(49): (vlog-1957) The sva directive is not sensitive to a clock. Unclocked directives are not supported.",32.88052201271057,3354,950
"module multi_core_bus_ctrl (
    input  logic [3:0] req_i,
    input  logic [1:0] line_state_i [3:0],
    input  logic [2:0] msg_type_i [3:0],
    input  logic priv_i [3:0],
    output logic [3:0] grant_o,
    output logic [3:0] nack_o
);

    always_comb begin
        grant_o = 4'b0000;
        nack_o  = 4'b0000;

        for (int i=0; i<4; i++) begin
            if (req_i[i]) begin
                unique case (line_state_i[i])
                    2'b00: unique case (msg_type_i[i])
                                3'b000: unique case (priv_i[i])
                                            1'b1: grant_o[i] = 1'b1;
                                            default: nack_o[i] = 1'b1;
                                        endcase
                                3'b001: grant_o[i] = 1'b1;
                                default: nack_o[i] = 1'b1;
                            endcase
                    2'b01: unique case (msg_type_i[i])
                                3'b010: grant_o[i] = 1'b1;
                                default: nack_o[i] = 1'b1;
                            endcase
                    2'b10, 2'b11: nack_o[i] = 1'b1;
                    default: nack_o[i] = 1'b1;
                endcase
            end
        end
    end
endmodule
","module multi_core_bus_ctrl_assertions(
    input  logic [3:0] req_i,
    input  logic [1:0] line_state_i [3:0],
    input  logic [2:0] msg_type_i [3:0],
    input  logic priv_i [3:0],
    output logic [3:0] grant_o,
    output logic [3:0] nack_o
);
    localparam IDLE = 2'b00;
    localparam BUSY = 2'b01;
    localparam GRANT = 3'b000;
    localparam NACK = 3'b001;
    localparam PRIORITY_HIGH = 1'b1;
    localparam PRIORITY_LOW = 1'b0;

    property p_grant_valid;
        for (int i = 0; i < 4; i++)
            req_i[i] |=> grant_o[i] == 1'b1;
    endproperty
    assert property (p_grant_valid);

    property p_nack_valid;
        for (int i = 0; i < 4; i++)
            req_i[i] |=> nack_o[i] == 1'b1;
    endproperty
    assert property (p_nack_valid);

    property p_grant_grant;
        for (int i = 0; i < 4; i++) begin
            req_i[i] & line_state_i[i] == IDLE & msg_type_i[i] == GRANT & priv_i[i] == PRIORITY_HIGH |=> grant_o[i] == 1'b1;
        endproperty
    endproperty
    assert property (p_grant_grant);

    property p_grant_busy;
        for (int i = 0; i < 4; i++)
            req_i[i] & line_state_i[i] == BUSY |=> grant_o[i] == 1'b0;
    endproperty
    assert property (p_grant_busy);

    property p_grant_priority;
        for (int i = 0; i < 4; i++) begin
            req_i[i] & line_state_i[i] == IDLE & msg_type_i[i] == GRANT & priv_i[i] == PRIORITY_LOW |=> nack_o[i] == 1'b1;
        endproperty
    endproperty
    assert property (p_grant_priority);

endmodule","** Error: (vlog-13069) prueba.sv(17): near ""for"": syntax error, unexpected for, expecting disable.
** Error: prueba.sv(17): (vlog-13205) Syntax error found in the scope following 'i'. Is there a missing '::'?",38.77572298049927,3290,612
"module piton_l2_evict_coh (
    input  logic [3:0] req_i,
    input  logic [1:0] line_state_i [3:0],
    input  logic [1:0] lru_i [3:0],
    input  logic [2:0] msg_type_i [3:0],
    input  logic priv_i [3:0],
    output logic [3:0] grant_o,
    output logic [3:0] evict_o,
    output logic [3:0] nack_o
);

    always_comb begin
        grant_o = 4'b0000;
        evict_o = 4'b0000;
        nack_o  = 4'b0000;

        for (int i = 0; i < 4; i++) begin
            if (req_i[i]) begin
                unique case (line_state_i[i])
                    2'b00: unique case (msg_type_i[i])
                                3'b000: unique case (priv_i[i])
                                            1'b1: grant_o[i] = 1'b1;
                                            default: nack_o[i] = 1'b1;
                                        endcase
                                3'b001: evict_o[i] = 1'b1;
                                default: nack_o[i] = 1'b1;
                            endcase
                    2'b01: unique case (lru_i[i])
                                2'b00: grant_o[i] = 1'b1;
                                2'b01: evict_o[i] = 1'b1;
                                default: nack_o[i] = 1'b1;
                            endcase
                    2'b10, 2'b11: nack_o[i] = 1'b1;
                    default: nack_o[i] = 1'b1;
                endcase
            end
        end
    end
endmodule
","module piton_l2_evict_coh_assertions(
    input  logic [3:0] req_i,
    input  logic [1:0] line_state_i [3:0],
    input  logic [1:0] lru_i [3:0],
    input  logic [2:0] msg_type_i [3:0],
    input  logic priv_i [3:0],
    output logic [3:0] grant_o,
    output logic [3:0] evict_o,
    output logic [3:0] nack_o
);

    localparam VALID = 2'b11;

    property p_grant_grant_check;
        for (int i = 0; i < 4; i++) begin
            if (req_i[i] && line_state_i[i] == VALID) begin
                grant_o[i] == 1'b1;
            end
        end
    endproperty
    assert property (p_grant_grant_check);

    property p_grant_evict_check;
        for (int i = 0; i < 4; i++) begin
            if (req_i[i] && line_state_i[i] != VALID) begin
                grant_o[i] == 1'b0;
            end
        end
    endproperty
    assert property (p_grant_evict_check);

    property p_evict_grant_check;
        for (int i = 0; i < 4; i++) begin
            if (req_i[i] && lru_i[i] == VALID) begin
                evict_o[i] == 1'b0;
            end
        end
    endproperty
    assert property (p_evict_grant_check);

    property p_evict_evict_check;
        for (int i = 0; i < 4; i++) begin
            if (req_i[i] && lru_i[i] != VALID) begin
                evict_o[i] == 1'b1;
            end
        end
    endproperty
    assert property (p_evict_evict_check);

endmodule","** Error: (vlog-13069) prueba.sv(15): near ""for"": syntax error, unexpected for, expecting disable.
** Error: prueba.sv(15): (vlog-13205) Syntax error found in the scope following 'i'. Is there a missing '::'?",20.079366207122803,3366,533
"module axi_tl_obi_sec (
    input  logic axi_awvalid_i,
    input  logic axi_arvalid_i,
    input  logic tl_valid_i,
    input  logic [2:0] tl_opcode_i,
    input  logic [1:0] obi_resp_i,
    input  logic priv_i,
    output logic tl_a_valid_o,
    output logic [2:0] tl_a_opcode_o,
    output logic obi_req_o,
    output logic obi_we_o,
    output logic [1:0] axi_rresp_o
);

    always_comb begin
        tl_a_valid_o  = 1'b0;
        tl_a_opcode_o = 3'b000;
        obi_req_o     = 1'b0;
        obi_we_o      = 1'b0;
        axi_rresp_o   = 2'b00;

        // TL ? OBI mapping
        if (tl_valid_i) begin
            unique case (tl_opcode_i)
                3'b000: begin
                    tl_a_valid_o  = 1'b1;
                    tl_a_opcode_o = 3'b000; // Get
                    obi_req_o     = 1'b1;
                    obi_we_o      = 1'b0;
                end
                3'b001, 3'b010: begin
                    tl_a_valid_o  = 1'b1;
                    tl_a_opcode_o = tl_opcode_i;
                    obi_req_o     = 1'b1;
                    obi_we_o      = 1'b1;
                end
                default: axi_rresp_o = 2'b11;
            endcase
        end

        // AXI ? TL mapping
        unique case (1'b1)
            axi_arvalid_i: begin
                tl_a_valid_o  = 1'b1;
                tl_a_opcode_o = 3'b000;
            end
            axi_awvalid_i: begin
                tl_a_valid_o  = 1'b1;
                tl_a_opcode_o = 3'b001;
            end
        endcase

        // OBI ? AXI response
        unique case (obi_r_
","module axi_tl_obi_sec_assertions(
        input  logic axi_awvalid_i,
        input  logic axi_arvalid_i,
        input  logic tl_valid_i,
        input  logic [2:0] tl_opcode_i,
        input  logic [1:0] obi_resp_i,
        input  logic priv_i,
        output logic tl_a_valid_o,
        output logic [2:0] tl_a_opcode_o,
        output logic obi_req_o,
        output logic obi_we_o,
        output logic [1:0] axi_rresp_o
    );
        logic [2:0] expected_tl_opcode_o;
        logic [1:0] expected_obi_resp_o;

        property p_tl_a_get_assign;
            (tl_opcode_i == 3'b000) |->
            (tl_a_valid_o  == 1'b1 &&
             tl_a_opcode_o == 3'b000 &&
             obi_req_o     == 1'b1 &&
             obi_we_o      == 1'b0);
        endproperty
        assert property (p_tl_a_get_assign);

        property p_tl_a_rw_assign;
            (tl_opcode_i == 3'b001 || tl_opcode_i == 3'b010) |->
            (tl_a_valid_o  == 1'b1 &&
             tl_a_opcode_o == tl_opcode_i &&
             obi_req_o     == 1'b1 &&
             obi_we_o      == 1'b1);
        endproperty
        assert property (p_tl_a_rw_assign);

        property p_tl_a_default_assign;
            (tl_opcode_i != 3'b000 &&
             tl_opcode_i != 3'b001 &&
             tl_opcode_i != 3'b010) |->
            (tl_a_valid_o  == 1'b0 &&
             tl_a_opcode_o == 3'b000 &&
             obi_req_o     == 1'b0 &&
             obi_we_o      == 1'b0);
        endproperty
        assert property (p_tl_a_default_assign);

        property p_axi_rresp_assign;
            (obi_resp_i == 2'b00) |->
            (axi_rresp_o == 2'b00);
        endproperty
        assert property (p_axi_rresp_assign);

        property p_axi_rresp_error_assign;
            (obi_resp_i == 2'b01 ||
             obi_resp_i == 2'b10) |->
            (axi_rresp_o == 2'b11);
        endproperty
        assert property (p_axi_rresp_error_assign);
    endmodule","** Error (suppressible): prueba.sv(24): (vlog-1957) The sva directive is not sensitive to a clock. Unclocked directives are not supported.
** Error (suppressible): prueba.sv(33): (vlog-1957) The sva directive is not sensitive to a clock. Unclocked directives are not supported.
** Error (suppressible): prueba.sv(44): (vlog-1957) The sva directive is not sensitive to a clock. Unclocked directives are not supported.
** Error (suppressible): prueba.sv(50): (vlog-1957) The sva directive is not sensitive to a clock. Unclocked directives are not supported.
** Error (suppressible): prueba.sv(57): (vlog-1957) The sva directive is not sensitive to a clock. Unclocked directives are not supported.",28.204062938690186,3460,747
"module chisel_event_fsm (
    input  logic [7:0] evt_i,
    input  logic [3:0] state_i,
    output logic fire_o,
    output logic stall_o,
    output logic error_o
);

    always_comb begin
        fire_o  = 1'b0;
        stall_o = 1'b0;
        error_o = 1'b0;

        unique case (state_i)
            4'd0: unique case (evt_i[1:0])
                      2'b00: fire_o = 1'b1;
                      2'b01: stall_o = 1'b1;
                      default: error_o = 1'b1;
                  endcase
            4'd1: unique case (evt_i[3:2])
                      2'b00: fire_o = 1'b1;
                      2'b01: stall_o = 1'b1;
                      default: error_o = 1'b1;
                  endcase
            4'd2: unique case (evt_i[5:4])
                      2'b00: fire_o = 1'b1;
                      2'b01: stall_o = 1'b1;
                      default: error_o = 1'b1;
                  endcase
            4'd3: unique case (evt_i[7:6])
                      2'b00: fire_o = 1'b1;
                      2'b01: stall_o = 1'b1;
                      default: error_o = 1'b1;
                  endcase
            default: error_o = 1'b1;
        endcase
    end
endmodule
","module chisel_event_fsm_assertions(
    input  logic [7:0] evt_i,
    input  logic [3:0] state_i,
    output logic fire_o,
    output logic stall_o,
    output logic error_o
);
    property p_fire_evt_00;
        (state_i == 4'd0 && evt_i[1:0] == 2'b00) |-> (fire_o == 1'b1);
    endproperty
    assert property (p_fire_evt_00);

    property p_stall_evt_01;
        (state_i == 4'd0 && evt_i[1:0] == 2'b01) |-> (stall_o == 1'b1);
    endproperty
    assert property (p_stall_evt_01);

    property p_error_evt_0x;
        (state_i == 4'd0 && evt_i[1:0] != 2'b00 && evt_i[1:0] != 2'b01) |-> (error_o == 1'b1);
    endproperty
    assert property (p_error_evt_0x);

    property p_fire_evt_10;
        (state_i == 4'd1 && evt_i[3:2] == 2'b00) |-> (fire_o == 1'b1);
    endproperty
    assert property (p_fire_evt_10);

    property p_stall_evt_11;
        (state_i == 4'd1 && evt_i[3:2] == 2'b01) |-> (stall_o == 1'b1);
    endproperty
    assert property (p_stall_evt_11);

    property p_error_evt_1x;
        (state_i == 4'd1 && evt_i[3:2] != 2'b00 && evt_i[3:2] != 2'b01) |-> (error_o == 1'b1);
    endproperty
    assert property (p_error_evt_1x);

    property p_fire_evt_20;
        (state_i == 4'd2 && evt_i[5:4] == 2'b00) |-> (fire_o == 1'b1);
    endproperty
    assert property (p_fire_evt_20);

    property p_stall_evt_21;
        (state_i == 4'd2 && evt_i[5:4] == 2'b01) |-> (stall_o == 1'b1);
    endproperty
    assert property (p_stall_evt_21);

    property p_error_evt_2x;
        (state_i == 4'd2 && evt_i[5:4] != 2'b00 && evt_i[5:4] != 2'b01) |-> (error_o == 1'b1);
    endproperty
    assert property (p_error_evt_2x);

    property p_fire_evt_30;
        (state_i == 4'd3 && evt_i[7:6] == 2'b00) |-> (fire_o == 1'b1);
    endproperty
    assert property (p_fire_evt_30);

    property p_stall_evt_31;
        (state_i == 4'd3 && evt_i[7:6] == 2'b01) |-> (stall_o == 1'b1);
    endproperty
    assert property (p_stall_evt_31);

    property p_error_evt_3x;
        (state_i == 4'd3 && evt_i[7:6] != 2'b00 && evt_i[7:6] != 2'b01) |-> (error_o == 1'b1);
    endproperty
    assert property (p_error_evt_3x);

endmodule","** Error (suppressible): prueba.sv(11): (vlog-1957) The sva directive is not sensitive to a clock. Unclocked directives are not supported.
** Error (suppressible): prueba.sv(16): (vlog-1957) The sva directive is not sensitive to a clock. Unclocked directives are not supported.
** Error (suppressible): prueba.sv(21): (vlog-1957) The sva directive is not sensitive to a clock. Unclocked directives are not supported.
** Error (suppressible): prueba.sv(26): (vlog-1957) The sva directive is not sensitive to a clock. Unclocked directives are not supported.
** Error (suppressible): prueba.sv(31): (vlog-1957) The sva directive is not sensitive to a clock. Unclocked directives are not supported.
** Error (suppressible): prueba.sv(36): (vlog-1957) The sva directive is not sensitive to a clock. Unclocked directives are not supported.
** Error (suppressible): prueba.sv(41): (vlog-1957) The sva directive is not sensitive to a clock. Unclocked directives are not supported.
** Error (suppressible): prueba.sv(46): (vlog-1957) The sva directive is not sensitive to a clock. Unclocked directives are not supported.
** Error (suppressible): prueba.sv(51): (vlog-1957) The sva directive is not sensitive to a clock. Unclocked directives are not supported.
** Error (suppressible): prueba.sv(56): (vlog-1957) The sva directive is not sensitive to a clock. Unclocked directives are not supported.
** Error (suppressible): prueba.sv(61): (vlog-1957) The sva directive is not sensitive to a clock. Unclocked directives are not supported.
** Error (suppressible): prueba.sv(66): (vlog-1957) The sva directive is not sensitive to a clock. Unclocked directives are not supported.",52.14280319213867,3284,1001
"module sec_lc_multi_lvl (
    input  logic sec_req_i,
    input  logic [2:0] lc_state_i,
    input  logic [1:0] access_type_i,
    input  logic priv_i,
    input  logic alert_i,
    output logic allow_o,
    output logic violation_o
);

    always_comb begin
        allow_o     = 1'b0;
        violation_o = 1'b0;

        if (sec_req_i) begin
            unique case (lc_state_i)
                3'b000: unique case (access_type_i)
                            2'b00: unique case (priv_i)
                                        1'b1: unique case (alert_i)
                                                    1'b0: allow_o = 1'b1;
                                                    default: violation_o = 1'b1;
                                                endcase
                                        default: violation_o = 1'b1;
                                    endcase
                            2'b01: violation_o = 1'b1;
                            default: violation_o = 1'b1;
                        endcase
                3'b001: unique case (access_type_i)
                            2'b00, 2'b01: unique case (priv_i)
                                              1'b1: allow_o = 1'b1;
                                              default: violation_o = 1'b1;
                                          endcase
                            default: violation_o = 1'b1;
                        endcase
                3'b010: unique case (access_type_i)
                            2'b01: unique case (priv_i)
                                      1'b1: allow_o = 1'b1;
                                      default: violation_o = 1'b1;
                                  endcase
                            default: violation_o = 1'b1;
                        endcase
                default: violation_o = 1'b1;
            endcase
        end
    end
endmodule
","module sec_lc_multi_lvl_assertions(
    input  logic sec_req_i,
    input  logic [2:0] lc_state_i,
    input  logic [1:0] access_type_i,
    input  logic priv_i,
    input  logic alert_i,
    output logic allow_o,
    output logic violation_o
);
    property p_sec_req_allow;
        sec_req_i && (lc_state_i == 3'b000) && (access_type_i == 2'b00) && (priv_i == 1'b1) && (alert_i == 1'b0) |=> allow_o;
    endproperty
    assert property (p_sec_req_allow);

    property p_sec_req_violation_1;
        sec_req_i && (lc_state_i == 3'b000) && (access_type_i == 2'b00) && (priv_i != 1'b1) |=> violation_o;
    endproperty
    assert property (p_sec_req_violation_1);

    property p_sec_req_violation_2;
        sec_req_i && (lc_state_i == 3'b000) && (access_type_i != 2'b00) |=> violation_o;
    endproperty
    assert property (p_sec_req_violation_2);

    property p_sec_req_violation_3;
        sec_req_i && (lc_state_i != 3'b000) |=> violation_o;
    endproperty
    assert property (p_sec_req_violation_3);

endmodule","** Error (suppressible): prueba.sv(13): (vlog-1957) The sva directive is not sensitive to a clock. Unclocked directives are not supported.
** Error (suppressible): prueba.sv(18): (vlog-1957) The sva directive is not sensitive to a clock. Unclocked directives are not supported.
** Error (suppressible): prueba.sv(23): (vlog-1957) The sva directive is not sensitive to a clock. Unclocked directives are not supported.
** Error (suppressible): prueba.sv(28): (vlog-1957) The sva directive is not sensitive to a clock. Unclocked directives are not supported.",32.55091166496277,3354,422
"module multi_core_bus_arb (
    input  logic [3:0] req_i,
    input  logic [1:0] line_state_i [3:0],
    input  logic [2:0] msg_type_i [3:0],
    input  logic priv_i [3:0],
    output logic [3:0] grant_o,
    output logic [3:0] nack_o
);

    always_comb begin
        grant_o = 4'b0000;
        nack_o  = 4'b0000;

        for (int i=0; i<4; i++) begin
            if (req_i[i]) begin
                unique case (line_state_i[i])
                    2'b00: unique case (msg_type_i[i])
                                3'b000: unique case (priv_i[i])
                                            1'b1: grant_o[i] = 1'b1;
                                            default: nack_o[i] = 1'b1;
                                        endcase
                                3'b001: grant_o[i] = 1'b1;
                                default: nack_o[i] = 1'b1;
                            endcase
                    2'b01: unique case (msg_type_i[i])
                                3'b010: grant_o[i] = 1'b1;
                                default: nack_o[i] = 1'b1;
                            endcase
                    2'b10, 2'b11: nack_o[i] = 1'b1;
                    default: nack_o[i] = 1'b1;
                endcase
            end
        end
    end
endmodule
","module multi_core_bus_arb_assertions(
    input  logic [3:0] req_i,
    input  logic [1:0] line_state_i [3:0],
    input  logic [2:0] msg_type_i [3:0],
    input  logic priv_i [3:0],
    output logic [3:0] grant_o,
    output logic [3:0] nack_o
);

    property p_grant_assign;
        for (int i=0; i<4; i++) begin
            if (req_i[i]) begin
                unique case (line_state_i[i])
                    2'b00: unique case (msg_type_i[i])
                                3'b000: unique case (priv_i[i])
                                            1'b1: grant_o[i] == 1'b1;
                                            default: nack_o[i] == 1'b1;
                                        endcase
                                3'b001: grant_o[i] == 1'b1;
                                default: nack_o[i] == 1'b1;
                            endcase
                    2'b01: unique case (msg_type_i[i])
                                3'b010: grant_o[i] == 1'b1;
                                default: nack_o[i] == 1'b1;
                            endcase
                    2'b10, 2'b11: nack_o[i] == 1'b1;
                    default: nack_o[i] == 1'b1;
                endcase
            end
        end
    endproperty
    assert property (p_grant_assign);

endmodule","** Error: (vlog-13069) prueba.sv(11): near ""for"": syntax error, unexpected for, expecting disable.
** Error: prueba.sv(11): (vlog-13205) Syntax error found in the scope following 'i'. Is there a missing '::'?",15.683740139007568,3290,423
"module piton_l2_coh_evict_arb (
    input  logic [3:0] req_i,
    input  logic [1:0] line_state_i [3:0],
    input  logic [1:0] lru_i [3:0],
    input  logic [2:0] msg_type_i [3:0],
    input  logic priv_i [3:0],
    output logic [3:0] grant_o,
    output logic [3:0] evict_o,
    output logic [3:0] nack_o
);

    always_comb begin
        grant_o = 4'b0000;
        evict_o = 4'b0000;
        nack_o  = 4'b0000;

        for (int i = 0; i < 4; i++) begin
            if (req_i[i]) begin
                unique case (line_state_i[i])
                    2'b00: unique case (msg_type_i[i])
                                3'b000: unique case (priv_i[i])
                                            1'b1: grant_o[i] = 1'b1;
                                            default: nack_o[i] = 1'b1;
                                        endcase
                                3'b001: evict_o[i] = 1'b1;
                                default: nack_o[i] = 1'b1;
                            endcase
                    2'b01: unique case (lru_i[i])
                                2'b00: grant_o[i] = 1'b1;
                                2'b01: evict_o[i] = 1'b1;
                                default: nack_o[i] = 1'b1;
                            endcase
                    2'b10, 2'b11: nack_o[i] = 1'b1;
                    default: nack_o[i] = 1'b1;
                endcase
            end
        end
    end
endmodule
","module piton_l2_coh_evict_arb_assertions(
    input  logic [3:0] req_i,
    input  logic [1:0] line_state_i [3:0],
    input  logic [1:0] lru_i [3:0],
    input  logic [2:0] msg_type_i [3:0],
    input  logic priv_i [3:0],
    output logic [3:0] grant_o,
    output logic [3:0] evict_o,
    output logic [3:0] nack_o
);
    logic grant_o_assert [3:0];
    logic evict_o_assert [3:0];
    logic nack_o_assert [3:0];

    always_comb begin
        for (int i = 0; i < 4; i++) begin
            unique case (line_state_i[i])
                2'b00: unique case (msg_type_i[i])
                            3'b000: unique case (priv_i[i])
                                        1'b1: grant_o_assert[i] = grant_o[i];
                                        default: nack_o_assert[i] = nack_o[i];
                                    endcase
                                3'b001: evict_o_assert[i] = evict_o[i];
                                default: nack_o_assert[i] = nack_o[i];
                            endcase
                    2'b01: unique case (lru_i[i])
                                2'b00: grant_o_assert[i] = grant_o[i];
                                2'b01: evict_o_assert[i] = evict_o[i];
                                default: nack_o_assert[i] = nack_o[i];
                            endcase
                    2'b10, 2'b11: nack_o_assert[i] = nack_o[i];
                    default: nack_o_assert[i] = nack_o[i];
                endcase
            assert(grant_o_assert[i] == 1'b1 || nack_o_assert[i] == 1'b1);
            assert(evict_o_assert[i] == 1'b1 || nack_o_assert[i] == 1'b1);
        end
    end
endmodule",OK,21.668436288833615,3368,585
"module tl_axi_obi_bridge_err (
    input  logic tl_valid_i,
    input  logic [2:0] tl_opcode_i,
    input  logic axi_awvalid_i,
    input  logic axi_arvalid_i,
    input  logic [1:0] obi_resp_i,
    input  logic priv_i,
    output logic tl_a_valid_o,
    output logic [2:0] tl_a_opcode_o,
    output logic obi_req_o,
    output logic obi_we_o,
    output logic [1:0] axi_rresp_o
);

    always_comb begin
        tl_a_valid_o  = 1'b0;
        tl_a_opcode_o = 3'b000;
        obi_req_o     = 1'b0;
        obi_we_o      = 1'b0;
        axi_rresp_o   = 2'b00;

        // TL ? OBI mapping
        if (tl_valid_i) begin
            unique case (tl_opcode_i)
                3'b000: begin
                    tl_a_valid_o  = 1'b1;
                    tl_a_opcode_o = 3'b000; // Get
                    obi_req_o     = 1'b1;
                    obi_we_o      = 1'b0;
                end
                3'b001, 3'b010: begin
                    tl_a_valid_o  = 1'b1;
                    tl_a_opcode_o = tl_opcode_i;
                    obi_req_o     = 1'b1;
                    obi_we_o      = 1'b1;
                end
                default: axi_rresp_o = 2'b11; // DECERR
            endcase
        end

        // AXI ? TL mapping
        unique case (1'b1)
            axi_arvalid_i: begin
                tl_a_valid_o  = 1'b1;
                tl_a_opcode_o = 3'b000;
            end
            axi_awvalid_i: begin
                tl_a_valid_o  = 1'b1;
                tl_a_opcode_o = 3'b001;
            end
        endcase

        // OBI ? AXI Response
        unique case (obi_resp_i)
            2'b00: axi_rresp_o = 2'b00;
            2'b10: axi_rresp_o = 2'b10;
            default: axi_rresp_o = 2'b11;
        endcase

        // Privilege enforcement
        if (!priv_i) begin
            tl_a_valid_o = 1'b0;
            obi_req_o    = 1'b0;
            axi_rresp_o  = 2'b10;
        end
    end
endmodule
","module tl_axi_obi_bridge_err_assertions(
    input  logic tl_valid_i,
    input  logic [2:0] tl_opcode_i,
    input  logic axi_awvalid_i,
    input  logic axi_arvalid_i,
    input  logic [1:0] obi_resp_i,
    input  logic priv_i,
    output logic tl_a_valid_o,
    output logic [2:0] tl_a_opcode_o,
    output logic obi_req_o,
    output logic obi_we_o,
    output logic [1:0] axi_rresp_o
);

    logic tl_a_opcode_o_get;
    logic tl_a_opcode_o_set;

    property p_tl_a_opcode_o_get;
        (tl_valid_i && tl_opcode_i == 3'b000) |=> (tl_a_opcode_o_get == 1);
    endproperty
    assert property (p_tl_a_opcode_o_get);

    property p_tl_a_opcode_o_set;
        (tl_valid_i && (tl_opcode_i == 3'b001 || tl_opcode_i == 3'b010)) |=> (tl_a_opcode_o_set == 1);
    endproperty
    assert property (p_tl_a_opcode_o_set);

endmodule","** Error (suppressible): prueba.sv(21): (vlog-1957) The sva directive is not sensitive to a clock. Unclocked directives are not supported.
** Error (suppressible): prueba.sv(26): (vlog-1957) The sva directive is not sensitive to a clock. Unclocked directives are not supported.",16.724093914031982,3605,360
"module chisel_event_fsm_prio (
    input  logic [7:0] evt_i,
    input  logic [3:0] state_i,
    output logic fire_o,
    output logic stall_o,
    output logic error_o
);

    always_comb begin
        fire_o  = 1'b0;
        stall_o = 1'b0;
        error_o = 1'b0;

        unique case (state_i)
            4'd0: unique case (evt_i[1:0])
                      2'b00: fire_o = 1'b1;
                      2'b01: stall_o = 1'b1;
                      default: error_o = 1'b1;
                  endcase
            4'd1: unique case (evt_i[3:2])
                      2'b00: fire_o = 1'b1;
                      2'b01: stall_o = 1'b1;
                      default: error_o = 1'b1;
                  endcase
            4'd2: unique case (evt_i[5:4])
                      2'b00: fire_o = 1'b1;
                      2'b01: stall_o = 1'b1;
                      default: error_o = 1'b1;
                  endcase
            4'd3: unique case (evt_i[7:6])
                      2'b00: fire_o = 1'b1;
                      2'b01: stall_o = 1'b1;
                      default: error_o = 1'b1;
                  endcase
            default: error_o = 1'b1;
        endcase
    end
endmodule
","module chisel_event_fsm_prio_assertions(
    input  logic [7:0] evt_i,
    input  logic [3:0] state_i,
    output logic fire_o,
    output logic stall_o,
    output logic error_o
);
    logic [3:0] state_next;

    property p_fire_evt_00;
        @(posedge clk) (state_i == 4'd0 && evt_i[1:0] == 2'b00) |-> (fire_o == 1'b1);
    endproperty
    assert property (p_fire_evt_00);

    property p_fire_evt_01;
        @(posedge clk) (state_i == 4'd0 && evt_i[1:0] == 2'b01) |-> (stall_o == 1'b1);
    endproperty
    assert property (p_fire_evt_01);

    property p_fire_evt_10;
        @(posedge clk) (state_i == 4'd1 && evt_i[3:2] == 2'b00) |-> (fire_o == 1'b1);
    endproperty
    assert property (p_fire_evt_10);

    property p_fire_evt_11;
        @(posedge clk) (state_i == 4'd1 && evt_i[3:2] == 2'b01) |-> (stall_o == 1'b1);
    endproperty
    assert property (p_fire_evt_11);

    property p_fire_evt_20;
        @(posedge clk) (state_i == 4'd2 && evt_i[5:4] == 2'b00) |-> (fire_o == 1'b1);
    endproperty
    assert property (p_fire_evt_20);

    property p_fire_evt_21;
        @(posedge clk) (state_i == 4'd2 && evt_i[5:4] == 2'b01) |-> (stall_o == 1'b1);
    endproperty
    assert property (p_fire_evt_21);

    property p_fire_evt_30;
        @(posedge clk) (state_i == 4'd3 && evt_i[7:6] == 2'b00) |-> (fire_o == 1'b1);
    endproperty
    assert property (p_fire_evt_30);

    property p_fire_evt_31;
        @(posedge clk) (state_i == 4'd3 && evt_i[7:6] == 2'b01) |-> (stall_o == 1'b1);
    endproperty
    assert property (p_fire_evt_31);

endmodule","** Error: prueba.sv(11): (vlog-2730) Undefined variable: 'clk'.
** Error (suppressible): prueba.sv(13): (vlog-1957) The sva directive is not sensitive to a clock. Unclocked directives are not supported.
** Error: prueba.sv(16): (vlog-2730) Undefined variable: 'clk'.
** Error (suppressible): prueba.sv(18): (vlog-1957) The sva directive is not sensitive to a clock. Unclocked directives are not supported.
** Error: prueba.sv(21): (vlog-2730) Undefined variable: 'clk'.
** Error (suppressible): prueba.sv(23): (vlog-1957) The sva directive is not sensitive to a clock. Unclocked directives are not supported.
** Error: prueba.sv(26): (vlog-2730) Undefined variable: 'clk'.
** Error (suppressible): prueba.sv(28): (vlog-1957) The sva directive is not sensitive to a clock. Unclocked directives are not supported.
** Error: prueba.sv(31): (vlog-2730) Undefined variable: 'clk'.
** Error (suppressible): prueba.sv(33): (vlog-1957) The sva directive is not sensitive to a clock. Unclocked directives are not supported.
** Error: prueba.sv(36): (vlog-2730) Undefined variable: 'clk'.
** Error (suppressible): prueba.sv(38): (vlog-1957) The sva directive is not sensitive to a clock. Unclocked directives are not supported.
** Error: prueba.sv(41): (vlog-2730) Undefined variable: 'clk'.
** Error (suppressible): prueba.sv(43): (vlog-1957) The sva directive is not sensitive to a clock. Unclocked directives are not supported.
** Error: prueba.sv(46): (vlog-2730) Undefined variable: 'clk'.
** Error (suppressible): prueba.sv(48): (vlog-1957) The sva directive is not sensitive to a clock. Unclocked directives are not supported.
** Error: prueba.sv(11): (vlog-2730) Undefined variable: 'clk'.",24.808199644088745,3286,695
"module sec_lc_gate_lvl (
    input  logic sec_req_i,
    input  logic [2:0] lc_state_i,
    input  logic [1:0] access_type_i,
    input  logic priv_i,
    input  logic alert_i,
    output logic allow_o,
    output logic violation_o
);

    always_comb begin
        allow_o     = 1'b0;
        violation_o = 1'b0;

        if (sec_req_i) begin
            unique case (lc_state_i)
                3'b000: unique case (access_type_i)
                            2'b00: unique case (priv_i)
                                        1'b1: unique case (alert_i)
                                                    1'b0: allow_o = 1'b1;
                                                    default: violation_o = 1'b1;
                                                endcase
                                        default: violation_o = 1'b1;
                                    endcase
                            2'b01: violation_o = 1'b1;
                            default: violation_o = 1'b1;
                        endcase
                3'b001: unique case (access_type_i)
                            2'b00, 2'b01: unique case (priv_i)
                                              1'b1: allow_o = 1'b1;
                                              default: violation_o = 1'b1;
                                          endcase
                            default: violation_o = 1'b1;
                        endcase
                3'b010: unique case (access_type_i)
                            2'b01: unique case (priv_i)
                                      1'b1: allow_o = 1'b1;
                                      default: violation_o = 1'b1;
                                  endcase
                            default: violation_o = 1'b1;
                        endcase
                default: violation_o = 1'b1;
            endcase
        end
    end
endmodule
","module sec_lc_gate_lvl_assertions(
    input  logic sec_req_i,
    input  logic [2:0] lc_state_i,
    input  logic [1:0] access_type_i,
    input  logic priv_i,
    input  logic alert_i,
    output logic allow_o,
    output logic violation_o
);

    property p_allow_sec_req_true;
        sec_req_i ? allow_o == 1'b1 : allow_o == 1'b0;
    endproperty
    assert property (p_allow_sec_req_true);

    property p_violation_sec_req_false;
        !sec_req_i ? violation_o == 1'b0 : violation_o == 1'b1;
    endproperty
    assert property (p_violation_sec_req_false);

endmodule","** Error (suppressible): prueba.sv(14): (vlog-1957) The sva directive is not sensitive to a clock. Unclocked directives are not supported.
** Error (suppressible): prueba.sv(19): (vlog-1957) The sva directive is not sensitive to a clock. Unclocked directives are not supported.",9.927754640579224,3354,220
"module multi_core_bus_ctrl_lvl (
    input  logic [3:0] req_i,
    input  logic [1:0] line_state_i [3:0],
    input  logic [2:0] msg_type_i [3:0],
    input  logic priv_i [3:0],
    output logic [3:0] grant_o,
    output logic [3:0] nack_o
);

    always_comb begin
        grant_o = 4'b0000;
        nack_o  = 4'b0000;

        for (int i=0; i<4; i++) begin
            if (req_i[i]) begin
                unique case (line_state_i[i])
                    2'b00: unique case (msg_type_i[i])
                                3'b000: unique case (priv_i[i])
                                            1'b1: grant_o[i] = 1'b1;
                                            default: nack_o[i] = 1'b1;
                                        endcase
                                3'b001: grant_o[i] = 1'b1;
                                default: nack_o[i] = 1'b1;
                            endcase
                    2'b01: unique case (msg_type_i[i])
                                3'b010: grant_o[i] = 1'b1;
                                default: nack_o[i] = 1'b1;
                            endcase
                    2'b10, 2'b11: nack_o[i] = 1'b1;
                    default: nack_o[i] = 1'b1;
                endcase
            end
        end
    end
endmodule
","module multi_core_bus_ctrl_lvl_assertions(
    input  logic [3:0] req_i,
    input  logic [1:0] line_state_i [3:0],
    input  logic [2:0] msg_type_i [3:0],
    input  logic priv_i [3:0],
    output logic [3:0] grant_o,
    output logic [3:0] nack_o
);

    logic [3:0] grant_o_temp;
    logic [3:0] nack_o_temp;

    property p_grant_o_assign;
        for (int i=0; i<4; i++) (req_i[i] && line_state_i[i] == 2'b00) |-> (grant_o_temp[i] == msg_type_i[i] == 3'b000 && priv_i[i]);
    endproperty
    assert property (p_grant_o_assign);

    property p_nack_o_assign;
        for (int i=0; i<4; i++) (req_i[i] && line_state_i[i] == 2'b00) |-> (nack_o_temp[i] == !(msg_type_i[i] == 3'b000 && priv_i[i]));
    endproperty
    assert property (p_nack_o_assign);

    property p_grant_o_default_assign;
        for (int i=0; i<4; i++) (req_i[i] && line_state_i[i] != 2'b00) |-> (grant_o_temp[i] == 1'b0);
    endproperty
    assert property (p_grant_o_default_assign);

    property p_nack_o_default_assign;
        for (int i=0; i<4; i++) (req_i[i] && line_state_i[i] != 2'b00) |-> (nack_o_temp[i] == 1'b1);
    endproperty
    assert property (p_nack_o_default_assign);

endmodule","** Error: (vlog-13069) prueba.sv(14): near ""for"": syntax error, unexpected for, expecting disable.
** Error: prueba.sv(14): (vlog-13205) Syntax error found in the scope following 'i'. Is there a missing '::'?",18.923863172531128,3292,529
"module piton_l2_evict_coh_priv (
    input  logic [3:0] req_i,
    input  logic [1:0] line_state_i [3:0],
    input  logic [1:0] lru_i [3:0],
    input  logic [2:0] msg_type_i [3:0],
    input  logic priv_i [3:0],
    output logic [3:0] grant_o,
    output logic [3:0] evict_o,
    output logic [3:0] nack_o
);

    always_comb begin
        grant_o = 4'b0000;
        evict_o = 4'b0000;
        nack_o  = 4'b0000;

        for (int i = 0; i < 4; i++) begin
            if (req_i[i]) begin
                unique case (line_state_i[i])
                    2'b00: unique case (msg_type_i[i])
                                3'b000: unique case (priv_i[i])
                                            1'b1: grant_o[i] = 1'b1;
                                            default: nack_o[i] = 1'b1;
                                        endcase
                                3'b001: evict_o[i] = 1'b1;
                                default: nack_o[i] = 1'b1;
                            endcase
                    2'b01: unique case (lru_i[i])
                                2'b00: grant_o[i] = 1'b1;
                                2'b01: evict_o[i] = 1'b1;
                                default: nack_o[i] = 1'b1;
                            endcase
                    2'b10, 2'b11: nack_o[i] = 1'b1;
                    default: nack_o[i] = 1'b1;
                endcase
            end
        end
    end
endmodule
","module piton_l2_evict_coh_priv_assertions(
    input  logic [3:0] req_i,
    input  logic [1:0] line_state_i [3:0],
    input  logic [1:0] lru_i [3:0],
    input  logic [2:0] msg_type_i [3:0],
    input  logic priv_i [3:0],
    output logic [3:0] grant_o,
    output logic [3:0] evict_o,
    output logic [3:0] nack_o
);

    localparam NONE = 2'b00;
    localparam GRANT = 2'b01;
    localparam EVICT = 2'b10;
    localparam NACK = 2'b11;

    property p_grant_req;
        for (int i = 0; i < 4; i++) begin
            if (req_i[i]) |-> grant_o[i] == GRANT;
        end
    endproperty
    assert property (p_grant_req);

    property p_evict_lru;
        for (int i = 0; i < 4; i++) begin
            if (req_i[i] && line_state_i[i] == NONE) |-> evict_o[i] == EVICT;
        end
    endproperty
    assert property (p_evict_lru);

    property p_evict_msg_type;
        for (int i = 0; i < 4; i++) begin
            if (req_i[i] && line_state_i[i] == NONE) |->
                case (msg_type_i[i])
                    3'b000: evict_o[i] == EVICT;
                    default: evict_o[i] == NONE;
                endcase;
        end
    endproperty
    assert property (p_evict_msg_type);

    property p_evict_priv;
        for (int i = 0; i < 4; i++) begin
            if (req_i[i] && line_state_i[i] == NONE) |->
                case (priv_i[i])
                    1'b1: evict_o[i] == EVICT;
                    default: evict_o[i] == NONE;
                endcase;
        end
    endproperty
    assert property (p_evict_priv);

    property p_nack_req;
        for (int i = 0; i < 4; i++) begin
            if (req_i[i]) |-> nack_o[i] == NACK;
        end
    endproperty
    assert property (p_nack_req);

endmodule","** Error: (vlog-13069) prueba.sv(18): near ""for"": syntax error, unexpected for, expecting disable.
** Error: prueba.sv(18): (vlog-13205) Syntax error found in the scope following 'i'. Is there a missing '::'?",24.66706395149231,3368,667
"module tl_axi_obi_sec (
    input  logic tl_valid_i,
    input  logic [2:0] tl_opcode_i,
    input  logic axi_awvalid_i,
    input  logic axi_arvalid_i,
    input  logic [1:0] obi_resp_i,
    input  logic priv_i,
    output logic tl_a_valid_o,
    output logic [2:0] tl_a_opcode_o,
    output logic obi_req_o,
    output logic obi_we_o,
    output logic [1:0] axi_rresp_o
);

    always_comb begin
        tl_a_valid_o  = 1'b0;
        tl_a_opcode_o = 3'b000;
        obi_req_o     = 1'b0;
        obi_we_o      = 1'b0;
        axi_rresp_o   = 2'b00;

        if (tl_valid_i) begin
            unique case (tl_opcode_i)
                3'b000: begin
                    tl_a_valid_o  = 1'b1;
                    tl_a_opcode_o = 3'b000;
                    obi_req_o     = 1'b1;
                    obi_we_o      = 1'b0;
                end
                3'b001, 3'b010: begin
                    tl_a_valid_o  = 1'b1;
                    tl_a_opcode_o = tl_opcode_i;
                    obi_req_o     = 1'b1;
                    obi_we_o      = 1'b1;
                end
                default: axi_rresp_o = 2'b11;
            endcase
        end

        unique case (1'b1)
            axi_arvalid_i: begin
                tl_a_valid_o  = 1'b1;
                tl_a_opcode_o = 3'b000;
            end
            axi_awvalid_i: begin
                tl_a_valid_o  = 1'b1;
                tl_a_opcode_o = 3'b001;
            end
        endcase

        unique case (obi_resp_i)
            2'b00: axi_rresp_o = 2'b00;
            2'b10: axi_rresp_o = 2'b10;
            default: axi_rresp_o = 2'b11;
        endcase

        if (!priv_i) begin
            tl_a_valid_o = 1'b0;
            obi_req_o    = 1'b0;
            axi_rresp_o  = 2'b10;
        end
    end
endmodule
","module tl_axi_obi_sec_assertions(
    input  logic tl_valid_i,
    input  logic [2:0] tl_opcode_i,
    input  logic axi_awvalid_i,
    input  logic axi_arvalid_i,
    input  logic [1:0] obi_resp_i,
    input  logic priv_i,
    output logic tl_a_valid_o,
    output logic [2:0] tl_a_opcode_o,
    output logic obi_req_o,
    output logic obi_we_o,
    output logic [1:0] axi_rresp_o
);

    logic priv_assert;

    property p_tl_a_valid_o_when_tl_valid_i_true;
        (tl_valid_i) |-> (tl_a_valid_o == 1'b1);
    endproperty
    assert property (p_tl_a_valid_o_when_tl_valid_i_true);

    property p_tl_a_opcode_o_when_tl_opcode_i_3b000;
        (tl_opcode_i == 3'b000) |-> (tl_a_opcode_o == 3'b000);
    endproperty
    assert property (p_tl_a_opcode_o_when_tl_opcode_i_3b000);

    property p_obi_req_o_when_tl_opcode_i_3b000;
        (tl_opcode_i == 3'b000) |-> (obi_req_o == 1'b1);
    endproperty
    assert property (p_obi_req_o_when_tl_opcode_i_3b000);

    property p_obi_we_o_when_tl_opcode_i_3b000_or_3b010;
        (tl_opcode_i == 3'b000 || tl_opcode_i == 3'b010) |-> (obi_we_o == 1'b1);
    endproperty
    assert property (p_obi_we_o_when_tl_opcode_i_3b000_or_3b010);

    property p_axi_rresp_o_when_tl_opcode_i_not_3b000_or_3b010;
        (tl_opcode_i != 3'b000 && tl_opcode_i != 3'b010) |-> (axi_rresp_o == 2'b11);
    endproperty
    assert property (p_axi_rresp_o_when_tl_opcode_i_not_3b000_or_3b010);

    property p_tl_a_valid_o_when_axi_arvalid_i_true;
        (axi_arvalid_i) |-> (tl_a_valid_o == 1'b1);
    endproperty
    assert property (p_tl_a_valid_o_when_axi_arvalid_i_true);

    property p_tl_a_opcode_o_when_axi_arvalid_i_true;
        (axi_arvalid_i) |-> (tl_a_opcode_o == 3'b000);
    endproperty
    assert property (p_tl_a_opcode_o_when_axi_arvalid_i_true);

    property p_tl_a_valid_o_when_axi_awvalid_i_true;
        (axi_awvalid_i) |-> (tl_a_valid_o == 1'b1);
    endproperty
    assert property (p_tl_a_valid_o_when_axi_awvalid_i_true);

    property p_tl_a_opcode_o_when_axi_awvalid_i_true;
        (axi_awvalid_i) |-> (tl_a_opcode_o == 3'b001);
    endproperty
    assert property (p_tl_a_opcode_o_when_axi_awvalid_i_true);

    property p_axi_rresp_o_when_obi_resp_i_00;
        (obi_resp_i == 2'b00) |-> (axi_rresp_o == 2'b00);
    endproperty
    assert property (p_axi_rresp_o_when_obi_resp_i_00);

    property p_axi_rresp_o_when_obi_resp_i_10;
        (obi_resp_i == 2'b10) |-> (axi_rresp_o == 2'b10);
    endproperty
    assert property (p_axi_rresp_o_when_obi_resp_i_10);

    property p_tl_a_valid_o_when_priv_i_false;
        (!priv_i) |-> (tl_a_valid_o == 1'b0);
    endproperty
    assert property (p_tl_a_valid_o_when_priv_i_false);

    property p_obi_req_o_when_priv_i_false;
        (!priv_i) |-> (obi_req_o == 1'b0);
    endproperty
    assert property (p_obi_req_o_when_priv_i_false);

    property p_axi_rresp_o_when_priv_i_false;
        (!priv_i) |-> (axi_rresp_o == 2'b10);
    endproperty
    assert property (p_axi_rresp_o_when_priv_i_false);

endmodule","** Error (suppressible): prueba.sv(20): (vlog-1957) The sva directive is not sensitive to a clock. Unclocked directives are not supported.
** Error (suppressible): prueba.sv(25): (vlog-1957) The sva directive is not sensitive to a clock. Unclocked directives are not supported.
** Error (suppressible): prueba.sv(30): (vlog-1957) The sva directive is not sensitive to a clock. Unclocked directives are not supported.
** Error (suppressible): prueba.sv(35): (vlog-1957) The sva directive is not sensitive to a clock. Unclocked directives are not supported.
** Error (suppressible): prueba.sv(40): (vlog-1957) The sva directive is not sensitive to a clock. Unclocked directives are not supported.
** Error (suppressible): prueba.sv(45): (vlog-1957) The sva directive is not sensitive to a clock. Unclocked directives are not supported.
** Error (suppressible): prueba.sv(50): (vlog-1957) The sva directive is not sensitive to a clock. Unclocked directives are not supported.
** Error (suppressible): prueba.sv(55): (vlog-1957) The sva directive is not sensitive to a clock. Unclocked directives are not supported.
** Error (suppressible): prueba.sv(60): (vlog-1957) The sva directive is not sensitive to a clock. Unclocked directives are not supported.
** Error (suppressible): prueba.sv(65): (vlog-1957) The sva directive is not sensitive to a clock. Unclocked directives are not supported.
** Error (suppressible): prueba.sv(70): (vlog-1957) The sva directive is not sensitive to a clock. Unclocked directives are not supported.
** Error (suppressible): prueba.sv(75): (vlog-1957) The sva directive is not sensitive to a clock. Unclocked directives are not supported.
** Error (suppressible): prueba.sv(80): (vlog-1957) The sva directive is not sensitive to a clock. Unclocked directives are not supported.
** Error (suppressible): prueba.sv(85): (vlog-1957) The sva directive is not sensitive to a clock. Unclocked directives are not supported.",49.05296230316162,3568,1387
"module chisel_event_fsm_alert (
    input  logic [7:0] evt_i,
    input  logic [3:0] state_i,
    input  logic alert_i,
    output logic fire_o,
    output logic stall_o,
    output logic error_o
);

    always_comb begin
        fire_o  = 1'b0;
        stall_o = 1'b0;
        error_o = 1'b0;

        unique case (state_i)
            4'd0: unique case (evt_i[1:0])
                      2'b00: fire_o = alert_i ? 1'b0 : 1'b1;
                      2'b01: stall_o = 1'b1;
                      default: error_o = 1'b1;
                  endcase
            4'd1: unique case (evt_i[3:2])
                      2'b00: fire_o = alert_i ? 1'b0 : 1'b1;
                      2'b01: stall_o = 1'b1;
                      default: error_o = 1'b1;
                  endcase
            4'd2: unique case (evt_i[5:4])
                      2'b00: fire_o = alert_i ? 1'b0 : 1'b1;
                      2'b01: stall_o = 1'b1;
                      default: error_o = 1'b1;
                  endcase
            4'd3: unique case (evt_i[7:6])
                      2'b00: fire_o = alert_i ? 1'b0 : 1'b1;
                      2'b01: stall_o = 1'b1;
                      default: error_o = 1'b1;
                  endcase
            default: error_o = 1'b1;
        endcase
    end
endmodule
","module chisel_event_fsm_alert_assertions(
    input  logic [7:0] evt_i,
    input  logic [3:0] state_i,
    input  logic alert_i,
    output logic fire_o,
    output logic stall_o,
    output logic error_o
);

    logic [3:0] next_state;

    property p_fire_alert;
        (alert_i && state_i == 4'd0) |-> fire_o == 1'b0;
        (alert_i == 0 && state_i == 4'd0) |-> fire_o == 1'b1;
    endproperty
    assert property (p_fire_alert);

    property p_fire_stall;
        (state_i == 4'd0) |-> fire_o == 1'b1;
    endproperty
    assert property (p_fire_stall);

    property p_fire_error;
        (state_i != 4'd0) |-> fire_o == 1'b1;
    endproperty
    assert property (p_fire_error);

    property p_stall_error;
        (state_i != 4'd0) |-> stall_o == 1'b1;
    endproperty
    assert property (p_stall_error);

    property p_error_alert;
        (alert_i && state_i != 4'd0) |-> error_o == 1'b1;
        (alert_i == 0 && state_i != 4'd0) |-> error_o == 1'b0;
    endproperty
    assert property (p_error_alert);

endmodule","** Error: (vlog-13069) prueba.sv(14): near ""("": syntax error, unexpected '(', expecting ""SystemVerilog keyword 'endproperty'"".
** Error: (vlog-13069) prueba.sv(35): near ""("": syntax error, unexpected '(', expecting ""SystemVerilog keyword 'endproperty'"".",33.78233242034912,3335,412
"module sec_lc_gate_alert (
    input  logic sec_req_i,
    input  logic [2:0] lc_state_i,
    input  logic [1:0] access_type_i,
    input  logic priv_i,
    input  logic alert_i,
    output logic allow_o,
    output logic violation_o
);

    always_comb begin
        allow_o     = 1'b0;
        violation_o = 1'b0;

        if (sec_req_i) begin
            unique case (lc_state_i)
                3'b000: unique case (access_type_i)
                            2'b00: unique case (priv_i)
                                        1'b1: allow_o = alert_i ? 1'b0 : 1'b1;
                                        default: violation_o = 1'b1;
                                    endcase
                            2'b01: violation_o = 1'b1;
                            default: violation_o = 1'b1;
                        endcase
                3'b001: unique case (access_type_i)
                            2'b00, 2'b01: unique case (priv_i)
                                              1'b1: allow_o = alert_i ? 1'b0 : 1'b1;
                                              default: violation_o = 1'b1;
                                          endcase
                            default: violation_o = 1'b1;
                        endcase
                3'b010: unique case (access_type_i)
                            2'b01: unique case (priv_i)
                                      1'b1: allow_o = alert_i ? 1'b0 : 1'b1;
                                      default: violation_o = 1'b1;
                                  endcase
                            default: violation_o = 1'b1;
                        endcase
                default: violation_o = 1'b1;
            endcase
        end
    end
endmodule
","module sec_lc_gate_alert_assertions(
    input  logic sec_req_i,
    input  logic [2:0] lc_state_i,
    input  logic [1:0] access_type_i,
    input  logic priv_i,
    input  logic alert_i,
    output logic allow_o,
    output logic violation_o
);

    property p_allow_sec_req_true;
        sec_req_i == 1'b1 |-> allow_o == alert_i ? 1'b0 : 1'b1;
    endproperty
    assert property (p_allow_sec_req_true);

    property p_violation_sec_req_false;
        sec_req_i == 1'b0 |-> violation_o == 1'b1;
    endproperty
    assert property (p_violation_sec_req_false);

    property p_allow_access_type_00_priv_true;
        (sec_req_i == 1'b1 && lc_state_i == 3'b000 && access_type_i == 2'b00 && priv_i == 1'b1) |-> allow_o == alert_i ? 1'b0 : 1'b1;
    endproperty
    assert property (p_allow_access_type_00_priv_true);

    property p_violation_access_type_00_priv_false;
        (sec_req_i == 1'b1 && lc_state_i == 3'b000 && access_type_i == 2'b00 && priv_i == 1'b0) |-> violation_o == 1'b1;
    endproperty
    assert property (p_violation_access_type_00_priv_false);

    property p_violation_access_type_00_invalid;
        (sec_req_i == 1'b1 && lc_state_i == 3'b000 && access_type_i != 2'b00) |-> violation_o == 1'b1;
    endproperty
    assert property (p_violation_access_type_00_invalid);

    property p_allow_access_type_01_priv_true;
        (sec_req_i == 1'b1 && lc_state_i == 3'b001 && access_type_i == 2'b01 && priv_i == 1'b1) |-> allow_o == alert_i ? 1'b0 : 1'b1;
    endproperty
    assert property (p_allow_access_type_01_priv_true);

    property p_violation_access_type_01_priv_false;
        (sec_req_i == 1'b1 && lc_state_i == 3'b001 && access_type_i == 2'b01 && priv_i == 1'b0) |-> violation_o == 1'b1;
    endproperty
    assert property (p_violation_access_type_01_priv_false);

    property p_violation_access_type_01_invalid;
        (sec_req_i == 1'b1 && lc_state_i == 3'b001 && access_type_i != 2'b01) |-> violation_o == 1'b1;
    endproperty
    assert property (p_violation_access_type_01_invalid);

    property p_allow_access_type_10_priv_true;
        (sec_req_i == 1'b1 && lc_state_i == 3'b010 && access_type_i == 2'b10 && priv_i == 1'b1) |-> allow_o == alert_i ? 1'b0 : 1'b1;
    endproperty
    assert property (p_allow_access_type_10_priv_true);

    property p_violation_access_type_10_priv_false;
        (sec_req_i == 1'b1 && lc_state_i == 3'b010 && access_type_i == 2'b10 && priv_i == 1'b0) |-> violation_o == 1'b1;
    endproperty
    assert property (p_violation_access_type_10_priv_false);

    property p_violation_access_type_10_invalid;
        (sec_req_i == 1'b1 && lc_state_i == 3'b010 && access_type_i != 2'b10) |-> violation_o == 1'b1;
    endproperty
    assert property (p_violation_access_type_10_invalid);

    property p_violation_lc_state_invalid;
        (sec_req_i == 1'b1 && lc_state_i != 3'b000 && lc_state_i != 3'b001 && lc_state_i != 3'b010) |-> violation_o == 1'b1;
    endproperty
    assert property (p_violation_lc_state_invalid);
endmodule","** Error (suppressible): prueba.sv(14): (vlog-1957) The sva directive is not sensitive to a clock. Unclocked directives are not supported.
** Error (suppressible): prueba.sv(19): (vlog-1957) The sva directive is not sensitive to a clock. Unclocked directives are not supported.
** Error (suppressible): prueba.sv(24): (vlog-1957) The sva directive is not sensitive to a clock. Unclocked directives are not supported.
** Error (suppressible): prueba.sv(29): (vlog-1957) The sva directive is not sensitive to a clock. Unclocked directives are not supported.
** Error (suppressible): prueba.sv(34): (vlog-1957) The sva directive is not sensitive to a clock. Unclocked directives are not supported.
** Error (suppressible): prueba.sv(39): (vlog-1957) The sva directive is not sensitive to a clock. Unclocked directives are not supported.
** Error (suppressible): prueba.sv(44): (vlog-1957) The sva directive is not sensitive to a clock. Unclocked directives are not supported.
** Error (suppressible): prueba.sv(49): (vlog-1957) The sva directive is not sensitive to a clock. Unclocked directives are not supported.
** Error (suppressible): prueba.sv(54): (vlog-1957) The sva directive is not sensitive to a clock. Unclocked directives are not supported.
** Error (suppressible): prueba.sv(59): (vlog-1957) The sva directive is not sensitive to a clock. Unclocked directives are not supported.
** Error (suppressible): prueba.sv(64): (vlog-1957) The sva directive is not sensitive to a clock. Unclocked directives are not supported.
** Error (suppressible): prueba.sv(69): (vlog-1957) The sva directive is not sensitive to a clock. Unclocked directives are not supported.",42.63379168510437,3349,1267
"module multi_core_bus_arb_alert (
    input  logic [3:0] req_i,
    input  logic [1:0] line_state_i [3:0],
    input  logic [2:0] msg_type_i [3:0],
    input  logic priv_i [3:0],
    input  logic alert_i,
    output logic [3:0] grant_o,
    output logic [3:0] nack_o
);

    always_comb begin
        grant_o = 4'b0000;
        nack_o  = 4'b0000;

        for (int i=0; i<4; i++) begin
            if (req_i[i]) begin
                unique case (line_state_i[i])
                    2'b00: unique case (msg_type_i[i])
                                3'b000: unique case (priv_i[i])
                                            1'b1: grant_o[i] = alert_i ? 1'b0 : 1'b1;
                                            default: nack_o[i] = 1'b1;
                                        endcase
                                3'b001: grant_o[i] = alert_i ? 1'b0 : 1'b1;
                                default: nack_o[i] = 1'b1;
                            endcase
                    2'b01: unique case (msg_type_i[i])
                                3'b010: grant_o[i] = alert_i ? 1'b0 : 1'b1;
                                default: nack_o[i] = 1'b1;
                            endcase
                    2'b10, 2'b11: nack_o[i] = 1'b1;
                    default: nack_o[i] = 1'b1;
                endcase
            end
        end
    end
endmodule
","module multi_core_bus_arb_alert_assertions (
    input  logic [3:0] req_i,
    input  logic [1:0] line_state_i [3:0],
    input  logic [2:0] msg_type_i [3:0],
    input  logic priv_i [3:0],
    input  logic alert_i,
    output logic [3:0] grant_o,
    output logic [3:0] nack_o
);
    logic grant_o_expected [3:0];
    logic nack_o_expected [3:0];

    always_comb begin
        for (int i = 0; i < 4; i++) begin
            if (req_i[i]) begin
                unique case (line_state_i[i])
                    2'b00: unique case (msg_type_i[i])
                        3'b000: unique case (priv_i[i])
                            1'b1: grant_o_expected[i] = alert_i ? 1'b0 : 1'b1;
                            default: nack_o_expected[i] = 1'b1;
                        endcase
                        3'b001: grant_o_expected[i] = alert_i ? 1'b0 : 1'b1;
                        default: nack_o_expected[i] = 1'b1;
                    endcase
                    2'b01: unique case (msg_type_i[i])
                        3'b010: grant_o_expected[i] = alert_i ? 1'b0 : 1'b1;
                        default: nack_o_expected[i] = 1'b1;
                    endcase
                    2'b10, 2'b11: nack_o_expected[i] = 1'b1;
                    default: nack_o_expected[i] = 1'b1;
                endcase
            end
        end
    end

    property p_grant_o_expected;
        assert(grant_o == grant_o_expected);
    endproperty

    property p_nack_o_expected;
        assert(nack_o == nack_o_expected);
    endproperty
endmodule","** Error: (vlog-13069) prueba.sv(37): near ""assert"": syntax error, unexpected ""SystemVerilog keyword 'assert' "", expecting disable.",36.866089820861816,3331,546
"module piton_l2_repl_priv (
    input  logic [3:0] req_i,
    input  logic [1:0] line_state_i [3:0],
    input  logic [1:0] lru_i [3:0],
    input  logic priv_i [3:0],
    output logic [3:0] grant_o,
    output logic [3:0] evict_o,
    output logic [3:0] stall_o
);

    always_comb begin
        grant_o = 4'b0000;
        evict_o = 4'b0000;
        stall_o = 4'b0000;

        for (int i = 0; i < 4; i++) begin
            if (req_i[i]) begin
                unique case (line_state_i[i])
                    2'b00: grant_o[i] = priv_i[i];
                    2'b01: unique case (lru_i[i])
                                2'b00: grant_o[i] = 1'b1;
                                2'b01: evict_o[i] = 1'b1;
                                default: stall_o[i] = 1'b1;
                            endcase
                    2'b10: evict_o[i] = 1'b1;
                    2'b11: stall_o[i] = 1'b1;
                    default: stall_o[i] = 1'b1;
                endcase
            end
        end
    end
endmodule
","module piton_l2_repl_priv_assertions (
    input  logic [3:0] req_i,
    input  logic [1:0] line_state_i [3:0],
    input  logic [1:0] lru_i [3:0],
    input  logic priv_i [3:0],
    output logic [3:0] grant_o,
    output logic [3:0] evict_o,
    output logic [3:0] stall_o
);

    logic grant_o_assign[3:0];
    logic evict_o_assign[3:0];
    logic stall_o_assign[3:0];

    always_comb begin
        for (int i = 0; i < 4; i++) begin
            if (req_i[i]) begin
                unique case (line_state_i[i])
                    2'b00: grant_o_assign[i] = priv_i[i];
                    2'b01: unique case (lru_i[i])
                                2'b00: grant_o_assign[i] = 1'b1;
                                2'b01: evict_o_assign[i] = 1'b1;
                                default: stall_o_assign[i] = 1'b1;
                            endcase
                    2'b10: evict_o_assign[i] = 1'b1;
                    2'b11: stall_o_assign[i] = 1'b1;
                    default: stall_o_assign[i] = 1'b1;
                endcase
            end
        end
    end

    property p_grant_assign;
        for (int i = 0; i < 4; i++) grant_o_assign[i] == grant_o[i];
    endproperty
    assert property (p_grant_assign);

    property p_evict_assign;
        for (int i = 0; i < 4; i++) evict_o_assign[i] == evict_o[i];
    endproperty
    assert property (p_evict_assign);

    property p_stall_assign;
        for (int i = 0; i < 4; i++) stall_o_assign[i] == stall_o[i];
    endproperty
    assert property (p_stall_assign);

endmodule","** Error: (vlog-13069) prueba.sv(34): near ""for"": syntax error, unexpected for, expecting disable.
** Error: prueba.sv(34): (vlog-13205) Syntax error found in the scope following 'i'. Is there a missing '::'?",20.3254177570343,3252,581
"module axi_tl_bridge_fsm (
    input  logic axi_awvalid_i,
    input  logic axi_arvalid_i,
    input  logic tl_ready_i,
    input  logic [2:0] tl_opcode_i,
    output logic tl_valid_o,
    output logic [2:0] tl_a_opcode_o,
    output logic error_o
);

    always_comb begin
        tl_valid_o = 1'b0;
        tl_a_opcode_o = 3'b000;
        error_o = 1'b0;

        if (axi_awvalid_i) begin
            tl_valid_o = tl_ready_i;
            tl_a_opcode_o = 3'b001;
        end else if (axi_arvalid_i) begin
            tl_valid_o = tl_ready_i;
            tl_a_opcode_o = 3'b000;
        end else begin
            error_o = 1'b1;
        end
    end
endmodule
","module axi_tl_bridge_fsm_assertions(
    input  logic axi_awvalid_i,
    input  logic axi_arvalid_i,
    input  logic tl_ready_i,
    input  logic [2:0] tl_opcode_i,
    output logic tl_valid_o,
    output logic [2:0] tl_a_opcode_o,
    output logic error_o
);

    property p_tl_valid_awvalid_assign;
        (axi_awvalid_i) |-> (tl_valid_o == tl_ready_i);
    endproperty
    assert property (p_tl_valid_awvalid_assign);

    property p_tl_a_opcode_awvalid_assign;
        (axi_awvalid_i) |-> (tl_a_opcode_o == 3'b001);
    endproperty
    assert property (p_tl_a_opcode_awvalid_assign);

    property p_tl_valid_arvalid_assign;
        (axi_arvalid_i) |-> (tl_valid_o == tl_ready_i);
    endproperty
    assert property (p_tl_valid_arvalid_assign);

    property p_tl_a_opcode_arvalid_assign;
        (axi_arvalid_i) |-> (tl_a_opcode_o == 3'b000);
    endproperty
    assert property (p_tl_a_opcode_arvalid_assign);

    property p_error_assign;
        (!axi_awvalid_i) & (!axi_arvalid_i) |-> (error_o == 1'b1);
    endproperty
    assert property (p_error_assign);

endmodule","** Error (suppressible): prueba.sv(14): (vlog-1957) The sva directive is not sensitive to a clock. Unclocked directives are not supported.
** Error (suppressible): prueba.sv(19): (vlog-1957) The sva directive is not sensitive to a clock. Unclocked directives are not supported.
** Error (suppressible): prueba.sv(24): (vlog-1957) The sva directive is not sensitive to a clock. Unclocked directives are not supported.
** Error (suppressible): prueba.sv(29): (vlog-1957) The sva directive is not sensitive to a clock. Unclocked directives are not supported.
** Error (suppressible): prueba.sv(34): (vlog-1957) The sva directive is not sensitive to a clock. Unclocked directives are not supported.",14.525846242904665,3125,420
"module multi_core_cache_arb_lvl (
    input  logic [3:0] req_i,
    input  logic [1:0] line_state_i [3:0],
    input  logic [2:0] msg_type_i [3:0],
    input  logic priv_i [3:0],
    output logic [3:0] grant_o,
    output logic [3:0] nack_o
);

    always_comb begin
        grant_o = 4'b0000;
        nack_o  = 4'b0000;

        for (int i=0; i<4; i++) begin
            if (req_i[i]) begin
                unique case (line_state_i[i])
                    2'b00: unique case (msg_type_i[i])
                                3'b000: unique case (priv_i[i])
                                            1'b1: grant_o[i] = 1'b1;
                                            default: nack_o[i] = 1'b1;
                                        endcase
                                default: nack_o[i] = 1'b1;
                            endcase
                    2'b01: nack_o[i] = 1'b0;
                    2'b10,2'b11: nack_o[i] = 1'b1;
                    default: nack_o[i] = 1'b1;
                endcase
            end
        end
    end
endmodule
","module multi_core_cache_arb_lvl_assertions(
    input  logic [3:0] req_i,
    input  logic [1:0] line_state_i [3:0],
    input  logic [2:0] msg_type_i [3:0],
    input  logic priv_i [3:0],
    output logic [3:0] grant_o,
    output logic [3:0] nack_o
);

    logic [3:0] grant_o_tmp;
    logic [3:0] nack_o_tmp;

    always_comb begin
        grant_o_tmp = 4'b0000;
        nack_o_tmp  = 4'b0000;

        for (int i=0; i<4; i++) begin
            if (req_i[i]) begin
                unique case (line_state_i[i])
                    2'b00: unique case (msg_type_i[i])
                                3'b000: unique case (priv_i[i])
                                            1'b1: grant_o_tmp[i] = 1'b1;
                                            default: nack_o_tmp[i] = 1'b1;
                                        endcase
                                default: nack_o_tmp[i] = 1'b1;
                            endcase
                    2'b01: nack_o_tmp[i] = 1'b0;
                    2'b10,2'b11: nack_o_tmp[i] = 1'b1;
                    default: nack_o_tmp[i] = 1'b1;
                endcase
            end
        end

        grant_o = grant_o_tmp;
        nack_o  = nack_o_tmp;
    end

    property p_grant_o_assign;
        for (int i=0; i<4; i++) (req_i[i] && line_state_i[i] == 2'b00 && msg_type_i[i] == 3'b000 && priv_i[i] == 1'b1) |-> (grant_o[i] == 1'b1);
    endproperty
    assert property (p_grant_o_assign);

    property p_nack_o_assign;
        for (int i=0; i<4; i++) (req_i[i] && line_state_i[i] == 2'b00 && msg_type_i[i] == 3'b000 && priv_i[i] != 1'b1) |-> (nack_o[i] == 1'b1);
    endproperty
    assert property (p_nack_o_assign);

    property p_grant_o_default_assign;
        for (int i=0; i<4; i++) (~req_i[i] || line_state_i[i] != 2'b00 || msg_type_i[i] != 3'b000 || priv_i[i] != 1'b1) |-> (grant_o[i] == 1'b0);
    endproperty
    assert property (p_grant_o_default_assign);

    property p_nack_o_default_assign;
        for (int i=0; i<4; i++) (~req_i[i] || line_state_i[i] != 2'b00 || msg_type_i[i] != 3'b000 || priv_i[i] == 1'b1) |-> (nack_o[i] == 1'b0);
    endproperty
    assert property (p_nack_o_default_assign);

endmodule","** Error: (vlog-13069) prueba.sv(39): near ""for"": syntax error, unexpected for, expecting disable.
** Error: prueba.sv(39): (vlog-13205) Syntax error found in the scope following 'i'. Is there a missing '::'?",30.790583610534668,3226,904
"module chisel_prio_mux_masked (
    input  logic [3:0] sel_i,
    input  logic [7:0] in0_i, in1_i, in2_i, in3_i,
    input  logic mask_i,
    output logic [7:0] out_o
);

    always_comb begin
        out_o = 8'h00;

        case (1'b1)
            sel_i[0]: out_o = mask_i ? 8'h00 : in0_i;
            sel_i[1]: out_o = mask_i ? 8'h00 : in1_i;
            sel_i[2]: out_o = mask_i ? 8'h00 : in2_i;
            sel_i[3]: out_o = mask_i ? 8'h00 : in3_i;
            default: out_o = 8'h00;
        endcase
    end
endmodule
","module chisel_prio_mux_masked_assertions(
    input  logic [3:0] sel_i,
    input  logic [7:0] in0_i, in1_i, in2_i, in3_i,
    input  logic mask_i,
    output logic [7:0] out_o
);

    property p_out_o_sel_i0_mask_i;
        (sel_i[0] && mask_i) |-> (out_o == 8'h00);
        (sel_i[0] && !mask_i) |-> (out_o == in0_i);
    endproperty
    assert property (p_out_o_sel_i0_mask_i);

    property p_out_o_sel_i1_mask_i;
        (sel_i[1] && mask_i) |-> (out_o == 8'h00);
        (sel_i[1] && !mask_i) |-> (out_o == in1_i);
    endproperty
    assert property (p_out_o_sel_i1_mask_i);

    property p_out_o_sel_i2_mask_i;
        (sel_i[2] && mask_i) |-> (out_o == 8'h00);
        (sel_i[2] && !mask_i) |-> (out_o == in2_i);
    endproperty
    assert property (p_out_o_sel_i2_mask_i);

    property p_out_o_sel_i3_mask_i;
        (sel_i[3] && mask_i) |-> (out_o == 8'h00);
        (sel_i[3] && !mask_i) |-> (out_o == in3_i);
    endproperty
    assert property (p_out_o_sel_i3_mask_i);

endmodule","** Error: (vlog-13069) prueba.sv(10): near ""("": syntax error, unexpected '(', expecting ""SystemVerilog keyword 'endproperty'"".
** Error: (vlog-13069) prueba.sv(16): near ""("": syntax error, unexpected '(', expecting ""SystemVerilog keyword 'endproperty'"".
** Error: (vlog-13069) prueba.sv(22): near ""("": syntax error, unexpected '(', expecting ""SystemVerilog keyword 'endproperty'"".
** Error: (vlog-13069) prueba.sv(28): near ""("": syntax error, unexpected '(', expecting ""SystemVerilog keyword 'endproperty'"".",32.39146018028259,3101,477
"module sec_lc_gate_priv_mask (
    input  logic sec_req_i,
    input  logic [2:0] lc_state_i,
    input  logic [1:0] access_type_i,
    input  logic priv_i,
    input  logic mask_i,
    output logic allow_o,
    output logic violation_o
);

    always_comb begin
        allow_o = 1'b0;
        violation_o = 1'b0;

        if (sec_req_i) begin
            unique case (lc_state_i)
                3'b000: allow_o = (access_type_i==2'b00 && priv_i && !mask_i);
                3'b001: allow_o = ((access_type_i==2'b00 || access_type_i==2'b01) && priv_i && !mask_i);
                3'b010: allow_o = (access_type_i==2'b01 && priv_i && !mask_i);
                default: violation_o = 1'b1;
            endcase
        end
    end
endmodule
","module sec_lc_gate_priv_mask_assertions(
    input  logic sec_req_i,
    input  logic [2:0] lc_state_i,
    input  logic [1:0] access_type_i,
    input  logic priv_i,
    input  logic mask_i,
    output logic allow_o,
    output logic violation_o
);

    property p_allow_sec_req;
        sec_req_i == 1'b1 => allow_o == (access_type_i==2'b00 && priv_i && !mask_i);
    endproperty
    assert property (p_allow_sec_req);

    property p_allow_sec_req_access_type_00;
        sec_req_i == 1'b1 && access_type_i == 2'b00 => allow_o == (priv_i && !mask_i);
    endproperty
    assert property (p_allow_sec_req_access_type_00);

    property p_allow_sec_req_access_type_01;
        sec_req_i == 1'b1 && access_type_i == 2'b01 => allow_o == (priv_i && !mask_i);
    endproperty
    assert property (p_allow_sec_req_access_type_01);

    property p_violation_default;
        sec_req_i == 1'b1 && access_type_i != 2'b00 && access_type_i != 2'b01 => violation_o == 1'b1;
    endproperty
    assert property (p_violation_default);

endmodule","** Error: (vlog-13069) prueba.sv(12): near ""=>"": syntax error, unexpected =>, expecting ""SystemVerilog keyword 'endproperty'"".
** Error: (vlog-13069) prueba.sv(17): near ""=>"": syntax error, unexpected =>, expecting ""SystemVerilog keyword 'endproperty'"".
** Error: (vlog-13069) prueba.sv(22): near ""=>"": syntax error, unexpected =>, expecting ""SystemVerilog keyword 'endproperty'"".
** Error: (vlog-13069) prueba.sv(27): near ""=>"": syntax error, unexpected =>, expecting ""SystemVerilog keyword 'endproperty'"".",14.653434991836548,3146,411
