original_code,generated_code,iverilog_output,time(s),prompt_tkns,output_tkns
"module case4(input logic [3:0] in, output logic out);
    always_comb begin
        case(in)
            4'b0001: out = 1;
            4'b0010: out = 0;
            4'b0100: out = 1;
            4'b1000: out = 0;
            default: out = 0;
        endcase
    end
endmodule","module case4_copy(input logic [3:0] in, output logic out);
    always_comb begin
        case(in)
            4'b0001: out = 1;
            4'b0010: out = 0;
            4'b0100: out = 1;
            4'b1000: out = 0;
            default: out = 0;
        endcase
    end
endmodule",INVALID_OUTPUT,4.19924521446228,182,117
"module case17(input logic [1:0] state, output logic [1:0] next);
    always_comb begin
        case(state)
            2'b00: next = 2'b01;
            2'b01: next = 2'b10;
            2'b10: next = 2'b11;
            2'b11: next = 2'b00;
            default: next = 2'b00; // safe default
        endcase
    end
endmodule","module case17_copy(input logic [1:0] state, output logic [1:0] next);
    always_comb begin
        case(state)
            2'b00: next = 2'b01;
            2'b01: next = 2'b10;
            2'b10: next = 2'b11;
            2'b11: next = 2'b00;
            default: next = 2'b00; // safe default
        endcase
    end
endmodule",INVALID_OUTPUT,3.180492877960205,203,138
"module case_example1(input logic [1:0] a, output logic y);
    always_comb begin
        case(a)
            2'b00: y = 0;
            2'b01: y = 1;
            2'b10: y = 1;
            2'b11: y = 0;
            default: y = 0;
        endcase
    end
endmodule","module case_example1_copy(input logic [1:0] a, output logic y);
    always_comb begin
        case(a)
            2'b00: y = 0;
            2'b01: y = 1;
            2'b10: y = 1;
            2'b11: y = 0;
            default: y = 0;
        endcase
    end
endmodule",INVALID_OUTPUT,2.570608377456665,176,111
"module case_example2(input logic [3:0] a, output logic [1:0] y);
    always_comb begin
        case(a)
            4'd0: y = 2'b00;
            4'd1: y = 2'b01;
            4'd2: y = 2'b10;
            default: y = 2'b11;
        endcase
    end
endmodule","module case_example2_copy(input logic [3:0] a, output logic [1:0] y);
    always_comb begin
        case(a)
            4'd0: y = 2'b00;
            4'd1: y = 2'b01;
            4'd2: y = 2'b10;
            default: y = 2'b11;
        endcase
    end
endmodule",INVALID_OUTPUT,2.690201759338379,181,116
"module case2(input logic [2:0] sel, output logic z);
    always_comb begin
        case(sel)
            3'b000: z = 0;
            3'b001: z = 1;
            3'b010: z = 1;
            3'b011: z = 0;
            3'b100: z = 1;
            default: z = 0;
        endcase
    end
endmodule","module case2_copy(input logic [2:0] sel, output logic z);
    always_comb begin
        case(sel)
            3'b000: z = 0;
            3'b001: z = 1;
            3'b010: z = 1;
            3'b011: z = 0;
            3'b100: z = 1;
            default: z = 0;
        endcase
    end
endmodule",INVALID_OUTPUT,2.931100606918335,192,127
"module case3(input logic [1:0] sel, input logic a, b, c, d, output logic y);
    always_comb begin
        case(sel)
            2'b00: y = a;
            2'b01: y = b;
            2'b10: y = c;
            2'b11: y = d;
        endcase
    end
endmodule","module case3_copy(input logic [1:0] sel, input logic a, b, c, d, output logic y);
    always_comb begin
        case(sel)
            2'b00: y = a;
            2'b01: y = b;
            2'b10: y = c;
            2'b11: y = d;
        endcase
    end
endmodule",INVALID_OUTPUT,2.464246988296509,171,106
"module case5(input logic [1:0] op, input logic [3:0] a, b, output logic [3:0] result);
    always_comb begin
        case(op)
            2'b00: result = a + b;
            2'b01: result = a - b;
            2'b10: result = a & b;
            2'b11: result = a | b;
        endcase
    end
endmodule","module case5_copy(input logic [1:0] op, input logic [3:0] a, b, output logic [3:0] result);
    always_comb begin
        case(op)
            2'b00: result = a + b;
            2'b01: result = a - b;
            2'b10: result = a & b;
            2'b11: result = a | b;
        endcase
    end
endmodule",INVALID_OUTPUT,2.762819290161133,185,120
"module case6(input logic [1:0] state, output logic [2:0] light);
    always_comb begin
        case(state)
            2'b00: light = 3'b100; // Red
            2'b01: light = 3'b010; // Yellow
            2'b10: light = 3'b001; // Green
            default: light = 3'b100;
        endcase
    end
endmodule","module case6_copy(input logic [1:0] state, output logic [2:0] light);
    always_comb begin
        case(state)
            2'b00: light = 3'b100; // Red
            2'b01: light = 3'b010; // Yellow
            2'b10: light = 3'b001; // Green
            default: light = 3'b100;
        endcase
    end
endmodule",INVALID_OUTPUT,2.9210543632507324,192,127
"module case8(input logic [3:0] in, output logic [1:0] out);
    always_comb begin
        case(in)
            4'b0001: out = 2'b00;
            4'b0010: out = 2'b01;
            4'b0100: out = 2'b10;
            4'b1000: out = 2'b11;
            default: out = 2'b00;
        endcase
    end
endmodule","module case8_copy(input logic [3:0] in, output logic [1:0] out);
    always_comb begin
        case(in)
            4'b0001: out = 2'b00;
            4'b0010: out = 2'b01;
            4'b0100: out = 2'b10;
            4'b1000: out = 2'b11;
            default: out = 2'b00;
        endcase
    end
endmodule",INVALID_OUTPUT,3.280102014541626,207,142
"module case9(input logic [3:0] digit, output logic [6:0] seg);
    always_comb begin
        case(digit)
            4'd0: seg = 7'b0111111;
            4'd1: seg = 7'b0000110;
            4'd2: seg = 7'b1011011;
            4'd3: seg = 7'b1001111;
            4'd4: seg = 7'b1100110;
            4'd5: seg = 7'b1101101;
            4'd6: seg = 7'b1111101;
            4'd7: seg = 7'b0000111;
            4'd8: seg = 7'b1111111;
            4'd9: seg = 7'b1101111;
            default: seg = 7'b0000000;
        endcase
    end
endmodule","module case9_copy(input logic [3:0] digit, output logic [6:0] seg);
    always_comb begin
        case(digit)
            4'd0: seg = 7'b0111111;
            4'd1: seg = 7'b0000110;
            4'd2: seg = 7'b1011011;
            4'd3: seg = 7'b1001111;
            4'd4: seg = 7'b1100110;
            4'd5: seg = 7'b1101101;
            4'd6: seg = 7'b1111101;
            4'd7: seg = 7'b0000111;
            4'd8: seg = 7'b1111111;
            4'd9: seg = 7'b1101111;
            default: seg = 7'b0000000;
        endcase
    end
endmodule",INVALID_OUTPUT,6.497737884521484,346,281
"module case10(input logic [2:0] pattern, output logic match);
    always_comb begin
        case(pattern)
            3'b101: match = 1;
            3'b010: match = 1;
            3'b111: match = 0;
            default: match = 0;
        endcase
    end
endmodule","module case10_copy(input logic [2:0] pattern, output logic match);
    always_comb begin
        case(pattern)
            3'b101: match = 1;
            3'b010: match = 1;
            3'b111: match = 0;
            default: match = 0;
        endcase
    end
endmodule",INVALID_OUTPUT,2.302624464035034,165,100
"module case11(input logic toggle, output logic state);
    always_comb begin
        case(toggle)
            1'b0: state = 0;
            1'b1: state = 1;
        endcase
    end
endmodule","module case11_copy(input logic toggle, output logic state);
    always_comb begin
        case(toggle)
            1'b0: state = 0;
            1'b1: state = 1;
        endcase
    end
endmodule",INVALID_OUTPUT,1.6001391410827637,133,68
"module case12(input logic [2:0] in, output logic [7:0] out);
    always_comb begin
        case(in)
            3'b000: out = 8'b00000001;
            3'b001: out = 8'b00000010;
            3'b010: out = 8'b00000100;
            3'b011: out = 8'b00001000;
            3'b100: out = 8'b00010000;
            3'b101: out = 8'b00100000;
            3'b110: out = 8'b01000000;
            3'b111: out = 8'b10000000;
        endcase
    end
endmodule","module case12_copy(input logic [2:0] in, output logic [7:0] out);
    always_comb begin
        case(in)
            3'b000: out = 8'b00000001;
            3'b001: out = 8'b00000010;
            3'b010: out = 8'b00000100;
            3'b011: out = 8'b00001000;
            3'b100: out = 8'b00010000;
            3'b101: out = 8'b00100000;
            3'b110: out = 8'b01000000;
            3'b111: out = 8'b10000000;
        endcase
    end
endmodule",INVALID_OUTPUT,5.674341440200806,311,246
"module case14(input logic [1:0] op, input logic [3:0] a, b, output logic [3:0] result);
    always_comb begin
        case(op)
            2'b00: result = a ^ b; // XOR
            2'b01: result = ~(a & b); // NAND
            2'b10: result = a | b; // OR
            2'b11: result = a & b; // AND
        endcase
    end
endmodule","module case14_copy(input logic [1:0] op, input logic [3:0] a, b, output logic [3:0] result);
    always_comb begin
        case(op)
            2'b00: result = a ^ b; // XOR
            2'b01: result = ~(a & b); // NAND
            2'b10: result = a | b; // OR
            2'b11: result = a & b; // AND
        endcase
    end
endmodule",INVALID_OUTPUT,3.0307793617248535,195,130
"module case15(input logic [3:0] num, output logic [1:0] mod3);
    always_comb begin
        case(num % 3)
            2'd0: mod3 = 2'b00;
            2'd1: mod3 = 2'b01;
            2'd2: mod3 = 2'b10;
        endcase
    end
endmodule","module case15_copy(input logic [3:0] num, output logic [1:0] mod3);
    always_comb begin
        case(num % 3)
            2'd0: mod3 = 2'b00;
            2'd1: mod3 = 2'b01;
            2'd2: mod3 = 2'b10;
        endcase
    end
endmodule",INVALID_OUTPUT,2.5483925342559814,174,109
"module case18(input logic [3:0] key, output logic [6:0] seg);
    always_comb begin
        case(key)
            4'd0: seg = 7'b0111111;
            4'd1: seg = 7'b0000110;
            4'd2: seg = 7'b1011011;
            4'd3: seg = 7'b1001111;
            default: seg = 7'b0000000;
        endcase
    end
endmodule","module case18_copy(input logic [3:0] key, output logic [6:0] seg);

    always_comb begin
        case(key)
            4'd0: seg = 7'b0111111;
            4'd1: seg = 7'b0000110;
            4'd2: seg = 7'b1011011;
            4'd3: seg = 7'b1001111;
            default: seg = 7'b0000000;
        endcase
    end
endmodule",INVALID_OUTPUT,3.632777690887451,221,156
"module case21(input logic [1:0] counter, input logic reset, output logic [1:0] next_count);
    always_comb begin
        case({reset, counter})
            3'b100: next_count = 2'b00; // reset active
            3'b000: next_count = 2'b01;
            3'b001: next_count = 2'b10;
            3'b010: next_count = 2'b11;
            3'b011: next_count = 2'b00;
            default: next_count = 2'b00;
        endcase
    end
endmodule","module case21_copy(input logic [1:0] counter, input logic reset, output logic [1:0] next_count);
    always_comb begin
        case({reset, counter})
            3'b100: next_count = 2'b00; // reset active
            3'b000: next_count = 2'b01;
            3'b001: next_count = 2'b10;
            3'b010: next_count = 2'b11;
            3'b011: next_count = 2'b00;
            default: next_count = 2'b00;
        endcase
    end
endmodule",INVALID_OUTPUT,4.1766345500946045,245,180
"module case27(input logic [3:0] temp, output logic warning);
    always_comb begin
        case(temp)
            4'd0, 4'd1, 4'd2, 4'd3, 4'd4, 4'd5: warning = 0;
            4'd6, 4'd7, 4'd8, 4'd9, 4'd10: warning = 1;
            default: warning = 0;
        endcase
    end
endmodule","module case27_copy(input logic [3:0] temp, output logic warning);
    always_comb begin
        case(temp)
            4'd0, 4'd1, 4'd2, 4'd3, 4'd4, 4'd5: warning = 0;
            4'd6, 4'd7, 4'd8, 4'd9, 4'd10: warning = 1;
            default: warning = 0;
        endcase
    end
endmodule",INVALID_OUTPUT,3.1908464431762695,202,137
"module case31(input logic [3:0] value, output logic flag);
    always_comb begin
        case(value)
            4'd1, 4'd3, 4'd5, 4'd7: flag = 1; // odd numbers
            default: flag = 0;
        endcase
    end
endmodule","module case31_copy(input logic [3:0] value, output logic flag);
    always_comb begin
        case(value)
            4'd1, 4'd3, 4'd5, 4'd7: flag = 1; // odd numbers
            default: flag = 0;
        endcase
    end
endmodule",INVALID_OUTPUT,2.1032605171203613,156,91
"module case32(input logic [3:0] temp, output logic warning);
    always_comb begin
        case(temp)
            4'd0: warning = 0;
            4'd1: warning = 0;
            4'd2: warning = 0;
            4'd3: warning = 0;
            4'd4, 4'd5, 4'd6: warning = 1; // range 4 to 6
            default: warning = 0;
        endcase
    end
endmodule","module case32_copy(input logic [3:0] temp, output logic warning);
    always_comb begin
        case(temp)
            4'd0: warning = 0;
            4'd1: warning = 0;
            4'd2: warning = 0;
            4'd3: warning = 0;
            4'd4: warning = 1;
            4'd5: warning = 1;
            4'd6: warning = 1;
            default: warning = 0;
        endcase
    end
endmodule",INVALID_OUTPUT,3.3053345680236816,202,142
"module case34(input logic [3:0] level, output logic alarm);
    always_comb begin
        case(level)
            4'd0, 4'd1, 4'd2: alarm = 0;   // safe range
            4'd3, 4'd4, 4'd5, 4'd6: alarm = 1; // warning range
            4'd7, 4'd8, 4'd9, 4'd10: alarm = 1; // critical range
            default: alarm = 0;
        endcase
    end
endmodule","module case34_copy(input logic [3:0] level, output logic alarm);
    always_comb begin
        case(level)
            4'd0, 4'd1, 4'd2: alarm = 0;   // safe range
            4'd3, 4'd4, 4'd5, 4'd6: alarm = 1; // warning range
            4'd7, 4'd8, 4'd9, 4'd10: alarm = 1; // critical range
            default: alarm = 0;
        endcase
    end
endmodule",INVALID_OUTPUT,3.5691990852355957,218,153
"module case35(input logic [3:0] digit, output logic display);
    always_comb begin
        case(digit)
            4'd0, 4'd2, 4'd4, 4'd6, 4'd8: display = 1; // even numbers
            4'd1, 4'd3, 4'd5, 4'd7, 4'd9: display = 0; // odd numbers
            default: display = 0;
        endcase
    end
endmodule","module case35_copy(input logic [3:0] digit, output logic display);
    always_comb begin
        case(digit)
            4'd0, 4'd2, 4'd4, 4'd6, 4'd8: display = 1; // even numbers
            4'd1, 4'd3, 4'd5, 4'd7, 4'd9: display = 0; // odd numbers
            default: display = 0;
        endcase
    end
endmodule",INVALID_OUTPUT,3.157820701599121,201,136
"module case40(input logic [3:0] req, output logic [1:0] grant);
    always_comb begin
        case(req)
            4'd1, 4'd2: grant = 2'b00; // low priority
            4'd3, 4'd4, 4'd5: grant = 2'b01; // medium priority
            4'd6, 4'd7: grant = 2'b10; // high priority
            4'd8, 4'd9: grant = 2'b11; // highest priority
            default: grant = 2'b00;
        endcase
    end
endmodule","module case40_copy(input logic [3:0] req, output logic [1:0] grant);
    always_comb begin
        case(req)
            4'd1, 4'd2: grant = 2'b00; // low priority
            4'd3, 4'd4, 4'd5: grant = 2'b01; // medium priority
            4'd6, 4'd7: grant = 2'b10; // high priority
            4'd8, 4'd9: grant = 2'b11; // highest priority
            default: grant = 2'b00;
        endcase
    end
endmodule",INVALID_OUTPUT,4.022367000579834,238,173
"module case41(input int temp, output logic warning);
    always_comb begin
        case (temp) inside
            [0:10]:   warning = 0;  // safe
            [11:20]:  warning = 1;  // moderate
            [21:30]:  warning = 1;  // high
            default: warning = 1;   // out of range
        endcase
    end
endmodule","module case41_copy(input int temp, output logic warning);
    always_comb begin
        case (temp)
            0  : warning = 0;  // safe
            1  : warning = 0;  // safe
            2  : warning = 0;  // safe
            ...
            9  : warning = 0;  // safe
            10 : warning = 0;  // safe
            11 : warning = 1;  // moderate
            12 : warning = 1;  // moderate
            ...
            19 : warning = 1;  // moderate
            20 : warning = 1;  // high
            21 : warning = 1;  // high
            ...
            29 : warning = 1;  // high
            30 : warning = 1;  // out of range
            default: warning = 1;   // out of range
        endcase
    end
endmodule",INVALID_OUTPUT,5.135442495346069,177,225
"module case42(input int score, output logic [1:0] grade);
    always_comb begin
        case (score) inside
            [0:49]:   grade = 2'b00;
            [50:69]:  grade = 2'b01;
            [70:89]:  grade = 2'b10;
            [90:100]: grade = 2'b11;
            default:  grade = 2'b00;
        endcase
    end
endmodule","module case42_copy(input int score, output logic [1:0] grade);
    always_comb begin
        case (score)
            [0:49]:   grade = 2'b00;
            [50:69]:  grade = 2'b01;
            [70:89]:  grade = 2'b10;
            [90:100]: grade = 2'b11;
            default:  grade = 2'b00;
        endcase
    end
endmodule",INVALID_OUTPUT,3.2048685550689697,204,138
"module case43(input int temp, output logic [1:0] fan_speed);
    always_comb begin
        case (temp) inside
            [0:25]:    fan_speed = 2'd0; // off
            [26:50]:   fan_speed = 2'd1; // low
            [51:75]:   fan_speed = 2'd2; // medium
            [76:100]:  fan_speed = 2'd3; // high
            default:   fan_speed = 2'd0;
        endcase
    end
endmodule","module case43_copy(input int temp, output logic [1:0] fan_speed);
    always_comb begin
        case (temp)
            0  : fan_speed = 2'd0; // off
            26 : fan_speed = 2'd1; // low
            51 : fan_speed = 2'd2; // medium
            76 : fan_speed = 2'd3; // high
            default: fan_speed = 2'd0;
        endcase
    end
endmodule",INVALID_OUTPUT,3.111393928527832,220,133
"module case44(input int load, output logic [2:0] power);
    always_comb begin
        case (load) inside
            [0:10]:    power = 3'b001; // very low
            [11:20]:   power = 3'b010; // low
            [21:50]:   power = 3'b100; // medium
            [51:100]:  power = 3'b111; // high
            default:   power = 3'b000;
        endcase
    end
endmodule","module case44_copy(input int load, output logic [2:0] power);
    always_comb begin
        case (load)
            0   : power = 3'b001; // very low
            1   : power = 3'b001; // very low
            2   : power = 3'b001; // very low
            ...
            10  : power = 3'b001; // very low
            11  : power = 3'b010; // low
            ...
            20  : power = 3'b010; // low
            ...
            50  : power = 3'b100; // medium
            ...
            100 : power = 3'b111; // high
            default:   power = 3'b000;
        endcase
    end
endmodule",INVALID_OUTPUT,5.067071914672852,219,221
"module case48(input int hp, output logic [1:0] status);
    always_comb begin
        case (hp) inside
            [0:25]:    status = 2'b00; // critical
            [26:50]:   status = 2'b01; // weak
            [51:75]:   status = 2'b10; // healthy
            [76:100]:  status = 2'b11; // full
            default:   status = 2'b00;
        endcase
    end
endmodule","module case48_copy(input int hp, output logic [1:0] status);
    always_comb begin
        case (hp)
            0  : status = 2'b00; // critical
            26 : status = 2'b01; // weak
            51 : status = 2'b10; // healthy
            76 : status = 2'b11; // full
            default: status = 2'b00;
        endcase
    end
endmodule",INVALID_OUTPUT,2.9549474716186523,213,126
"module case61(
    input logic sel,
    input logic a, b,
    output logic y
);
    always_comb begin
        case(sel)
            1'b0: y = a;
            1'b1: y = b;
        endcase
    end
endmodule","module case61_copy(
    input logic sel,
    input logic a, b,
    output logic y
);
    always_comb begin
        case(sel)
            1'b0: y = a;
            1'b1: y = b;
        endcase
    end
endmodule",INVALID_OUTPUT,1.8485543727874756,144,79
"module case62(
    input logic [1:0] sel,
    input logic [3:0] data,
    output logic y
);
    always_comb begin
        case(sel)
            2'b00: y = data[0];
            2'b01: y = data[1];
            2'b10: y = data[2];
            2'b11: y = data[3];
        endcase
    end
endmodule","module case62_copy(
    input logic [1:0] sel,
    input logic [3:0] data,
    output logic y
);
    always_comb begin
        case(sel)
            2'b00: y = data[0];
            2'b01: y = data[1];
            2'b10: y = data[2];
            2'b11: y = data[3];
        endcase
    end
endmodule",INVALID_OUTPUT,2.8041064739227295,186,121
"module case63(
    input logic [1:0] op,
    input logic [3:0] a, b,
    output logic [3:0] result
);
    always_comb begin
        case(op)
            2'b00: result = a + b;
            2'b01: result = a - b;
            2'b10: result = a & b;
            2'b11: result = a | b;
        endcase
    end
endmodule","module case63_copy(
    input logic [1:0] op,
    input logic [3:0] a, b,
    output logic [3:0] result
);
    always_comb begin
        case(op)
            2'b00: result = a + b;
            2'b01: result = a - b;
            2'b10: result = a & b;
            2'b11: result = a | b;
        endcase
    end
endmodule",INVALID_OUTPUT,2.951037645339966,193,128
"module case64(
    input logic [3:0] req,
    output logic [1:0] grant
);
    always_comb begin
        case(req)
            4'b0001: grant = 2'b00;
            4'b0010: grant = 2'b01;
            4'b0100: grant = 2'b10;
            4'b1000: grant = 2'b11;
            default: grant = 2'b00;
        endcase
    end
endmodule","module case64_copy(
    input logic [3:0] req,
    output logic [1:0] grant
);
    always_comb begin
        case(req)
            4'b0001: grant = 2'b00;
            4'b0010: grant = 2'b01;
            4'b0100: grant = 2'b10;
            4'b1000: grant = 2'b11;
            default: grant = 2'b00;
        endcase
    end
endmodule",INVALID_OUTPUT,3.4313251972198486,213,148
"module case65(
    input logic [3:0] val,
    output logic match
);
    always_comb begin
        case(val)
            4'd1, 4'd3, 4'd5, 4'd7: match = 1; // selected values
            default: match = 0;
        endcase
    end
endmodule","module case65_copy(
    input logic [3:0] val,
    output logic match
);
    always_comb begin
        case(val)
            4'd1, 4'd3, 4'd5, 4'd7: match = 1; // selected values
            default: match = 0;
        endcase
    end
endmodule",INVALID_OUTPUT,2.219228982925415,161,96
"module case67(
    input logic [1:0] gray,
    output logic [1:0] bin
);
    always_comb begin
        case(gray)
            2'b00: bin = 2'b00;
            2'b01: bin = 2'b01;
            2'b11: bin = 2'b10;
            2'b10: bin = 2'b11;
        endcase
    end
endmodule","module case67_copy(
    input logic [1:0] gray,
    output logic [1:0] bin
);
    always_comb begin
        case(gray)
            2'b00: bin = 2'b00;
            2'b01: bin = 2'b01;
            2'b11: bin = 2'b10;
            2'b10: bin = 2'b11;
        endcase
    end
endmodule",INVALID_OUTPUT,2.9585423469543457,192,127
"module case68(
    input logic [3:0] num,
    output logic even
);
    always_comb begin
        case(num[0])
            1'b0: even = 1;
            1'b1: even = 0;
        endcase
    end
endmodule","module case68_copy(
    input logic [3:0] num,
    output logic even
);
    always_comb begin
        case(num[0])
            1'b0: even = 1;
            1'b1: even = 0;
        endcase
    end
endmodule",INVALID_OUTPUT,1.864229440689087,145,80
"module case69(
    input logic [1:0] sel,
    output logic [3:0] leds
);
    always_comb begin
        case(sel)
            2'b00: leds = 4'b0001;
            2'b01: leds = 4'b0010;
            2'b10: leds = 4'b0100;
            2'b11: leds = 4'b1000;
        endcase
    end
endmodule","module case69_copy(
    input logic [1:0] sel,
    output logic [3:0] leds
);
    always_comb begin
        case(sel)
            2'b00: leds = 4'b0001;
            2'b01: leds = 4'b0010;
            2'b10: leds = 4'b0100;
            2'b11: leds = 4'b1000;
        endcase
    end
endmodule",INVALID_OUTPUT,3.133405923843384,200,135
"module case70(
    input logic [1:0] op,
    input logic [3:0] a, b,
    output logic [7:0] result
);
    always_comb begin
        case(op)
            2'b00: result = a + b;
            2'b01: result = a - b;
            2'b10: result = a * b;
            2'b11: result = a / (b != 0 ? b : 1);
        endcase
    end
endmodule","module case70_copy(
    input logic [1:0] op,
    input logic [3:0] a, b,
    output logic [7:0] result
);
    always_comb begin
        case(op)
            2'b00: result = a + b;
            2'b01: result = a - b;
            2'b10: result = a * b;
            2'b11: result = a / (b != 0 ? b : 1);
        endcase
    end
endmodule",INVALID_OUTPUT,3.180320978164673,202,137
"module nested_case_1(input logic [1:0] op, func, input logic [7:0] a,b, output logic [7:0] y);
always_comb begin
  case(op)
    2'b00: begin
      case(func)
        2'b00: y = a + b;
        2'b01: y = a - b;
        default: y = 0;
      endcase
    end
    2'b01: y = a & b;
    default: y = 8'h00;
  endcase
end
endmodule","module nested_case_1_copy(input logic [1:0] op, func, input logic [7:0] a,b, output logic [7:0] y);
always_comb begin
  case(op)
    2'b00: begin
      case(func)
        2'b00: y = a + b;
        2'b01: y = a - b;
        default: y = 0;
      endcase
    end
    2'b01: y = a & b;
    default: y = 8'h00;
  endcase
end
endmodule",INVALID_OUTPUT,3.5479745864868164,218,153
"module nested_case_2(input logic [2:0] mode, sel, output logic [3:0] y);
always_comb begin
  case(mode)
    3'b000: begin
      case(sel)
        3'b000: y = 1;
        3'b001: y = 2;
        default: y = 0;
      endcase
    end
    3'b001: y = 4;
    default: y = 0;
  endcase
end
endmodule","module nested_case_2_copy(input logic [2:0] mode, sel, output logic [3:0] y);
always_comb begin
  case(mode)
    3'b000: begin
      case(sel)
        3'b000: y = 1;
        3'b001: y = 2;
        default: y = 0;
      endcase
    end
    3'b001: y = 4;
    default: y = 0;
  endcase
end
endmodule",INVALID_OUTPUT,3.222529888153076,204,139
"module nested_case_3(input logic [1:0] a,b,c, output logic y);
always_comb begin
  case(a)
    2'b00: begin
      case(b)
        2'b00: y = c[0];
        2'b01: y = c[1];
        default: y = 0;
      endcase
    end
    default: y = 1;
  endcase
end
endmodule","module nested_case_3_copy(input logic [1:0] a,b,c, output logic y);
always_comb begin
  case(a)
    2'b00: begin
      case(b)
        2'b00: y = c[0];
        2'b01: y = c[1];
        default: y = 0;
      endcase
    end
    default: y = 1;
  endcase
end
endmodule",INVALID_OUTPUT,2.808148145675659,186,121
"module nested_case_24(input logic [7:0] opcode, input logic [3:0] param, output logic [7:0] result);
always_comb begin
  case(opcode)
    8'hA0, 8'hA1, 8'hA2: begin
      case(param)
        4'h0, 4'h1: result = 8'h01;
        4'h2, 4'h3: result = 8'hxx;  // All x's
        default: result = 8'h00;
      endcase
    end
    8'hB0: result = 8'hzz;  // All z's
    8'b1010xxxx: result = 8'hFF;  // Range with x's
    default: result = 8'h00;
  endcase
end
endmodule","module nested_case_24_generated(input logic [7:0] opcode, input logic [3:0] param, output logic [7:0] result);
always_comb begin
  case(opcode)
    8'hA0, 8'hA1, 8'hA2: begin
      case(param)
        4'h0, 4'h1: result = 8'h01;
        4'h2, 4'h3: result = 8'hxx;  // All x's
        default: result = 8'h00;
      endcase
    end
    8'hB0: result = 8'hzz;  // All z's
    8'b1010xxxx: result = 8'hFF;  // Range with x's
    default: result = 8'h00;
  endcase
end
endmodule",INVALID_OUTPUT,5.148593902587891,288,223
"module nested_case_25(input logic [2:0] state, input logic [1:0] cond, output logic [1:0] status);
always_comb begin
  case(state)
    3'b0?1: begin  // Middle bit don't care
      case(cond)
        2'b0x: status = 2'b01;
        2'bz?: status = 2'b10;  // Second bit don't care
        default: status = 2'b00;
      endcase
    end
    3'b10?: status = 2'bzz;  // Output high impedance
    3'b11x: status = 2'bxx;  // Output unknown
    default: status = 2'b00;
  endcase
end
endmodule","module nested_case_25_copy(
    input logic [2:0] state,
    input logic [1:0] cond,
    output logic [1:0] status
);

    always_comb begin
        case(state)
            3'b0?1: begin
                case(cond)
                    2'b0x: status = 2'b01;
                    2'bz?: status = 2'b10;
                    default: status = 2'b00;
                endcase
            end
            3'b10?: status = 2'bzz;
            3'b11x: status = 2'bxx;
            default: status = 2'b00;
        endcase
    end
endmodule",INVALID_OUTPUT,4.313725471496582,268,187
"module nested_case_26(input logic [3:0] cmd, input logic [2:0] arg, output logic [7:0] value);
always_comb begin
  case(cmd)
    4'b001x: begin  // Last bit x
      case(arg)
        3'b001: value = 8'h11;
        3'b01x: value = 8'h22;
        3'b1z0: value = 8'hzz;  // High impedance
        default: value = 8'h00;
      endcase
    end
    4'b010z: value = 8'h33;  // z in case item
    4'b1000, 4'b1001, 4'b1010: value = 8'h44;  // Multiple values
    default: value = 8'h00;
  endcase
end
endmodule","module nested_case_26_copy(input logic [3:0] cmd, input logic [2:0] arg, output logic [7:0] value);
always_comb begin
  case(cmd)
    4'b001x: begin  // Last bit x
      case(arg)
        3'b001: value = 8'h11;
        3'b01x: value = 8'h22;
        3'b1z0: value = 8'hzz;  // High impedance
        default: value = 8'h00;
      endcase
    end
    4'b010z: value = 8'h33;  // z in case item
    4'b1000, 4'b1001, 4'b1010: value = 8'h44;  // Multiple values
    default: value = 8'h00;
  endcase
end
endmodule",INVALID_OUTPUT,5.624389886856079,307,242
"module nested_case_27(input logic [1:0] sel_a, sel_b, output logic [3:0] out);
always_comb begin
  case(sel_a)
    2'b0x: begin
      case(sel_b)
        2'b0z: out = 4'b0001;
        2'bz1: out = 4'b0010;
        2'bxx: out = 4'b0100;  // All x's
        default: out = 4'b0000;
      endcase
    end
    2'bz0: out = 4'b1000;
    2'b1x: out = 4'b1100;
    default: out = 4'b0000;
  endcase
end
endmodule","module nested_case_27_copy(input logic [1:0] sel_a, sel_b, output logic [3:0] out);
always_comb begin
  case(sel_a)
    2'b0x: begin
      case(sel_b)
        2'b0z: out = 4'b0001;
        2'bz1: out = 4'b0010;
        2'bxx: out = 4'b0100;  // All x's
        default: out = 4'b0000;
      endcase
    end
    2'bz0: out = 4'b1000;
    2'b1x: out = 4'b1100;
    default: out = 4'b0000;
  endcase
end
endmodule",INVALID_OUTPUT,4.962507963180542,280,215
"module nested_case_28(input logic [4:0] addr, input logic [1:0] mode, output logic valid);
always_comb begin
  case(addr)
    5'b0000?: begin  // Last bit don't care
      case(mode)
        2'b01: valid = 1'b1;
        2'b1x: valid = 1'bz;  // High impedance
        default: valid = 1'b0;
      endcase
    end
    5'b0010?: valid = 1'b1;  // Range pattern
    5'b0100?, 5'b0101?: valid = 1'bx;  // Multiple patterns
    default: valid = 1'b0;
  endcase
end
endmodule","module nested_case_28_generated(input logic [4:0] addr, input logic [1:0] mode, output logic valid);
always_comb begin
  case(addr)
    5'b0000?: begin  // Last bit don't care
      case(mode)
        2'b01: valid = 1'b1;
        2'b1x: valid = 1'bz;  // High impedance
        default: valid = 1'b0;
      endcase
    end
    5'b0010?: valid = 1'b1;  // Range pattern
    5'b0100?, 5'b0101?: valid = 1'bx;  // Multiple patterns
    default: valid = 1'b0;
  endcase
end
endmodule",INVALID_OUTPUT,4.659239292144775,267,202
"module nested_case_29(input logic [2:0] op, input logic [1:0] param, output logic [2:0] result);
always_comb begin
  case(op)
    3'b0?0: begin  // Middle bit don't care
      case(param)
        2'b0z: result = 3'b001;
        2'bz0: result = 3'b010;
        2'bxx: result = 3'bxxx;  // All x's output
        default: result = 3'b000;
      endcase
    end
    3'b10x: result = 3'bzzz;  // All z's output
    3'b11?: result = 3'b111;  // Last bit don't care
    default: result = 3'b000;
  endcase
end
endmodule","module nested_case_29_copy(input logic [2:0] op, input logic [1:0] param, output logic [2:0] result);
always_comb begin
  case(op)
    3'b0?0: begin  // Middle bit don't care
      case(param)
        2'b0z: result = 3'b001;
        2'bz0: result = 3'b010;
        2'bxx: result = 3'bxxx;  // All x's output
        default: result = 3'b000;
      endcase
    end
    3'b10x: result = 3'bzzz;  // All z's output
    3'b11?: result = 3'b111;  // Last bit don't care
    default: result = 3'b000;
  endcase
end
endmodule",INVALID_OUTPUT,5.293809652328491,295,230
"module nested_case_30(input logic [3:0] code, input logic [2:0] flags, output logic [1:0] state);
always_comb begin
  case(code)
    4'h0, 4'h1, 4'h2: begin  // Multiple hex values
      case(flags)
        3'b001: state = 2'b01;
        3'b01x: state = 2'b10;
        3'b1z0: state = 2'bzz;  // High impedance
        default: state = 2'b00;
      endcase
    end
    4'h3, 4'h4: state = 2'bxx;  // Unknown
    4'h5, 4'h6, 4'h7: state = 2'b11;  // Range of values
    default: state = 2'b00;
  endcase
end
endmodule","module nested_case_30_generated(input logic [3:0] code, input logic [2:0] flags, output logic [1:0] state);
always_comb begin
  case(code)
    4'h0, 4'h1, 4'h2: begin  // Multiple hex values
      case(flags)
        3'b001: state = 2'b01;
        3'b01x: state = 2'b10;
        3'b1z0: state = 2'bzz;  // High impedance
        default: state = 2'b00;
      endcase
    end
    4'h3, 4'h4: state = 2'bxx;  // Unknown
    4'h5, 4'h6, 4'h7: state = 2'b11;  // Range of values
    default: state = 2'b00;
  endcase
end
endmodule",INVALID_OUTPUT,5.58722448348999,307,242
"module nested_case_31(input logic [1:0] mode, input logic enable, output logic [2:0] led);
always_comb begin
  case(mode)
    2'b00: begin
      case(enable)
        1'b1: led = 3'b111;
        1'b0: led = 3'b000;
        default: led = 3'b000;
      endcase
    end
    2'b01: led = 3'b001;
    default: led = 3'b000;
  endcase
end
endmodule","module nested_case_31_copy(input logic [1:0] mode, input logic enable, output logic [2:0] led);
always_comb begin
  case(mode)
    2'b00: begin
      case(enable)
        1'b1: led = 3'b111;
        1'b0: led = 3'b000;
        default: led = 3'b000;
      endcase
    end
    2'b01: led = 3'b001;
    default: led = 3'b000;
  endcase
end
endmodule",INVALID_OUTPUT,3.7271604537963867,226,161
"module nested_case_32(input logic [2:0] color_sel, input logic [1:0] intensity, output logic [7:0] rgb);
always_comb begin
  case(color_sel)
    3'b000: begin
      case(intensity)
        2'b00: rgb = 8'h0F;
        2'b01: rgb = 8'h1F;
        default: rgb = 8'h00;
      endcase
    end
    3'b001: rgb = 8'hFF;
    default: rgb = 8'h00;
  endcase
end
endmodule","module nested_case_32_copy(input logic [2:0] color_sel, input logic [1:0] intensity, output logic [7:0] rgb);
always_comb begin
  case(color_sel)
    3'b000: begin
      case(intensity)
        2'b00: rgb = 8'h0F;
        2'b01: rgb = 8'h1F;
        default: rgb = 8'h00;
      endcase
    end
    3'b001: rgb = 8'hFF;
    default: rgb = 8'h00;
  endcase
end
endmodule",INVALID_OUTPUT,3.881718397140503,233,168
"module nested_case_33(input logic [1:0] direction, speed, output logic [3:0] motor_ctrl);
always_comb begin
  case(direction)
    2'b00: begin  // Forward
      case(speed)
        2'b00: motor_ctrl = 4'b0001;
        2'b01: motor_ctrl = 4'b0010;
        default: motor_ctrl = 4'b0000;
      endcase
    end
    2'b01: motor_ctrl = 4'b0100;  // Reverse
    default: motor_ctrl = 4'b0000;
  endcase
end
endmodule","module nested_case_33_copy(input logic [1:0] direction, speed, output logic [3:0] motor_ctrl);
always_comb begin
  case(direction)
    2'b00: begin  // Forward
      case(speed)
        2'b00: motor_ctrl = 4'b0001;
        2'b01: motor_ctrl = 4'b0010;
        default: motor_ctrl = 4'b0000;
      endcase
    end
    2'b01: motor_ctrl = 4'b0100;  // Reverse
    default: motor_ctrl = 4'b0000;
  endcase
end
endmodule",INVALID_OUTPUT,4.255596399307251,249,184
"module nested_case_34(input logic [1:0] alarm_type, input logic [2:0] severity, output logic alarm_on);
always_comb begin
  case(alarm_type)
    2'b10: begin  // Fire alarm
      case(severity)
        3'b001: alarm_on = 1'b1;
        3'b010: alarm_on = 1'b1;
        default: alarm_on = 1'b0;
      endcase
    end
    2'b11: alarm_on = 1'b1;  // Emergency
    default: alarm_on = 1'b0;
  endcase
end
endmodule","module nested_case_34_copy(input logic [1:0] alarm_type, input logic [2:0] severity, output logic alarm_on);
  always_comb begin
    case(alarm_type)
      2'b10: begin  // Fire alarm
        case(severity)
          3'b001: alarm_on = 1'b1;
          3'b010: alarm_on = 1'b1;
          default: alarm_on = 1'b0;
        endcase
      end
      2'b11: alarm_on = 1'b1;  // Emergency
      default: alarm_on = 1'b0;
    endcase
  end
endmodule",INVALID_OUTPUT,4.154062509536743,243,180
"module nested_case_35(input logic [2:0] menu_sel, input logic [1:0] sub_menu, output logic [2:0] display);
always_comb begin
  case(menu_sel)
    3'b001: begin  // Settings menu
      case(sub_menu)
        2'b00: display = 3'b001;
        2'b01: display = 3'b010;
        default: display = 3'b000;
      endcase
    end
    3'b010: display = 3'b100;  // Main menu
    default: display = 3'b000;
  endcase
end
endmodule","module nested_case_35_copy(input logic [2:0] menu_sel, input logic [1:0] sub_menu, output logic [2:0] display);
  always_comb begin
    case(menu_sel)
      3'b001: begin  // Settings menu
        case(sub_menu)
          2'b00: display = 3'b001;
          2'b01: display = 3'b010;
          default: display = 3'b000;
        endcase
      end
      3'b010: display = 3'b100;  // Main menu
      default: display = 3'b000;
    endcase
  end
endmodule",INVALID_OUTPUT,4.342700004577637,251,188
"module nested_case_36(input logic [1:0] gear, input logic brake, output logic [2:0] indicator);
always_comb begin
  case(gear)
    2'b01: begin  // First gear
      case(brake)
        1'b1: indicator = 3'b110;
        1'b0: indicator = 3'b001;
        default: indicator = 3'b000;
      endcase
    end
    2'b10: indicator = 3'b010;  // Second gear
    default: indicator = 3'b000;
  endcase
end
endmodule","module nested_case_36_copy(input logic [1:0] gear, input logic brake, output logic [2:0] indicator);
always_comb begin
  case(gear)
    2'b01: begin  // First gear
      case(brake)
        1'b1: indicator = 3'b110;
        1'b0: indicator = 3'b001;
        default: indicator = 3'b000;
      endcase
    end
    2'b10: indicator = 3'b010;  // Second gear
    default: indicator = 3'b000;
  endcase
end
endmodule",INVALID_OUTPUT,3.9082531929016113,234,169
"module nested_case_37(input logic [3:0] temp_range, input logic [1:0] fan_speed, output logic [1:0] status);
always_comb begin
  case(temp_range)
    4'hA: begin  // High temperature
      case(fan_speed)
        2'b11: status = 2'b11;  // Max cooling
        2'b10: status = 2'b10;
        default: status = 2'b01;
      endcase
    end
    4'h5: status = 2'b00;  // Normal temperature
    default: status = 2'b00;
  endcase
end
endmodule","module nested_case_37_copy(input logic [3:0] temp_range, input logic [1:0] fan_speed, output logic [1:0] status);
always_comb begin
  case(temp_range)
    4'hA: begin  // High temperature
      case(fan_speed)
        2'b11: status = 2'b11;  // Max cooling
        2'b10: status = 2'b10;
        default: status = 2'b01;
      endcase
    end
    4'h5: status = 2'b00;  // Normal temperature
    default: status = 2'b00;
  endcase
end
endmodule",INVALID_OUTPUT,4.182954549789429,246,181
"module nested_case_38(input logic [1:0] operation, input logic [2:0] operand, output logic [3:0] result);
always_comb begin
  case(operation)
    2'b00: begin  // Multiply
      case(operand)
        3'b001: result = 4'b0010;
        3'b010: result = 4'b0100;
        default: result = 4'b0000;
      endcase
    end
    2'b01: result = 4'b1000;  // Special operation
    default: result = 4'b0000;
  endcase
end
endmodule","module nested_case_38_copy(input logic [1:0] operation, input logic [2:0] operand, output logic [3:0] result);
  always_comb begin
    case(operation)
      2'b00: begin  // Multiply
        case(operand)
          3'b001: result = 4'b0010;
          3'b010: result = 4'b0100;
          default: result = 4'b0000;
        endcase
      end
      2'b01: result = 4'b1000;  // Special operation
      default: result = 4'b0000;
    endcase
  end
endmodule",INVALID_OUTPUT,4.253370523452759,247,184
"module nested_case_39(input logic [2:0] level, input logic [1:0] bonus, output logic [2:0] score);
always_comb begin
  case(level)
    3'b001: begin  // Level 1
      case(bonus)
        2'b01: score = 3'b010;
        2'b10: score = 3'b100;
        default: score = 3'b001;
      endcase
    end
    3'b010: score = 3'b111;  // Level 2
    default: score = 3'b000;
  endcase
end
endmodule","module nested_case_39_copy(input logic [2:0] level, input logic [1:0] bonus, output logic [2:0] score);
always_comb begin
  case(level)
    3'b001: begin  // Level 1
      case(bonus)
        2'b01: score = 3'b010;
        2'b10: score = 3'b100;
        default: score = 3'b001;
      endcase
    end
    3'b010: score = 3'b111;  // Level 2
    default: score = 3'b000;
  endcase
end
endmodule",INVALID_OUTPUT,4.172219514846802,245,180
"module nested_case_40(input logic [1:0] mode_sel, input logic [2:0] brightness, output logic [1:0] light_mode);
always_comb begin
  case(mode_sel)
    2'b00: begin  // Auto mode
      case(brightness)
        3'b000: light_mode = 2'b01;
        3'b111: light_mode = 2'b10;
        default: light_mode = 2'b00;
      endcase
    end
    2'b01: light_mode = 2'b11;  // Manual mode
    default: light_mode = 2'b00;
  endcase
end
endmodule","module nested_case_40_generated(input logic [1:0] mode_sel, input logic [2:0] brightness, output logic [1:0] light_mode);
  always_comb begin
    case(mode_sel)
      2'b00: begin  // Auto mode
        case(brightness)
          3'b000: light_mode = 2'b01;
          3'b111: light_mode = 2'b10;
          default: light_mode = 2'b00;
        endcase
      end
      2'b01: light_mode = 2'b11;  // Manual mode
      default: light_mode = 2'b00;
    endcase
  end
endmodule",INVALID_OUTPUT,4.394193410873413,254,191
"module nested_case_41(input logic [1:0] input_sel, input logic data_valid, output logic [2:0] data_out);
always_comb begin
  case(input_sel)
    2'b00: begin
      case(data_valid)
        1'b1: data_out = 3'b111;
        1'b0: data_out = 3'b000;
        default: data_out = 3'b000;
      endcase
    end
    2'b01: data_out = 3'b001;
    default: data_out = 3'b000;
  endcase
end
endmodule","module nested_case_41_copy(input logic [1:0] input_sel, input logic data_valid, output logic [2:0] data_out);
always_comb begin
  case(input_sel)
    2'b00: begin
      case(data_valid)
        1'b1: data_out = 3'b111;
        1'b0: data_out = 3'b000;
        default: data_out = 3'b000;
      endcase
    end
    2'b01: data_out = 3'b001;
    default: data_out = 3'b000;
  endcase
end
endmodule",INVALID_OUTPUT,4.1895835399627686,246,181
"module nested_case_42(input logic [2:0] volume, input logic [1:0] eq_mode, output logic [3:0] audio_ctrl);
always_comb begin
  case(volume)
    3'b010: begin
      case(eq_mode)
        2'b00: audio_ctrl = 4'b0001;
        2'b01: audio_ctrl = 4'b0010;
        default: audio_ctrl = 4'b0000;
      endcase
    end
    3'b100: audio_ctrl = 4'b0100;
    default: audio_ctrl = 4'b0000;
  endcase
end
endmodule","module nested_case_42_copy(input logic [2:0] volume, input logic [1:0] eq_mode, output logic [3:0] audio_ctrl);
always_comb begin
  case(volume)
    3'b010: begin
      case(eq_mode)
        2'b00: audio_ctrl = 4'b0001;
        2'b01: audio_ctrl = 4'b0010;
        default: audio_ctrl = 4'b0000;
      endcase
    end
    3'b100: audio_ctrl = 4'b0100;
    default: audio_ctrl = 4'b0000;
  endcase
end
endmodule",INVALID_OUTPUT,4.407909631729126,256,191
"module nested_case_43(input logic [1:0] door_state, input logic [2:0] lock_code, output logic unlocked);
always_comb begin
  case(door_state)
    2'b10: begin
      case(lock_code)
        3'b101: unlocked = 1'b1;
        3'b110: unlocked = 1'b1;
        default: unlocked = 1'b0;
      endcase
    end
    2'b11: unlocked = 1'b1;
    default: unlocked = 1'b0;
  endcase
end
endmodule","module nested_case_43_copy(input logic [1:0] door_state, input logic [2:0] lock_code, output logic unlocked);
  always_comb begin
    case(door_state)
      2'b10: begin
        case(lock_code)
          3'b101: unlocked = 1'b1;
          3'b110: unlocked = 1'b1;
          default: unlocked = 1'b0;
        endcase
      end
      2'b11: unlocked = 1'b1;
      default: unlocked = 1'b0;
    endcase
  end
endmodule",INVALID_OUTPUT,3.813361883163452,228,165
"module nested_case_44(input logic [3:0] sensor_val, input logic [1:0] threshold, output logic alert);
always_comb begin
  case(sensor_val)
    4'h8: begin
      case(threshold)
        2'b00: alert = 1'b1;
        2'b01: alert = 1'b1;
        default: alert = 1'b0;
      endcase
    end
    4'hF: alert = 1'b1;
    default: alert = 1'b0;
  endcase
end
endmodule","module nested_case_44_copy(input logic [3:0] sensor_val, input logic [1:0] threshold, output logic alert);
always_comb begin
  case(sensor_val)
    4'h8: begin
      case(threshold)
        2'b00: alert = 1'b1;
        2'b01: alert = 1'b1;
        default: alert = 1'b0;
      endcase
    end
    4'hF: alert = 1'b1;
    default: alert = 1'b0;
  endcase
end
endmodule",INVALID_OUTPUT,3.5774424076080322,220,155
"module nested_case_45(input logic [1:0] shift_mode, input logic [2:0] shift_amt, output logic [3:0] result);
always_comb begin
  case(shift_mode)
    2'b01: begin
      case(shift_amt)
        3'b001: result = 4'b0010;
        3'b010: result = 4'b0100;
        default: result = 4'b0001;
      endcase
    end
    2'b10: result = 4'b1000;
    default: result = 4'b0000;
  endcase
end
endmodule","module nested_case_45_copy(input logic [1:0] shift_mode, input logic [2:0] shift_amt, output logic [3:0] result);
always_comb begin
  case(shift_mode)
    2'b01: begin
      case(shift_amt)
        3'b001: result = 4'b0010;
        3'b010: result = 4'b0100;
        default: result = 4'b0001;
      endcase
    end
    2'b10: result = 4'b1000;
    default: result = 4'b0000;
  endcase
end
endmodule",INVALID_OUTPUT,4.237255811691284,248,183
"module nested_case_46(input logic [2:0] channel, input logic [1:0] gain, output logic [2:0] signal);
always_comb begin
  case(channel)
    3'b001: begin
      case(gain)
        2'b00: signal = 3'b010;
        2'b01: signal = 3'b100;
        default: signal = 3'b001;
      endcase
    end
    3'b010: signal = 3'b111;
    default: signal = 3'b000;
  endcase
end
endmodule","module nested_case_46_copy(
  input logic [2:0] channel,
  input logic [1:0] gain,
  output logic [2:0] signal
);

  always_comb begin
    case(channel)
      3'b001: begin
        case(gain)
          2'b00: signal = 3'b010;
          2'b01: signal = 3'b100;
          default: signal = 3'b001;
        endcase
      end
      3'b010: signal = 3'b111;
      default: signal = 3'b000;
    endcase
  end
endmodule",INVALID_OUTPUT,4.126279592514038,235,179
"module nested_case_47(input logic [1:0] op_mode, input logic enable, output logic [1:0] status);
always_comb begin
  case(op_mode)
    2'b10: begin
      case(enable)
        1'b1: status = 2'b11;
        1'b0: status = 2'b00;
        default: status = 2'b00;
      endcase
    end
    2'b11: status = 2'b01;
    default: status = 2'b00;
  endcase
end
endmodule","module nested_case_47_copy(input logic [1:0] op_mode, input logic enable, output logic [1:0] status);
always_comb begin
  case(op_mode)
    2'b10: begin
      case(enable)
        1'b1: status = 2'b11;
        1'b0: status = 2'b00;
        default: status = 2'b00;
      endcase
    end
    2'b11: status = 2'b01;
    default: status = 2'b00;
  endcase
end
endmodule",INVALID_OUTPUT,3.701699733734131,225,160
"module nested_case_48(input logic [2:0] temp_code, input logic [1:0] fan_setting, output logic [2:0] fan_speed);
always_comb begin
  case(temp_code)
    3'b100: begin
      case(fan_setting)
        2'b11: fan_speed = 3'b111;
        2'b10: fan_speed = 3'b110;
        default: fan_speed = 3'b101;
      endcase
    end
    3'b101: fan_speed = 3'b100;
    default: fan_speed = 3'b000;
  endcase
end
endmodule","module nested_case_48_copy(input logic [2:0] temp_code, input logic [1:0] fan_setting, output logic [2:0] fan_speed);
always_comb begin
  case(temp_code)
    3'b100: begin
      case(fan_setting)
        2'b11: fan_speed = 3'b111;
        2'b10: fan_speed = 3'b110;
        default: fan_speed = 3'b101;
      endcase
    end
    3'b101: fan_speed = 3'b100;
    default: fan_speed = 3'b000;
  endcase
end
endmodule",INVALID_OUTPUT,4.399036884307861,255,190
"module nested_case_49(input logic [1:0] device, input logic [3:0] addr, output logic selected);
always_comb begin
  case(device)
    2'b01: begin
      case(addr)
        4'hA: selected = 1'b1;
        4'hB: selected = 1'b1;
        default: selected = 1'b0;
      endcase
    end
    2'b10: selected = 1'b1;
    default: selected = 1'b0;
  endcase
end
endmodule","module nested_case_49_copy(input logic [1:0] device, input logic [3:0] addr, output logic selected);
always_comb begin
  case(device)
    2'b01: begin
      case(addr)
        4'hA: selected = 1'b1;
        4'hB: selected = 1'b1;
        default: selected = 1'b0;
      endcase
    end
    2'b10: selected = 1'b1;
    default: selected = 1'b0;
  endcase
end
endmodule",INVALID_OUTPUT,3.4892194271087646,216,151
"module nested_case_50(input logic [2:0] speed, input logic [1:0] mode, output logic [2:0] pwm);
always_comb begin
  case(speed)
    3'b011: begin
      case(mode)
        2'b00: pwm = 3'b010;
        2'b01: pwm = 3'b100;
        default: pwm = 3'b001;
      endcase
    end
    3'b100: pwm = 3'b111;
    default: pwm = 3'b000;
  endcase
end
endmodule","module nested_case_50_copy(input logic [2:0] speed, input logic [1:0] mode, output logic [2:0] pwm);
always_comb begin
  case(speed)
    3'b011: begin
      case(mode)
        2'b00: pwm = 3'b010;
        2'b01: pwm = 3'b100;
        default: pwm = 3'b001;
      endcase
    end
    3'b100: pwm = 3'b111;
    default: pwm = 3'b000;
  endcase
end
endmodule",INVALID_OUTPUT,3.924229383468628,235,170
"module nested_case_51(input logic [1:0] filter_type, input logic [2:0] cutoff, output logic [3:0] filter_coeff);
always_comb begin
  case(filter_type)
    2'b00: begin
      case(cutoff)
        3'b001: filter_coeff = 4'h1;
        3'b010: filter_coeff = 4'h2;
        default: filter_coeff = 4'h0;
      endcase
    end
    2'b01: filter_coeff = 4'hF;
    default: filter_coeff = 4'h0;
  endcase
end
endmodule","module nested_case_51_copy(input logic [1:0] filter_type, input logic [2:0] cutoff, output logic [3:0] filter_coeff);
always_comb begin
  case(filter_type)
    2'b00: begin
      case(cutoff)
        3'b001: filter_coeff = 4'h1;
        3'b010: filter_coeff = 4'h2;
        default: filter_coeff = 4'h0;
      endcase
    end
    2'b01: filter_coeff = 4'hF;
    default: filter_coeff = 4'h0;
  endcase
end
endmodule",INVALID_OUTPUT,4.060426473617554,241,176
"module nested_case_52(input logic [2:0] key, input logic [1:0] modifier, output logic valid_key);
always_comb begin
  case(key)
    3'b110: begin
      case(modifier)
        2'b01: valid_key = 1'b1;
        2'b10: valid_key = 1'b1;
        default: valid_key = 1'b0;
      endcase
    end
    3'b111: valid_key = 1'b1;
    default: valid_key = 1'b0;
  endcase
end
endmodule","module nested_case_52_copy(input logic [2:0] key, input logic [1:0] modifier, output logic valid_key);
always_comb begin
  case(key)
    3'b110: begin
      case(modifier)
        2'b01: valid_key = 1'b1;
        2'b10: valid_key = 1'b1;
        default: valid_key = 1'b0;
      endcase
    end
    3'b111: valid_key = 1'b1;
    default: valid_key = 1'b0;
  endcase
end
endmodule",INVALID_OUTPUT,3.8629801273345947,232,167
"module nested_case_53(input logic [1:0] power_mode, input logic [2:0] battery_level, output logic [2:0] led_indicator);
always_comb begin
  case(power_mode)
    2'b01: begin
      case(battery_level)
        3'b111: led_indicator = 3'b111;
        3'b110: led_indicator = 3'b110;
        default: led_indicator = 3'b001;
      endcase
    end
    2'b10: led_indicator = 3'b010;
    default: led_indicator = 3'b000;
  endcase
end
endmodule","module nested_case_53_generated(input logic [1:0] power_mode, input logic [2:0] battery_level, output logic [2:0] led_indicator);
always_comb begin
  case(power_mode)
    2'b01: begin
      case(battery_level)
        3'b111: led_indicator = 3'b111;
        3'b110: led_indicator = 3'b110;
        default: led_indicator = 3'b001;
      endcase
    end
    2'b10: led_indicator = 3'b010;
    default: led_indicator = 3'b000;
  endcase
end
endmodule",INVALID_OUTPUT,4.392058372497559,255,190
"module nested_case_54(input logic [3:0] frequency, input logic [1:0] modulation, output logic [3:0] output_signal);
always_comb begin
  case(frequency)
    4'h5: begin
      case(modulation)
        2'b00: output_signal = 4'b0001;
        2'b01: output_signal = 4'b0010;
        default: output_signal = 4'b0000;
      endcase
    end
    4'hA: output_signal = 4'b0100;
    default: output_signal = 4'b0000;
  endcase
end
endmodule","module nested_case_54_copy(input logic [3:0] frequency, input logic [1:0] modulation, output logic [3:0] output_signal);
always_comb begin
  case(frequency)
    4'h5: begin
      case(modulation)
        2'b00: output_signal = 4'b0001;
        2'b01: output_signal = 4'b0010;
        default: output_signal = 4'b0000;
      endcase
    end
    4'hA: output_signal = 4'b0100;
    default: output_signal = 4'b0000;
  endcase
end
endmodule",INVALID_OUTPUT,4.242005348205566,248,183
"module nested_case_55(input logic [1:0] input_select, input logic [2:0] gain_setting, output logic [3:0] amplified);
always_comb begin
  case(input_select)
    2'b10: begin
      case(gain_setting)
        3'b001: amplified = 4'b0010;
        3'b010: amplified = 4'b0100;
        default: amplified = 4'b0001;
      endcase
    end
    2'b11: amplified = 4'b1000;
    default: amplified = 4'b0000;
  endcase
end
endmodule","module nested_case_55_copy(input logic [1:0] input_select, input logic [2:0] gain_setting, output logic [3:0] amplified);
always_comb begin
  case(input_select)
    2'b10: begin
      case(gain_setting)
        3'b001: amplified = 4'b0010;
        3'b010: amplified = 4'b0100;
        default: amplified = 4'b0001;
      endcase
    end
    2'b11: amplified = 4'b1000;
    default: amplified = 4'b0000;
  endcase
end
endmodule",INVALID_OUTPUT,4.238276958465576,248,183
"module nested_case_56(input logic [2:0] protocol, input logic [1:0] data_rate, output logic [2:0] config_port);
always_comb begin
  case(protocol)
    3'b001: begin
      case(data_rate)
        2'b00: config_port = 3'b001;
        2'b01: config_port = 3'b010;
        default: config_port = 3'b000;
      endcase
    end
    3'b010: config_port = 3'b100;
    default: config_port = 3'b000;
  endcase
end
endmodule","module nested_case_56_copy(input logic [2:0] protocol, input logic [1:0] data_rate, output logic [2:0] config_port);
always_comb begin
  case(protocol)
    3'b001: begin
      case(data_rate)
        2'b00: config_port = 3'b001;
        2'b01: config_port = 3'b010;
        default: config_port = 3'b000;
      endcase
    end
    3'b010: config_port = 3'b100;
    default: config_port = 3'b000;
  endcase
end
endmodule",INVALID_OUTPUT,4.298392057418823,251,186
"module nested_case_57(input logic [1:0] display_mode, input logic backlight_on, output logic [2:0] brightness);
always_comb begin
  case(display_mode)
    2'b00: begin
      case(backlight_on)
        1'b1: brightness = 3'b111;
        1'b0: brightness = 3'b001;
        default: brightness = 3'b000;
      endcase
    end
    2'b01: brightness = 3'b010;
    default: brightness = 3'b000;
  endcase
end
endmodule","module nested_case_57_copy(input logic [1:0] display_mode, input logic backlight_on, output logic [2:0] brightness);
always_comb begin
  case(display_mode)
    2'b00: begin
      case(backlight_on)
        1'b1: brightness = 3'b111;
        1'b0: brightness = 3'b001;
        default: brightness = 3'b000;
      endcase
    end
    2'b01: brightness = 3'b010;
    default: brightness = 3'b000;
  endcase
end
endmodule",INVALID_OUTPUT,3.932279109954834,235,170
"module nested_case_58(input logic [3:0] error_code, input logic [1:0] severity, output logic alarm_active);
always_comb begin
  case(error_code)
    4'h1: begin
      case(severity)
        2'b10: alarm_active = 1'b1;
        2'b11: alarm_active = 1'b1;
        default: alarm_active = 1'b0;
      endcase
    end
    4'h2: alarm_active = 1'b1;
    default: alarm_active = 1'b0;
  endcase
end
endmodule","module nested_case_58_copy(input logic [3:0] error_code, input logic [1:0] severity, output logic alarm_active);
  always_comb begin
    case(error_code)
      4'h1: begin
        case(severity)
          2'b10: alarm_active = 1'b1;
          2'b11: alarm_active = 1'b1;
          default: alarm_active = 1'b0;
        endcase
      end
      4'h2: alarm_active = 1'b1;
      default: alarm_active = 1'b0;
    endcase
  end
endmodule",INVALID_OUTPUT,3.900125503540039,232,169
"module nested_case_59(input logic [2:0] position, input logic [1:0] speed_setting, output logic [2:0] motor_speed);
always_comb begin
  case(position)
    3'b010: begin
      case(speed_setting)
        2'b00: motor_speed = 3'b010;
        2'b01: motor_speed = 3'b100;
        default: motor_speed = 3'b001;
      endcase
    end
    3'b011: motor_speed = 3'b111;
    default: motor_speed = 3'b000;
  endcase
end
endmodule","module nested_case_59_copy(input logic [2:0] position, input logic [1:0] speed_setting, output logic [2:0] motor_speed);
always_comb begin
  case(position)
    3'b010: begin
      case(speed_setting)
        2'b00: motor_speed = 3'b010;
        2'b01: motor_speed = 3'b100;
        default: motor_speed = 3'b001;
      endcase
    end
    3'b011: motor_speed = 3'b111;
    default: motor_speed = 3'b000;
  endcase
end
endmodule",INVALID_OUTPUT,4.287837266921997,251,186
"module nested_case_60(input logic [1:0] sensor_type, input logic [2:0] reading, output logic [3:0] processed);
always_comb begin
  case(sensor_type)
    2'b01: begin
      case(reading)
        3'b001: processed = 4'h1;
        3'b010: processed = 4'h2;
        default: processed = 4'h0;
      endcase
    end
    2'b10: processed = 4'hF;
    default: processed = 4'h0;
  endcase
end
endmodule","module nested_case_60_copy(input logic [1:0] sensor_type, input logic [2:0] reading, output logic [3:0] processed);
always_comb begin
  case(sensor_type)
    2'b01: begin
      case(reading)
        3'b001: processed = 4'h1;
        3'b010: processed = 4'h2;
        default: processed = 4'h0;
      endcase
    end
    2'b10: processed = 4'hF;
    default: processed = 4'h0;
  endcase
end
endmodule",INVALID_OUTPUT,3.804215431213379,229,164
"module nested_case_61(input logic [2:0] channel_select, input logic [1:0] volume, output logic [2:0] audio_out);
always_comb begin
  case(channel_select)
    3'b100: begin
      case(volume)
        2'b00: audio_out = 3'b001;
        2'b01: audio_out = 3'b010;
        default: audio_out = 3'b000;
      endcase
    end
    3'b101: audio_out = 3'b100;
    default: audio_out = 3'b000;
  endcase
end
endmodule","module nested_case_61_copy(input logic [2:0] channel_select, input logic [1:0] volume, output logic [2:0] audio_out);
always_comb begin
  case(channel_select)
    3'b100: begin
      case(volume)
        2'b00: audio_out = 3'b001;
        2'b01: audio_out = 3'b010;
        default: audio_out = 3'b000;
      endcase
    end
    3'b101: audio_out = 3'b100;
    default: audio_out = 3'b000;
  endcase
end
endmodule",INVALID_OUTPUT,4.291621446609497,251,186
"module nested_case_62(input logic [1:0] operation_mode, input logic [2:0] parameter_port, output logic [3:0] result_val);
always_comb begin
  case(operation_mode)
    2'b11: begin
      case(parameter_port)
        3'b001: result_val = 4'b0010;
        3'b010: result_val = 4'b0100;
        default: result_val = 4'b0001;
      endcase
    end
    2'b00: result_val = 4'b1000;
    default: result_val = 4'b0000;
  endcase
end
endmodule","module nested_case_62_copy(input logic [1:0] operation_mode, input logic [2:0] parameter_port, output logic [3:0] result_val);
always_comb begin
  case(operation_mode)
    2'b11: begin
      case(parameter_port)
        3'b001: result_val = 4'b0010;
        3'b010: result_val = 4'b0100;
        default: result_val = 4'b0001;
      endcase
    end
    2'b00: result_val = 4'b1000;
    default: result_val = 4'b0000;
  endcase
end
endmodule",INVALID_OUTPUT,4.503986358642578,260,195
"module nested_case_63(input logic [2:0] light_mode, input logic [1:0] dimmer_setting, output logic [2:0] light_output);
always_comb begin
  case(light_mode)
    3'b010: begin  // Ambient lighting mode
      case(dimmer_setting)
        2'b00: light_output = 3'b001;  // Low
        2'b01: light_output = 3'b011;  // Medium
        2'b10: light_output = 3'b111;  // High
        default: light_output = 3'b000;  // Off
      endcase
    end
    3'b100: light_output = 3'b111;  // Full brightness mode
    default: light_output = 3'b000;  // Off
  endcase
end
endmodule","module nested_case_63_copy(input logic [2:0] light_mode, input logic [1:0] dimmer_setting, output logic [2:0] light_output);
always_comb begin
  case(light_mode)
    3'b010: begin  // Ambient lighting mode
      case(dimmer_setting)
        2'b00: light_output = 3'b001;  // Low
        2'b01: light_output = 3'b011;  // Medium
        2'b10: light_output = 3'b111;  // High
        default: light_output = 3'b000;  // Off
      endcase
    end
    3'b100: light_output = 3'b111;  // Full brightness mode
    default: light_output = 3'b000;  // Off
  endcase
end
endmodule",INVALID_OUTPUT,5.435055494308472,301,236
"module case_range_1(input logic clk, rst, en, output logic [3:0] value);
  always_ff @(posedge clk or posedge rst) begin
    case (rst)
      1'b1: value <= 0;
      1'b0: begin
        case (value) inside
          [0:3]: begin
            case (en)
              1'b1: value <= value + 1;
              1'b0: value <= value;
            endcase
          end
          [4:7]: begin
            case (en)
              1'b1: value <= value - 1;
              1'b0: value <= value;
            endcase
          end
          [8:11]: value <= 4'b0101;
          [12:15]: value <= 0;
        endcase
      end
    endcase
  end
endmodule","module case_range_1(input logic clk, rst, en, output logic [3:0] value);
  always_ff @(posedge clk or posedge rst) begin
    case (rst)
      1'b1: value <= 0;
      1'b0: begin
        case (value)
          [0:3]: begin
            case (en)
              1'b1: value <= value + 1;
              1'b0: value <= value;
            endcase
          end
          [4:7]: begin
            case (en)
              1'b1: value <= value - 1;
              1'b0: value <= value;
            endcase
          end
          [8:11]: value <= 4'b0101;
          [12:15]: value <= 0;
        endcase
      end
    endcase
  end
endmodule",INVALID_OUTPUT,5.050002574920654,287,219
"module proto_case_7(input logic clk, rst, lock_req, unlock, output logic locked);
    always_ff @(posedge clk or posedge rst) begin
      case(1'b1)
        rst: locked <= 0;
        default: begin
          case(locked)
            1'b0: case(lock_req)
                    1'b1: locked <= 1;
                    default: locked <= locked;
                  endcase
            1'b1: case(unlock)
                    1'b1: locked <= 0;
                    default: locked <= locked;
                  endcase
            default: locked <= locked;
          endcase
        end
      endcase
    end
endmodule","module proto_case_7_copy(input logic clk, rst, lock_req, unlock, output logic locked);
    always_ff @(posedge clk or posedge rst) begin
        case(1'b1)
            rst: locked <= 0;
            default: begin
                case(locked)
                    1'b0: begin
                        if (lock_req) begin
                            locked <= 1;
                        end else begin
                            locked <= locked;
                        end
                    end
                    1'b1: begin
                        if (unlock) begin
                            locked <= 0;
                        end else begin
                            locked <= locked;
                        end
                    end
                    default: locked <= locked;
                endcase
            end
        endcase
    end
endmodule",INVALID_OUTPUT,4.142551422119141,237,180
"module ff_case_11(input logic clk, rst, dec, output logic [2:0] cnt);
    always_ff @(posedge clk or posedge rst) begin
      case(rst)
        1'b1: cnt <= 3'b111;
        1'b0: begin
          case(cnt)
            3'b000: cnt <= cnt;
            default: begin
              case(dec)
                1'b1: cnt <= cnt - 1;
                1'b0: cnt <= cnt;
              endcase
            end
          endcase
        end
      endcase
    end
endmodule","module ff_case_11_copy(input logic clk, rst, dec, output logic [2:0] cnt);
    always_ff @(posedge clk or posedge rst) begin
        case(rst)
            1'b1: cnt <= 3'b111;
            1'b0: begin
                case(cnt)
                    3'b000: cnt <= cnt;
                    default: begin
                        case(dec)
                            1'b1: cnt <= cnt - 1;
                            1'b0: cnt <= cnt;
                        endcase
                    end
                endcase
            end
        endcase
    end
endmodule",INVALID_OUTPUT,3.666879892349243,223,158
"module proto_case_10(input logic clk, rst, load, shift, output logic [1:0] mode);
    always_ff @(posedge clk or posedge rst) begin
      case(rst)
        1'b1: mode <= 0;
        1'b0: begin
          case(mode)
            2'b00:
              case(load)
                1'b1: mode <= 2'b01;
                1'b0: mode <= 2'b00;
              endcase
            2'b01:
              case(shift)
                1'b1: mode <= 2'b10;
                1'b0: mode <= 2'b01;
              endcase
            2'b10: mode <= 2'b00;
            default: mode <= 2'b00;
          endcase
        end
      endcase
    end
endmodule","module proto_case_10_copy(input logic clk, rst, load, shift, output logic [1:0] mode);
    logic [1:0] mode_next;

    always_ff @(posedge clk or posedge rst) begin
        if (rst) begin
            mode_next <= 2'b00;
        end else begin
            mode_next <= case(mode)
                2'b00: case(load)
                    1'b1: 2'b01
                    1'b0: 2'b00
                endcase
                2'b01: case(shift)
                    1'b1: 2'b10
                    1'b0: 2'b01
                endcase
                2'b10: 2'b00
                default: 2'b00
            endcase;
        end
        mode <= mode_next;
    end
endmodule",INVALID_OUTPUT,5.220640659332275,294,227
"module proto_case_10(input logic clk, rst, load, shift, output logic [1:0] mode);
always_ff @(posedge clk or posedge rst) begin
  case(rst)
    1'b1: mode <= 0;
    1'b0: begin
      case(mode)
        2'b00:
          case(load)
            1'b1: mode <= 2'b01;
            1'b0: mode <= 2'b00;
          endcase
        2'b01:
          case(shift)
            1'b1: mode <= 2'b10;
            1'b0: mode <= 2'b01;
          endcase
        2'b10: mode <= 2'b00;
        default: mode <= 2'b00;
      endcase
    end
  endcase
end
endmodule","module proto_case_10_copy(input logic clk, rst, load, shift, output logic [1:0] mode);
  always_ff @(posedge clk or posedge rst) begin
    case(rst)
      1'b1: mode <= 0;
      1'b0: begin
        case(mode)
          2'b00:
            case(load)
              1'b1: mode <= 2'b01;
              1'b0: mode <= 2'b00;
            endcase
          2'b01:
            case(shift)
              1'b1: mode <= 2'b10;
              1'b0: mode <= 2'b01;
            endcase
          2'b10: mode <= 2'b00;
          default: mode <= 2'b00;
        endcase
      end
    endcase
  end
endmodule",INVALID_OUTPUT,5.267936944961548,292,229
"module seq_case72(
    input logic clk, reset,
    output logic [1:0] state
);
    always_ff @(posedge clk or posedge reset) begin
        case(reset)
            1'b1: state <= 2'b00;
            1'b0: case(state)
                       2'b00: state <= 2'b01;
                       2'b01: state <= 2'b10;
                       2'b10: state <= 2'b00;
                       default: state <= 2'b00;
                   endcase
            default: state <= 2'b00;
        endcase
    end
endmodule","module seq_case72_copy(
    input logic clk, reset,
    output logic [1:0] state
);
    always_ff @(posedge clk or posedge reset) begin
        case(reset)
            1'b1: state <= 2'b00;
            1'b0: case(state)
                       2'b00: state <= 2'b01;
                       2'b01: state <= 2'b10;
                       2'b10: state <= 2'b00;
                       default: state <= 2'b00;
                   endcase
            default: state <= 2'b00;
        endcase
    end
endmodule",INVALID_OUTPUT,4.028452634811401,239,174
"module seq_case73(
    input logic clk, reset, serial_in,
    output logic [3:0] q
);
    always_ff @(posedge clk or posedge reset) begin
        case(reset)
            1'b1: q <= 4'b0000;
            1'b0: case(q)
                      default: q <= {q[2:0], serial_in}; // shift left
                  endcase
        endcase
    end
endmodule","module seq_case73_copy(
    input logic clk, reset, serial_in,
    output logic [3:0] q
);
    always_ff @(posedge clk or posedge reset) begin
        case(reset)
            1'b1: q <= 4'b0000;
            1'b0: case(q)
                      default: q <= {q[2:0], serial_in}; // shift left
                  endcase
        endcase
    end
endmodule",INVALID_OUTPUT,2.848503589630127,188,123
"module seq_case75(
    input logic clk, reset, enable,
    output logic [3:0] count
);
    always_ff @(posedge clk or posedge reset) begin
        case(reset)
            1'b1: count <= 4'b0000;
            1'b0: case(enable)
                      1'b0: count <= count;      // hold
                      1'b1: count <= count + 1;  // increment
                      default: count <= 4'b0000;
                  endcase
        endcase
    end
endmodule","module seq_case75_copy(
    input logic clk, reset, enable,
    output logic [3:0] count
);
    always_ff @(posedge clk or posedge reset) begin
        case(reset)
            1'b1: count <= 4'b0000;
            1'b0: case(enable)
                      1'b0: count <= count;      // hold
                      1'b1: count <= count + 1;  // increment
                      default: count <= 4'b0000;
                  endcase
        endcase
    end
endmodule",INVALID_OUTPUT,3.4032132625579834,212,147
"module ff_case_1(input logic clk, rst, toggle, output logic state);
    always_ff @(posedge clk or posedge rst) begin
        case(rst)
            1'b1: state <= 0;
            1'b0: case(state)
                      1'b0: case(toggle)
                                1'b1: state <= 1;
                                1'b0: state <= state;
                                default: state <= state;
                            endcase
                      1'b1: case(toggle)
                                1'b1: state <= 0;
                                1'b0: state <= state;
                                default: state <= state;
                            endcase
                      default: state <= state;
                  endcase
        endcase
    end
endmodule","module ff_case_1_copy(input logic clk, rst, toggle, output logic state);
    always_ff @(posedge clk or posedge rst) begin
        case(rst)
            1'b1: state <= 0;
            1'b0: case(state)
                      1'b0: case(toggle)
                                1'b1: state <= 1;
                                1'b0: state <= state;
                                default: state <= state;
                            endcase
                      1'b1: case(toggle)
                                1'b1: state <= 0;
                                1'b0: state <= state;
                                default: state <= state;
                            endcase
                      default: state <= state;
                  endcase
        endcase
    end
endmodule",INVALID_OUTPUT,4.374878883361816,254,189
"module ff_case_2(input logic clk, rst, start, done, output logic [1:0] state);
    always_ff @(posedge clk or posedge rst) begin
        case(rst)
            1'b1: state <= 2'b00;
            1'b0: case(state)
                      2'b00: case(start)
                                 1'b1: state <= 2'b01;
                                 1'b0: state <= state;
                                 default: state <= state;
                             endcase
                      2'b01: case(done)
                                 1'b1: state <= 2'b00;
                                 1'b0: state <= state;
                                 default: state <= state;
                             endcase
                      default: state <= 2'b00;
                  endcase
        endcase
    end
endmodule","module ff_case_2_generated(input logic clk, rst, start, done, output logic [1:0] state);
    always_ff @(posedge clk or posedge rst) begin
        case(rst)
            1'b1: state <= 2'b00;
            1'b0: case(state)
                      2'b00: case(start)
                                 1'b1: state <= 2'b01;
                                 1'b0: state <= state;
                                 default: state <= state;
                             endcase
                      2'b01: case(done)
                                 1'b1: state <= 2'b00;
                                 1'b0: state <= state;
                                 default: state <= state;
                             endcase
                      default: state <= 2'b00;
                  endcase
        endcase
    end

    // Assertions for the generated module
    assert(start == 1'b1 && state == 2'b01);
    assert(done == 1'b1 && state == 2'b00);

endmodule",INVALID_OUTPUT,6.149706840515137,282,268
"module ff_case_3(input logic clk, rst, err, output logic bad);
    always_ff @(posedge clk or posedge rst) begin
        case(rst)
            1'b1: bad <= 0;
            1'b0: case(bad)
                      1'b0: case(err)
                                1'b1: bad <= 1;
                                1'b0: bad <= bad;
                                default: bad <= bad;
                            endcase
                      1'b1: bad <= 1;
                      default: bad <= bad;
                  endcase
        endcase
    end
endmodule","module ff_case_3_copy(input logic clk, rst, err, output logic bad);
    logic bad_next;

    always_ff @(posedge clk or posedge rst) begin
        if (rst) begin
            bad <= 0;
        end else begin
            bad_next = bad;
            if (err) begin
                bad_next = 1;
            end
            bad <= bad_next;
        end
    end
endmodule",INVALID_OUTPUT,2.6234517097473145,218,112
"module ff_case_4(input logic clk, rst, input logic [1:0] mode, output logic [3:0] cnt);
    always_ff @(posedge clk or posedge rst) begin
        case(rst)
            1'b1: cnt <= 0;
            1'b0: case(mode)
                      2'b00: cnt <= cnt;
                      2'b01: cnt <= cnt + 1;
                      2'b10: cnt <= cnt - 1;
                      default: cnt <= 0;
                  endcase
        endcase
    end
endmodule","module ff_case_4_copy(input logic clk, rst, input logic [1:0] mode, output logic [3:0] cnt);
    reg [3:0] cnt;

    always_ff @(posedge clk or posedge rst) begin
        if (rst) begin
            cnt <= 0;
        end else begin
            case(mode)
                2'b00: cnt <= cnt;
                2'b01: cnt <= cnt + 1;
                2'b10: cnt <= cnt - 1;
                default: cnt <= 0;
            endcase
        end
    end
endmodule",INVALID_OUTPUT,3.5177674293518066,213,153
"module ff_case_5(input logic clk, rst, load, input logic [7:0] d, output logic [7:0] q);
    always_ff @(posedge clk or posedge rst) begin
        case(rst)
            1'b1: q <= 0;
            1'b0: case(load)
                      1'b0: q <= q;
                      1'b1: q <= d;
                      default: q <= q;
                  endcase
        endcase
    end
endmodule","module ff_case_5_copy(input logic clk, rst, load, input logic [7:0] d, output logic [7:0] q);
    reg [7:0] q_reg;

    always_ff @(posedge clk or posedge rst) begin
        if (rst) begin
            q_reg <= 0;
        end else begin
            if (!load) begin
                q_reg <= q_reg;
            end else begin
                q_reg <= d;
            end
        end
        q <= q_reg;
    end
endmodule",INVALID_OUTPUT,3.2116634845733643,194,139
"module ff_case_6(input logic clk, rst, timer, output logic [1:0] light);
    always_ff @(posedge clk or posedge rst) begin
        case(rst)
            1'b1: light <= 2'b00;
            1'b0: case(light)
                      2'b00: case(timer)
                                 1'b1: light <= 2'b01;
                                 1'b0: light <= light;
                                 default: light <= light;
                             endcase
                      2'b01: case(timer)
                                 1'b1: light <= 2'b10;
                                 1'b0: light <= light;
                                 default: light <= light;
                             endcase
                      2'b10: case(timer)
                                 1'b1: light <= 2'b00;
                                 1'b0: light <= light;
                                 default: light <= light;
                             endcase
                      default: light <= 2'b00;
                  endcase
        endcase
    end
endmodule","module ff_case_6_generated(input logic clk, rst, timer, output logic [1:0] light);
    always_ff @(posedge clk or posedge rst) begin
        if (rst) begin
            light <= 2'b00;
        end else begin
            case(light)
                2'b00: case(timer)
                            1'b1: light <= 2'b01;
                            1'b0: light <= light;
                            default: light <= light;
                        endcase
                2'b01: case(timer)
                            1'b1: light <= 2'b10;
                            1'b0: light <= light;
                            default: light <= light;
                        endcase
                2'b10: case(timer)
                            1'b1: light <= 2'b00;
                            1'b0: light <= light;
                            default: light <= light;
                        endcase
                default: light <= 2'b00;
            endcase
        end
    end
endmodule",INVALID_OUTPUT,5.922288656234741,334,255
"module ff_case_7(input logic clk, rst, stall, output logic [1:0] state);
    always_ff @(posedge clk or posedge rst) begin
        case(rst)
            1'b1: state <= 2'b00;
            1'b0: case(state)
                      2'b00: case(stall)
                                 1'b1: state <= 2'b00;
                                 1'b0: state <= 2'b01;
                                 default: state <= 2'b00;
                             endcase
                      2'b01: case(stall)
                                 1'b1: state <= 2'b01;
                                 1'b0: state <= 2'b10;
                                 default: state <= 2'b00;
                             endcase
                      2'b10: state <= 2'b00;
                      default: state <= 2'b00;
                  endcase
        endcase
    end
endmodule","module ff_case_7_copy(input logic clk, rst, stall, output logic [1:0] state);
    always_ff @(posedge clk or posedge rst) begin
        case(rst)
            1'b1: state <= 2'b00;
            1'b0: case(state)
                      2'b00: case(stall)
                                 1'b1: state <= 2'b00;
                                 1'b0: state <= 2'b01;
                                 default: state <= 2'b00;
                             endcase
                      2'b01: case(stall)
                                 1'b1: state <= 2'b01;
                                 1'b0: state <= 2'b10;
                                 default: state <= 2'b00;
                             endcase
                      2'b10: state <= 2'b00;
                      default: state <= 2'b00;
                  endcase
        endcase
    end
endmodule",INVALID_OUTPUT,5.819405555725098,317,252
"module ff_case_8(input logic clk, rst, en, input logic [3:0] d, output logic [3:0] q);
    always_ff @(posedge clk or posedge rst) begin
        case(rst)
            1'b1: q <= 0;
            1'b0: case(en)
                      1'b1: q <= d;
                      1'b0: q <= q;
                      default: q <= q;
                  endcase
        endcase
    end
endmodule","module ff_case_8_copy(input logic clk, rst, en, input logic [3:0] d, output logic [3:0] q);
    reg [3:0] q_reg;

    always_ff @(posedge clk or posedge rst) begin
        if (rst) begin
            q_reg <= 0;
        end else begin
            if (en) begin
                q_reg <= d;
            end else begin
                q_reg <= q_reg;
            end
        end
    end

    assign q = q_reg;
endmodule",INVALID_OUTPUT,3.2351226806640625,194,140
"module ff_case_9(input logic clk, rst, inc, output logic [2:0] cnt);
    always_ff @(posedge clk or posedge rst) begin
        case(rst)
            1'b1: cnt <= 0;
            1'b0: case(cnt)
                      3'b111: cnt <= cnt;
                      default: case(inc)
                                   1'b1: cnt <= cnt + 1;
                                   1'b0: cnt <= cnt;
                                   default: cnt <= cnt;
                               endcase
                  endcase
        endcase
    end
endmodule","module ff_case_9_copy(input logic clk, rst, inc, output logic [2:0] cnt);
    always_ff @(posedge clk or posedge rst) begin
        case(rst)
            1'b1: cnt <= 0;
            1'b0: case(cnt)
                      3'b111: cnt <= cnt;
                      default: case(inc)
                                   1'b1: cnt <= cnt + 1;
                                   1'b0: cnt <= cnt;
                                   default: cnt <= cnt;
                               endcase
                  endcase
        endcase
    end
endmodule",INVALID_OUTPUT,3.4836254119873047,216,151
"module ff_case_10(input logic clk, rst, fail, output logic [1:0] state);
    always_ff @(posedge clk or posedge rst) begin
        case(rst)
            1'b1: state <= 2'b00;
            1'b0: case(state)
                      2'b00: state <= 2'b01;
                      2'b01: case(fail)
                                 1'b1: state <= 2'b10;
                                 1'b0: state <= 2'b00;
                                 default: state <= 2'b00;
                             endcase
                      2'b10: state <= 2'b01;
                      default: state <= 2'b00;
                  endcase
        endcase
    end
endmodule","module ff_case_10_copy(input logic clk, rst, fail, output logic [1:0] state);
    always_ff @(posedge clk or posedge rst) begin
        case(rst)
            1'b1: state <= 2'b00;
            1'b0: case(state)
                      2'b00: state <= 2'b01;
                      2'b01: case(fail)
                                 1'b1: state <= 2'b10;
                                 1'b0: state <= 2'b00;
                                 default: state <= 2'b00;
                             endcase
                      2'b10: state <= 2'b01;
                      default: state <= 2'b00;
                  endcase
        endcase
    end
endmodule",INVALID_OUTPUT,4.753895044326782,271,206
"module proto_case_1(input logic clk, rst, req, output logic gnt);
    always_ff @(posedge clk or posedge rst) begin
        case(rst)
            1'b1: gnt <= 0;
            1'b0: case(gnt)
                      1'b0: case(req)
                                1'b1: gnt <= 1;
                                1'b0: gnt <= gnt;
                                default: gnt <= gnt;
                            endcase
                      1'b1: gnt <= 0;
                      default: gnt <= gnt;
                  endcase
        endcase
    end
endmodule","module proto_case_1_copy(input logic clk, rst, req, output logic gnt);
    logic gnt_next;

    always_ff @(posedge clk or posedge rst) begin
        if (rst) begin
            gnt_next <= 0;
        end else begin
            gnt_next <= (gnt && !req) ? 0 : (req ? 1 : gnt);
        end
        gnt <= gnt_next;
    end
endmodule",INVALID_OUTPUT,2.794177293777466,229,119
"module simple_counter (
    input logic clk,
    input logic rst,
    input logic en,
    output logic [1:0] count
);
    always_ff @(posedge clk or posedge rst) begin
        case(rst)
            1'b1: count <= 2'b00;
            1'b0: case(en)
                      1'b1: case(count)
                                2'b00: count <= 2'b01;
                                2'b01: count <= 2'b10;
                                2'b10: count <= 2'b11;
                                2'b11: count <= 2'b00;
                                default: count <= 2'b00;
                            endcase
                      default: count <= count;
                  endcase
        endcase
    end
endmodule","module simple_counter_copy (
    input logic clk,
    input logic rst,
    input logic en,
    output logic [1:0] count
);
    always_ff @(posedge clk or posedge rst) begin
        case(rst)
            1'b1: count <= 2'b00;
            1'b0: case(en)
                      1'b1: case(count)
                                2'b00: count <= 2'b01;
                                2'b01: count <= 2'b10;
                                2'b10: count <= 2'b11;
                                2'b11: count <= 2'b00;
                                default: count <= 2'b00;
                            endcase
                      default: count <= count;
                  endcase
        endcase
    end
endmodule",INVALID_OUTPUT,4.9122326374053955,278,213
"module proto_case_3(input logic clk, rst, send, ack, output logic busy);
    always_ff @(posedge clk or posedge rst) begin
        case(rst)
            1'b1: busy <= 0;
            1'b0: case(busy)
                      1'b0: case(send)
                                1'b1: busy <= 1;
                                1'b0: busy <= busy;
                                default: busy <= busy;
                            endcase
                      1'b1: case(ack)
                                1'b1: busy <= 0;
                                1'b0: busy <= busy;
                                default: busy <= busy;
                            endcase
                      default: busy <= busy;
                  endcase
        endcase
    end
endmodule","module proto_case_3_copy(input logic clk, rst, send, ack, output logic busy);
    logic busy_next;

    always_ff @(posedge clk or posedge rst) begin
        if (rst) begin
            busy_next <= 0;
        end else begin
            busy_next <= case(busy)
                1'b0: case(send)
                      1'b1: 1'b1;
                      1'b0: busy;
                      default: busy;
                endcase
                1'b1: case(ack)
                      1'b1: 1'b0;
                      1'b0: busy;
                      default: busy;
                endcase
                default: busy;
            endcase;
        end
        busy <= busy_next;
    end
endmodule",INVALID_OUTPUT,4.533571004867554,256,196
"module proto_case_4(input logic clk, rst, give, take, output logic [1:0] credit);
    always_ff @(posedge clk or posedge rst) begin
        case(rst)
            1'b1: credit <= 2;
            1'b0: case({give,take})
                      2'b10: credit <= credit + 1;
                      2'b01: credit <= credit - 1;
                      default: credit <= credit;
                  endcase
        endcase
    end
endmodule","module proto_case_4_copy(input logic clk, rst, give, take, output logic [1:0] credit);
    logic [1:0] credit_next;

    always_ff @(posedge clk or posedge rst) begin
        if (rst) begin
            credit <= 2;
            credit_next <= 2;
        end else begin
            credit_next <= {credit, give & ~take};
        end
    end

    assign credit = credit_next;
endmodule",INVALID_OUTPUT,2.803027629852295,197,121
"module proto_case_5(input logic clk, rst, sop, eop, output logic in_pkt);
    always_ff @(posedge clk or posedge rst) begin
        case(rst)
            1'b1: in_pkt <= 0;
            1'b0: case(in_pkt)
                      1'b0: case(sop)
                                1'b1: in_pkt <= 1;
                                1'b0: in_pkt <= in_pkt;
                                default: in_pkt <= in_pkt;
                            endcase
                      1'b1: case(eop)
                                1'b1: in_pkt <= 0;
                                1'b0: in_pkt <= in_pkt;
                                default: in_pkt <= in_pkt;
                            endcase
                      default: in_pkt <= in_pkt;
                  endcase
        endcase
    end
endmodule","module proto_case_5_copy(input logic clk, rst, sop, eop, output logic in_pkt);
    logic in_pkt_copy;

    always_ff @(posedge clk or posedge rst) begin
        case(rst)
            1'b1: in_pkt_copy <= 0;
            1'b0: case(in_pkt)
                      1'b0: case(sop)
                                1'b1: in_pkt_copy <= 1;
                                1'b0: in_pkt_copy <= in_pkt;
                                default: in_pkt_copy <= in_pkt;
                            endcase
                      1'b1: case(eop)
                                1'b1: in_pkt_copy <= 0;
                                1'b0: in_pkt_copy <= in_pkt;
                                default: in_pkt_copy <= in_pkt;
                            endcase
                      default: in_pkt_copy <= in_pkt;
                  endcase
        endcase
    end

    assign in_pkt = in_pkt_copy;

endmodule",INVALID_OUTPUT,5.991296291351318,288,261
"module proto_case_6(input logic clk, rst, fail, output logic retry);
    always_ff @(posedge clk or posedge rst) begin
        case(rst)
            1'b1: retry <= 0;
            1'b0: case(retry)
                      1'b0: case(fail)
                                1'b1: retry <= 1;
                                1'b0: retry <= retry;
                                default: retry <= retry;
                            endcase
                      1'b1: retry <= 0;
                      default: retry <= retry;
                  endcase
        endcase
    end
endmodule","module proto_case_6_copy(input logic clk, rst, fail, output logic retry);
    logic retry_next;

    always_ff @(posedge clk or posedge rst) begin
        if (rst) begin
            retry <= 0;
        end else begin
            retry_next = retry;
            case(fail)
                1'b1: retry_next <= 1;
                1'b0: retry_next <= retry;
            endcase
            retry <= retry_next;
        end
    end
endmodule",INVALID_OUTPUT,3.025880813598633,218,130
"module proto_case_8(input logic clk, rst, start, finish, output logic busy);
    always_ff @(posedge clk or posedge rst) begin
        case(rst)
            1'b1: busy <= 0;
            1'b0: case(busy)
                      1'b0: case(start)
                                1'b1: busy <= 1;
                                1'b0: busy <= busy;
                                default: busy <= busy;
                            endcase
                      1'b1: case(finish)
                                1'b1: busy <= 0;
                                1'b0: busy <= busy;
                                default: busy <= busy;
                            endcase
                      default: busy <= busy;
                  endcase
        endcase
    end
endmodule","module proto_case_8_copy(input logic clk, rst, start, finish, output logic busy);
    logic busy_copy;

    always_ff @(posedge clk or posedge rst) begin
        case(rst)
            1'b1: busy_copy <= 0;
            1'b0: case(busy_copy)
                      1'b0: case(start)
                                1'b1: busy_copy <= 1;
                                1'b0: busy_copy <= busy_copy;
                                default: busy_copy <= busy_copy;
                            endcase
                      1'b1: case(finish)
                                1'b1: busy_copy <= 0;
                                1'b0: busy_copy <= busy_copy;
                                default: busy_copy <= busy_copy;
                            endcase
                      default: busy_copy <= busy_copy;
                  endcase
        endcase
    end

    assign busy = busy_copy;
endmodule",INVALID_OUTPUT,5.384287595748901,256,235
"module updown_counter (
    input logic clk,
    input logic rst,
    input logic up,
    input logic down,
    output logic [1:0] count
);
    always_ff @(posedge clk or posedge rst) begin
        case(rst)
            1'b1: count <= 2'b00;
            1'b0: case({up, down})
                      2'b10: case(count)
                                 2'b00: count <= 2'b01;
                                 2'b01: count <= 2'b10;
                                 2'b10: count <= 2'b11;
                                 2'b11: count <= 2'b11;
                                 default: count <= 2'b00;
                             endcase
                      2'b01: case(count)
                                 2'b00: count <= 2'b00;
                                 2'b01: count <= 2'b00;
                                 2'b10: count <= 2'b01;
                                 2'b11: count <= 2'b10;
                                 default: count <= 2'b00;
                             endcase
                      default: count <= count;
                  endcase
        endcase
    end
endmodule","module updown_counter_copy (
    input logic clk,
    input logic rst,
    input logic up,
    input logic down,
    output logic [1:0] count
);
    always_ff @(posedge clk or posedge rst) begin
        case(rst)
            1'b1: count <= 2'b00;
            1'b0: case({up, down})
                      2'b10: case(count)
                                 2'b00: count <= 2'b01;
                                 2'b01: count <= 2'b10;
                                 2'b10: count <= 2'b11;
                                 2'b11: count <= 2'b11;
                                 default: count <= 2'b00;
                             endcase
                      2'b01: case(count)
                                 2'b00: count <= 2'b00;
                                 2'b01: count <= 2'b00;
                                 2'b10: count <= 2'b01;
                                 2'b11: count <= 2'b10;
                                 default: count <= 2'b00;
                             endcase
                      default: count <= count;
                  endcase
        endcase
    end
endmodule",INVALID_OUTPUT,7.580516815185547,391,326
"module phy_link (
    input logic clk,
    input logic rst_n,
    input logic [3:0] mode,
    output logic [1:0] speed,
    output logic training
);
    // Block 1: Speed Selection (Sequential with Reset)
    always_ff @(posedge clk or negedge rst_n) begin
        case(rst_n)
            1'b0: speed <= 2'b00;  // Reset to safe speed
            1'b1: casez (mode)
                      4'b1???: speed <= 2'b11;   // Gen3
                      4'b01??: speed <= 2'b10;   // Gen2
                      4'b001?: speed <= 2'b01;   // Gen1
                      4'b0001: speed <= 2'b00;   // Safe
                      default: speed <= speed;   // Hold
                  endcase
        endcase
    end

    // Block 2: Training Control (Sequential with Reset)
    always_ff @(posedge clk or negedge rst_n) begin
        case(rst_n)
            1'b0: training <= 1'b0;
            1'b1: case(speed != 2'b00)
                      1'b1: training <= 1'b1;
                      1'b0: training <= 1'b0;
                      default: training <= training;
                  endcase
        endcase
    end

endmodule","module phy_link_copy (
    input logic clk,
    input logic rst_n,
    input logic [3:0] mode,
    output logic [1:0] speed,
    output logic training
);

    // Block 1: Speed Selection (Sequential with Reset)
    always_ff @(posedge clk or negedge rst_n) begin
        case(rst_n)
            1'b0: speed <= 2'b00;  // Reset to safe speed
            1'b1: casez (mode)
                      4'b1???: speed <= 2'b11;   // Gen3
                      4'b01??: speed <= 2'b10;   // Gen2
                      4'b001?: speed <= 2'b01;   // Gen1
                      4'b0001: speed <= 2'b00;   // Safe
                      default: speed <= speed;   // Hold
                  endcase
        endcase
    end

    // Block 2: Training Control (Sequential with Reset)
    always_ff @(posedge clk or negedge rst_n) begin
        case(rst_n)
            1'b0: training <= 1'b0;
            1'b1: case(speed != 2'b00)
                      1'b1: training <= 1'b1;
                      1'b0: training <= 1'b0;
                      default: training <= training;
                  endcase
        endcase
    end

endmodule",INVALID_OUTPUT,8.449376344680786,427,362
"module mem_ctrl (
    input logic clk,
    input logic [1:0] cmd,
    input logic [1:0] burst,
    output logic ack,
    output logic err
);
    always_ff @(posedge clk) begin
        ack <= 0;
        err <= 0;
        case (cmd)
            2'b00: begin // READ
                case (burst)
                    2'b00, 2'b01: ack <= 1;
                    default: err <= 1;
                endcase
            end

            2'b01: begin // WRITE
                case (burst)
                    2'b00, 2'b10: ack <= 1;
                    default: err <= 1;
                endcase
            end

            default: err <= 1;
        endcase
    end
endmodule","module mem_ctrl_copy (
    input logic clk,
    input logic [1:0] cmd,
    input logic [1:0] burst,
    output logic ack,
    output logic err
);
    always_ff @(posedge clk) begin
        ack <= 0;
        err <= 0;
        case (cmd)
            2'b00: begin // READ
                case (burst)
                    2'b00, 2'b01: ack <= 1;
                    default: err <= 1;
                endcase
            end

            2'b01: begin // WRITE
                case (burst)
                    2'b00, 2'b10: ack <= 1;
                    default: err <= 1;
                endcase
            end

            default: err <= 1;
        endcase
    end
endmodule",INVALID_OUTPUT,4.83945107460022,275,210
"module mealy_101_detector (
    input  logic clk,
    input  logic rst_n,
    input  logic data_in,
    output logic detected
);

    // State encoding
    typedef enum logic [1:0] {
        S0,  // No bits matched
        S1,  // Matched '1'
        S2   // Matched '10'
    } state_t;

    state_t current_state, next_state;

    // Sequential block: state update
    always_ff @(posedge clk or negedge rst_n) begin
        case(rst_n)
            1'b0: current_state <= S0;
            1'b1: current_state <= next_state;
            default: current_state <= S0;
        endcase
    end

    // Combinational block: next state logic
    always_comb begin
        case (current_state)
            S0: case(data_in)
                    1'b1: next_state = S1;
                    1'b0: next_state = S0;
                    default: next_state = S0;
                endcase
            S1: case(data_in)
                    1'b0: next_state = S2;
                    1'b1: next_state = S1;
                    default: next_state = S0;
                endcase
            S2: case(data_in)
                    1'b1: next_state = S1;
                    1'b0: next_state = S0;
                    default: next_state = S0;
                endcase
            default: next_state = S0;
        endcase
    end

    // Combinational block: output logic (Mealy)
    always_comb begin
        case (current_state)
            S2: case(data_in)
                    1'b1: detected = 1'b1;
                    default: detected = 1'b0;
                endcase
            default: detected = 1'b0;
        endcase
    end

endmodule","module mealy_101_detector_copy (
    input  logic clk,
    input  logic rst_n,
    input  logic data_in,
    output logic detected
);

    // State encoding
    typedef enum logic [1:0] {
        S0,  // No bits matched
        S1,  // Matched '1'
        S2   // Matched '10'
    } state_t;

    state_t current_state, next_state;

    // Sequential block: state update
    always_ff @(posedge clk or negedge rst_n) begin
        case(rst_n)
            1'b0: current_state <= S0;
            1'b1: current_state <= next_state;
            default: current_state <= S0;
        endcase
    end

    // Combinational block: next state logic
    always_comb begin
        case (current_state)
            S0: case(data_in)
                    1'b1: next_state = S1;
                    1'b0: next_state = S0;
                    default: next_state = S0;
                endcase
            S1: case(data_in)
                    1'b0: next_state = S2;
                    1'b1: next_state = S1;
                    default: next_state = S0;
                endcase
            S2: case(data_in)
                    1'b1: next_state = S1;
                    1'b0: next_state = S0;
                    default: next_state = S0;
                endcase
            default: next_state = S0;
        endcase
    end

    // Combinational block: output logic (Mealy)
    always_comb begin
        case (current_state)
            S2: case(data_in)
                    1'b1: detected = 1'b1;
                    default: detected = 1'b0;
                endcase
            default: detected = 1'b0;
        endcase
    end

endmodule",INVALID_OUTPUT,11.729764699935913,561,496
"module ff_case_12(input logic clk, rst, error, output logic [1:0] status);
    always_ff @(posedge clk or posedge rst) begin
        case(rst)
            1'b1: status <= 2'b00;
            1'b0: case(status)
                      2'b00: case(error)
                                 1'b1: status <= 2'b11;
                                 1'b0: status <= 2'b01;
                                 default: status <= 2'b01;
                             endcase
                      2'b01: status <= 2'b10;
                      2'b10: status <= 2'b00;
                      2'b11: status <= 2'b00;
                      default: status <= 2'b00;
                  endcase
        endcase
    end
endmodule","module ff_case_12_copy(input logic clk, rst, error, output logic [1:0] status);
    always_ff @(posedge clk or posedge rst) begin
        case(rst)
            1'b1: status <= 2'b00;
            1'b0: case(status)
                      2'b00: case(error)
                                 1'b1: status <= 2'b11;
                                 1'b0: status <= 2'b01;
                                 default: status <= 2'b01;
                             endcase
                      2'b01: status <= 2'b10;
                      2'b10: status <= 2'b00;
                      2'b11: status <= 2'b00;
                      default: status <= 2'b00;
                  endcase
        endcase
    end
endmodule",INVALID_OUTPUT,5.145655870437622,288,223
"module proto_case_9(input logic clk, rst, req, ack, output logic req_pending);
    always_ff @(posedge clk or posedge rst) begin
        case(rst)
            1'b1: req_pending <= 0;
            1'b0: case(req_pending)
                      1'b0: case(req)
                                1'b1: req_pending <= 1;
                                1'b0: req_pending <= req_pending;
                                default: req_pending <= req_pending;
                            endcase
                      1'b1: case(ack)
                                1'b1: req_pending <= 0;
                                1'b0: req_pending <= req_pending;
                                default: req_pending <= req_pending;
                            endcase
                      default: req_pending <= req_pending;
                  endcase
        endcase
    end
endmodule","module proto_case_9_copy(input logic clk, rst, req, ack, output logic req_pending);
    logic req_pending_ff;

    always_ff @(posedge clk or posedge rst) begin
        if (rst) begin
            req_pending_ff <= 0;
            req_pending <= 0;
        end else begin
            req_pending_ff <= req_pending_ff || req;
            req_pending <= req_pending_ff & ack;
        end
    end

endmodule",INVALID_OUTPUT,2.9946701526641846,286,126
"module proto_case_10(input logic clk, rst, load, shift, output logic [1:0] mode);
    always_ff @(posedge clk or posedge rst) begin
        case(rst)
            1'b1: mode <= 0;
            1'b0: case(mode)
                      2'b00: case(load)
                                 1'b1: mode <= 2'b01;
                                 1'b0: mode <= mode;
                                 default: mode <= mode;
                             endcase
                      2'b01: case(shift)
                                 1'b1: mode <= 2'b10;
                                 1'b0: mode <= mode;
                                 default: mode <= mode;
                             endcase
                      2'b10: mode <= 2'b00;
                      default: mode <= 2'b00;
                  endcase
        endcase
    end
endmodule","module proto_case_10_copy(input logic clk, rst, load, shift, output logic [1:0] mode);
    logic [1:0] mode_next;

    always_ff @(posedge clk or posedge rst) begin
        if (rst) begin
            mode_next <= 2'b00;
        end else begin
            mode_next <= case(mode)
                2'b00: case(load)
                            1'b1: 2'b01;
                            1'b0: mode;
                            default: mode;
                        endcase
                2'b01: case(shift)
                            1'b1: 2'b10;
                            1'b0: mode;
                            default: mode;
                        endcase
                2'b10: 2'b00;
                default: 2'b00;
            endcase;
        end
        mode <= mode_next;
    end
endmodule",INVALID_OUTPUT,5.443997383117676,296,235
"module proto_case_11(input logic clk, rst, increment, decrement, output logic [2:0] count);
    always_ff @(posedge clk or posedge rst) begin
        case(rst)
            1'b1: count <= 0;
            1'b0: case({increment, decrement})
                      2'b10: count <= count + 1;
                      2'b01: count <= count - 1;
                      default: count <= count;
                  endcase
        endcase
    end
endmodule","module proto_case_11_copy(input logic clk, rst, increment, decrement, output logic [2:0] count);
    always_ff @(posedge clk or posedge rst) begin
        case(rst)
            1'b1: count <= 0;
            1'b0: case({increment, decrement})
                      2'b10: count <= count + 1;
                      2'b01: count <= count - 1;
                      default: count <= count;
                  endcase
        endcase
    end

    // Assertions
    assert(count >= 0);
    assert(count <= 2);
endmodule",INVALID_OUTPUT,4.503390550613403,198,197
"module toggle_ff (
    input logic clk,
    input logic rst,
    input logic toggle,
    output logic q
);
    always_ff @(posedge clk or posedge rst) begin
        case(rst)
            1'b1: q <= 1'b0;
            1'b0: case(toggle)
                      1'b1: q <= ~q;
                      1'b0: q <= q;
                      default: q <= q;
                  endcase
        endcase
    end
endmodule","module toggle_ff_copy (
    input logic clk,
    input logic rst,
    input logic toggle,
    output logic q
);
    logic q_copy;

    always_ff @(posedge clk or posedge rst) begin
        if (rst) begin
            q_copy <= 1'b0;
            q <= 1'b0;
        end else begin
            if (toggle) begin
                q_copy <= ~q_copy;
                q <= ~q;
            end else begin
                q_copy <= q_copy;
                q <= q;
            end
        end
    end
endmodule",INVALID_OUTPUT,3.4981343746185303,195,152
"module proto_case_13(input logic clk, rst, go, done, output logic running);
    always_ff @(posedge clk or posedge rst) begin
        case(rst)
            1'b1: running <= 0;
            1'b0: case(running)
                      1'b0: case(go)
                                1'b1: running <= 1;
                                1'b0: running <= running;
                                default: running <= running;
                            endcase
                      1'b1: case(done)
                                1'b1: running <= 0;
                                1'b0: running <= running;
                                default: running <= running;
                            endcase
                      default: running <= running;
                  endcase
        endcase
    end
endmodule","module proto_case_13_copy(input logic clk, rst, go, done, output logic running);
    logic running_next;

    always_ff @(posedge clk or posedge rst) begin
        if (rst) begin
            running <= 0;
        end else begin
            running_next = running;
            case(go)
                1'b1: running_next = 1;
                1'b0: running_next = running;
                default: running_next = running;
            endcase
            case(done)
                1'b1: running_next = 0;
                1'b0: running_next = running;
                default: running_next = running;
            endcase
            running <= running_next;
        end
    end
endmodule",INVALID_OUTPUT,4.3936076164245605,257,190
"module proto_case_14(input logic clk, rst, enable, timeout, output logic active);
    always_ff @(posedge clk or posedge rst) begin
        case(rst)
            1'b1: active <= 0;
            1'b0: case(active)
                      1'b0: case(enable)
                                1'b1: active <= 1;
                                1'b0: active <= active;
                                default: active <= active;
                            endcase
                      1'b1: case(timeout)
                                1'b1: active <= 0;
                                1'b0: active <= active;
                                default: active <= active;
                            endcase
                      default: active <= active;
                  endcase
        endcase
    end
endmodule","module proto_case_14_copy(input logic clk, rst, enable, timeout, output logic active);
    logic active_next;

    always_ff @(posedge clk or posedge rst) begin
        if (rst) begin
            active_next <= 0;
        end else begin
            active_next <= case(active)
                1'b0: case(enable)
                      1'b1: 1'b1;
                      1'b0: active;
                      default: active;
                endcase
                1'b1: case(timeout)
                      1'b1: 1'b0;
                      1'b0: active;
                      default: active;
                endcase
                default: active;
            endcase;
        end
        active <= active_next;
    end
endmodule",INVALID_OUTPUT,4.5568342208862305,257,197
"module proto_case_15(input logic clk, rst, in_valid, in_ready, output logic data_valid);
    always_ff @(posedge clk or posedge rst) begin
        case(rst)
            1'b1: data_valid <= 0;
            1'b0: case(data_valid)
                      1'b0: case(in_valid)
                                1'b1: data_valid <= 1;
                                1'b0: data_valid <= data_valid;
                                default: data_valid <= data_valid;
                            endcase
                      1'b1: case(in_ready)
                                1'b1: data_valid <= 0;
                                1'b0: data_valid <= data_valid;
                                default: data_valid <= data_valid;
                            endcase
                      default: data_valid <= data_valid;
                  endcase
        endcase
    end
endmodule","module proto_case_15_copy(input logic clk, rst, in_valid, in_ready, output logic data_valid);
    logic data_valid_next;

    always_ff @(posedge clk or posedge rst) begin
        if (rst) begin
            data_valid_next <= 0;
        end else begin
            if (in_valid && !in_ready) begin
                data_valid_next <= 1;
            end else if (in_ready) begin
                data_valid_next <= 0;
            end else begin
                data_valid_next <= data_valid;
            end
        end
        data_valid <= data_valid_next;
    end
endmodule",INVALID_OUTPUT,3.9777779579162598,295,171
"module proto_case_16(input logic clk, rst, set, clear, output logic flag);
    always_ff @(posedge clk or posedge rst) begin
        case(rst)
            1'b1: flag <= 0;
            1'b0: case(flag)
                      1'b0: case(set)
                                1'b1: flag <= 1;
                                1'b0: flag <= flag;
                                default: flag <= flag;
                            endcase
                      1'b1: case(clear)
                                1'b1: flag <= 0;
                                1'b0: flag <= flag;
                                default: flag <= flag;
                            endcase
                      default: flag <= flag;
                  endcase
        endcase
    end
endmodule","module proto_case_16_copy(input logic clk, rst, set, clear, output logic flag);
    always_ff @(posedge clk or posedge rst) begin
        case(rst)
            1'b1: flag <= 0;
            1'b0: case(flag)
                      1'b0: case(set)
                                1'b1: flag <= 1;
                                1'b0: flag <= 0;
                                default: flag <= flag;
                            endcase
                      1'b1: case(clear)
                                1'b1: flag <= 0;
                                1'b0: flag <= 1;
                                default: flag <= flag;
                            endcase
                      default: flag <= flag;
                  endcase
        endcase
    end
endmodule",INVALID_OUTPUT,4.480320930480957,257,194
"module simple_shiftreg (
    input  logic       clk,
    input  logic       rst_n,
    input  logic [1:0] mode,
    input  logic       din,
    output logic [3:0] dout
);

    logic [3:0] shift_reg;

    always_ff @(posedge clk or negedge rst_n) begin
        case (1'b1)
            rst_n == 1'b0: shift_reg <= 4'b0000;
            default: begin
                case (mode)
                    2'b00:   shift_reg <= shift_reg;           // hold
                    2'b01:   shift_reg <= {shift_reg[2:0], din}; // shift left
                    2'b10:   shift_reg <= {din, shift_reg[3:1]}; // shift right
                    2'b11:   shift_reg <= {shift_reg[2:0], shift_reg[3]}; // rotate
                endcase
            end
        endcase
    end

endmodule","module simple_shiftreg_copy (
    input  logic       clk,
    input  logic       rst_n,
    input  logic [1:0] mode,
    input  logic       din,
    output logic [3:0] dout
);

    logic [3:0] shift_reg;

    always_ff @(posedge clk or negedge rst_n) begin
        case (1'b1)
            rst_n == 1'b0: shift_reg <= 4'b0000;
            default: begin
                case (mode)
                    2'b00:   shift_reg <= shift_reg;           // hold
                    2'b01:   shift_reg <= {shift_reg[2:0], din}; // shift left
                    2'b10:   shift_reg <= {din, shift_reg[3:1]}; // shift right
                    2'b11:   shift_reg <= {shift_reg[2:0], shift_reg[3]}; // rotate
                endcase
            end
        endcase
    end

    assign dout = shift_reg;

endmodule",INVALID_OUTPUT,6.245122194290161,325,269
"module case_set_1(input logic clk, rst, trigger, output logic [2:0] pattern);
    always_ff @(posedge clk or posedge rst) begin
        case(rst)
            1'b1: pattern <= 3'b001;
            1'b0: case(pattern) inside
                      {3'b001, 3'b010, 3'b100}: case(trigger)
                                                     1'b1: pattern <= pattern << 1;
                                                     1'b0: pattern <= pattern;
                                                     default: pattern <= pattern;
                                                 endcase
                      3'b110, 3'b101, 3'b011: pattern <= 3'b111;
                      3'b111: pattern <= 3'b001;
                  endcase
        endcase
    end
endmodule","module case_set_1_copy(input logic clk, rst, trigger, output logic [2:0] pattern);
    always_ff @(posedge clk or posedge rst) begin
        case(rst)
            1'b1: pattern <= 3'b001;
            1'b0: case(pattern)
                      {3'b001, 3'b010, 3'b100}: case(trigger)
                                                     1'b1: pattern <= pattern << 1;
                                                     1'b0: pattern <= pattern;
                                                     default: pattern <= pattern;
                                                 endcase
                      3'b110, 3'b101, 3'b011: pattern <= 3'b111;
                      3'b111: pattern <= 3'b001;
                  endcase
        endcase
    end
endmodule",INVALID_OUTPUT,5.080164432525635,286,220
"module case_pulse_width(input logic clk, rst, inc, dec, output logic [3:0] width);
    always_ff @(posedge clk or posedge rst) begin
        case(rst)
            1'b1: width <= 4'd8;
            1'b0: case(width) inside
                      [0:3]: case(inc)
                                 1'b1: width <= width + 2;
                                 1'b0: width <= width;
                                 default: width <= width;
                             endcase
                      [4:7]: case({inc, dec})
                                 2'b10: width <= width + 1;
                                 2'b01: width <= width - 1;
                                 2'b11: width <= width;  // both inc and dec asserted - hold
                                 2'b00: width <= width;
                                 default: width <= width;
                             endcase
                      [8:11]: case(dec)
                                  1'b1: width <= width - 2;
                                  1'b0: width <= width;
                                  default: width <= width;
                              endcase
                      [12:15]: width <= 4'd8;
                  endcase
        endcase
    end
endmodule","module case_pulse_width(input logic clk, rst, inc, dec, output logic [3:0] width);
    always_ff @(posedge clk or posedge rst) begin
        case(rst)
            1'b1: width <= 4'd8;
            1'b0: case(width)
                      [0:3]: case(inc)
                                 1'b1: width <= width + 2;
                                 1'b0: width <= width;
                                 default: width <= width;
                             endcase
                      [4:7]: case({inc, dec})
                                 2'b10: width <= width + 1;
                                 2'b01: width <= width - 1;
                                 2'b11: width <= width;  // both inc and dec asserted - hold
                                 2'b00: width <= width;
                                 default: width <= width;
                             endcase
                      [8:11]: case(dec)
                                  1'b1: width <= width - 2;
                                  1'b0: width <= width;
                                  default: width <= width;
                              endcase
                      [12:15]: width <= 4'd8;
                  endcase
        endcase
    end
endmodule",INVALID_OUTPUT,7.109729528427124,374,306
"module case_temp_ctrl(input logic clk, rst, heat, cool, output logic [3:0] temp);
    always_ff @(posedge clk or posedge rst) begin
        case(rst)
            1'b1: temp <= 4'b0110;
            1'b0: case(temp) inside
                      [0:3]: case(heat)
                                 1'b1: temp <= temp + 2;
                                 1'b0: temp <= temp;
                                 default: temp <= temp;
                             endcase
                      [4:7]: begin
                                 case(heat)
                                     1'b1: temp <= temp + 1;
                                     1'b0: temp <= temp;
                                     default: temp <= temp;
                                 endcase
                                 case(cool)
                                     1'b1: temp <= temp - 1;
                                     1'b0: temp <= temp;
                                     default: temp <= temp;
                                 endcase
                             end
                      [8:11]: case(cool)
                                  1'b1: temp <= temp - 2;
                                  1'b0: temp <= temp;
                                  default: temp <= temp;
                              endcase
                      [12:15]: temp <= 4'b0110;
                  endcase
        endcase
    end
endmodule","module case_temp_ctrl_copy(input logic clk, rst, heat, cool, output logic [3:0] temp);
    always_ff @(posedge clk or posedge rst) begin
        case(rst)
            1'b1: temp <= 4'b0110;
            1'b0: case(temp)
                      inside
                      [0:3]: case(heat)
                                 1'b1: temp <= temp + 2;
                                 1'b0: temp <= temp;
                                 default: temp <= temp;
                             endcase
                      [4:7]: begin
                                 case(heat)
                                     1'b1: temp <= temp + 1;
                                     1'b0: temp <= temp;
                                     default: temp <= temp;
                                 endcase
                                 case(cool)
                                     1'b1: temp <= temp - 1;
                                     1'b0: temp <= temp;
                                     default: temp <= temp;
                                 endcase
                             end
                      [8:11]: case(cool)
                                  1'b1: temp <= temp - 2;
                                  1'b0: temp <= temp;
                                  default: temp <= temp;
                              endcase
                      [12:15]: temp <= 4'b0110;
                  endcase
        endcase
    end
endmodule",INVALID_OUTPUT,7.708297967910767,394,331
"module case_addr_decode(input logic clk, rst, enable, output logic [2:0] addr);
    always_ff @(posedge clk or posedge rst) begin
        case(rst)
            1'b1: addr <= 3'b000;
            1'b0: case(addr)
                      3'b000: case(enable)
                                  1'b1: addr <= 3'b001;
                                  1'b0: addr <= addr;
                                  default: addr <= addr;
                              endcase
                      3'b001, 3'b010, 3'b100: addr <= addr << 1;
                      3'b011: addr <= 3'b101;
                      3'b101: addr <= 3'b110;
                      3'b110, 3'b111: addr <= 3'b000;
                      default: addr <= 3'b000;
                  endcase
        endcase
    end
endmodule","module case_addr_decode_copy(input logic clk, rst, enable, output logic [2:0] addr);
    logic [2:0] addr_copy;

    always_ff @(posedge clk or posedge rst) begin
        if (rst) begin
            addr_copy <= 3'b000;
            addr <= 3'b000;
        end else begin
            case(addr)
                3'b000: case(enable)
                            1'b1: addr_copy <= 3'b001;
                            1'b0: addr_copy <= 3'b000;
                            default: addr_copy <= 3'b000;
                        endcase
                3'b001, 3'b010, 3'b100: addr_copy <= addr_copy << 1;
                3'b011: addr_copy <= 3'b101;
                3'b101: addr_copy <= 3'b110;
                3'b110, 3'b111: addr_copy <= 3'b000;
                default: addr_copy <= 3'b000;
            endcase
            addr <= addr_copy;
        end
    end
endmodule",INVALID_OUTPUT,7.350494384765625,327,318
"module case_gray_counter(input logic clk, rst, inc, output logic [3:0] gray);
    logic [3:0] binary;
    always_ff @(posedge clk or posedge rst) begin
        case(rst)
            1'b1: begin
                binary <= 4'b0000;
                gray <= 4'b0000;
            end
            1'b0: case(inc)
                      1'b1: case(gray)
                                4'b0000: gray <= 4'b0001;
                                4'b0001: gray <= 4'b0011;
                                4'b0011: gray <= 4'b0010;
                                4'b0010: gray <= 4'b0110;
                                4'b0110: gray <= 4'b0111;
                                4'b0111: gray <= 4'b0101;
                                4'b0101: gray <= 4'b0100;
                                4'b0100: gray <= 4'b1100;
                                4'b1100: gray <= 4'b1101;
                                4'b1101: gray <= 4'b1111;
                                4'b1111: gray <= 4'b1110;
                                4'b1110: gray <= 4'b1010;
                                4'b1010: gray <= 4'b1011;
                                4'b1011: gray <= 4'b1001;
                                4'b1001: gray <= 4'b1000;
                                4'b1000: gray <= 4'b0000;
                                default: gray <= 4'b0000;
                            endcase
                      1'b0: begin
                                binary <= binary;
                                gray <= gray;
                            end
                      default: begin
                                  binary <= binary;
                                  gray <= gray;
                              end
                  endcase
        endcase
    end
endmodule","module case_gray_counter(input logic clk, rst, inc, output logic [3:0] gray);
    logic [3:0] binary;
    always_ff @(posedge clk or posedge rst) begin
        case(rst)
            1'b1: begin
                binary <= 4'b0000;
                gray <= 4'b0000;
            end
            1'b0: case(inc)
                      1'b1: case(gray)
                                4'b0000: gray <= 4'b0001;
                                4'b0001: gray <= 4'b0011;
                                4'b0011: gray <= 4'b0010;
                                4'b0010: gray <= 4'b0110;
                                4'b0110: gray <= 4'b0111;
                                4'b0111: gray <= 4'b0101;
                                4'b0101: gray <= 4'b0100;
                                4'b0100: gray <= 4'b1100;
                                4'b1100: gray <= 4'b1101;
                                4'b1101: gray <= 4'b1111;
                                4'b1111: gray <= 4'b1110;
                                4'b1110: gray <= 4'b1010;
                                4'b1010: gray <= 4'b1011;
                                4'b1011: gray <= 4'b1001;
                                4'b1001: gray <= 4'b1000;
                                4'b1000: gray <= 4'b0000;
                                default: gray <= 4'b0000;
                            endcase
                      1'b0: begin
                                binary <= binary;
                                gray <= gray;
                            end
                      default: begin
                                  binary <= binary;
                                  gray <= gray;
                              end
                  endcase
        endcase
    end
endmodule",INVALID_OUTPUT,13.098217487335205,617,550
"module case_voltage_lvl(input logic clk, rst, up, dn, output logic [2:0] voltage);
    always_ff @(posedge clk or posedge rst) begin
        case(rst)
            1'b1: voltage <= 3'b011;
            1'b0: case(voltage)
                      3'b000: case(up)
                                  1'b1: voltage <= 3'b001;
                                  1'b0: voltage <= voltage;
                                  default: voltage <= voltage;
                              endcase
                      3'b001: case(up)
                                  1'b1: voltage <= 3'b010;
                                  1'b0: case(dn)
                                            1'b1: voltage <= 3'b000;
                                            1'b0: voltage <= voltage;
                                            default: voltage <= voltage;
                                        endcase
                                  default: voltage <= voltage;
                              endcase
                      3'b010: case(up)
                                  1'b1: voltage <= 3'b011;
                                  1'b0: case(dn)
                                            1'b1: voltage <= 3'b001;
                                            1'b0: voltage <= voltage;
                                            default: voltage <= voltage;
                                        endcase
                                  default: voltage <= voltage;
                              endcase
                      3'b011: case(up)
                                  1'b1: voltage <= 3'b100;
                                  1'b0: case(dn)
                                            1'b1: voltage <= 3'b010;
                                            1'b0: voltage <= voltage;
                                            default: voltage <= voltage;
                                        endcase
                                  default: voltage <= voltage;
                              endcase
                      3'b100: case(up)
                                  1'b1: voltage <= 3'b101;
                                  1'b0: case(dn)
                                            1'b1: voltage <= 3'b011;
                                            1'b0: voltage <= voltage;
                                            default: voltage <= voltage;
                                        endcase
                                  default: voltage <= voltage;
                              endcase
                      3'b101: case(up)
                                  1'b1: voltage <= 3'b110;
                                  1'b0: case(dn)
                                            1'b1: voltage <= 3'b100;
                                            1'b0: voltage <= voltage;
                                            default: voltage <= voltage;
                                        endcase
                                  default: voltage <= voltage;
                              endcase
                      3'b110: case(dn)
                                  1'b1: voltage <= 3'b101;
                                  1'b0: voltage <= voltage;
                                  default: voltage <= voltage;
                              endcase
                      3'b111: voltage <= 3'b011;
                      default: voltage <= 3'b011;
                  endcase
        endcase
    end
endmodule","module case_voltage_lvl(input logic clk, rst, up, dn, output logic [2:0] voltage);
    always_ff @(posedge clk or posedge rst) begin
        case(rst)
            1'b1: voltage <= 3'b011;
            1'b0: case(voltage)
                      3'b000: voltage <= 3'b001;
                      3'b001: voltage <= 3'b010;
                      3'b010: voltage <= 3'b011;
                      3'b011: voltage <= 3'b100;
                      3'b100: voltage <= 3'b101;
                      3'b101: voltage <= 3'b110;
                      3'b110: voltage <= 3'b101;
                      3'b111: voltage <= 3'b011;
                      default: voltage <= 3'b011;
                  endcase
        endcase
    end
endmodule",INVALID_OUTPUT,6.4608824253082275,807,261
"module case_data_align(input logic clk, rst, sync, output logic [3:0] align);
    always_ff @(posedge clk or posedge rst) begin
        case(rst)
            1'b1: align <= 4'b0001;
            1'b0: casex(align)
                      4'bxxx1: case(sync)
                                   1'b1: align <= 4'b0010;
                                   1'b0: align <= {align[0], align[3:1]};
                                   default: align <= align;
                               endcase
                      4'bxx10: align <= 4'b0100;
                      4'bx100: align <= 4'b1000;
                      4'b1000: align <= 4'b0001;
                      default: align <= 4'b0001;
                  endcase
        endcase
    end
endmodule","module case_data_align_copy(input logic clk, rst, sync, output logic [3:0] align);
    always_ff @(posedge clk or posedge rst) begin
        case(rst)
            1'b1: align <= 4'b0001;
            1'b0: case(sync)
                      4'bxxx1: case(sync)
                                   1'b1: align <= 4'b0010;
                                   1'b0: align <= {align[0], align[3:1]};
                                   default: align <= align;
                               endcase
                      4'bxx10: align <= 4'b0100;
                      4'bx100: align <= 4'b1000;
                      4'b1000: align <= 4'b0001;
                      default: align <= 4'b0001;
                  endcase
        endcase
    end
endmodule",INVALID_OUTPUT,5.488743543624878,303,237
"module case_histogram(input logic clk, rst, inc, dec, output logic [3:0] hist_bin);
    always_ff @(posedge clk or posedge rst) begin
        case(rst)
            1'b1: hist_bin <= 4'd0;
            1'b0: case(hist_bin) inside
                      [0:2]: case(inc)
                                 1'b1: hist_bin <= hist_bin + 1;
                                 1'b0: hist_bin <= hist_bin;
                                 default: hist_bin <= hist_bin;
                             endcase
                      [3:7]: begin
                                 // Handle inc condition with range check
                                 case(inc)
                                     1'b1: begin
                                               case(hist_bin < 4'd12)
                                                   1'b1: hist_bin <= hist_bin + 1;
                                                   1'b0: hist_bin <= hist_bin;
                                                   default: hist_bin <= hist_bin;
                                               endcase
                                           end
                                     1'b0: hist_bin <= hist_bin;
                                     default: hist_bin <= hist_bin;
                                 endcase
                                 // Handle dec condition with range check
                                 case(dec)
                                     1'b1: begin
                                               case(hist_bin > 4'd0)
                                                   1'b1: hist_bin <= hist_bin - 1;
                                                   1'b0: hist_bin <= hist_bin;
                                                   default: hist_bin <= hist_bin;
                                               endcase
                                           end
                                     1'b0: hist_bin <= hist_bin;
                                     default: hist_bin <= hist_bin;
                                 endcase
                             end
                      [8:12]: case(dec)
                                  1'b1: hist_bin <= hist_bin - 1;
                                  1'b0: hist_bin <= hist_bin;
                                  default: hist_bin <= hist_bin;
                              endcase
                      [13:15]: hist_bin <= 4'd7;
                  endcase
        endcase
    end
endmodule","module case_histogram_copy(input logic clk, rst, inc, dec, output logic [3:0] hist_bin);
    always_ff @(posedge clk or posedge rst) begin
        case(rst)
            1'b1: hist_bin <= 4'd0;
            1'b0: case(hist_bin)
                      [0:2]: case(inc)
                                 1'b1: hist_bin <= hist_bin + 1;
                                 1'b0: hist_bin <= hist_bin;
                                 default: hist_bin <= hist_bin;
                             endcase
                      [3:7]: begin
                                 // Handle inc condition with range check
                                 case(inc)
                                     1'b1: begin
                                               if (hist_bin < 4'd12) begin
                                                   hist_bin <= hist_bin + 1;
                                               end
                                           end
                                     1'b0: hist_bin <= hist_bin;
                                     default: hist_bin <= hist_bin;
                                 endcase
                                 // Handle dec condition with range check
                                 case(dec)
                                     1'b1: begin
                                               if (hist_bin > 4'd0) begin
                                                   hist_bin <= hist_bin - 1;
                                               end
                                           end
                                     1'b0: hist_bin <= hist_bin;
                                     default: hist_bin <= hist_bin;
                                 endcase
                             end
                      [8:12]: case(dec)
                                  1'b1: hist_bin <= hist_bin - 1;
                                  1'b0: hist_bin <= hist_bin;
                                  default: hist_bin <= hist_bin;
                              endcase
                      [13:15]: hist_bin <= 4'd7;
                  endcase
        endcase
    end
endmodule",INVALID_OUTPUT,10.772967100143433,587,453
"module case_pwm_duty(input logic clk, rst, adj_up, adj_dn, output logic [4:0] duty);
    always_ff @(posedge clk or posedge rst) begin
        case(rst)
            1'b1: duty <= 5'd16;
            1'b0: case(duty) inside
                      [0:7]: case(adj_up)
                                 1'b1: duty <= duty + 4;
                                 1'b0: duty <= duty;
                                 default: duty <= duty;
                             endcase
                      [8:15]: begin
                                 // Handle adj_up condition
                                 case(adj_up)
                                     1'b1: duty <= duty + 2;
                                     1'b0: duty <= duty;
                                     default: duty <= duty;
                                 endcase
                                 // Handle adj_dn condition
                                 case(adj_dn)
                                     1'b1: duty <= duty - 1;
                                     1'b0: duty <= duty;
                                     default: duty <= duty;
                                 endcase
                             end
                      [16:23]: case(adj_dn)
                                   1'b1: duty <= duty - 2;
                                   1'b0: duty <= duty;
                                   default: duty <= duty;
                               endcase
                      [24:31]: duty <= 5'd16;
                  endcase
        endcase
    end
endmodule","module case_pwm_duty(input logic clk, rst, adj_up, adj_dn, output logic [4:0] duty);
    always_ff @(posedge clk or posedge rst) begin
        case(rst)
            1'b1: duty <= 5'd16;
            1'b0: case(duty)
                      inside
                      [0:7]: case(adj_up)
                                 1'b1: duty <= duty + 4;
                                 1'b0: duty <= duty;
                                 default: duty <= duty;
                             endcase
                      [8:15]: begin
                                 // Handle adj_up condition
                                 case(adj_up)
                                     1'b1: duty <= duty + 2;
                                     1'b0: duty <= duty;
                                     default: duty <= duty;
                                 endcase
                                 // Handle adj_dn condition
                                 case(adj_dn)
                                     1'b1: duty <= duty - 1;
                                     1'b0: duty <= duty;
                                     default: duty <= duty;
                                 endcase
                             end
                      [16:23]: case(adj_dn)
                                   1'b1: duty <= duty - 2;
                                   1'b0: duty <= duty;
                                   default: duty <= duty;
                               endcase
                      [24:31]: duty <= 5'd16;
                  endcase
        endcase
    end
endmodule",INVALID_OUTPUT,8.325664758682251,422,357
"module case_filter_tap(input logic clk, rst, update, output logic [3:0] coeff);
    always_ff @(posedge clk or posedge rst) begin
        case(rst)
            1'b1: coeff <= 4'b0001;
            1'b0: case(coeff) inside
                      {4'b0001, 4'b0010, 4'b0100, 4'b1000}:
                          case(update)
                              1'b1: coeff <= {coeff[2:0], coeff[3]};
                              1'b0: coeff <= coeff;
                              default: coeff <= coeff;
                          endcase
                      4'b0011: coeff <= 4'b0110;
                      4'b0110: coeff <= 4'b1100;
                      4'b1100: coeff <= 4'b1001;
                      4'b1001: coeff <= 4'b0011;
                      default: coeff <= 4'b0001;
                  endcase
        endcase
    end
endmodule","module case_filter_tap_copy(input logic clk, rst, update, output logic [3:0] coeff);
    always_ff @(posedge clk or posedge rst) begin
        case(rst)
            1'b1: coeff <= 4'b0001;
            1'b0: case(coeff)
                      {4'b0001, 4'b0010, 4'b0100, 4'b1000}:
                          case(update)
                              1'b1: coeff <= {coeff[2:0], coeff[3]};
                              1'b0: coeff <= coeff;
                              default: coeff <= coeff;
                          endcase
                      4'b0011: coeff <= 4'b0110;
                      4'b0110: coeff <= 4'b1100;
                      4'b1100: coeff <= 4'b1001;
                      4'b1001: coeff <= 4'b0011;
                      default: coeff <= 4'b0001;
                  endcase
        endcase
    end
endmodule",INVALID_OUTPUT,6.560624361038208,348,282
"module case_clk_div(input logic clk, rst, speed, output logic [2:0] div);
    always_ff @(posedge clk or posedge rst) begin
        case(rst)
            1'b1: div <= 3'b001;
            1'b0: case(div)
                      3'b000: div <= 3'b001;
                      3'b001: case(speed)
                                  1'b1: div <= 3'b010;
                                  1'b0: div <= 3'b100;
                                  default: div <= 3'b001;
                              endcase
                      3'b010: div <= 3'b100;
                      3'b011: div <= 3'b110;
                      3'b100: case(speed)
                                  1'b1: div <= 3'b011;
                                  1'b0: div <= 3'b101;
                                  default: div <= 3'b001;
                              endcase
                      3'b101: div <= 3'b110;
                      3'b110: div <= 3'b111;
                      3'b111: div <= 3'b001;
                      default: div <= 3'b001;
                  endcase
        endcase
    end
endmodule","module case_clk_div_copy(input logic clk, rst, speed, output logic [2:0] div);
    always_ff @(posedge clk or posedge rst) begin
        case(rst)
            1'b1: div <= 3'b001;
            1'b0: case(div)
                      3'b000: div <= 3'b001;
                      3'b001: case(speed)
                                  1'b1: div <= 3'b010;
                                  1'b0: div <= 3'b100;
                                  default: div <= 3'b001;
                              endcase
                      3'b010: div <= 3'b100;
                      3'b011: div <= 3'b110;
                      3'b100: case(speed)
                                  1'b1: div <= 3'b011;
                                  1'b0: div <= 3'b101;
                                  default: div <= 3'b001;
                              endcase
                      3'b101: div <= 3'b110;
                      3'b110: div <= 3'b111;
                      3'b111: div <= 3'b001;
                      default: div <= 3'b001;
                  endcase
        endcase
    end
endmodule",INVALID_OUTPUT,8.366620779037476,424,359
"module case_saturation(input logic clk, rst, add, sub, output logic [3:0] sat_val);
    always_ff @(posedge clk or posedge rst) begin
        case(rst)
            1'b1: sat_val <= 4'b1000;
            1'b0: case(sat_val)
                      4'b0000: case(add)
                                   1'b1: sat_val <= 4'b0001;
                                   1'b0: sat_val <= sat_val;
                                   default: sat_val <= sat_val;
                               endcase
                      4'b1111: case(sub)
                                   1'b1: sat_val <= 4'b1110;
                                   1'b0: sat_val <= sat_val;
                                   default: sat_val <= sat_val;
                               endcase
                      default: begin
                                   // Handle add condition with saturation check
                                   case(add)
                                       1'b1: begin
                                                 case(sat_val != 4'b1111)
                                                     1'b1: sat_val <= sat_val + 1;
                                                     1'b0: sat_val <= sat_val;
                                                     default: sat_val <= sat_val;
                                                 endcase
                                             end
                                       1'b0: sat_val <= sat_val;
                                       default: sat_val <= sat_val;
                                   endcase
                                   // Handle sub condition with saturation check
                                   case(sub)
                                       1'b1: begin
                                                 case(sat_val != 4'b0000)
                                                     1'b1: sat_val <= sat_val - 1;
                                                     1'b0: sat_val <= sat_val;
                                                     default: sat_val <= sat_val;
                                                 endcase
                                             end
                                       1'b0: sat_val <= sat_val;
                                       default: sat_val <= sat_val;
                                   endcase
                               end
                  endcase
        endcase
    end
endmodule","module case_saturation_copy(input logic clk, rst, add, sub, output logic [3:0] sat_val);
    always_ff @(posedge clk or posedge rst) begin
        case(rst)
            1'b1: sat_val <= 4'b1000;
            1'b0: case(sat_val)
                      4'b0000: case(add)
                                   1'b1: sat_val <= 4'b0001;
                                   1'b0: sat_val <= sat_val;
                                   default: sat_val <= sat_val;
                               endcase
                      4'b1111: case(sub)
                                   1'b1: sat_val <= 4'b1110;
                                   1'b0: sat_val <= sat_val;
                                   default: sat_val <= sat_val;
                               endcase
                      default: begin
                                   // Handle add condition with saturation check
                                   case(add)
                                       1'b1: begin
                                                 if (sat_val != 4'b1111) begin
                                                     sat_val <= sat_val + 1;
                                                 end
                                             end
                                       1'b0: sat_val <= sat_val;
                                       default: sat_val <= sat_val;
                                   endcase
                                   // Handle sub condition with saturation check
                                   case(sub)
                                       1'b1: begin
                                                 if (sat_val != 4'b0000) begin
                                                     sat_val <= sat_val - 1;
                                                 end
                                             end
                                       1'b0: sat_val <= sat_val;
                                       default: sat_val <= sat_val;
                                   endcase
                               end
                  endcase
        endcase
    end
endmodule",INVALID_OUTPUT,10.64471983909607,581,448
"module case_noise_shape(input logic clk, rst, dither, output logic [2:0] noise);
    always_ff @(posedge clk or posedge rst) begin
        case(rst)
            1'b1: noise <= 3'b000;
            1'b0: case(noise)
                      3'b000: case(dither)
                                  1'b1: noise <= 3'b001;
                                  1'b0: noise <= 3'b111;
                                  default: noise <= 3'b000;
                              endcase
                      3'b001: noise <= 3'b011;
                      3'b010: noise <= 3'b101;
                      3'b011: noise <= 3'b010;
                      3'b100: noise <= 3'b110;
                      3'b101: noise <= 3'b100;
                      3'b110: noise <= 3'b001;
                      3'b111: noise <= 3'b000;
                      default: noise <= 3'b000;
                  endcase
        endcase
    end
endmodule","module case_noise_shape_copy(input logic clk, rst, dither, output logic [2:0] noise);
    always_ff @(posedge clk or posedge rst) begin
        case(rst)
            1'b1: noise <= 3'b000;
            1'b0: case(noise)
                      3'b000: case(dither)
                                  1'b1: noise <= 3'b001;
                                  1'b0: noise <= 3'b111;
                                  default: noise <= 3'b000;
                              endcase
                      3'b001: noise <= 3'b011;
                      3'b010: noise <= 3'b101;
                      3'b011: noise <= 3'b010;
                      3'b100: noise <= 3'b110;
                      3'b101: noise <= 3'b100;
                      3'b110: noise <= 3'b001;
                      3'b111: noise <= 3'b000;
                      default: noise <= 3'b000;
                  endcase
        endcase
    end
endmodule",INVALID_OUTPUT,7.258803844451904,377,312
"module case_bias_adj(input logic clk, rst, inc, dec, output logic [3:0] bias);
    always_ff @(posedge clk or posedge rst) begin
        case(rst)
            1'b1: bias <= 4'b1000;
            1'b0: case(bias) inside
                      [0:3]: begin
                                 // Handle inc condition
                                 case(inc)
                                     1'b1: bias <= bias + 2;
                                     1'b0: bias <= bias;
                                     default: bias <= bias;
                                 endcase
                                 // Handle dec condition with zero check
                                 case(dec)
                                     1'b1: begin
                                               case(bias == 0)
                                                   1'b1: bias <= 0;
                                                   1'b0: bias <= bias - 1;
                                                   default: bias <= bias;
                                               endcase
                                           end
                                     1'b0: bias <= bias;
                                     default: bias <= bias;
                                 endcase
                             end
                      [4:11]: begin
                                 // Handle inc condition with max check
                                 case(inc)
                                     1'b1: begin
                                               case(bias < 4'b1111)
                                                   1'b1: bias <= bias + 1;
                                                   1'b0: bias <= bias;
                                                   default: bias <= bias;
                                               endcase
                                           end
                                     1'b0: bias <= bias;
                                     default: bias <= bias;
                                 endcase
                                 // Handle dec condition with min check
                                 case(dec)
                                     1'b1: begin
                                               case(bias > 4'b0000)
                                                   1'b1: bias <= bias - 1;
                                                   1'b0: bias <= bias;
                                                   default: bias <= bias;
                                               endcase
                                           end
                                     1'b0: bias <= bias;
                                     default: bias <= bias;
                                 endcase
                             end
                      [12:15]: begin
                                 // Handle inc condition
                                 case(inc)
                                     1'b1: bias <= 4'b1111;
                                     1'b0: bias <= bias;
                                     default: bias <= bias;
                                 endcase
                                 // Handle dec condition
                                 case(dec)
                                     1'b1: bias <= bias - 2;
                                     1'b0: bias <= bias;
                                     default: bias <= bias;
                                 endcase
                             end
                  endcase
        endcase
    end
endmodule","module case_bias_adj(input logic clk, rst, inc, dec, output logic [3:0] bias);
    always_ff @(posedge clk or posedge rst) begin
        case(rst)
            1'b1: bias <= 4'b1000;
            1'b0: case(bias)
                      inside
                      [0:3]
                      begin
                          case(inc)
                              1'b1: bias <= bias + 2;
                              1'b0: bias <= bias;
                          endcase
                          case(dec)
                              1'b1: begin
                                  case(bias == 0)
                                      1'b1: bias <= 0;
                                      1'b0: bias <= bias - 1;
                                  endcase
                              end
                              1'b0: bias <= bias;
                          endcase
                      end
                      [4:11]
                      begin
                          case(inc)
                              1'b1: begin
                                  case(bias < 4'b1111)
                                      1'b1: bias <= bias + 1;
                                      1'b0: bias <= bias;
                                  endcase
                              end
                              1'b0: bias <= bias;
                          endcase
                          case(dec)
                              1'b1: begin
                                  case(bias > 4'b0000)
                                      1'b1: bias <= bias - 1;
                                      1'b0: bias <= bias;
                                  endcase
                              end
                              1'b0: bias <= bias;
                          endcase
                      end
                      [12:15]
                      begin
                          case(inc)
                              1'b1: bias <= 4'b1111;
                              1'b0: bias <= bias;
                          endcase
                          case(dec)
                              1'b1: bias <= bias - 2;
                              1'b0: bias <= bias;
                          endcase
                      end
                  endcase
        endcase
    end
endmodule",INVALID_OUTPUT,11.689156532287598,703,485
"module case_sync_pattern(input logic clk, rst, detect, output logic [4:0] sync);
    always_ff @(posedge clk or posedge rst) begin
        case(rst)
            1'b1: sync <= 5'b00001;
            1'b0: casez(sync)
                      5'b00001: case(detect)
                                    1'b1: sync <= 5'b00010;
                                    1'b0: sync <= 5'b10000;
                                    default: sync <= 5'b00001;
                                endcase
                      5'b0001?: sync <= sync << 1;
                      5'b001??: sync <= 5'b01000;
                      5'b01???: sync <= 5'b10000;
                      5'b1????: sync <= 5'b00001;
                      default: sync <= 5'b00001;
                  endcase
        endcase
    end
endmodule","module case_sync_pattern_copy(input logic clk, rst, detect, output logic [4:0] sync);
    always_ff @(posedge clk or posedge rst) begin
        case(rst)
            1'b1: sync <= 5'b00001;
            1'b0: case(sync)
                      5'b00001: case(detect)
                                    1'b1: sync <= 5'b00010;
                                    1'b0: sync <= 5'b10000;
                                    default: sync <= 5'b00001;
                                endcase
                      5'b0001?: sync <= sync << 1;
                      5'b001??: sync <= 5'b01000;
                      5'b01???: sync <= 5'b10000;
                      5'b1????: sync <= 5'b00001;
                      default: sync <= 5'b00001;
                  endcase
        endcase
    end
endmodule",INVALID_OUTPUT,6.230372428894043,334,268
"module case_quantizer(input logic clk, rst, step, output logic [3:0] q_level);
    always_ff @(posedge clk or posedge rst) begin
        case(rst)
            1'b1: q_level <= 4'b1000;
            1'b0: case(q_level) inside
                      [0:1]: case(step)
                                 1'b1: q_level <= 4'b0010;
                                 1'b0: q_level <= 4'b0001;
                                 default: q_level <= q_level;
                             endcase
                      [2:5]: begin
                                 case(step)
                                     1'b1: begin
                                               case(q_level == 5)
                                                   1'b1: q_level <= 4'b1000;
                                                   1'b0: q_level <= q_level + 1;
                                                   default: q_level <= q_level;
                                               endcase
                                           end
                                     1'b0: begin
                                               case(q_level == 2)
                                                   1'b1: q_level <= 4'b0001;
                                                   1'b0: q_level <= q_level - 1;
                                                   default: q_level <= q_level;
                                               endcase
                                           end
                                     default: q_level <= q_level;
                                 endcase
                             end
                      [6:9]: case(step)
                                 1'b1: q_level <= 4'b1010;
                                 1'b0: q_level <= 4'b0101;
                                 default: q_level <= q_level;
                             endcase
                      [10:13]: case(step)
                                   1'b1: q_level <= 4'b1110;
                                   1'b0: q_level <= 4'b1011;
                                   default: q_level <= q_level;
                               endcase
                      [14:15]: q_level <= 4'b1000;
                  endcase
        endcase
    end
endmodule","module case_quantizer(input logic clk, rst, step, output logic [3:0] q_level);
    always_ff @(posedge clk or posedge rst) begin
        case(rst)
            1'b1: q_level <= 4'b1000;
            1'b0: case(q_level)
                      [0:1]: case(step)
                                 1'b1: q_level <= 4'b0010;
                                 1'b0: q_level <= 4'b0001;
                                 default: q_level <= q_level;
                             endcase
                      [2:5]: begin
                                 case(step)
                                     1'b1: begin
                                               case(q_level == 5)
                                                   1'b1: q_level <= 4'b1000;
                                                   1'b0: q_level <= q_level + 1;
                                                   default: q_level <= q_level;
                                               endcase
                                           end
                                     1'b0: begin
                                               case(q_level == 2)
                                                   1'b1: q_level <= 4'b0001;
                                                   1'b0: q_level <= q_level - 1;
                                                   default: q_level <= q_level;
                                               endcase
                                           end
                                     default: q_level <= q_level;
                                 endcase
                             end
                      [6:9]: case(step)
                                 1'b1: q_level <= 4'b1010;
                                 1'b0: q_level <= 4'b0101;
                                 default: q_level <= q_level;
                             endcase
                      [10:13]: case(step)
                                   1'b1: q_level <= 4'b1110;
                                   1'b0: q_level <= 4'b1011;
                                   default: q_level <= q_level;
                               endcase
                      [14:15]: q_level <= 4'b1000;
                  endcase
        endcase
    end
endmodule",INVALID_OUTPUT,12.736778259277344,603,535
"module case_delay_chain(input logic clk, rst, propagate, output logic [3:0] delay_out);
    always_ff @(posedge clk or posedge rst) begin
        case(rst)
            1'b1: delay_out <= 4'b0001;
            1'b0: case(delay_out)
                      4'b0000: delay_out <= 4'b0001;
                      4'b0001: case(propagate)
                                   1'b1: delay_out <= 4'b0010;
                                   1'b0: delay_out <= delay_out;
                                   default: delay_out <= delay_out;
                               endcase
                      4'b0010: delay_out <= 4'b0100;
                      4'b0100: delay_out <= 4'b1000;
                      4'b1000: delay_out <= 4'b0001;
                      default: delay_out <= 4'b0001;
                  endcase
        endcase
    end
endmodule","module case_delay_chain_copy(input logic clk, rst, propagate, output logic [3:0] delay_out);
    always_ff @(posedge clk or posedge rst) begin
        case(rst)
            1'b1: delay_out <= 4'b0001;
            1'b0: case(delay_out)
                      4'b0000: delay_out <= 4'b0001;
                      4'b0001: case(propagate)
                                   1'b1: delay_out <= 4'b0010;
                                   1'b0: delay_out <= delay_out;
                                   default: delay_out <= delay_out;
                               endcase
                      4'b0010: delay_out <= 4'b0100;
                      4'b0100: delay_out <= 4'b1000;
                      4'b1000: delay_out <= 4'b0001;
                      default: delay_out <= delay_out;
                  endcase
        endcase
    end
endmodule",INVALID_OUTPUT,6.381386995315552,344,274
"module case_freq_hop(input logic clk, rst, hop_en, output logic [4:0] freq_code);
    always_ff @(posedge clk or posedge rst) begin
        case(rst)
            1'b1: freq_code <= 5'b00001;
            1'b0: case(freq_code)
                      5'b00001: case(hop_en)
                                    1'b1: freq_code <= 5'b00011;
                                    1'b0: freq_code <= freq_code;
                                    default: freq_code <= freq_code;
                                endcase
                      5'b00011: freq_code <= 5'b00101;
                      5'b00101: freq_code <= 5'b00111;
                      5'b00111: freq_code <= 5'b01011;
                      5'b01011: freq_code <= 5'b01101;
                      5'b01101: freq_code <= 5'b01111;
                      5'b01111: freq_code <= 5'b10001;
                      5'b10001: freq_code <= 5'b10011;
                      5'b10011: freq_code <= 5'b10101;
                      5'b10101: freq_code <= 5'b10111;
                      5'b10111: freq_code <= 5'b11001;
                      5'b11001: freq_code <= 5'b11011;
                      5'b11011: freq_code <= 5'b11101;
                      5'b11101: freq_code <= 5'b11111;
                      5'b11111: freq_code <= 5'b00001;
                      default: freq_code <= 5'b00001;
                  endcase
        endcase
    end
endmodule","module case_freq_hop(input logic clk, rst, hop_en, output logic [4:0] freq_code);
    always_ff @(posedge clk or posedge rst) begin
        case(rst)
            1'b1: freq_code <= 5'b00001;
            1'b0: case(freq_code)
                      5'b00001: case(hop_en)
                                    1'b1: freq_code <= 5'b00011;
                                    1'b0: freq_code <= freq_code;
                                    default: freq_code <= freq_code;
                                endcase
                      5'b00011: freq_code <= 5'b00101;
                      5'b00101: freq_code <= 5'b00111;
                      5'b00111: freq_code <= 5'b01011;
                      5'b01011: freq_code <= 5'b01101;
                      5'b01101: freq_code <= 5'b01111;
                      5'b01111: freq_code <= 5'b10001;
                      5'b10001: freq_code <= 5'b10011;
                      5'b10011: freq_code <= 5'b10101;
                      5'b10101: freq_code <= 5'b10111;
                      5'b10111: freq_code <= 5'b11001;
                      5'b11001: freq_code <= 5'b11011;
                      5'b11011: freq_code <= 5'b11101;
                      5'b11101: freq_code <= 5'b11111;
                      5'b11111: freq_code <= 5'b00001;
                      default: freq_code <= 5'b00001;
                  endcase
        endcase
    end
endmodule",INVALID_OUTPUT,12.944844484329224,610,543
"module case_crc_update(input logic clk, rst, data_bit, output logic [3:0] crc);
    always_ff @(posedge clk or posedge rst) begin
        case(rst)
            1'b1: crc <= 4'b0000;
            1'b0: case(crc[3])
                      1'b0: crc <= {crc[2:0], data_bit} ^ 4'b0000;
                      1'b1: crc <= {crc[2:0], data_bit} ^ 4'b1001;
                      default: crc <= 4'b0000;
                  endcase
        endcase
    end
endmodule","module case_crc_update_copy(input logic clk, rst, data_bit, output logic [3:0] crc);
    always_ff @(posedge clk or posedge rst) begin
        case(rst)
            1'b1: crc <= 4'b0000;
            1'b0: case(crc[3])
                      1'b0: assert(crc <= {crc[2:0], data_bit} ^ 4'b0000);
                      1'b1: assert(crc <= {crc[2:0], data_bit} ^ 4'b1001);
                      default: assert(crc <= 4'b0000);
                  endcase
        endcase
    end
endmodule",INVALID_OUTPUT,4.2201244831085205,240,181
"module case_brightness(input logic clk, rst, inc, dec, output logic [5:0] brightness);
    always_ff @(posedge clk or posedge rst) begin
        case(rst)
            1'b1: brightness <= 6'd32;
            1'b0: case(brightness) inside
                      [0:15]: case(inc)
                                  1'b1: brightness <= brightness + 4;
                                  1'b0: brightness <= brightness;
                                  default: brightness <= brightness;
                              endcase
                      [16:31]: begin
                                   // Handle inc condition
                                   case(inc)
                                       1'b1: brightness <= brightness + 2;
                                       1'b0: brightness <= brightness;
                                       default: brightness <= brightness;
                                   endcase
                                   // Handle dec condition
                                   case(dec)
                                       1'b1: brightness <= brightness - 1;
                                       1'b0: brightness <= brightness;
                                       default: brightness <= brightness;
                                   endcase
                               end
                      [32:47]: begin
                                   // Handle inc condition
                                   case(inc)
                                       1'b1: brightness <= brightness + 1;
                                       1'b0: brightness <= brightness;
                                       default: brightness <= brightness;
                                   endcase
                                   // Handle dec condition
                                   case(dec)
                                       1'b1: brightness <= brightness - 2;
                                       1'b0: brightness <= brightness;
                                       default: brightness <= brightness;
                                   endcase
                               end
                      [48:63]: case(dec)
                                   1'b1: brightness <= brightness - 4;
                                   1'b0: brightness <= brightness;
                                   default: brightness <= brightness;
                               endcase
                  endcase
        endcase
    end
endmodule","module case_brightness(input logic clk, rst, inc, dec, output logic [5:0] brightness);
    always_ff @(posedge clk or posedge rst) begin
        case(rst)
            1'b1: brightness <= 6'd32;
            1'b0: case(brightness)
                      inside
                      [0:15]
                      begin
                          case(inc)
                              1'b1: brightness <= brightness + 4;
                              1'b0: brightness <= brightness;
                              default: brightness <= brightness;
                          endcase
                      end
                      [16:31]
                      begin
                          case(inc)
                              1'b1: brightness <= brightness + 2;
                              1'b0: brightness <= brightness;
                              default: brightness <= brightness;
                          endcase
                          case(dec)
                              1'b1: brightness <= brightness - 1;
                              1'b0: brightness <= brightness;
                              default: brightness <= brightness;
                          endcase
                      end
                      [32:47]
                      begin
                          case(inc)
                              1'b1: brightness <= brightness + 1;
                              1'b0: brightness <= brightness;
                              default: brightness <= brightness;
                          endcase
                          case(dec)
                              1'b1: brightness <= brightness - 2;
                              1'b0: brightness <= brightness;
                              default: brightness <= brightness;
                          endcase
                      end
                      [48:63]
                      begin
                          case(dec)
                              1'b1: brightness <= brightness - 4;
                              1'b0: brightness <= brightness;
                              default: brightness <= brightness;
                          endcase
                      end
                  endcase
        endcase
    end
endmodule",INVALID_OUTPUT,9.747180938720703,511,412
"module case_scramble(input logic clk, rst, scramble_en, output logic [3:0] scrambler);
    always_ff @(posedge clk or posedge rst) begin
        case(rst)
            1'b1: scrambler <= 4'b1111;
            1'b0: case(scrambler)
                      4'b0000: case(scramble_en)
                                   1'b1: scrambler <= 4'b0011;
                                   1'b0: scrambler <= scrambler;
                                   default: scrambler <= scrambler;
                               endcase
                      4'b0001: scrambler <= 4'b0110;
                      4'b0010: scrambler <= 4'b1100;
                      4'b0011: scrambler <= 4'b1001;
                      4'b0100: scrambler <= 4'b0011;
                      4'b0101: scrambler <= 4'b0110;
                      4'b0110: scrambler <= 4'b1100;
                      4'b0111: scrambler <= 4'b1001;
                      4'b1000: scrambler <= 4'b0011;
                      4'b1001: scrambler <= 4'b0110;
                      4'b1010: scrambler <= 4'b1100;
                      4'b1011: scrambler <= 4'b1001;
                      4'b1100: case(scramble_en)
                                   1'b1: scrambler <= 4'b0001;
                                   1'b0: scrambler <= scrambler;
                                   default: scrambler <= scrambler;
                               endcase
                      4'b1101: scrambler <= 4'b0110;
                      4'b1110: scrambler <= 4'b1100;
                      4'b1111: scrambler <= 4'b1001;
                      default: scrambler <= 4'b1111;
                  endcase
        endcase
    end
endmodule","module case_scramble_generated(input logic clk, rst, scramble_en, output logic [3:0] scrambler);
    always_ff @(posedge clk or posedge rst) begin
        case(rst)
            1'b1: scrambler <= 4'b1111;
            1'b0: case(scrambler)
                      4'b0000: case(scramble_en)
                                   1'b1: scrambler <= 4'b0011;
                                   1'b0: scrambler <= scrambler;
                                   default: scrambler <= scrambler;
                               endcase
                      4'b0001: scrambler <= 4'b0110;
                      4'b0010: scrambler <= 4'b1100;
                      4'b0011: scrambler <= 4'b1001;
                      4'b0100: scrambler <= 4'b0011;
                      4'b0101: scrambler <= 4'b0110;
                      4'b0110: scrambler <= 4'b1100;
                      4'b0111: scrambler <= 4'b1001;
                      4'b1000: scrambler <= 4'b0011;
                      4'b1001: scrambler <= 4'b0110;
                      4'b1010: scrambler <= 4'b1100;
                      4'b1011: scrambler <= 4'b1001;
                      4'b1100: case(scramble_en)
                                   1'b1: scrambler <= 4'b0001;
                                   1'b0: scrambler <= scrambler;
                                   default: scrambler <= scrambler;
                               endcase
                      4'b1101: scrambler <= 4'b0110;
                      4'b1110: scrambler <= 4'b1100;
                      4'b1111: scrambler <= 4'b1001;
                      default: scrambler <= 4'b1111;
                  endcase
        endcase
    end
endmodule",INVALID_OUTPUT,13.28133749961853,621,556
"module case_phase_shift(input logic clk, rst, advance, output logic [2:0] phase);
    always_ff @(posedge clk or posedge rst) begin
        case(rst)
            1'b1: phase <= 3'b000;
            1'b0: case(phase)
                      3'b000: case(advance)
                                  1'b1: phase <= 3'b001;
                                  1'b0: phase <= 3'b111;
                                  default: phase <= phase;
                              endcase
                      3'b001: case(advance)
                                  1'b1: phase <= 3'b010;
                                  1'b0: phase <= 3'b000;
                                  default: phase <= phase;
                              endcase
                      3'b010: case(advance)
                                  1'b1: phase <= 3'b011;
                                  1'b0: phase <= 3'b001;
                                  default: phase <= phase;
                              endcase
                      3'b011: case(advance)
                                  1'b1: phase <= 3'b100;
                                  1'b0: phase <= 3'b010;
                                  default: phase <= phase;
                              endcase
                      3'b100: case(advance)
                                  1'b1: phase <= 3'b101;
                                  1'b0: phase <= 3'b011;
                                  default: phase <= phase;
                              endcase
                      3'b101: case(advance)
                                  1'b1: phase <= 3'b110;
                                  1'b0: phase <= 3'b100;
                                  default: phase <= phase;
                              endcase
                      3'b110: case(advance)
                                  1'b1: phase <= 3'b111;
                                  1'b0: phase <= 3'b101;
                                  default: phase <= phase;
                              endcase
                      3'b111: case(advance)
                                  1'b1: phase <= 3'b000;
                                  1'b0: phase <= 3'b110;
                                  default: phase <= phase;
                              endcase
                      default: phase <= 3'b000;
                  endcase
        endcase
    end
endmodule","module case_phase_shift(input logic clk, rst, advance, output logic [2:0] phase);
    always_ff @(posedge clk or posedge rst) begin
        case(rst)
            1'b1: phase <= 3'b000;
            1'b0: case(phase)
                      3'b000: case(advance)
                                  1'b1: phase <= 3'b001;
                                  1'b0: phase <= 3'b111;
                                  default: phase <= phase;
                              endcase
                      3'b001: case(advance)
                                  1'b1: phase <= 3'b010;
                                  1'b0: phase <= 3'b000;
                                  default: phase <= phase;
                              endcase
                      3'b010: case(advance)
                                  1'b1: phase <= 3'b011;
                                  1'b0: phase <= 3'b001;
                                  default: phase <= phase;
                              endcase
                      3'b011: case(advance)
                                  1'b1: phase <= 3'b100;
                                  1'b0: phase <= 3'b010;
                                  default: phase <= phase;
                              endcase
                      3'b100: case(advance)
                                  1'b1: phase <= 3'b101;
                                  1'b0: phase <= 3'b011;
                                  default: phase <= phase;
                              endcase
                      3'b101: case(advance)
                                  1'b1: phase <= 3'b110;
                                  1'b0: phase <= 3'b100;
                                  default: phase <= phase;
                              endcase
                      3'b110: case(advance)
                                  1'b1: phase <= 3'b111;
                                  1'b0: phase <= 3'b101;
                                  default: phase <= phase;
                              endcase
                      3'b111: case(advance)
                                  1'b1: phase <= 3'b000;
                                  1'b0: phase <= 3'b110;
                                  default: phase <= phase;
                              endcase
                      default: phase <= 3'b000;
                  endcase
        endcase
    end
endmodule",INVALID_OUTPUT,14.429179906845093,670,603
"module case_gain_ctrl(input logic clk, rst, boost, cut, output logic [4:0] gain);
    always_ff @(posedge clk or posedge rst) begin
        case(rst)
            1'b1: gain <= 5'd12;
            1'b0: case(gain) inside
                      [0:3]: case(boost)
                                  1'b1: gain <= gain + 3;
                                  1'b0: gain <= gain;
                                  default: gain <= gain;
                              endcase
                      [4:7]: begin
                                 // Handle boost condition
                                 case(boost)
                                     1'b1: gain <= gain + 2;
                                     1'b0: gain <= gain;
                                     default: gain <= gain;
                                 endcase
                                 // Handle cut condition
                                 case(cut)
                                     1'b1: gain <= gain - 1;
                                     1'b0: gain <= gain;
                                     default: gain <= gain;
                                 endcase
                             end
                      [8:11]: begin
                                 // Handle boost condition
                                 case(boost)
                                     1'b1: gain <= gain + 1;
                                     1'b0: gain <= gain;
                                     default: gain <= gain;
                                 endcase
                                 // Handle cut condition
                                 case(cut)
                                     1'b1: gain <= gain - 1;
                                     1'b0: gain <= gain;
                                     default: gain <= gain;
                                 endcase
                             end
                      [12:15]: begin
                                 // Handle boost condition
                                 case(boost)
                                     1'b1: gain <= gain + 1;
                                     1'b0: gain <= gain;
                                     default: gain <= gain;
                                 endcase
                                 // Handle cut condition
                                 case(cut)
                                     1'b1: gain <= gain - 2;
                                     1'b0: gain <= gain;
                                     default: gain <= gain;
                                 endcase
                             end
                      [16:19]: case(cut)
                                   1'b1: gain <= gain - 3;
                                   1'b0: gain <= gain;
                                   default: gain <= gain;
                               endcase
                      [20:31]: gain <= 5'd12;
                  endcase
        endcase
    end
endmodule","module case_gain_ctrl_copy(input logic clk, rst, boost, cut, output logic [4:0] gain);
    always_ff @(posedge clk or posedge rst) begin
        case(rst)
            1'b1: gain <= 5'd12;
            1'b0: case(gain)
                      [0:3]: case(boost)
                                  1'b1: gain <= gain + 3;
                                  1'b0: gain <= gain;
                                  default: gain <= gain;
                              endcase
                      [4:7]: begin
                                 // Handle boost condition
                                 case(boost)
                                     1'b1: gain <= gain + 2;
                                     1'b0: gain <= gain;
                                     default: gain <= gain;
                                 endcase
                                 // Handle cut condition
                                 case(cut)
                                     1'b1: gain <= gain - 1;
                                     1'b0: gain <= gain;
                                     default: gain <= gain;
                                 endcase
                             end
                      [8:11]: begin
                                 // Handle boost condition
                                 case(boost)
                                     1'b1: gain <= gain + 1;
                                     1'b0: gain <= gain;
                                     default: gain <= gain;
                                 endcase
                                 // Handle cut condition
                                 case(cut)
                                     1'b1: gain <= gain - 1;
                                     1'b0: gain <= gain;
                                     default: gain <= gain;
                                 endcase
                             end
                      [12:15]: begin
                                 // Handle boost condition
                                 case(boost)
                                     1'b1: gain <= gain + 1;
                                     1'b0: gain <= gain;
                                     default: gain <= gain;
                                 endcase
                                 // Handle cut condition
                                 case(cut)
                                     1'b1: gain <= gain - 2;
                                     1'b0: gain <= gain;
                                     default: gain <= gain;
                                 endcase
                             end
                      [16:19]: case(cut)
                                   1'b1: gain <= gain - 3;
                                   1'b0: gain <= gain;
                                   default: gain <= gain;
                               endcase
                      [20:31]: gain <= 5'd12;
                  endcase
        endcase
    end
endmodule",INVALID_OUTPUT,13.976329326629639,650,584
"module case_pulse_pos(input logic clk, rst, shift_left, shift_right, output logic [3:0] pulse_pos);
    always_ff @(posedge clk or posedge rst) begin
        case(rst)
            1'b1: pulse_pos <= 4'b0001;
            1'b0: case(pulse_pos)
                      4'b0000: pulse_pos <= 4'b0001;
                      4'b0001: case(shift_right)
                                   1'b1: pulse_pos <= 4'b0010;
                                   1'b0: case(shift_left)
                                             1'b1: pulse_pos <= 4'b1000;
                                             1'b0: pulse_pos <= pulse_pos;
                                             default: pulse_pos <= pulse_pos;
                                         endcase
                                   default: pulse_pos <= pulse_pos;
                               endcase
                      4'b0010: case(shift_right)
                                   1'b1: pulse_pos <= 4'b0100;
                                   1'b0: case(shift_left)
                                             1'b1: pulse_pos <= 4'b0001;
                                             1'b0: pulse_pos <= pulse_pos;
                                             default: pulse_pos <= pulse_pos;
                                         endcase
                                   default: pulse_pos <= pulse_pos;
                               endcase
                      4'b0100: case(shift_right)
                                   1'b1: pulse_pos <= 4'b1000;
                                   1'b0: case(shift_left)
                                             1'b1: pulse_pos <= 4'b0010;
                                             1'b0: pulse_pos <= pulse_pos;
                                             default: pulse_pos <= pulse_pos;
                                         endcase
                                   default: pulse_pos <= pulse_pos;
                               endcase
                      4'b1000: case(shift_right)
                                   1'b1: pulse_pos <= 4'b0001;
                                   1'b0: case(shift_left)
                                             1'b1: pulse_pos <= 4'b0100;
                                             1'b0: pulse_pos <= pulse_pos;
                                             default: pulse_pos <= pulse_pos;
                                         endcase
                                   default: pulse_pos <= pulse_pos;
                               endcase
                      default: pulse_pos <= 4'b0001;
                  endcase
        endcase
    end
endmodule","module case_pulse_pos(input logic clk, rst, shift_left, shift_right, output logic [3:0] pulse_pos);
    always_ff @(posedge clk or posedge rst) begin
        case(rst)
            1'b1: pulse_pos <= 4'b0001;
            1'b0: case(pulse_pos)
                      4'b0000: pulse_pos <= 4'b0001;
                      4'b0001: case(shift_right)
                                   1'b1: pulse_pos <= 4'b0010;
                                   1'b0: case(shift_left)
                                             1'b1: pulse_pos <= 4'b1000;
                                             1'b0: pulse_pos <= pulse_pos;
                                             default: pulse_pos <= pulse_pos;
                                         endcase
                                   default: pulse_pos <= pulse_pos;
                               endcase
                      4'b0010: case(shift_right)
                                   1'b1: pulse_pos <= 4'b0100;
                                   1'b0: case(shift_left)
                                             1'b1: pulse_pos <= 4'b0001;
                                             1'b0: pulse_pos <= pulse_pos;
                                             default: pulse_pos <= pulse_pos;
                                         endcase
                                   default: pulse_pos <= pulse_pos;
                               endcase
                      4'b0100: case(shift_right)
                                   1'b1: pulse_pos <= 4'b1000;
                                   1'b0: case(shift_left)
                                             1'b1: pulse_pos <= 4'b0010;
                                             1'b0: pulse_pos <= pulse_pos;
                                             default: pulse_pos <= pulse_pos;
                                         endcase
                                   default: pulse_pos <= pulse_pos;
                               endcase
                      4'b1000: case(shift_right)
                                   1'b1: pulse_pos <= 4'b0001;
                                   1'b0: case(shift_left)
                                             1'b1: pulse_pos <= 4'b0100;
                                             1'b0: pulse_pos <= pulse_pos;
                                             default: pulse_pos <= pulse_pos;
                                         endcase
                                   default: pulse_pos <= pulse_pos;
                               endcase
                      default: pulse_pos <= 4'b0001;
                  endcase
        endcase
    end
endmodule",INVALID_OUTPUT,15.35599684715271,705,638
"module case_error_corr(input logic clk, rst, error, correct, output logic [2:0] error_state);
    always_ff @(posedge clk or posedge rst) begin
        case(rst)
            1'b1: error_state <= 3'b000;
            1'b0: case(error_state)
                      3'b000: case(error)
                                  1'b1: error_state <= 3'b001;
                                  1'b0: error_state <= error_state;
                                  default: error_state <= error_state;
                              endcase
                      3'b001: case(correct)
                                  1'b1: error_state <= 3'b010;
                                  1'b0: error_state <= error_state;
                                  default: error_state <= error_state;
                              endcase
                      3'b010: error_state <= 3'b011;
                      3'b011: error_state <= 3'b100;
                      3'b100: error_state <= 3'b101;
                      3'b101: error_state <= 3'b110;
                      3'b110: error_state <= 3'b111;
                      3'b111: error_state <= 3'b000;
                      default: error_state <= 3'b000;
                  endcase
        endcase
    end
endmodule","module case_error_corr_gen(input logic clk, rst, error, correct, output logic [2:0] error_state);

    // Generate signals with the same properties as the original module
    logic error_state_gen;

    // Generate the case statement based on the original module
    always_ff @(posedge clk or posedge rst) begin
        case(rst)
            1'b1: error_state_gen <= 3'b000;
            1'b0: case(error_state_gen)
                      3'b000: case(error)
                                  1'b1: error_state_gen <= 3'b001;
                                  1'b0: error_state_gen <= error_state_gen;
                                  default: error_state_gen <= error_state_gen;
                              endcase
                      3'b001: case(correct)
                                  1'b1: error_state_gen <= 3'b010;
                                  1'b0: error_state_gen <= error_state_gen;
                                  default: error_state_gen <= error_state_gen;
                              endcase
                      3'b010: error_state_gen <= 3'b011;
                      3'b011: error_state_gen <= 3'b100;
                      3'b100: error_state_gen <= 3'b101;
                      3'b101: error_state_gen <= 3'b110;
                      3'b110: error_state_gen <= 3'b111;
                      3'b111: error_state_gen <= 3'b000;
                      default: error_state_gen <= 3'b000;
                  endcase
        endcase
    end

    // Assign the generated signal to the output port
    assign error_state = error_state_gen;
endmodule",INVALID_OUTPUT,11.067006826400757,442,473
"module case_comp_thresh(input logic clk, rst, sample, output logic [3:0] threshold);
    always_ff @(posedge clk or posedge rst) begin
        case(rst)
            1'b1: threshold <= 4'b1000;
            1'b0: case(threshold) inside
                      [0:3]: case(sample)
                                 1'b1: threshold <= threshold + 2;
                                 1'b0: threshold <= threshold;
                                 default: threshold <= threshold;
                             endcase
                      [4:7]: case(sample)
                                 1'b1: threshold <= threshold + 1;
                                 1'b0: threshold <= threshold - 1;
                                 default: threshold <= threshold;
                             endcase
                      [8:11]: case(sample)
                                  1'b1: threshold <= threshold;
                                  1'b0: threshold <= threshold - 2;
                                  default: threshold <= threshold;
                              endcase
                      [12:15]: threshold <= 4'b1000;
                  endcase
        endcase
    end
endmodule","module case_comp_thresh_copy(input logic clk, rst, sample, output logic [3:0] threshold);
    logic [3:0] threshold_copy;

    always_ff @(posedge clk or posedge rst) begin
        if (rst) begin
            threshold_copy <= 4'b1000;
        end else begin
            case(threshold_copy)
                4'b0000: case(sample)
                            1'b1: threshold_copy <= threshold_copy + 2;
                            1'b0: threshold_copy <= threshold_copy;
                            default: threshold_copy <= threshold_copy;
                        endcase
                4'b0001: case(sample)
                            1'b1: threshold_copy <= threshold_copy + 1;
                            1'b0: threshold_copy <= threshold_copy - 1;
                            default: threshold_copy <= threshold_copy;
                        endcase
                4'b0010: case(sample)
                            1'b1: threshold_copy <= threshold_copy;
                            1'b0: threshold_copy <= threshold_copy - 2;
                            default: threshold_copy <= threshold_copy;
                        endcase
                4'b1000: threshold_copy <= 4'b1000;
            endcase
        end
    end

    assign threshold = threshold_copy;
endmodule",INVALID_OUTPUT,7.6672937870025635,339,331
"module case_wave_shape(input logic clk, rst, mode, output logic [3:0] wave);
    always_ff @(posedge clk or posedge rst) begin
        case(rst)
            1'b1: wave <= 4'b0000;
            1'b0: case(wave)
                      4'b0000: case(mode)
                                   1'b1: wave <= 4'b0001;
                                   1'b0: wave <= 4'b1111;
                                   default: wave <= wave;
                               endcase
                      4'b0001: wave <= 4'b0011;
                      4'b0010: wave <= 4'b0111;
                      4'b0011: case(mode)
                                   1'b1: wave <= 4'b0111;
                                   1'b0: wave <= 4'b0001;
                                   default: wave <= wave;
                               endcase
                      4'b0100: wave <= 4'b1000;
                      4'b0101: wave <= 4'b1010;
                      4'b0110: wave <= 4'b1100;
                      4'b0111: case(mode)
                                   1'b1: wave <= 4'b1111;
                                   1'b0: wave <= 4'b0110;
                                   default: wave <= wave;
                               endcase
                      4'b1000: wave <= 4'b1001;
                      4'b1001: wave <= 4'b1011;
                      4'b1010: wave <= 4'b1101;
                      4'b1011: wave <= 4'b1110;
                      4'b1100: wave <= 4'b1101;
                      4'b1101: wave <= 4'b1110;
                      4'b1110: wave <= 4'b1111;
                      4'b1111: case(mode)
                                   1'b1: wave <= 4'b0000;
                                   1'b0: wave <= 4'b1110;
                                   default: wave <= wave;
                               endcase
                      default: wave <= 4'b0000;
                  endcase
        endcase
    end
endmodule","module case_wave_shape(input logic clk, rst, mode, output logic [3:0] wave);
    always_ff @(posedge clk or posedge rst) begin
        case(rst)
            1'b1: wave <= 4'b0000;
            1'b0: case(wave)
                      4'b0000: case(mode)
                                   1'b1: wave <= 4'b0001;
                                   1'b0: wave <= 4'b1111;
                                   default: wave <= wave;
                               endcase
                      4'b0001: wave <= 4'b0011;
                      4'b0010: wave <= 4'b0111;
                      4'b0011: case(mode)
                                   1'b1: wave <= 4'b0111;
                                   1'b0: wave <= 4'b0001;
                                   default: wave <= wave;
                               endcase
                      4'b0100: wave <= 4'b1000;
                      4'b0101: wave <= 4'b1010;
                      4'b0110: wave <= 4'b1100;
                      4'b0111: case(mode)
                                   1'b1: wave <= 4'b1111;
                                   1'b0: wave <= 4'b0110;
                                   default: wave <= wave;
                               endcase
                      4'b1000: wave <= 4'b1001;
                      4'b1001: wave <= 4'b1011;
                      4'b1010: wave <= 4'b1101;
                      4'b1011: wave <= 4'b1110;
                      4'b1100: wave <= 4'b1101;
                      4'b1101: wave <= 4'b1110;
                      4'b1110: wave <= 4'b1111;
                      4'b1111: case(mode)
                                   1'b1: wave <= 4'b0000;
                                   1'b0: wave <= 4'b1110;
                                   default: wave <= wave;
                               endcase
                      default: wave <= 4'b0000;
                  endcase
        endcase
    end
endmodule",INVALID_OUTPUT,14.908226013183594,688,621
"module case_refresh_ctrl(input logic clk, rst, refresh, output logic [4:0] refresh_cnt);
    always_ff @(posedge clk or posedge rst) begin
        case(rst)
            1'b1: refresh_cnt <= 5'd0;
            1'b0: case(refresh_cnt) inside
                      [0:7]: case(refresh)
                                 1'b1: refresh_cnt <= refresh_cnt + 1;
                                 1'b0: refresh_cnt <= refresh_cnt;
                                 default: refresh_cnt <= refresh_cnt;
                             endcase
                      [8:15]: refresh_cnt <= refresh_cnt - 1;
                      [16:23]: refresh_cnt <= 5'd24;
                      [24:31]: refresh_cnt <= 5'd0;
                  endcase
        endcase
    end
endmodule","module case_refresh_ctrl(input logic clk, rst, refresh, output logic [4:0] refresh_cnt);
    reg [4:0] refresh_cnt;

    always_ff @(posedge clk or posedge rst) begin
        if (rst) begin
            refresh_cnt <= 5'd0;
        end else begin
            case(refresh_cnt)
                8'd0: case(refresh)
                    1'b1: refresh_cnt <= refresh_cnt + 1;
                    1'b0: refresh_cnt <= refresh_cnt;
                    default: refresh_cnt <= refresh_cnt;
                endcase
                8'd1: refresh_cnt <= refresh_cnt - 1;
                8'd2: refresh_cnt <= 5'd24;
                8'd3: refresh_cnt <= 5'd0;
            endcase
        end
    end

endmodule",INVALID_OUTPUT,5.025449752807617,286,217
"module case_dither_seq(input logic clk, rst, enable, output logic [2:0] dither);
    always_ff @(posedge clk or posedge rst) begin
        case(rst)
            1'b1: dither <= 3'b000;
            1'b0: case(dither)
                      3'b000: case(enable)
                                  1'b1: dither <= 3'b001;
                                  1'b0: dither <= dither;
                                  default: dither <= dither;
                              endcase
                      3'b001: dither <= 3'b010;
                      3'b010: dither <= 3'b100;
                      3'b011: dither <= 3'b101;
                      3'b100: dither <= 3'b110;
                      3'b101: dither <= 3'b111;
                      3'b110: dither <= 3'b011;
                      3'b111: dither <= 3'b000;
                      default: dither <= 3'b000;
                  endcase
        endcase
    end
endmodule","module case_dither_seq(input logic clk, rst, enable, output logic [2:0] dither);
    always_ff @(posedge clk or posedge rst) begin
        case(rst)
            1'b1: dither <= 3'b000;
            1'b0: case(dither)
                      3'b000: case(enable)
                                  1'b1: dither <= 3'b001;
                                  1'b0: dither <= dither;
                                  default: dither <= dither;
                              endcase
                      3'b001: dither <= 3'b010;
                      3'b010: dither <= 3'b100;
                      3'b011: dither <= 3'b101;
                      3'b100: dither <= 3'b110;
                      3'b101: dither <= 3'b111;
                      3'b110: dither <= 3'b011;
                      3'b111: dither <= 3'b000;
                      default: dither <= 3'b000;
                  endcase
        endcase
    end
endmodule",INVALID_OUTPUT,7.292673110961914,380,313
"module case_sample_hold(input logic clk, rst, sample, hold, output logic [3:0] value);
    always_ff @(posedge clk or posedge rst) begin
        case(rst)
            1'b1: value <= 4'b0000;
            1'b0: case({sample, hold})
                      2'b10: value <= value + 1;  // Sample - increment
                      2'b01: value <= value - 1;  // Hold - decrement
                      2'b11: value <= 4'b1000;    // Both - reset to middle
                      default: value <= value;    // Neither - hold value
                  endcase
        endcase
    end
endmodule","module case_sample_hold_copy(input logic clk, rst, sample, hold, output logic [3:0] value);
    always_ff @(posedge clk or posedge rst) begin
        case(rst)
            1'b1: value <= 4'b0000;
            1'b0: case({sample, hold})
                      2'b10: value <= value + 1;  // Sample - increment
                      2'b01: value <= value - 1;  // Hold - decrement
                      2'b11: value <= 4'b1000;    // Both - reset to middle
                      default: value <= value;    // Neither - hold value
                  endcase
        endcase
    end
endmodule",INVALID_OUTPUT,4.1704041957855225,245,180
"module case_gear_shift(input logic clk, rst, up, down, output logic [2:0] gear);
    always_ff @(posedge clk or posedge rst) begin
        case(rst)
            1'b1: gear <= 3'b001;
            1'b0: case(gear)
                      3'b001: case(up)
                                  1'b1: gear <= 3'b010;
                                  1'b0: case(down)
                                            1'b1: gear <= 3'b001;
                                            1'b0: gear <= gear;
                                            default: gear <= gear;
                                        endcase
                                  default: gear <= gear;
                              endcase
                      3'b010: case(up)
                                  1'b1: gear <= 3'b011;
                                  1'b0: case(down)
                                            1'b1: gear <= 3'b001;
                                            1'b0: gear <= gear;
                                            default: gear <= gear;
                                        endcase
                                  default: gear <= gear;
                              endcase
                      3'b011: case(up)
                                  1'b1: gear <= 3'b100;
                                  1'b0: case(down)
                                            1'b1: gear <= 3'b010;
                                            1'b0: gear <= gear;
                                            default: gear <= gear;
                                        endcase
                                  default: gear <= gear;
                              endcase
                      3'b100: case(up)
                                  1'b1: gear <= 3'b101;
                                  1'b0: case(down)
                                            1'b1: gear <= 3'b011;
                                            1'b0: gear <= gear;
                                            default: gear <= gear;
                                        endcase
                                  default: gear <= gear;
                              endcase
                      3'b101: case(up)
                                  1'b1: gear <= gear;
                                  1'b0: case(down)
                                            1'b1: gear <= 3'b100;
                                            1'b0: gear <= gear;
                                            default: gear <= gear;
                                        endcase
                                  default: gear <= gear;
                              endcase
                      default: gear <= 3'b001;
                  endcase
        endcase
    end
endmodule","module case_gear_shift(input logic clk, rst, up, down, output logic [2:0] gear);
    always_ff @(posedge clk or posedge rst) begin
        case(rst)
            1'b1: gear <= 3'b001;
            1'b0: case(gear)
                      3'b001: case(up)
                                  1'b1: gear <= 3'b010;
                                  1'b0: case(down)
                                            1'b1: gear <= 3'b001;
                                            1'b0: gear <= gear;
                                            default: gear <= gear;
                                        endcase
                                  default: gear <= gear;
                              endcase
                      3'b010: case(up)
                                  1'b1: gear <= 3'b011;
                                  1'b0: case(down)
                                            1'b1: gear <= 3'b001;
                                            1'b0: gear <= gear;
                                            default: gear <= gear;
                                        endcase
                                  default: gear <= gear;
                              endcase
                      3'b011: case(up)
                                  1'b1: gear <= 3'b100;
                                  1'b0: case(down)
                                            1'b1: gear <= 3'b010;
                                            1'b0: gear <= gear;
                                            default: gear <= gear;
                                        endcase
                                  default: gear <= gear;
                              endcase
                      3'b100: case(up)
                                  1'b1: gear <= 3'b101;
                                  1'b0: case(down)
                                            1'b1: gear <= 3'b011;
                                            1'b0: gear <= gear;
                                            default: gear <= gear;
                                        endcase
                                  default: gear <= gear;
                              endcase
                      3'b101: case(up)
                                  1'b1: gear <= gear;
                                  1'b0: case(down)
                                            1'b1: gear <= 3'b100;
                                            1'b0: gear <= gear;
                                            default: gear <= gear;
                                        endcase
                                  default: gear <= gear;
                              endcase
                      default: gear <= 3'b001;
                  endcase
        endcase
    end
endmodule",INVALID_OUTPUT,14.44084644317627,670,603
"module case_adc_range(input logic clk, rst, ovf, unf, output logic [1:0] range);
    always_ff @(posedge clk or posedge rst) begin
        case(rst)
            1'b1: range <= 2'b01;
            1'b0: case(range)
                      2'b00: case(ovf)
                                  1'b1: range <= 2'b01;
                                  1'b0: range <= range;
                                  default: range <= range;
                              endcase
                      2'b01: begin
                                 // Handle ovf condition
                                 case(ovf)
                                     1'b1: range <= 2'b10;
                                     1'b0: range <= range;
                                     default: range <= range;
                                 endcase
                                 // Handle unf condition
                                 case(unf)
                                     1'b1: range <= 2'b00;
                                     1'b0: range <= range;
                                     default: range <= range;
                                 endcase
                             end
                      2'b10: begin
                                 // Handle ovf condition
                                 case(ovf)
                                     1'b1: range <= 2'b11;
                                     1'b0: range <= range;
                                     default: range <= range;
                                 endcase
                                 // Handle unf condition
                                 case(unf)
                                     1'b1: range <= 2'b01;
                                     1'b0: range <= range;
                                     default: range <= range;
                                 endcase
                             end
                      2'b11: case(unf)
                                  1'b1: range <= 2'b10;
                                  1'b0: range <= range;
                                  default: range <= range;
                              endcase
                      default: range <= 2'b01;
                  endcase
        endcase
    end
endmodule","module case_adc_range(input logic clk, rst, ovf, unf, output logic [1:0] range);
    always_ff @(posedge clk or posedge rst) begin
        case(rst)
            1'b1: range <= 2'b01;
            1'b0: case(range)
                      2'b00: case(ovf)
                                  1'b1: range <= 2'b01;
                                  1'b0: range <= range;
                                  default: range <= range;
                              endcase
                      2'b01: begin
                                 // Handle ovf condition
                                 case(ovf)
                                     1'b1: range <= 2'b10;
                                     1'b0: range <= range;
                                     default: range <= range;
                                 endcase
                                 // Handle unf condition
                                 case(unf)
                                     1'b1: range <= 2'b00;
                                     1'b0: range <= range;
                                     default: range <= range;
                                 endcase
                             end
                      2'b10: begin
                                 // Handle ovf condition
                                 case(ovf)
                                     1'b1: range <= 2'b11;
                                     1'b0: range <= range;
                                     default: range <= range;
                                 endcase
                                 // Handle unf condition
                                 case(unf)
                                     1'b1: range <= 2'b01;
                                     1'b0: range <= range;
                                     default: range <= range;
                                 endcase
                             end
                      2'b11: case(unf)
                                  1'b1: range <= 2'b10;
                                  1'b0: range <= range;
                                  default: range <= range;
                              endcase
                      default: range <= 2'b01;
                  endcase
        endcase
    end
endmodule",INVALID_OUTPUT,11.269460916519165,543,476
"module case_pipe_stage(input logic clk, rst, valid, output logic [3:0] pipeline);
    always_ff @(posedge clk or posedge rst) begin
        case(rst)
            1'b1: pipeline <= 4'b0001;
            1'b0: case(pipeline)
                      4'b0000: pipeline <= 4'b0001;
                      4'b0001: case(valid)
                                   1'b1: pipeline <= 4'b0010;
                                   1'b0: pipeline <= pipeline;
                                   default: pipeline <= pipeline;
                               endcase
                      4'b0010: pipeline <= 4'b0100;
                      4'b0100: pipeline <= 4'b1000;
                      4'b1000: pipeline <= 4'b0001;
                      default: pipeline <= 4'b0001;
                  endcase
        endcase
    end
endmodule","module case_pipe_stage(input logic clk, rst, valid, output logic [3:0] pipeline);
    always_ff @(posedge clk or posedge rst) begin
        case(rst)
            1'b1: pipeline <= 4'b0001;
            1'b0: case(pipeline)
                      4'b0000: pipeline <= 4'b0001;
                      4'b0001: case(valid)
                                   1'b1: pipeline <= 4'b0010;
                                   1'b0: pipeline <= 4'b0001;
                                   default: pipeline <= 4'b0001;
                               endcase
                      4'b0010: pipeline <= 4'b0100;
                      4'b0100: pipeline <= 4'b1000;
                      4'b1000: pipeline <= 4'b0001;
                      default: pipeline <= 4'b0001;
                  endcase
        endcase
    end
endmodule",INVALID_OUTPUT,6.13690710067749,318,265
"module case_mux_sel(input logic clk, rst, next, output logic [2:0] mux_select);
    always_ff @(posedge clk or posedge rst) begin
        case(rst)
            1'b1: mux_select <= 3'b000;
            1'b0: case(mux_select)
                      3'b000: case(next)
                                  1'b1: mux_select <= 3'b001;
                                  1'b0: mux_select <= mux_select;
                                  default: mux_select <= mux_select;
                              endcase
                      3'b001: mux_select <= 3'b010;
                      3'b010: mux_select <= 3'b011;
                      3'b011: mux_select <= 3'b100;
                      3'b100: mux_select <= 3'b101;
                      3'b101: mux_select <= 3'b110;
                      3'b110: mux_select <= 3'b111;
                      3'b111: mux_select <= 3'b000;
                      default: mux_select <= 3'b000;
                  endcase
        endcase
    end
endmodule","module case_mux_sel_copy(input logic clk, rst, next, output logic [2:0] mux_select);
    always_ff @(posedge clk or posedge rst) begin
        case(rst)
            1'b1: mux_select <= 3'b000;
            1'b0: case(mux_select)
                      3'b000: case(next)
                                  1'b1: mux_select <= 3'b001;
                                  1'b0: mux_select <= mux_select;
                                  default: mux_select <= mux_select;
                              endcase
                      3'b001: mux_select <= 3'b010;
                      3'b010: mux_select <= 3'b011;
                      3'b011: mux_select <= 3'b100;
                      3'b100: mux_select <= 3'b101;
                      3'b101: mux_select <= 3'b110;
                      3'b110: mux_select <= 3'b111;
                      3'b111: mux_select <= 3'b000;
                      default: mux_select <= 3'b000;
                  endcase
        endcase
    end
endmodule",INVALID_OUTPUT,7.688933610916138,395,330
"module case_fade_rate(input logic clk, rst, fast, slow, output logic [3:0] rate);
    always_ff @(posedge clk or posedge rst) begin
        case(rst)
            1'b1: rate <= 4'b0100;
            1'b0: case(rate)
                      4'b0000: case(fast)
                                   1'b1: rate <= 4'b0001;
                                   1'b0: rate <= rate;
                                   default: rate <= rate;
                               endcase
                      4'b0001: case(fast)
                                   1'b1: rate <= 4'b0010;
                                   1'b0: case(slow)
                                             1'b1: rate <= 4'b0000;
                                             1'b0: rate <= rate;
                                             default: rate <= rate;
                                         endcase
                                   default: rate <= rate;
                               endcase
                      4'b0010: case(fast)
                                   1'b1: rate <= 4'b0011;
                                   1'b0: case(slow)
                                             1'b1: rate <= 4'b0001;
                                             1'b0: rate <= rate;
                                             default: rate <= rate;
                                         endcase
                                   default: rate <= rate;
                               endcase
                      4'b0011: case(fast)
                                   1'b1: rate <= 4'b0100;
                                   1'b0: case(slow)
                                             1'b1: rate <= 4'b0010;
                                             1'b0: rate <= rate;
                                             default: rate <= rate;
                                         endcase
                                   default: rate <= rate;
                               endcase
                      4'b0100: case(fast)
                                   1'b1: rate <= 4'b0101;
                                   1'b0: case(slow)
                                             1'b1: rate <= 4'b0011;
                                             1'b0: rate <= rate;
                                             default: rate <= rate;
                                         endcase
                                   default: rate <= rate;
                               endcase
                      4'b0101: case(fast)
                                   1'b1: rate <= 4'b0110;
                                   1'b0: case(slow)
                                             1'b1: rate <= 4'b0100;
                                             1'b0: rate <= rate;
                                             default: rate <= rate;
                                         endcase
                                   default: rate <= rate;
                               endcase
                      4'b0110: case(fast)
                                   1'b1: rate <= 4'b0111;
                                   1'b0: case(slow)
                                             1'b1: rate <= 4'b0101;
                                             1'b0: rate <= rate;
                                             default: rate <= rate;
                                         endcase
                                   default: rate <= rate;
                               endcase
                      4'b0111: case(fast)
                                   1'b1: rate <= 4'b1000;
                                   1'b0: case(slow)
                                             1'b1: rate <= 4'b0110;
                                             1'b0: rate <= rate;
                                             default: rate <= rate;
                                         endcase
                                   default: rate <= rate;
                               endcase
                      4'b1000: case(slow)
                                   1'b1: rate <= 4'b0111;
                                   1'b0: rate <= rate;
                                   default: rate <= rate;
                               endcase
                      default: rate <= 4'b0100;
                  endcase
        endcase
    end
endmodule","module case_fade_rate(input logic clk, rst, fast, slow, output logic [3:0] rate);
    always_ff @(posedge clk or posedge rst) begin
        case(rst)
            1'b1: rate <= 4'b0100;
            1'b0: case(rate)
                      4'b0000: rate <= 4'b0001;
                      4'b0001: rate <= 4'b0010;
                      4'b0010: rate <= 4'b0011;
                      4'b0011: rate <= 4'b0100;
                      4'b0100: rate <= 4'b0101;
                      4'b0101: rate <= 4'b0110;
                      4'b0110: rate <= 4'b0111;
                      4'b0111: rate <= 4'b1000;
                      4'b1000: rate <= 4'b0111;
                      default: rate <= 4'b0100;
                  endcase
        endcase
    end
endmodule",INVALID_OUTPUT,7.58537745475769,1015,300
"module case_sensor_cal(input logic clk, rst, cal_step, output logic [2:0] cal_state);
    always_ff @(posedge clk or posedge rst) begin
        case(rst)
            1'b1: cal_state <= 3'b000;
            1'b0: case(cal_state)
                      3'b000: case(cal_step)
                                  1'b1: cal_state <= 3'b001;
                                  1'b0: cal_state <= cal_state;
                                  default: cal_state <= cal_state;
                              endcase
                      3'b001: case(cal_step)
                                  1'b1: cal_state <= 3'b010;
                                  1'b0: cal_state <= cal_state;
                                  default: cal_state <= cal_state;
                              endcase
                      3'b010: cal_state <= 3'b011;
                      3'b011: cal_state <= 3'b100;
                      3'b100: case(cal_step)
                                  1'b1: cal_state <= 3'b101;
                                  1'b0: cal_state <= cal_state;
                                  default: cal_state <= cal_state;
                              endcase
                      3'b101: cal_state <= 3'b110;
                      3'b110: cal_state <= 3'b111;
                      3'b111: cal_state <= 3'b000;
                      default: cal_state <= 3'b000;
                  endcase
        endcase
    end
endmodule","module case_sensor_cal_copy(input logic clk, rst, cal_step, output logic [2:0] cal_state);
    always_ff @(posedge clk or posedge rst) begin
        case(rst)
            1'b1: cal_state <= 3'b000;
            1'b0: case(cal_state)
                      3'b000: case(cal_step)
                                  1'b1: cal_state <= 3'b001;
                                  1'b0: cal_state <= 3'b000;
                                  default: cal_state <= 3'b000;
                              endcase
                      3'b001: case(cal_step)
                                  1'b1: cal_state <= 3'b010;
                                  1'b0: cal_state <= 3'b001;
                                  default: cal_state <= 3'b001;
                              endcase
                      3'b010: cal_state <= 3'b011;
                      3'b011: cal_state <= 3'b100;
                      3'b100: case(cal_step)
                                  1'b1: cal_state <= 3'b101;
                                  1'b0: cal_state <= 3'b100;
                                  default: cal_state <= 3'b100;
                              endcase
                      3'b101: cal_state <= 3'b110;
                      3'b110: cal_state <= 3'b111;
                      3'b111: cal_state <= 3'b000;
                      default: cal_state <= 3'b000;
                  endcase
        endcase
    end
endmodule",INVALID_OUTPUT,10.65808391571045,493,452
"module case_burst_len(input logic clk, rst, inc, dec, output logic [3:0] burst);
    always_ff @(posedge clk or posedge rst) begin
        case(rst)
            1'b1: burst <= 4'b0010;
            1'b0: case(burst) inside
                      [1:2]: case(inc)
                                 1'b1: burst <= burst + 1;
                                 1'b0: burst <= burst;
                                 default: burst <= burst;
                             endcase
                      [3:6]: begin
                                 // Handle inc condition with max check
                                 case(inc)
                                     1'b1: begin
                                               case(burst < 4'd8)
                                                   1'b1: burst <= burst + 1;
                                                   1'b0: burst <= burst;
                                                   default: burst <= burst;
                                               endcase
                                           end
                                     1'b0: burst <= burst;
                                     default: burst <= burst;
                                 endcase
                                 // Handle dec condition with min check
                                 case(dec)
                                     1'b1: begin
                                               case(burst > 4'd1)
                                                   1'b1: burst <= burst - 1;
                                                   1'b0: burst <= burst;
                                                   default: burst <= burst;
                                               endcase
                                           end
                                     1'b0: burst <= burst;
                                     default: burst <= burst;
                                 endcase
                             end
                      [7:8]: case(dec)
                                 1'b1: burst <= burst - 1;
                                 1'b0: burst <= burst;
                                 default: burst <= burst;
                             endcase
                      [9:15]: burst <= 4'b0010;
                      0: burst <= 4'b0010;
                  endcase
        endcase
    end
endmodule","module case_burst_len_copy(input logic clk, rst, inc, dec, output logic [3:0] burst);
    always_ff @(posedge clk or posedge rst) begin
        case(rst)
            1'b1: burst <= 4'b0010;
            1'b0: case(burst)
                      [1:2]: case(inc)
                                 1'b1: burst <= burst + 1;
                                 1'b0: burst <= burst;
                                 default: burst <= burst;
                             endcase
                      [3:6]: begin
                                 // Handle inc condition with max check
                                 case(inc)
                                     1'b1: begin
                                               if (burst < 4'd8)
                                                   burst <= burst + 1;
                                               else
                                                   burst <= burst;
                                             end
                                     1'b0: burst <= burst;
                                     default: burst <= burst;
                                 endcase
                                 // Handle dec condition with min check
                                 case(dec)
                                     1'b1: begin
                                               if (burst > 4'd1)
                                                   burst <= burst - 1;
                                               else
                                                   burst <= burst;
                                             end
                                     1'b0: burst <= burst;
                                     default: burst <= burst;
                                 endcase
                             end
                      [7:8]: case(dec)
                                 1'b1: burst <= burst - 1;
                                 1'b0: burst <= burst;
                                 default: burst <= burst;
                             endcase
                      [9:15]: burst <= 4'b0010;
                      0: burst <= 4'b0010;
                  endcase
        endcase
    end
endmodule",INVALID_OUTPUT,10.052966594696045,531,425
"module case_trim_val(input logic clk, rst, trim_up, trim_dn, output logic [3:0] trim);
    always_ff @(posedge clk or posedge rst) begin
        case(rst)
            1'b1: trim <= 4'b1000;
            1'b0: case(trim)
                      4'b0000: case(trim_up)
                                   1'b1: trim <= 4'b0001;
                                   1'b0: trim <= trim;
                                   default: trim <= trim;
                               endcase
                      4'b0001: case(trim_up)
                                   1'b1: trim <= 4'b0010;
                                   1'b0: case(trim_dn)
                                             1'b1: trim <= 4'b0000;
                                             1'b0: trim <= trim;
                                             default: trim <= trim;
                                         endcase
                                   default: trim <= trim;
                               endcase
                      4'b0010: case(trim_up)
                                   1'b1: trim <= 4'b0011;
                                   1'b0: case(trim_dn)
                                             1'b1: trim <= 4'b0001;
                                             1'b0: trim <= trim;
                                             default: trim <= trim;
                                         endcase
                                   default: trim <= trim;
                               endcase
                      4'b0011: case(trim_up)
                                   1'b1: trim <= 4'b0100;
                                   1'b0: case(trim_dn)
                                             1'b1: trim <= 4'b0010;
                                             1'b0: trim <= trim;
                                             default: trim <= trim;
                                         endcase
                                   default: trim <= trim;
                               endcase
                      4'b0100: case(trim_up)
                                   1'b1: trim <= 4'b0101;
                                   1'b0: case(trim_dn)
                                             1'b1: trim <= 4'b0011;
                                             1'b0: trim <= trim;
                                             default: trim <= trim;
                                         endcase
                                   default: trim <= trim;
                               endcase
                      4'b0101: case(trim_up)
                                   1'b1: trim <= 4'b0110;
                                   1'b0: case(trim_dn)
                                             1'b1: trim <= 4'b0100;
                                             1'b0: trim <= trim;
                                             default: trim <= trim;
                                         endcase
                                   default: trim <= trim;
                               endcase
                      4'b0110: case(trim_up)
                                   1'b1: trim <= 4'b0111;
                                   1'b0: case(trim_dn)
                                             1'b1: trim <= 4'b0101;
                                             1'b0: trim <= trim;
                                             default: trim <= trim;
                                         endcase
                                   default: trim <= trim;
                               endcase
                      4'b0111: case(trim_up)
                                   1'b1: trim <= 4'b1000;
                                   1'b0: case(trim_dn)
                                             1'b1: trim <= 4'b0110;
                                             1'b0: trim <= trim;
                                             default: trim <= trim;
                                         endcase
                                   default: trim <= trim;
                               endcase
                      4'b1000: case(trim_up)
                                   1'b1: trim <= 4'b1001;
                                   1'b0: case(trim_dn)
                                             1'b1: trim <= 4'b0111;
                                             1'b0: trim <= trim;
                                             default: trim <= trim;
                                         endcase
                                   default: trim <= trim;
                               endcase
                      4'b1001: case(trim_up)
                                   1'b1: trim <= 4'b1010;
                                   1'b0: case(trim_dn)
                                             1'b1: trim <= 4'b1000;
                                             1'b0: trim <= trim;
                                             default: trim <= trim;
                                         endcase
                                   default: trim <= trim;
                               endcase
                      4'b1010: case(trim_up)
                                   1'b1: trim <= 4'b1011;
                                   1'b0: case(trim_dn)
                                             1'b1: trim <= 4'b1001;
                                             1'b0: trim <= trim;
                                             default: trim <= trim;
                                         endcase
                                   default: trim <= trim;
                               endcase
                      4'b1011: case(trim_up)
                                   1'b1: trim <= 4'b1100;
                                   1'b0: case(trim_dn)
                                             1'b1: trim <= 4'b1010;
                                             1'b0: trim <= trim;
                                             default: trim <= trim;
                                         endcase
                                   default: trim <= trim;
                               endcase
                      4'b1100: case(trim_up)
                                   1'b1: trim <= 4'b1101;
                                   1'b0: case(trim_dn)
                                             1'b1: trim <= 4'b1011;
                                             1'b0: trim <= trim;
                                             default: trim <= trim;
                                         endcase
                                   default: trim <= trim;
                               endcase
                      4'b1101: case(trim_up)
                                   1'b1: trim <= 4'b1110;
                                   1'b0: case(trim_dn)
                                             1'b1: trim <= 4'b1100;
                                             1'b0: trim <= trim;
                                             default: trim <= trim;
                                         endcase
                                   default: trim <= trim;
                               endcase
                      4'b1110: case(trim_up)
                                   1'b1: trim <= 4'b1111;
                                   1'b0: case(trim_dn)
                                             1'b1: trim <= 4'b1101;
                                             1'b0: trim <= trim;
                                             default: trim <= trim;
                                         endcase
                                   default: trim <= trim;
                               endcase
                      4'b1111: case(trim_dn)
                                   1'b1: trim <= 4'b1110;
                                   1'b0: trim <= trim;
                                   default: trim <= trim;
                               endcase
                      default: trim <= 4'b1000;
                  endcase
        endcase
    end
endmodule","module case_trim_val(input logic clk, rst, trim_up, trim_dn, output logic [3:0] trim);
    always_ff @(posedge clk or posedge rst) begin
        case(rst)
            1'b1: trim <= 4'b1000;
            1'b0: case(trim)
                      4'b0000: case(trim_up)
                                   1'b1: trim <= 4'b0001;
                                   1'b0: trim <= trim;
                                   default: trim <= trim;
                               endcase
                      4'b0001: case(trim_up)
                                   1'b1: trim <= 4'b0010;
                                   1'b0: case(trim_dn)
                                             1'b1: trim <= 4'b0000;
                                             1'b0: trim <= trim;
                                             default: trim <= trim;
                                         endcase
                                   default: trim <= trim;
                               endcase
                      4'b0010: case(trim_up)
                                   1'b1: trim <= 4'b0011;
                                   1'b0: case(trim_dn)
                                             1'b1: trim <= 4'b0001;
                                             1'b0: trim <= trim;
                                             default: trim <= trim;
                                         endcase
                                   default: trim <= trim;
                               endcase
                      4'b0011: case(trim_up)
                                   1'b1: trim <= 4'b0100;
                                   1'b0: case(trim_dn)
                                             1'b1: trim <= 4'b0010;
                                             1'b0: trim <= trim;
                                             default: trim <= trim;
                                         endcase
                                   default: trim <= trim;
                               endcase
                      4'b0100: case(trim_up)
                                   1'b1: trim <= 4'b0101;
                                   1'b0: case(trim_dn)
                                             1'b1: trim <= 4'b0011;
                                             1'b0: trim <= trim;
                                             default: trim <= trim;
                                         endcase
                                   default: trim <= trim;
                               endcase
                      4'b0101: case(trim_up)
                                   1'b1: trim <= 4'b0110;
                                   1'b0: case(trim_dn)
                                             1'b1: trim <= 4'b0100;
                                             1'b0: trim <= trim;
                                             default: trim <= trim;
                                         endcase
                                   default: trim <= trim;
                               endcase
                      4'b0110: case(trim_up)
                                   1'b1: trim <= 4'b0111;
                                   1'b0: case(trim_dn)
                                             1'b1: trim <= 4'b0101;
                                             1'b0: trim <= trim;
                                             default: trim <= trim;
                                         endcase
                                   default: trim <= trim;
                               endcase
                      4'b0111: case(trim_up)
                                   1'b1: trim <= 4'b1000;
                                   1'b0: case(trim_dn)
                                             1'b1: trim <= 4'b0110;
                                             1'b0: trim <= trim;
                                             default: trim <= trim;
                                         endcase
                                   default: trim <= trim;
                               endcase
                      4'b1000: case(trim_up)
                                   1'b1: trim <= 4'b1001;
                                   1'b0: case(trim_dn)
                                             1'b1: trim <= 4'b0111;
                                             1'b0: trim <= trim;
                                             default: trim <= trim;
                                         endcase
                                   default: trim <= trim;
                               endcase
                      4'b1001: case(trim_up)
                                   1'b1: trim <= 4'b1010;
                                   1'b0: case(trim_dn)
                                             1'b1: trim <= 4'b1000;
                                             1'b0: trim <= trim;
                                             default: trim <= trim;
                                         endcase
                                   default: trim <= trim;
                               endcase
                      4'b1010: case(trim_up)
                                   1'b1: trim <= 4'b1011;
                                   1'b0: case(trim_dn)
                                             1'b1: trim <= 4'b1001;
                                             1'b0: trim <= trim;
                                             default: trim <= trim;
                                         endcase
                                   default: trim <= trim;
                               endcase
                      4'b1011: case(trim_up)
                                   1'b1: trim <= 4'b1100;
                                   1'b0: case(trim_dn)
                                             1'b1: trim <= 4'b1010;
                                             1'b0: trim <= trim;
                                             default: trim <= trim;
                                         endcase
                                   default: trim <= trim;
                               endcase
                      4'b1100: case(trim_up)
                                   1'b1: trim <= 4'b1101;
                                   1'b0: case(trim_dn)
                                             1'b1: trim <= 4'b1011;
                                             1'b0: trim <= trim;
                                             default: trim <= trim;
                                         endcase
                                   default: trim <= trim;
                               endcase
                      4'b1101: case(trim_up)
                                   1'b1: trim <= 4'b1110;
                                   1'b0: case(trim_dn)
                                             1'b1: trim <= 4'b1100;
                                             1'b0: trim <= trim;
                                             default: trim <= trim;
                                         endcase
                                   default: trim <= trim;
                               endcase
                      4'b1110: case(trim_up)
                                   1'b1: trim <= 4'b1111;
                                   1'b0: case(trim_dn)
                                             1'b1: trim <= 4'b1101;
                                             1'b0: trim <= trim;
                                             default: trim <= trim;
                                         endcase
                                   default: trim <= trim;
                               endcase
                      4'b1111: case(trim_dn)
                                   1'b1: trim <= 4'b1110;
                                   1'b0: trim <= trim;
                                   default: trim <= trim;
                               endcase
                      default: trim <= 4'b1000;
                  endcase
        endcase
    end
endmodule",INVALID_OUTPUT,46.80598974227905,1800,1733
"module case_pattern_seq(input logic clk, rst, advance, output logic [3:0] pattern);
    always_ff @(posedge clk or posedge rst) begin
        case(rst)
            1'b1: pattern <= 4'b0000;
            1'b0: case(pattern)
                      4'b0000: case(advance)
                                   1'b1: pattern <= 4'b0001;
                                   1'b0: pattern <= pattern;
                                   default: pattern <= pattern;
                               endcase
                      4'b0001: pattern <= 4'b0011;
                      4'b0010: pattern <= 4'b0110;
                      4'b0011: pattern <= 4'b0111;
                      4'b0100: pattern <= 4'b1100;
                      4'b0101: pattern <= 4'b1101;
                      4'b0110: pattern <= 4'b1110;
                      4'b0111: pattern <= 4'b1111;
                      4'b1000: pattern <= 4'b1001;
                      4'b1001: pattern <= 4'b1011;
                      4'b1010: pattern <= 4'b1011;
                      4'b1011: pattern <= 4'b1111;
                      4'b1100: pattern <= 4'b1101;
                      4'b1101: pattern <= 4'b1111;
                      4'b1110: pattern <= 4'b1111;
                      4'b1111: case(advance)
                                   1'b1: pattern <= 4'b0000;
                                   1'b0: pattern <= pattern;
                                   default: pattern <= pattern;
                               endcase
                      default: pattern <= 4'b0000;
                  endcase
        endcase
    end
endmodule","module case_pattern_seq(input logic clk, rst, advance, output logic [3:0] pattern);
    always_ff @(posedge clk or posedge rst) begin
        case(rst)
            1'b1: pattern <= 4'b0000;
            1'b0: case(pattern)
                      4'b0000: case(advance)
                                   1'b1: pattern <= 4'b0001;
                                   1'b0: pattern <= 4'b0000;
                                   default: pattern <= 4'b0000;
                               endcase
                      4'b0001: pattern <= 4'b0011;
                      4'b0010: pattern <= 4'b0110;
                      4'b0011: pattern <= 4'b0111;
                      4'b0100: pattern <= 4'b1100;
                      4'b0101: pattern <= 4'b1101;
                      4'b0110: pattern <= 4'b1110;
                      4'b0111: pattern <= 4'b1111;
                      4'b1000: pattern <= 4'b1001;
                      4'b1001: pattern <= 4'b1011;
                      4'b1010: pattern <= 4'b1011;
                      4'b1011: pattern <= 4'b1111;
                      4'b1100: pattern <= 4'b1101;
                      4'b1101: pattern <= 4'b1111;
                      4'b1110: pattern <= 4'b1111;
                      4'b1111: case(advance)
                                   1'b1: pattern <= 4'b0000;
                                   1'b0: pattern <= 4'b1111;
                                   default: pattern <= 4'b1111;
                               endcase
                      default: pattern <= 4'b0000;
                  endcase
        endcase
    end
endmodule",INVALID_OUTPUT,13.00293254852295,586,547
"module case_filter_mode(input logic clk, rst, mode_sel, output logic [1:0] filter_mode);
    always_ff @(posedge clk or posedge rst) begin
        case(rst)
            1'b1: filter_mode <= 2'b00;
            1'b0: case(filter_mode)
                      2'b00: case(mode_sel)
                                  1'b1: filter_mode <= 2'b01;
                                  1'b0: filter_mode <= 2'b11;
                                  default: filter_mode <= filter_mode;
                              endcase
                      2'b01: filter_mode <= 2'b10;
                      2'b10: case(mode_sel)
                                  1'b1: filter_mode <= 2'b11;
                                  1'b0: filter_mode <= 2'b00;
                                  default: filter_mode <= filter_mode;
                              endcase
                      2'b11: filter_mode <= 2'b00;
                      default: filter_mode <= 2'b00;
                  endcase
        endcase
    end
endmodule","module case_filter_mode_copy(input logic clk, rst, mode_sel, output logic [1:0] filter_mode);
    logic [1:0] filter_mode_copy;

    always_ff @(posedge clk or posedge rst) begin
        if (rst) begin
            filter_mode_copy <= 2'b00;
        end else begin
            case(filter_mode_copy)
                2'b00: case(mode_sel)
                            1'b1: filter_mode_copy <= 2'b01;
                            1'b0: filter_mode_copy <= 2'b11;
                            default: filter_mode_copy <= filter_mode_copy;
                        endcase
                2'b01: filter_mode_copy <= 2'b10;
                2'b10: case(mode_sel)
                            1'b1: filter_mode_copy <= 2'b11;
                            1'b0: filter_mode_copy <= 2'b00;
                            default: filter_mode_copy <= filter_mode_copy;
                        endcase
                2'b11: filter_mode_copy <= 2'b00;
                default: filter_mode_copy <= 2'b00;
            endcase
        end
    end

    assign filter_mode = filter_mode_copy;
endmodule",INVALID_OUTPUT,7.772872447967529,358,335
"module case_power_state(input logic clk, rst, wake, sleep, output logic [2:0] pwr_state);
    always_ff @(posedge clk or posedge rst) begin
        case(rst)
            1'b1: pwr_state <= 3'b001;
            1'b0: case(pwr_state)
                      3'b000: case(wake)
                                   1'b1: pwr_state <= 3'b001;
                                   1'b0: pwr_state <= pwr_state;
                                   default: pwr_state <= pwr_state;
                               endcase
                      3'b001: case(sleep)
                                   1'b1: pwr_state <= 3'b010;
                                   1'b0: case(wake)
                                             1'b1: pwr_state <= 3'b011;
                                             1'b0: pwr_state <= pwr_state;
                                             default: pwr_state <= pwr_state;
                                         endcase
                                   default: pwr_state <= pwr_state;
                               endcase
                      3'b010: case(wake)
                                   1'b1: pwr_state <= 3'b001;
                                   1'b0: pwr_state <= pwr_state;
                                   default: pwr_state <= pwr_state;
                               endcase
                      3'b011: pwr_state <= 3'b100;
                      3'b100: case(sleep)
                                   1'b1: pwr_state <= 3'b010;
                                   1'b0: pwr_state <= pwr_state;
                                   default: pwr_state <= pwr_state;
                               endcase
                      3'b101: pwr_state <= 3'b001;
                      3'b110: pwr_state <= 3'b001;
                      3'b111: pwr_state <= 3'b001;
                      default: pwr_state <= 3'b001;
                  endcase
        endcase
    end
endmodule","module case_power_state(input logic clk, rst, wake, sleep, output logic [2:0] pwr_state);
    always_ff @(posedge clk or posedge rst) begin
        case(rst)
            1'b1: pwr_state <= 3'b001;
            1'b0: case(pwr_state)
                      3'b000: case(wake)
                                   1'b1: pwr_state <= 3'b001;
                                   1'b0: pwr_state <= pwr_state;
                                   default: pwr_state <= pwr_state;
                               endcase
                      3'b001: case(sleep)
                                   1'b1: pwr_state <= 3'b010;
                                   1'b0: case(wake)
                                             1'b1: pwr_state <= 3'b011;
                                             1'b0: pwr_state <= pwr_state;
                                             default: pwr_state <= pwr_state;
                                         endcase
                                   default: pwr_state <= pwr_state;
                               endcase
                      3'b010: case(wake)
                                   1'b1: pwr_state <= 3'b001;
                                   1'b0: pwr_state <= pwr_state;
                                   default: pwr_state <= pwr_state;
                               endcase
                      3'b011: pwr_state <= 3'b100;
                      3'b100: case(sleep)
                                   1'b1: pwr_state <= 3'b010;
                                   1'b0: pwr_state <= pwr_state;
                                   default: pwr_state <= pwr_state;
                               endcase
                      3'b101: pwr_state <= 3'b001;
                      3'b110: pwr_state <= 3'b001;
                      3'b111: pwr_state <= 3'b001;
                      default: pwr_state <= 3'b001;
                  endcase
        endcase
    end
endmodule",INVALID_OUTPUT,12.983409404754639,612,545
"module traffic_light_mealy (
    input logic clk,
    input logic rst_n,
    input logic pedestrian_req,
    output logic [1:0] lights,  // 00: Green, 01: Yellow, 10: Red
    output logic walk_signal
);

typedef enum logic [1:0] {GREEN, YELLOW, RED} state_t;
state_t state, next_state;

// State register
always_ff @(posedge clk or negedge rst_n) begin
    case(rst_n)
        1'b0: state <= GREEN;
        1'b1: state <= next_state;
        default: state <= GREEN;
    endcase
end

// Next state and output logic
always_comb begin
    next_state = state;
    lights = {2{1'b0}};
    walk_signal = 1'b0;

    case (state)
        GREEN: begin
            lights = 2'b00;  // Green
            case(pedestrian_req)
                1'b1: begin
                    next_state = YELLOW;
                    walk_signal = 1'b1;  // Walk signal triggered immediately
                end
                1'b0: begin
                    next_state = state;
                end
                default: begin
                    next_state = state;
                end
            endcase
        end

        YELLOW: begin
            lights = 2'b01;  // Yellow
            // Count 3 cycles then change to red
            // (simplified - normally would have counter)
            next_state = RED;
        end

        RED: begin
            lights = 2'b10;  // Red
            // After pedestrian crossing time
            next_state = GREEN;
        end
    endcase
end

endmodule","module traffic_light_mealy_copy (
    input logic clk,
    input logic rst_n,
    input logic pedestrian_req,
    output logic [1:0] lights,  // 00: Green, 01: Yellow, 10: Red
    output logic walk_signal
);

typedef enum logic [1:0] {GREEN, YELLOW, RED} state_t;
state_t state, next_state;

// State register
always_ff @(posedge clk or negedge rst_n) begin
    case(rst_n)
        1'b0: state <= GREEN;
        1'b1: state <= next_state;
        default: state <= GREEN;
    endcase
end

// Next state and output logic
always_comb begin
    next_state = state;
    lights = {2{1'b0}};
    walk_signal = 1'b0;

    case (state)
        GREEN: begin
            lights = 2'b00;  // Green
            case(pedestrian_req)
                1'b1: begin
                    next_state = YELLOW;
                    walk_signal = 1'b1;  // Walk signal triggered immediately
                end
                1'b0: begin
                    next_state = state;
                end
                default: begin
                    next_state = state;
                end
            endcase
        end

        YELLOW: begin
            lights = 2'b01;  // Yellow
            // Count 3 cycles then change to red
            // (simplified - normally would have counter)
            next_state = RED;
        end

        RED: begin
            lights = 2'b10;  // Red
            // After pedestrian crossing time
            next_state = GREEN;
        end
    endcase
end

endmodule",INVALID_OUTPUT,10.115054845809937,494,429
"module serial_adder_mealy (
    input logic clk,
    input logic rst_n,
    input logic a_bit,
    input logic b_bit,
    input logic valid,
    output logic sum_bit,
    output logic carry_out
);

typedef enum logic {C0, C1} state_t;
state_t state, next_state;

// State register
always_ff @(posedge clk or negedge rst_n) begin
    if (!rst_n)
        state <= C0;
    else
        state <= next_state;
end

// Next state and output logic
always_comb begin
    next_state = state;
    sum_bit = 1'b0;
    carry_out = 1'b0;

    if (valid) begin
        case (state)
            C0: begin  // Carry = 0
                case ({a_bit, b_bit})
                    2'b00: begin
                        sum_bit = 1'b0;
                        next_state = C0;
                    end
                    2'b01, 2'b10: begin
                        sum_bit = 1'b1;
                        next_state = C0;
                    end
                    2'b11: begin
                        sum_bit = 1'b0;
                        next_state = C1;
                    end
                endcase
            end

            C1: begin  // Carry = 1
                case ({a_bit, b_bit})
                    2'b00: begin
                        sum_bit = 1'b1;
                        next_state = C0;
                    end
                    2'b01, 2'b10: begin
                        sum_bit = 1'b0;
                        next_state = C1;
                    end
                    2'b11: begin
                        sum_bit = 1'b1;
                        next_state = C1;
                    end
                endcase
            end
        endcase

        // Final carry out
        if (state == C1 && {a_bit, b_bit} != 2'b00)
            carry_out = 1'b1;
    end
end
endmodule","module serial_adder_mealy (
    input logic clk,
    input logic rst_n,
    input logic a_bit,
    input logic b_bit,
    input logic valid,
    output logic sum_bit,
    output logic carry_out
);

typedef enum logic {C0, C1} state_t;
state_t state, next_state;

// State register
always_ff @(posedge clk or negedge rst_n) begin
    if (!rst_n)
        state <= C0;
    else
        state <= next_state;
end

// Next state and output logic
always_comb begin
    next_state = state;
    sum_bit = 1'b0;
    carry_out = 1'b0;

    if (valid) begin
        case (state)
            C0: begin  // Carry = 0
                case ({a_bit, b_bit})
                    2'b00: begin
                        sum_bit = 1'b0;
                        next_state = C0;
                    end
                    2'b01, 2'b10: begin
                        sum_bit = 1'b1;
                        next_state = C0;
                    end
                    2'b11: begin
                        sum_bit = 1'b0;
                        next_state = C1;
                    end
                endcase
            end

            C1: begin  // Carry = 1
                case ({a_bit, b_bit})
                    2'b00: begin
                        sum_bit = 1'b1;
                        next_state = C0;
                    end
                    2'b01, 2'b10: begin
                        sum_bit = 1'b0;
                        next_state = C1;
                    end
                    2'b11: begin
                        sum_bit = 1'b1;
                        next_state = C1;
                    end
                endcase
            end
        endcase

        // Final carry out
        if (state == C1 && {a_bit, b_bit} != 2'b00)
            carry_out = 1'b1;
    end
end
endmodule",INVALID_OUTPUT,12.57337999343872,595,528
"module mealy_pulse_generator (
    input  logic clk,
    input  logic rst_n,
    input  logic button,
    output logic pulse
);

    // State encoding - only 2 states needed
    typedef enum logic {
        IDLE,   // Waiting for button press
        PRESS   // Button is currently pressed
    } state_t;

    state_t current_state, next_state;

    // Sequential block: state update
    always_ff @(posedge clk or negedge rst_n) begin
        case(rst_n)
            1'b0: current_state <= IDLE;
            1'b1: current_state <= next_state;
            default: current_state <= IDLE;
        endcase
    end

    // Combinational block: next state and output logic
    always_comb begin
        next_state = current_state;  // Default to stay in current state
        pulse = 1'b0;                // Default output

        case (current_state)
            IDLE: begin
                case(button)
                    1'b1: begin
                        next_state = PRESS;
                        pulse = 1'b1;    // Mealy output: pulse immediately on press
                    end
                    1'b0: begin
                        next_state = current_state;
                    end
                    default: begin
                        next_state = current_state;
                    end
                endcase
            end

            PRESS: begin
                case(button)
                    1'b0: next_state = IDLE;  // Wait for button release
                    1'b1: next_state = current_state;
                    default: next_state = current_state;
                endcase
                // No pulse while in PRESS state
            end
        endcase
    end
endmodule","module mealy_pulse_generator (
    input  logic clk,
    input  logic rst_n,
    input  logic button,
    output logic pulse
);

    // State encoding - only 2 states needed
    typedef enum logic {
        IDLE,   // Waiting for button press
        PRESS   // Button is currently pressed
    } state_t;

    state_t current_state, next_state;

    // Sequential block: state update
    always_ff @(posedge clk or negedge rst_n) begin
        case(rst_n)
            1'b0: current_state <= IDLE;
            1'b1: current_state <= next_state;
            default: current_state <= IDLE;
        endcase
    end

    // Combinational block: next state and output logic
    always_comb begin
        next_state = current_state;  // Default to stay in current state
        pulse = 1'b0;                // Default output

        case (current_state)
            IDLE: begin
                case(button)
                    1'b1: begin
                        next_state = PRESS;
                        pulse = 1'b1;    // Mealy output: pulse immediately on press
                    end
                    1'b0: begin
                        next_state = current_state;
                    end
                    default: begin
                        next_state = current_state;
                    end
                endcase
            end

            PRESS: begin
                case(button)
                    1'b0: next_state = IDLE;  // Wait for button release
                    1'b1: next_state = current_state;
                    default: next_state = current_state;
                endcase
                // No pulse while in PRESS state
            end
        endcase
    end
endmodule",INVALID_OUTPUT,9.785915613174438,483,416
"module mealy_vending_machine (
    input  logic clk,
    input  logic rst_n,
    input  logic nickel,      // 5 cents
    input  logic dime,        // 10 cents
    input  logic quarter,     // 25 cents
    input  logic dispense_btn,
    output logic product_out,
    output logic [1:0] change  // 00: no change, 01: nickel, 10: dime
);

    // State encoding - represents accumulated value
    typedef enum logic [2:0] {
        S0,    // $0.00
        S5,    // $0.05
        S10,   // $0.10
        S15,   // $0.15
        S20,   // $0.20
        S25,   // $0.25
        S30,   // $0.30
        S35    // $0.35
    } state_t;

    state_t current_state, next_state;

    // Product price is $0.25
    localparam PRICE = 3'b100; // 25 cents in binary

    // Sequential block: state update
    always_ff @(posedge clk or negedge rst_n) begin
        case(rst_n)
            1'b0: current_state <= S0;
            1'b1: current_state <= next_state;
            default: current_state <= S0;
        endcase
    end

    // Combinational block: next state logic using case
    always_comb begin
        next_state = current_state;

        case (current_state)
            S0: begin
                case (1'b1)
                    nickel:  next_state = S5;
                    dime:    next_state = S10;
                    quarter: next_state = S25;
                    default: next_state = current_state;
                endcase
            end

            S5: begin
                case (1'b1)
                    nickel:  next_state = S10;
                    dime:    next_state = S15;
                    quarter: next_state = S30;
                    default: next_state = current_state;
                endcase
            end

            S10: begin
                case (1'b1)
                    nickel:  next_state = S15;
                    dime:    next_state = S20;
                    quarter: next_state = S35;
                    default: next_state = current_state;
                endcase
            end

            S15: begin
                case (1'b1)
                    nickel:  next_state = S20;
                    dime:    next_state = S25;
                    quarter: next_state = S35;
                    default: next_state = current_state;
                endcase
            end

            S20: begin
                case (1'b1)
                    nickel:  next_state = S25;
                    dime:    next_state = S30;
                    quarter: next_state = S35;
                    default: next_state = current_state;
                endcase
            end

            S25: begin
                case (1'b1)
                    nickel:  next_state = S30;
                    dime:    next_state = S35;
                    quarter: next_state = S35;
                    default: next_state = current_state;
                endcase
            end

            S30: begin
                case (1'b1)
                    nickel:  next_state = S35;
                    dime:    next_state = S35;
                    quarter: next_state = S35;
                    default: next_state = current_state;
                endcase
            end

            S35: begin
                // Max value, ignore additional coins
                next_state = S35;
            end
        endcase
    end

    // Combinational block: Mealy outputs
    always_comb begin
        product_out = 1'b0;
        change = 2'b00;

        case (current_state)
            S25: begin
                case(dispense_btn)
                    1'b1: begin
                        product_out = 1'b1;  // Exact change, no refund
                    end
                    1'b0: begin
                        product_out = 1'b0;
                        change = 2'b00;
                    end
                    default: begin
                        product_out = 1'b0;
                        change = 2'b00;
                    end
                endcase
            end

            S30: begin
                case(dispense_btn)
                    1'b1: begin
                        product_out = 1'b1;
                        change = 2'b01;      // Return nickel ($0.05)
                    end
                    1'b0: begin
                        product_out = 1'b0;
                        change = 2'b00;
                    end
                    default: begin
                        product_out = 1'b0;
                        change = 2'b00;
                    end
                endcase
            end

            S35: begin
                case(dispense_btn)
                    1'b1: begin
                        product_out = 1'b1;
                        change = 2'b10;      // Return dime ($0.10)
                    end
                    1'b0: begin
                        product_out = 1'b0;
                        change = 2'b00;
                    end
                    default: begin
                        product_out = 1'b0;
                        change = 2'b00;
                    end
                endcase
            end

            default: begin
                product_out = 1'b0;
                change = 2'b00;
            end
        endcase
    end
endmodule","module mealy_vending_machine (
    input  logic clk,
    input  logic rst_n,
    input  logic nickel,      // 5 cents
    input  logic dime,        // 10 cents
    input  logic quarter,     // 25 cents
    input  logic dispense_btn,
    output logic product_out,
    output logic [1:0] change  // 00: no change, 01: nickel, 10: dime
);

    // State encoding - represents accumulated value
    typedef enum logic [2:0] {
        S0,    // $0.00
        S5,    // $0.05
        S10,   // $0.10
        S15,   // $0.15
        S20,   // $0.20
        S25,   // $0.25
        S30,   // $0.30
        S35    // $0.35
    } state_t;

    state_t current_state, next_state;

    // Product price is $0.25
    localparam PRICE = 3'b100; // 25 cents in binary

    // Sequential block: state update
    always_ff @(posedge clk or negedge rst_n) begin
        case(rst_n)
            1'b0: current_state <= S0;
            1'b1: current_state <= next_state;
            default: current_state <= S0;
        endcase
    end

    // Combinational block: next state logic using case
    always_comb begin
        next_state = current_state;

        case (current_state)
            S0: begin
                case (1'b1)
                    nickel:  next_state = S5;
                    dime:    next_state = S10;
                    quarter: next_state = S25;
                    default: next_state = current_state;
                endcase
            end

            S5: begin
                case (1'b1)
                    nickel:  next_state = S10;
                    dime:    next_state = S15;
                    quarter: next_state = S30;
                    default: next_state = current_state;
                endcase
            end

            S10: begin
                case (1'b1)
                    nickel:  next_state = S15;
                    dime:    next_state = S20;
                    quarter: next_state = S35;
                    default: next_state = current_state;
                endcase
            end

            S15: begin
                case (1'b1)
                    nickel:  next_state = S20;
                    dime:    next_state = S25;
                    quarter: next_state = S35;
                    default: next_state = current_state;
                endcase
            end

            S20: begin
                case (1'b1)
                    nickel:  next_state = S25;
                    dime:    next_state = S30;
                    quarter: next_state = S35;
                    default: next_state = current_state;
                endcase
            end

            S25: begin
                case (1'b1)
                    nickel:  next_state = S30;
                    dime:    next_state = S35;
                    quarter: next_state = S35;
                    default: next_state = current_state;
                endcase
            end

            S30: begin
                case (1'b1)
                    nickel:  next_state = S35;
                    dime:    next_state = S35;
                    quarter: next_state = S35;
                    default: next_state = current_state;
                endcase
            end

            S35: begin
                // Max value, ignore additional coins
                next_state = S35;
            end
        endcase
    end

    // Combinational block: Mealy outputs
    always_comb begin
        product_out = 1'b0;
        change = 2'b00;

        case (current_state)
            S25: begin
                case(dispense_btn)
                    1'b1: begin
                        product_out = 1'b1;  // Exact change, no refund
                    end
                    1'b0: begin
                        product_out = 1'b0;
                        change = 2'b00;
                    end
                    default: begin
                        product_out = 1'b0;
                        change = 2'b00;
                    end
                endcase
            end

            S30: begin
                case(dispense_btn)
                    1'b1: begin
                        product_out = 1'b1;
                        change = 2'b01;      // Return nickel ($0.05)
                    end
                    1'b0: begin
                        product_out = 1'b0;
                        change = 2'b00;
                    end
                    default: begin
                        product_out = 1'b0;
                        change = 2'b00;
                    end
                endcase
            end

            S35: begin
                case(dispense_btn)
                    1'b1: begin
                        product_out = 1'b1;
                        change = 2'b10;      // Return dime ($0.10)
                    end
                    1'b0: begin
                        product_out = 1'b0;
                        change = 2'b00;
                    end
                    default: begin
                        product_out = 1'b0;
                        change = 2'b00;
                    end
                endcase
            end

            default: begin
                product_out = 1'b0;
                change = 2'b00;
            end
        endcase
    end
endmodule",INVALID_OUTPUT,37.20427227020264,1489,1422
"module counter_2bit_mealy (
    input logic clk,
    input logic rst_n,
    input logic enable,
    output logic [1:0] count,
    output logic overflow
);

typedef enum logic [1:0] {C0, C1, C2, C3} state_t;
state_t state, next_state;

// State register
always_ff @(posedge clk or negedge rst_n) begin
    case(rst_n)
        1'b0: state <= C0;
        1'b1: state <= next_state;
        default: state <= C0;
    endcase
end

// Output logic for current count
assign count = state;

// Next state and overflow detection
always_comb begin
    next_state = state;
    overflow = 1'b0;

    case(enable)
        1'b1: case(state)
                  C0: next_state = C1;
                  C1: next_state = C2;
                  C2: next_state = C3;
                  C3: begin
                      next_state = C0;
                      overflow = 1'b1;  // Overflow on transition
                  end
                  default: next_state = state;
              endcase
        1'b0: begin
                  next_state = state;
                  overflow = 1'b0;
              end
        default: begin
                     next_state = state;
                     overflow = 1'b0;
                 end
    endcase
end

endmodule","module counter_2bit_mealy_copy (
    input logic clk,
    input logic rst_n,
    input logic enable,
    output logic [1:0] count,
    output logic overflow
);

typedef enum logic [1:0] {C0, C1, C2, C3} state_t;
state_t state, next_state;

// State register
always_ff @(posedge clk or negedge rst_n) begin
    case(rst_n)
        1'b0: state <= C0;
        1'b1: state <= next_state;
        default: state <= C0;
    endcase
end

// Output logic for current count
assign count = state;

// Next state and overflow detection
always_comb begin
    next_state = state;
    overflow = 1'b0;

    case(enable)
        1'b1: case(state)
                  C0: next_state = C1;
                  C1: next_state = C2;
                  C2: next_state = C3;
                  C3: begin
                      next_state = C0;
                      overflow = 1'b1;  // Overflow on transition
                  end
                  default: next_state = state;
              endcase
        1'b0: begin
                  next_state = state;
                  overflow = 1'b0;
              end
        default: begin
                     next_state = state;
                     overflow = 1'b0;
                 end
    endcase
end

endmodule",INVALID_OUTPUT,8.596081495285034,432,367
"module parity_checker_mealy (
    input logic clk,
    input logic rst_n,
    input logic din,
    input logic valid,
    output logic error
);

typedef enum logic {EVEN, ODD} state_t;
state_t state, next_state;

// State register
always_ff @(posedge clk or negedge rst_n) begin
    case(rst_n)
        1'b0: state <= EVEN;
        1'b1: state <= next_state;
        default: state <= EVEN;
    endcase
end

// Next state and output logic
always_comb begin
    next_state = state;
    error = 1'b0;

    case(valid)
        1'b1: case(state)
                  EVEN: begin
                      case(din)
                          1'b1: next_state = ODD;
                          1'b0: next_state = state;
                          default: next_state = state;
                      endcase
                      // Error detection on final valid
                      error = 1'b0;  // Even parity with even bits is OK
                  end

                  ODD: begin
                      case(din)
                          1'b0: next_state = EVEN;
                          1'b1: next_state = state;
                          default: next_state = state;
                      endcase
                      // Error detection on final valid
                      error = 1'b1;  // Odd parity with odd bits is error
                  end

                  default: begin
                      next_state = state;
                      error = 1'b0;
                  end
              endcase
        1'b0: begin
                  next_state = state;
                  error = 1'b0;
              end
        default: begin
                     next_state = state;
                     error = 1'b0;
                 end
    endcase
end

endmodule","module parity_checker_mealy_copy (
    input logic clk,
    input logic rst_n,
    input logic din,
    input logic valid,
    output logic error
);

typedef enum logic {EVEN, ODD} state_t;
state_t state, next_state;

// State register
always_ff @(posedge clk or negedge rst_n) begin
    case(rst_n)
        1'b0: state <= EVEN;
        1'b1: state <= next_state;
        default: state <= EVEN;
    endcase
end

// Next state and output logic
always_comb begin
    next_state = state;
    error = 1'b0;

    case(valid)
        1'b1: case(state)
                  EVEN: begin
                      case(din)
                          1'b1: next_state = ODD;
                          1'b0: next_state = state;
                          default: next_state = state;
                      endcase
                      // Error detection on final valid
                      error = 1'b0;  // Even parity with even bits is OK
                  end

                  ODD: begin
                      case(din)
                          1'b0: next_state = EVEN;
                          1'b1: next_state = state;
                          default: next_state = state;
                      endcase
                      // Error detection on final valid
                      error = 1'b1;  // Odd parity with odd bits is error
                  end

                  default: begin
                      next_state = state;
                      error = 1'b0;
                  end
              endcase
        1'b0: begin
                  next_state = state;
                  error = 1'b0;
              end
        default: begin
                     next_state = state;
                     error = 1'b0;
                 end
    endcase
end

endmodule",INVALID_OUTPUT,10.469821691513062,509,444
"module sequence_detector_101 (
    input  logic clk,
    input  logic rst_n,
    input  logic din,
    output logic dout
);

    // State encoding
    typedef enum logic [1:0] {
        S0 = 2'b00,  // No bits matched
        S1 = 2'b01,  // Matched '1'
        S2 = 2'b10   // Matched '10'
    } state_t;

    state_t current_state, next_state;

    // Sequential logic (using only case statements)
    always_ff @(posedge clk or negedge rst_n) begin
        case (rst_n)
            1'b0: current_state <= S0;
            1'b1: current_state <= next_state;
        endcase
    end

    // Combinational logic (Mealy)
    always_comb begin
        // Default assignments
        next_state = current_state;
        dout = 1'b0;

        case (current_state)
            S0: begin
                case (din)
                    1'b1: next_state = S1;
                    1'b0: next_state = S0;
                endcase
            end

            S1: begin
                case (din)
                    1'b1: next_state = S1;
                    1'b0: next_state = S2;
                endcase
            end

            S2: begin
                case (din)
                    1'b1: begin
                        next_state = S1;
                        dout = 1'b1;  // Mealy output: detected 101
                    end
                    1'b0: next_state = S0;
                endcase
            end
        endcase
    end
endmodule","module sequence_detector_101_copy (
    input  logic clk,
    input  logic rst_n,
    input  logic din,
    output logic dout
);

    // State encoding
    typedef enum logic [1:0] {
        S0 = 2'b00,  // No bits matched
        S1 = 2'b01,  // Matched '1'
        S2 = 2'b10   // Matched '10'
    } state_t;

    state_t current_state, next_state;

    // Sequential logic (using only case statements)
    always_ff @(posedge clk or negedge rst_n) begin
        case (rst_n)
            1'b0: current_state <= S0;
            1'b1: current_state <= next_state;
        endcase
    end

    // Combinational logic (Mealy)
    always_comb begin
        // Default assignments
        next_state = current_state;
        dout = 1'b0;

        case (current_state)
            S0: begin
                case (din)
                    1'b1: next_state = S1;
                    1'b0: next_state = S0;
                endcase
            end

            S1: begin
                case (din)
                    1'b1: next_state = S1;
                    1'b0: next_state = S2;
                endcase
            end

            S2: begin
                case (din)
                    1'b1: begin
                        next_state = S1;
                        dout = 1'b1;  // Mealy output: detected 101
                    end
                    1'b0: next_state = S0;
                endcase
            end
        endcase
    end
endmodule",INVALID_OUTPUT,10.322160720825195,503,438
"module mealy_elevator_controller (
    input  logic clk,
    input  logic rst_n,
    input  logic req_floor1,
    input  logic req_floor2,
    input  logic req_floor3,
    input  logic floor_sensor1,
    input  logic floor_sensor2,
    input  logic floor_sensor3,
    output logic motor_up,
    output logic motor_down,
    output logic door_open
);

    // State encoding - current floor position
    typedef enum logic [1:0] {
        FLOOR1,   // Elevator at floor 1
        FLOOR2,   // Elevator at floor 2
        FLOOR3    // Elevator at floor 3
    } state_t;

    state_t current_state, next_state;

    // Sequential block: state update
    always_ff @(posedge clk or negedge rst_n) begin
        case(rst_n)
            1'b0: current_state <= FLOOR1;
            1'b1: current_state <= next_state;
            default: current_state <= FLOOR1;
        endcase
    end

    // Combinational block: next state logic
    always_comb begin
        next_state = current_state;

        case (current_state)
            FLOOR1: begin
                case (1'b1)
                    req_floor2: next_state = FLOOR2;
                    req_floor3: next_state = FLOOR3;
                endcase
            end

            FLOOR2: begin
                case (1'b1)
                    req_floor1: next_state = FLOOR1;
                    req_floor3: next_state = FLOOR3;
                endcase
            end

            FLOOR3: begin
                case (1'b1)
                    req_floor1: next_state = FLOOR1;
                    req_floor2: next_state = FLOOR2;
                endcase
            end
        endcase
    end

    // Combinational block: Mealy outputs
    always_comb begin
        motor_up = 1'b0;
        motor_down = 1'b0;
        door_open = 1'b0;

        case (current_state)
            FLOOR1: begin
                case (1'b1)
                    req_floor2: begin
                        motor_up = 1'b1;           // Mealy: immediate response
                        door_open = floor_sensor1;  // Open if already at floor
                    end
                    req_floor3: begin
                        motor_up = 1'b1;
                        door_open = floor_sensor1;
                    end
                    default: begin
                        door_open = floor_sensor1;   // Open doors if at floor
                    end
                endcase
            end

            FLOOR2: begin
                case (1'b1)
                    req_floor1: begin
                        motor_down = 1'b1;
                        door_open = floor_sensor2;
                    end
                    req_floor3: begin
                        motor_up = 1'b1;
                        door_open = floor_sensor2;
                    end
                    default: begin
                        door_open = floor_sensor2;
                    end
                endcase
            end

            FLOOR3: begin
                case (1'b1)
                    req_floor1: begin
                        motor_down = 1'b1;
                        door_open = floor_sensor3;
                    end
                    req_floor2: begin
                        motor_down = 1'b1;
                        door_open = floor_sensor3;
                    end
                    default: begin
                        door_open = floor_sensor3;
                    end
                endcase
            end
        endcase
    end

endmodule","module mealy_elevator_controller_generated (
    input  logic clk,
    input  logic rst_n,
    input  logic req_floor1,
    input  logic req_floor2,
    input  logic req_floor3,
    input  logic floor_sensor1,
    input  logic floor_sensor2,
    input  logic floor_sensor3,
    output logic motor_up,
    output logic motor_down,
    output logic door_open
);

    // State encoding - current floor position
    typedef enum logic [1:0] {
        FLOOR1,   // Elevator at floor 1
        FLOOR2,   // Elevator at floor 2
        FLOOR3    // Elevator at floor 3
    } state_t;

    state_t current_state, next_state;

    // Sequential block: state update
    always_ff @(posedge clk or negedge rst_n) begin
        case(rst_n)
            1'b0: current_state <= FLOOR1;
            1'b1: current_state <= next_state;
            default: current_state <= FLOOR1;
        endcase
    end

    // Combinational block: next state logic
    always_comb begin
        next_state = current_state;

        case (current_state)
            FLOOR1: begin
                case (1'b1)
                    req_floor2: next_state = FLOOR2;
                    req_floor3: next_state = FLOOR3;
                endcase
            end

            FLOOR2: begin
                case (1'b1)
                    req_floor1: next_state = FLOOR1;
                    req_floor3: next_state = FLOOR3;
                endcase
            end

            FLOOR3: begin
                case (1'b1)
                    req_floor1: next_state = FLOOR1;
                    req_floor2: next_state = FLOOR2;
                endcase
            end
        endcase
    end

    // Combinational block: Mealy outputs
    always_comb begin
        motor_up = 1'b0;
        motor_down = 1'b0;
        door_open = 1'b0;

        case (current_state)
            FLOOR1: begin
                case (1'b1)
                    req_floor2: begin
                        motor_up = 1'b1;           // Mealy: immediate response
                        door_open = floor_sensor1;  // Open if already at floor
                    end
                    req_floor3: begin
                        motor_up = 1'b1;
                        door_open = floor_sensor1;
                    end
                    default: begin
                        door_open = floor_sensor1;   // Open doors if at floor
                    end
                endcase
            end

            FLOOR2: begin
                case (1'b1)
                    req_floor1: begin
                        motor_down = 1'b1;
                        door_open = floor_sensor2;
                    end
                    req_floor3: begin
                        motor_up = 1'b1;
                        door_open = floor_sensor2;
                    end
                    default: begin
                        door_open = floor_sensor2;
                    end
                endcase
            end

            FLOOR3: begin
                case (1'b1)
                    req_floor1: begin
                        motor_down = 1'b1;
                        door_open = floor_sensor3;
                    end
                    req_floor2: begin
                        motor_down = 1'b1;
                        door_open = floor_sensor3;
                    end
                    default: begin
                        door_open = floor_sensor3;
                    end
                endcase
            end
        endcase
    end

endmodule",INVALID_OUTPUT,21.763713121414185,947,882
"module runt_pulse_detector (
    input logic clk,
    input logic rst_n,
    input logic signal_in,
    input logic [3:0] min_width,
    output logic runt_detected
);

typedef enum logic [2:0] {IDLE, PULSE_LOW, PULSE_HIGH, CHECK} state_t;
state_t state, next_state;
logic [3:0] pulse_width;

always_ff @(posedge clk or negedge rst_n) begin
    case(rst_n)
        1'b0: begin
            state <= IDLE;
            pulse_width <= 4'b0;
        end
        1'b1: begin
            state <= next_state;
            case(state)
                PULSE_LOW, PULSE_HIGH: pulse_width <= pulse_width + 1;
                default: pulse_width <= 4'b0;
            endcase
        end
        default: begin
            state <= IDLE;
            pulse_width <= 4'b0;
        end
    endcase
end

always_comb begin
    next_state = state;
    runt_detected = 1'b0;

    case (state)
        IDLE: begin
            case(signal_in)
                1'b1: next_state = PULSE_HIGH;
                1'b0: next_state = PULSE_LOW;
                default: next_state = state;
            endcase
        end

        PULSE_HIGH: begin
            case(signal_in)
                1'b0: begin
                    next_state = CHECK;
                    // Check if pulse was too short
                    case(pulse_width < min_width)
                        1'b1: runt_detected = 1'b1;  // Immediate detection
                        1'b0: runt_detected = 1'b0;
                        default: runt_detected = 1'b0;
                    endcase
                end
                1'b1: begin
                    next_state = state;
                    runt_detected = 1'b0;
                end
                default: begin
                    next_state = state;
                    runt_detected = 1'b0;
                end
            endcase
        end

        PULSE_LOW: begin
            case(signal_in)
                1'b1: begin
                    next_state = CHECK;
                    // Check if pulse was too short
                    case(pulse_width < min_width)
                        1'b1: runt_detected = 1'b1;  // Immediate detection
                        1'b0: runt_detected = 1'b0;
                        default: runt_detected = 1'b0;
                    endcase
                end
                1'b0: begin
                    next_state = state;
                    runt_detected = 1'b0;
                end
                default: begin
                    next_state = state;
                    runt_detected = 1'b0;
                end
            endcase
        end

        CHECK: begin
            // Return to IDLE after one cycle
            next_state = IDLE;
            runt_detected = 1'b0;
        end

        default: begin
            next_state = IDLE;
            runt_detected = 1'b0;
        end
    endcase
end

endmodule","module runt_pulse_detector_copy (
    input logic clk,
    input logic rst_n,
    input logic signal_in,
    input logic [3:0] min_width,
    output logic runt_detected
);

typedef enum logic [2:0] {IDLE, PULSE_LOW, PULSE_HIGH, CHECK} state_t;
state_t state, next_state;
logic [3:0] pulse_width;

always_ff @(posedge clk or negedge rst_n) begin
    case(rst_n)
        1'b0: begin
            state <= IDLE;
            pulse_width <= 4'b0;
        end
        1'b1: begin
            state <= next_state;
            case(state)
                PULSE_LOW, PULSE_HIGH: pulse_width <= pulse_width + 1;
                default: pulse_width <= 4'b0;
            endcase
        end
        default: begin
            state <= IDLE;
            pulse_width <= 4'b0;
        end
    endcase
end

always_comb begin
    next_state = state;
    runt_detected = 1'b0;

    case (state)
        IDLE: begin
            case(signal_in)
                1'b1: next_state = PULSE_HIGH;
                1'b0: next_state = PULSE_LOW;
                default: next_state = state;
            endcase
        end

        PULSE_HIGH: begin
            case(signal_in)
                1'b0: begin
                    next_state = CHECK;
                    // Check if pulse was too short
                    case(pulse_width < min_width)
                        1'b1: runt_detected = 1'b1;  // Immediate detection
                        1'b0: runt_detected = 1'b0;
                        default: runt_detected = 1'b0;
                    endcase
                end
                1'b1: begin
                    next_state = state;
                    runt_detected = 1'b0;
                end
                default: begin
                    next_state = state;
                    runt_detected = 1'b0;
                end
            endcase
        end

        PULSE_LOW: begin
            case(signal_in)
                1'b1: begin
                    next_state = CHECK;
                    // Check if pulse was too short
                    case(pulse_width < min_width)
                        1'b1: runt_detected = 1'b1;  // Immediate detection
                        1'b0: runt_detected = 1'b0;
                        default: runt_detected = 1'b0;
                    endcase
                end
                1'b0: begin
                    next_state = state;
                    runt_detected = 1'b0;
                end
                default: begin
                    next_state = state;
                    runt_detected = 1'b0;
                end
            endcase
        end

        CHECK: begin
            // Return to IDLE after one cycle
            next_state = IDLE;
            runt_detected = 1'b0;
        end

        default: begin
            next_state = IDLE;
            runt_detected = 1'b0;
        end
    endcase
end

endmodule",INVALID_OUTPUT,19.14195227622986,848,783
"module tcp_congestion_control (
    input logic clk,
    input logic rst_n,
    input logic ack_received,
    input logic timeout_event,
    input logic [15:0] rtt_measurement,
    input logic [2:0] duplicate_acks,
    output logic [15:0] congestion_window,
    output logic [15:0] slow_start_threshold,
    output logic [1:0] phase  // 00: SLOW_START, 01: CONG_AVOID, 10: FAST_RECOVERY
);

typedef enum logic [2:0] {
    SLOW_START,
    CONGESTION_AVOIDANCE,
    FAST_RECOVERY,
    FAST_RETRANSMIT,
    TIMEOUT_WAIT,
    PROBE
} state_t;

state_t state, next_state;
logic [15:0] cwnd, next_cwnd;
logic [15:0] ssthresh, next_ssthresh;
logic [3:0] ack_counter, next_ack_counter;
logic [31:0] rto_counter, next_rto_counter;
logic [15:0] min_rtt, next_min_rtt;
logic [15:0] avg_rtt, next_avg_rtt;

// Sequential logic
always_ff @(posedge clk or negedge rst_n) begin
    case (rst_n)
        1'b0: begin
            state <= SLOW_START;
            cwnd <= 16'd1;
            ssthresh <= 16'd65535;
            ack_counter <= 4'b0;
            rto_counter <= 32'b0;
            min_rtt <= 16'hFFFF;
            avg_rtt <= 16'd100;
        end
        1'b1: begin
            state <= next_state;
            cwnd <= next_cwnd;
            ssthresh <= next_ssthresh;
            ack_counter <= next_ack_counter;
            rto_counter <= next_rto_counter;
            min_rtt <= next_min_rtt;
            avg_rtt <= next_avg_rtt;
        end
    endcase
end

// Combinational logic
always_comb begin
    // Default assignments
    next_state = state;
    next_cwnd = cwnd;
    next_ssthresh = ssthresh;
    next_ack_counter = ack_counter;
    next_rto_counter = rto_counter;
    next_min_rtt = min_rtt;
    next_avg_rtt = avg_rtt;

    congestion_window = cwnd;
    slow_start_threshold = ssthresh;
    phase = 2'b00;

    // Update RTT measurements
    case (rtt_measurement < min_rtt)
      	(1'b1): next_min_rtt = rtt_measurement;
        default: next_min_rtt = min_rtt;
    endcase

    next_avg_rtt = (avg_rtt * 7 + rtt_measurement) >> 3;

    // FSM logic
    case (state)
        SLOW_START: begin
            phase = 2'b00;

            // Check for packet loss
            case (duplicate_acks >= 3'd3)
                1'b1: begin
                    next_state = FAST_RECOVERY;
                    next_ssthresh = cwnd >> 1;
                end
            endcase

            // ACK handling
            case (ack_received)
                1'b1: begin
                    next_cwnd = cwnd + 1;
                    next_ack_counter = ack_counter + 1;
                    case (cwnd >= ssthresh)
                        1'b1: next_state = CONGESTION_AVOIDANCE;
                    endcase
                end
            endcase

            // RTT-based adaptation
            case (rtt_measurement > (avg_rtt + (avg_rtt >> 2)))
                1'b1: begin
                    next_ssthresh = cwnd;
                    next_state = CONGESTION_AVOIDANCE;
                end
            endcase
        end

        CONGESTION_AVOIDANCE: begin
            phase = 2'b01;

            // Packet loss detection
            case (duplicate_acks == 3'd3)
                1'b1: begin
                    next_state = FAST_RETRANSMIT;
                    next_ssthresh = cwnd >> 1;
                    next_cwnd = next_ssthresh + 3;
                end
            endcase

            // ACK handling
            case (ack_received)
                1'b1: begin
                    next_ack_counter = ack_counter + 1;
                    case (ack_counter == cwnd)
                        1'b1: begin
                            next_cwnd = cwnd + 1;
                            next_ack_counter = 4'b0;
                        end
                    endcase
                end
            endcase

            // Timeout handling
            case (timeout_event)
                1'b1: begin
                    next_ssthresh = cwnd >> 1;
                    next_cwnd = 16'd1;
                    next_state = TIMEOUT_WAIT;
                    next_rto_counter = 32'b0;
                end
            endcase
        end

        FAST_RECOVERY: begin
            phase = 2'b10;

            case (ack_received)
                1'b1: begin
                    next_cwnd = ssthresh;
                    next_state = CONGESTION_AVOIDANCE;
                end
            endcase

            case (duplicate_acks == 3'd3)
                1'b1: begin
                    next_state = FAST_RETRANSMIT;
                    next_ssthresh = cwnd >> 1;
                    next_cwnd = next_ssthresh + 3;
                end
            endcase
        end

        FAST_RETRANSMIT: begin
            phase = 2'b10;

            case (ack_received)
                1'b1: next_state = FAST_RECOVERY;
            endcase
        end

        TIMEOUT_WAIT: begin
            phase = 2'b00;

            next_rto_counter = rto_counter + 1;
            case ((rto_counter > (min_rtt * 2)) && ack_received)
                1'b1: next_state = SLOW_START;
                1'b0: begin
                    case ((rto_counter > (min_rtt * 2)) && !ack_received)
                        1'b1: next_state = PROBE;
                    endcase
                end
            endcase
        end

        PROBE: begin
            phase = 2'b00;

            next_cwnd = 16'd1;
            case (ack_received)
                1'b1: next_state = SLOW_START;
            endcase
        end
    endcase
end

endmodule","module tcp_congestion_control_generated (
    input logic clk,
    input logic rst_n,
    input logic ack_received,
    input logic timeout_event,
    input logic [15:0] rtt_measurement,
    input logic [2:0] duplicate_acks,
    output logic [15:0] congestion_window,
    output logic [15:0] slow_start_threshold,
    output logic [1:0] phase  // 00: SLOW_START, 01: CONG_AVOID, 10: FAST_RECOVERY
);

typedef enum logic [2:0] {
    SLOW_START,
    CONGESTION_AVOIDANCE,
    FAST_RECOVERY,
    FAST_RETRANSMIT,
    TIMEOUT_WAIT,
    PROBE
} state_t;

state_t state, next_state;
logic [15:0] cwnd, next_cwnd;
logic [15:0] ssthresh, next_ssthresh;
logic [3:0] ack_counter, next_ack_counter;
logic [31:0] rto_counter, next_rto_counter;
logic [15:0] min_rtt, next_min_rtt;
logic [15:0] avg_rtt, next_avg_rtt;

// Sequential logic
always_ff @(posedge clk or negedge rst_n) begin
    case (rst_n)
        1'b0: begin
            state <= SLOW_START;
            cwnd <= 16'd1;
            ssthresh <= 16'd65535;
            ack_counter <= 4'b0;
            rto_counter <= 32'b0;
            min_rtt <= 16'hFFFF;
            avg_rtt <= 16'd100;
        end
        1'b1: begin
            state <= next_state;
            cwnd <= next_cwnd;
            ssthresh <= next_ssthresh;
            ack_counter <= next_ack_counter;
            rto_counter <= next_rto_counter;
            min_rtt <= next_min_rtt;
            avg_rtt <= next_avg_rtt;
        end
    endcase
end

// Combinational logic
always_comb begin
    // Default assignments
    next_state = state;
    next_cwnd = cwnd;
    next_ssthresh = ssthresh;
    next_ack_counter = ack_counter;
    next_rto_counter = rto_counter;
    next_min_rtt = min_rtt;
    next_avg_rtt = avg_rtt;

    congestion_window = cwnd;
    slow_start_threshold = ssthresh;
    phase = 2'b00;

    // Update RTT measurements
    case (rtt_measurement < min_rtt)
      	(1'b1): next_min_rtt = rtt_measurement;
        default: next_min_rtt = min_rtt;
    endcase

    next_avg_rtt = (avg_rtt * 7 + rtt_measurement) >> 3;

    // FSM logic
    case (state)
        SLOW_START: begin
            phase = 2'b00;

            // Check for packet loss
            case (duplicate_acks >= 3'd3)
                1'b1: begin
                    next_state = FAST_RECOVERY;
                    next_ssthresh = cwnd >> 1;
                end
            endcase

            // ACK handling
            case (ack_received)
                1'b1: begin
                    next_cwnd = cwnd + 1;
                    next_ack_counter = ack_counter + 1;
                    case (cwnd >= ssthresh)
                        1'b1: next_state = CONGESTION_AVOIDANCE;
                    endcase
                end
            endcase

            // RTT-based adaptation
            case (rtt_measurement > (avg_rtt + (avg_rtt >> 2)))
                1'b1: begin
                    next_ssthresh = cwnd;
                    next_state = CONGESTION_AVOIDANCE;
                end
            endcase
        end

        CONGESTION_AVOIDANCE: begin
            phase = 2'b01;

            // Packet loss detection
            case (duplicate_acks == 3'd3)
                1'b1: begin
                    next_state = FAST_RETRANSMIT;
                    next_ssthresh = cwnd >> 1;
                    next_cwnd = next_ssthresh + 3;
                end
            endcase

            // ACK handling
            case (ack_received)
                1'b1: begin
                    next_ack_counter = ack_counter + 1;
                    case (ack_counter == cwnd)
                        1'b1: begin
                            next_cwnd = cwnd + 1;
                            next_ack_counter = 4'b0;
                        end
                    endcase
                end
            endcase

            // Timeout handling
            case (timeout_event)
                1'b1: begin
                    next_ssthresh = cwnd >> 1;
                    next_cwnd = 16'd1;
                    next_state = TIMEOUT_WAIT;
                    next_rto_counter = 32'b0;
                end
            endcase
        end

        FAST_RECOVERY: begin
            phase = 2'b10;

            case (ack_received)
                1'b1: begin
                    next_cwnd = ssthresh;
                    next_state = CONGESTION_AVOIDANCE;
                end
            endcase

            case (duplicate_acks == 3'd3)
                1'b1: begin
                    next_state = FAST_RETRANSMIT;
                    next_ssthresh = cwnd >> 1;
                    next_cwnd = next_ssthresh + 3;
                end
            endcase
        end

        FAST_RETRANSMIT: begin
            phase = 2'b10;

            case (ack_received)
                1'b1: next_state = FAST_RECOVERY;
            endcase
        end

        TIMEOUT_WAIT: begin
            phase = 2'b00;

            next_rto_counter = rto_counter + 1;
            case ((rto_counter > (min_rtt * 2)) && ack_received)
                1'b1: next_state = SLOW_START;
                1'b0: begin
                    case ((rto_counter > (min_rtt * 2)) && !ack_received)
                        1'b1: next_state = PROBE;
                    endcase
                end
            endcase
        end

        PROBE: begin
            phase = 2'b00;

            next_cwnd = 16'd1;
            case (ack_received)
                1'b1: next_state = SLOW_START;
            endcase
        end
    endcase
end

endmodule",INVALID_OUTPUT,44.58237099647522,1728,1663
"module spi_master_mealy (
    input logic clk,
    input logic rst_n,
    input logic start,
    input logic [7:0] tx_data,
    output logic sclk,
    output logic mosi,
    input logic miso,
    output logic [7:0] rx_data,
    output logic busy,
    output logic done
);

typedef enum logic [2:0] {IDLE, CLK_LOW, CLK_HIGH, DONE_ST} state_t;
state_t state, next_state;
logic [2:0] bit_count, next_bit_count;
logic [7:0] shift_reg, next_shift_reg;

// Sequential logic
always_ff @(posedge clk or negedge rst_n) begin
    case (rst_n)
        1'b0: begin
            state <= IDLE;
            bit_count <= 3'b0;
            shift_reg <= 8'b0;
        end
        1'b1: begin
            state <= next_state;
            bit_count <= next_bit_count;
            shift_reg <= next_shift_reg;
        end
    endcase
end

// Combinational logic
always_comb begin
    // Default assignments
    next_state = state;
    next_bit_count = bit_count;
    next_shift_reg = shift_reg;
    sclk = 1'b0;
    mosi = 1'b0;
    busy = 1'b1;
    done = 1'b0;
    rx_data = shift_reg;

    case (state)
        IDLE: begin
            busy = 1'b0;
            done = 1'b0;
            case (start)
                1'b1: begin
                    next_state = CLK_LOW;
                    next_shift_reg = tx_data;
                    next_bit_count = 3'b0;
                end
            endcase
        end

        CLK_LOW: begin
            // SCLK low phase
            sclk = 1'b0;
            mosi = shift_reg[7];  // Output MSB first

            case (bit_count == 3'b111)  // Last bit?
                1'b1: begin
                    // Last bit: sample final data and go to DONE
                    next_shift_reg = {shift_reg[6:0], miso};
                    next_state = DONE_ST;
                end
                1'b0: begin
                    // Sample MISO on rising edge (during CLK_LOW to CLK_HIGH transition)
                    next_shift_reg = {shift_reg[6:0], miso};
                    next_bit_count = bit_count + 1;
                    next_state = CLK_HIGH;
                end
            endcase
        end

        CLK_HIGH: begin
            // SCLK high phase
            sclk = 1'b1;
            mosi = shift_reg[7];  // Continue outputting same bit

            // Mealy output: Data is stable during high phase
            next_state = CLK_LOW;
        end

        DONE_ST: begin
            done = 1'b1;  // Mealy output: done signal
            busy = 1'b0;
            rx_data = shift_reg;
            case (start)
                1'b0: next_state = IDLE;  // Return to idle when start cleared
                default: next_state = DONE_ST;
            endcase
        end
    endcase
end

endmodule","module spi_master_mealy (
    input logic clk,
    input logic rst_n,
    input logic start,
    input logic [7:0] tx_data,
    output logic sclk,
    output logic mosi,
    input logic miso,
    output logic [7:0] rx_data,
    output logic busy,
    output logic done
);

typedef enum logic [2:0] {IDLE, CLK_LOW, CLK_HIGH, DONE_ST} state_t;
state_t state, next_state;
logic [2:0] bit_count, next_bit_count;
logic [7:0] shift_reg, next_shift_reg;

// Sequential logic
always_ff @(posedge clk or negedge rst_n) begin
    case (rst_n)
        1'b0: begin
            state <= IDLE;
            bit_count <= 3'b0;
            shift_reg <= 8'b0;
        end
        1'b1: begin
            state <= next_state;
            bit_count <= next_bit_count;
            shift_reg <= next_shift_reg;
        end
    endcase
end

// Combinational logic
always_comb begin
    // Default assignments
    next_state = state;
    next_bit_count = bit_count;
    next_shift_reg = shift_reg;
    sclk = 1'b0;
    mosi = 1'b0;
    busy = 1'b1;
    done = 1'b0;
    rx_data = shift_reg;

    case (state)
        IDLE: begin
            busy = 1'b0;
            done = 1'b0;
            case (start)
                1'b1: begin
                    next_state = CLK_LOW;
                    next_shift_reg = tx_data;
                    next_bit_count = 3'b0;
                end
            endcase
        end

        CLK_LOW: begin
            // SCLK low phase
            sclk = 1'b0;
            mosi = shift_reg[7];  // Output MSB first

            case (bit_count == 3'b111)  // Last bit?
                1'b1: begin
                    // Last bit: sample final data and go to DONE
                    next_shift_reg = {shift_reg[6:0], miso};
                    next_state = DONE_ST;
                end
                1'b0: begin
                    // Sample MISO on rising edge (during CLK_LOW to CLK_HIGH transition)
                    next_shift_reg = {shift_reg[6:0], miso};
                    next_bit_count = bit_count + 1;
                    next_state = CLK_HIGH;
                end
            endcase
        end

        CLK_HIGH: begin
            // SCLK high phase
            sclk = 1'b1;
            mosi = shift_reg[7];  // Continue outputting same bit

            // Mealy output: Data is stable during high phase
            next_state = CLK_LOW;
        end

        DONE_ST: begin
            done = 1'b1;  // Mealy output: done signal
            busy = 1'b0;
            rx_data = shift_reg;
            case (start)
                1'b0: next_state = IDLE;  // Return to idle when start cleared
                default: next_state = DONE_ST;
            endcase
        end
    endcase
end

endmodule",INVALID_OUTPUT,20.667248725891113,908,841
"module fifo_monitor_mealy (
    input logic clk,
    input logic rst_n,
    input logic write_en,
    input logic read_en,
    input logic [3:0] fifo_depth,
    output logic almost_full,
    output logic almost_empty,
    output logic [3:0] fill_level
);

typedef enum logic [1:0] {NORMAL, WARN_FULL, WARN_EMPTY} state_t;
state_t state, next_state;
logic [3:0] count, next_count;

// Sequential logic
always_ff @(posedge clk or negedge rst_n) begin
    case (rst_n)
        1'b0: begin
            state <= NORMAL;
            count <= 4'b0;
        end
        1'b1: begin
            state <= next_state;
            count <= next_count;
        end
    endcase
end

// Combinational logic for count update
always_comb begin
    next_count = count;

    case ({write_en, read_en})
        2'b10: begin
            case (count < fifo_depth)
                1'b1: next_count = count + 1;
            endcase
        end
        2'b01: begin
            case (count > 0)
                1'b1: next_count = count - 1;
            endcase
        end
    endcase
end

// Combinational logic for FSM
always_comb begin
    next_state = state;
    almost_full = 1'b0;
    almost_empty = 1'b0;
    fill_level = count;

    case (state)
        NORMAL: begin
            case (count >= (fifo_depth - 2) && write_en)
                1'b1: begin
                    next_state = WARN_FULL;
                    almost_full = 1'b1;  // Mealy: immediate warning on write
                end
            endcase

            case (count <= 2 && read_en)
                1'b1: begin
                    next_state = WARN_EMPTY;
                    almost_empty = 1'b1;  // Mealy: immediate warning on read
                end
            endcase
        end

        WARN_FULL: begin
            almost_full = 1'b1;

            case (count <= (fifo_depth - 4) || (read_en && !write_en))
                1'b1: next_state = NORMAL;
            endcase

            case (write_en && (count == fifo_depth))
                1'b1: almost_full = 1'b1;  // Mealy: output based on current operation
            endcase
        end

        WARN_EMPTY: begin
            almost_empty = 1'b1;

            case (count >= 4 || (write_en && !read_en))
                1'b1: next_state = NORMAL;
            endcase

            case (read_en && (count == 0))
                1'b1: almost_empty = 1'b1;  // Mealy: output based on current operation
            endcase
        end
    endcase
end

endmodule","module fifo_monitor_mealy (
    input logic clk,
    input logic rst_n,
    input logic write_en,
    input logic read_en,
    input logic [3:0] fifo_depth,
    output logic almost_full,
    output logic almost_empty,
    output logic [3:0] fill_level
);

typedef enum logic [1:0] {NORMAL, WARN_FULL, WARN_EMPTY} state_t;
state_t state, next_state;
logic [3:0] count, next_count;

// Sequential logic
always_ff @(posedge clk or negedge rst_n) begin
    case (rst_n)
        1'b0: begin
            state <= NORMAL;
            count <= 4'b0;
        end
        1'b1: begin
            state <= next_state;
            count <= next_count;
        end
    endcase
end

// Combinational logic for count update
always_comb begin
    next_count = count;

    case ({write_en, read_en})
        2'b10: begin
            case (count < fifo_depth)
                1'b1: next_count = count + 1;
            endcase
        end
        2'b01: begin
            case (count > 0)
                1'b1: next_count = count - 1;
            endcase
        end
    endcase
end

// Combinational logic for FSM
always_comb begin
    next_state = state;
    almost_full = 1'b0;
    almost_empty = 1'b0;
    fill_level = count;

    case (state)
        NORMAL: begin
            case (count >= (fifo_depth - 2) && write_en)
                1'b1: begin
                    next_state = WARN_FULL;
                    almost_full = 1'b1;  // Mealy: immediate warning on write
                end
            endcase

            case (count <= 2 && read_en)
                1'b1: begin
                    next_state = WARN_EMPTY;
                    almost_empty = 1'b1;  // Mealy: immediate warning on read
                end
            endcase
        end

        WARN_FULL: begin
            almost_full = 1'b1;

            case (count <= (fifo_depth - 4) || (read_en && !write_en))
                1'b1: next_state = NORMAL;
            endcase

            case (write_en && (count == fifo_depth))
                1'b1: begin
                    almost_full = 1'b1;  // Mealy: output based on current operation
                end
            endcase
        end

        WARN_EMPTY: begin
            almost_empty = 1'b1;

            case (count >= 4 || (write_en && !read_en))
                1'b1: next_state = NORMAL;
            endcase

            case (read_en && (count == 0))
                1'b1: begin
                    almost_empty = 1'b1;  // Mealy: output based on current operation
                end
            endcase
        end
    endcase
end

endmodule",INVALID_OUTPUT,18.737698316574097,824,769
"module mealy_traffic_controller (
    input  logic clk,
    input  logic rst_n,
    input  logic timer_expired,
    input  logic pedestrian_req,
    output logic main_green,
    output logic main_yellow,
    output logic main_red,
    output logic walk,
    output logic dont_walk
);

    // State encoding
    typedef enum logic [1:0] {
        GREEN,      // Main road green
        YELLOW,     // Main road yellow
        RED,        // Main road red
        PED_WALK    // Pedestrian walking
    } state_t;

    state_t current_state, next_state;

    // Sequential block: state update
    always_ff @(posedge clk or negedge rst_n) begin
        case (rst_n)
            1'b0: current_state <= GREEN;
            1'b1: current_state <= next_state;
        endcase
    end

    // Combinational block: next state logic with timing conditions
    always_comb begin
        next_state = current_state;

        case (current_state)
            GREEN: begin
                // Go to yellow when timer expires OR pedestrian request
                case (timer_expired || pedestrian_req)
                    1'b1: next_state = YELLOW;
                endcase
            end

            YELLOW: begin
                // Always go to red after yellow timer expires
                case (timer_expired)
                    1'b1: next_state = RED;
                endcase
            end

            RED: begin
                // Go to pedestrian walk if request pending
                case (pedestrian_req)
                    1'b1: next_state = PED_WALK;
                endcase

                case (timer_expired && !pedestrian_req)
                    1'b1: next_state = GREEN;
                endcase
            end

            PED_WALK: begin
                // Return to green after walk timer expires
                case (timer_expired)
                    1'b1: next_state = GREEN;
                endcase
            end
        endcase
    end

    // Combinational block: Mealy outputs based on state and inputs
    always_comb begin
        // Default outputs (all inactive)
        {main_green, main_yellow, main_red} = 3'b000;
        {walk, dont_walk} = 2'b00;

        case (current_state)
            GREEN: begin
                main_green = 1'b1;
                dont_walk = 1'b1;  // Don't walk during main traffic
                // Mealy: Flash don't walk when pedestrian waiting
                case (pedestrian_req)
                    1'b1: dont_walk = ~dont_walk;  // Flashing indication
                endcase
            end

            YELLOW: begin
                main_yellow = 1'b1;
                dont_walk = 1'b1;
            end

            RED: begin
                main_red = 1'b1;
                // Mealy: Pre-walk indication when pedestrian waiting
                case (pedestrian_req)
                    1'b1: dont_walk = ~dont_walk;  // Flashing before walk
                    1'b0: dont_walk = 1'b1;
                endcase
            end

            PED_WALK: begin
                main_red = 1'b1;
                walk = 1'b1;        // Walk signal active
            end
        endcase
    end

endmodule","module mealy_traffic_controller (
    input  logic clk,
    input  logic rst_n,
    input  logic timer_expired,
    input  logic pedestrian_req,
    output logic main_green,
    output logic main_yellow,
    output logic main_red,
    output logic walk,
    output logic dont_walk
);

    // State encoding
    typedef enum logic [1:0] {
        GREEN,      // Main road green
        YELLOW,     // Main road yellow
        RED,        // Main road red
        PED_WALK    // Pedestrian walking
    } state_t;

    state_t current_state, next_state;

    // Sequential block: state update
    always_ff @(posedge clk or negedge rst_n) begin
        case (rst_n)
            1'b0: current_state <= GREEN;
            1'b1: current_state <= next_state;
        endcase
    end

    // Combinational block: next state logic with timing conditions
    always_comb begin
        next_state = current_state;

        case (current_state)
            GREEN: begin
                // Go to yellow when timer expires OR pedestrian request
                case (timer_expired || pedestrian_req)
                    1'b1: next_state = YELLOW;
                endcase
            end

            YELLOW: begin
                // Always go to red after yellow timer expires
                case (timer_expired)
                    1'b1: next_state = RED;
                endcase
            end

            RED: begin
                // Go to pedestrian walk if request pending
                case (pedestrian_req)
                    1'b1: next_state = PED_WALK;
                endcase

                case (timer_expired && !pedestrian_req)
                    1'b1: next_state = GREEN;
                endcase
            end

            PED_WALK: begin
                // Return to green after walk timer expires
                case (timer_expired)
                    1'b1: next_state = GREEN;
                endcase
            end
        endcase
    end

    // Combinational block: Mealy outputs based on state and inputs
    always_comb begin
        // Default outputs (all inactive)
        {main_green, main_yellow, main_red} = 3'b000;
        {walk, dont_walk} = 2'b00;

        case (current_state)
            GREEN: begin
                main_green = 1'b1;
                dont_walk = 1'b1;  // Don't walk during main traffic
                // Mealy: Flash don't walk when pedestrian waiting
                case (pedestrian_req)
                    1'b1: dont_walk = ~dont_walk;  // Flashing indication
                endcase
            end

            YELLOW: begin
                main_yellow = 1'b1;
                dont_walk = 1'b1;
            end

            RED: begin
                main_red = 1'b1;
                // Mealy: Pre-walk indication when pedestrian waiting
                case (pedestrian_req)
                    1'b1: dont_walk = ~dont_walk;  // Flashing before walk
                    1'b0: dont_walk = 1'b1;
                endcase
            end

            PED_WALK: begin
                main_red = 1'b1;
                walk = 1'b1;        // Walk signal active
            end
        endcase
    end

endmodule",INVALID_OUTPUT,20.09080410003662,886,819
"// AXI4-Lite Slave Interface - Register File Example
// Uses only case statements (no if/else)
// Demonstrates separate combinational and sequential logic blocks

module axi_lite_slave (
    // Clock and Reset
    input  logic        aclk,
    input  logic        aresetn,

    // AXI4-Lite Write Address Channel
    input  logic [31:0] s_axi_awaddr,
    input  logic [2:0]  s_axi_awprot,
    input  logic        s_axi_awvalid,
    output logic        s_axi_awready,

    // AXI4-Lite Write Data Channel
    input  logic [31:0] s_axi_wdata,
    input  logic [3:0]  s_axi_wstrb,
    input  logic        s_axi_wvalid,
    output logic        s_axi_wready,

    // AXI4-Lite Write Response Channel
    output logic [1:0]  s_axi_bresp,
    output logic        s_axi_bvalid,
    input  logic        s_axi_bready,

    // AXI4-Lite Read Address Channel
    input  logic [31:0] s_axi_araddr,
    input  logic [2:0]  s_axi_arprot,
    input  logic        s_axi_arvalid,
    output logic        s_axi_arready,

    // AXI4-Lite Read Data Channel
    output logic [31:0] s_axi_rdata,
    output logic [1:0]  s_axi_rresp,
    output logic        s_axi_rvalid,
    input  logic        s_axi_rready,

    // User interface to registers
    output logic [31:0] reg0,  // Read/Write register
    output logic [31:0] reg1,  // Read/Write register
    output logic [31:0] reg2,  // Read/Write register
    output logic [31:0] reg3,  // Read/Write register
    input  logic [31:0] reg4   // Read-only register
);

    //=========================================================
    // Internal State Definitions
    //=========================================================
    typedef enum logic [1:0] {
        IDLE,
        WRITE_RESP,
        READ_DATA
    } state_t;

    state_t write_state, read_state;
    state_t write_state_next, read_state_next;

    //=========================================================
    // Register Storage
    //=========================================================
    logic [31:0] reg0_q, reg1_q, reg2_q, reg3_q;
    logic [31:0] reg0_next, reg1_next, reg2_next, reg3_next;

    //=========================================================
    // AXI Interface Registers
    //=========================================================
    logic        awready_q, awready_next;
    logic        wready_q, wready_next;
    logic        bvalid_q, bvalid_next;
    logic [1:0]  bresp_q, bresp_next;

    logic        arready_q, arready_next;
    logic        rvalid_q, rvalid_next;
    logic [1:0]  rresp_q, rresp_next;
    logic [31:0] rdata_q, rdata_next;

    // Address and data storage for transactions
    logic [31:0] awaddr_q, awaddr_next;
    logic [31:0] wdata_q, wdata_next;
    logic [3:0]  wstrb_q, wstrb_next;
    logic [31:0] araddr_q, araddr_next;

    //=========================================================
    // Combinational Logic: Write Channel FSM
    //=========================================================
    always_comb begin
        // Default assignments
        write_state_next = write_state;
        awready_next = 1'b0;
        wready_next  = 1'b0;
        bvalid_next  = bvalid_q;
        bresp_next   = bresp_q;
        awaddr_next  = awaddr_q;
        wdata_next   = wdata_q;
        wstrb_next   = wstrb_q;
        reg0_next = reg0_q;
        reg1_next = reg1_q;
        reg2_next = reg2_q;
        reg3_next = reg3_q;

        case (write_state)
            IDLE: begin
                awready_next = 1'b1;
                wready_next  = 1'b1;

                // Capture address and data when valid
                case ({s_axi_awvalid, s_axi_wvalid})
                    2'b11: begin
                        awaddr_next = s_axi_awaddr;
                        wdata_next  = s_axi_wdata;
                        wstrb_next  = s_axi_wstrb;
                        write_state_next = WRITE_RESP;
                    end
                    default: begin
                        write_state_next = IDLE;
                    end
                endcase
            end

            WRITE_RESP: begin
                bvalid_next = 1'b1;
                bresp_next  = 2'b00;  // OKAY response

                // Perform register write based on address
                case (awaddr_q[7:2])  // 4-byte aligned addresses
                    6'b000000: begin  // Address 0x00
                        reg0_next = wdata_q;
                    end
                    6'b000001: begin  // Address 0x04
                        reg1_next = wdata_q;
                    end
                    6'b000010: begin  // Address 0x08
                        reg2_next = wdata_q;
                    end
                    6'b000011: begin  // Address 0x0C
                        reg3_next = wdata_q;
                    end
                    default: begin
                        // Invalid address - no write
                        bresp_next = 2'b11;  // SLVERR
                    end
                endcase

                case ({bvalid_q, s_axi_bready})
                    2'b11: begin
                        bvalid_next = 1'b0;
                        write_state_next = IDLE;
                    end
                    default: begin
                        write_state_next = WRITE_RESP;
                    end
                endcase
            end
        endcase
    end

    //=========================================================
    // Combinational Logic: Read Channel FSM
    //=========================================================
    always_comb begin
        // Default assignments
        read_state_next = read_state;
        arready_next = 1'b0;
        rvalid_next  = rvalid_q;
        rresp_next   = rresp_q;
        rdata_next   = rdata_q;
        araddr_next  = araddr_q;

        case (read_state)
            IDLE: begin
                arready_next = 1'b1;

                case (s_axi_arvalid)
                    1'b1: begin
                        araddr_next = s_axi_araddr;
                        read_state_next = READ_DATA;
                    end
                    default: begin
                        read_state_next = IDLE;
                    end
                endcase
            end

            READ_DATA: begin
                rvalid_next = 1'b1;
                rresp_next  = 2'b00;  // OKAY response

                // Read data based on address
                case (araddr_q[7:2])  // 4-byte aligned addresses
                    6'b000000: begin  // Address 0x00
                        rdata_next = reg0_q;
                    end
                    6'b000001: begin  // Address 0x04
                        rdata_next = reg1_q;
                    end
                    6'b000010: begin  // Address 0x08
                        rdata_next = reg2_q;
                    end
                    6'b000011: begin  // Address 0x0C
                        rdata_next = reg3_q;
                    end
                    6'b000100: begin  // Address 0x10
                        rdata_next = reg4;  // Read-only register
                    end
                    default: begin
                        rdata_next = 32'hDEADBEEF;
                        rresp_next = 2'b11;  // SLVERR
                    end
                endcase

                case ({rvalid_q, s_axi_rready})
                    2'b11: begin
                        rvalid_next = 1'b0;
                        read_state_next = IDLE;
                    end
                    default: begin
                        read_state_next = READ_DATA;
                    end
                endcase
            end
        endcase
    end

    //=========================================================
    // Output Assignments
    //=========================================================
    assign s_axi_awready = awready_q;
    assign s_axi_wready  = wready_q;
    assign s_axi_bvalid  = bvalid_q;
    assign s_axi_bresp   = bresp_q;

    assign s_axi_arready = arready_q;
    assign s_axi_rvalid  = rvalid_q;
    assign s_axi_rresp   = rresp_q;
    assign s_axi_rdata   = rdata_q;

    assign reg0 = reg0_q;
    assign reg1 = reg1_q;
    assign reg2 = reg2_q;
    assign reg3 = reg3_q;

endmodule","module axi_lite_slave_generated (
    // Clock and Reset
    input  logic        aclk,
    input  logic        aresetn,

    // AXI4-Lite Write Address Channel
    input  logic [31:0] s_axi_awaddr,
    input  logic [2:0]  s_axi_awprot,
    input  logic        s_axi_awvalid,
    output logic        s_axi_awready,

    // AXI4-Lite Write Data Channel
    input  logic [31:0] s_axi_wdata,
    input  logic [3:0]  s_axi_wstrb,
    input  logic        s_axi_wvalid,
    output logic        s_axi_wready,

    // AXI4-Lite Write Response Channel
    output logic [1:0]  s_axi_bresp,
    output logic        s_axi_bvalid,
    input  logic        s_axi_bready,

    // AXI4-Lite Read Address Channel
    input  logic [31:0] s_axi_araddr,
    input  logic [2:0]  s_axi_arprot,
    input  logic        s_axi_arvalid,
    output logic        s_axi_arready,

    // AXI4-Lite Read Data Channel
    output logic [31:0] s_axi_rdata,
    output logic [1:0]  s_axi_rresp,
    output logic        s_axi_rvalid,
    input  logic        s_axi_rready,

    // User interface to registers
    output logic [31:0] reg0,  // Read/Write register
    output logic [31:0] reg1,  // Read/Write register
    output logic [31:0] reg2,  // Read/Write register
    output logic [31:0] reg3,  // Read/Write register
    input  logic [31:0] reg4   // Read-only register
);

    //=========================================================
    // Internal State Definitions
    //=========================================================
    typedef enum logic [1:0] {
        IDLE,
        WRITE_RESP,
        READ_DATA
    } state_t;

    state_t write_state, read_state;
    state_t write_state_next, read_state_next;

    //=========================================================
    // Register Storage
    //=========================================================
    logic [31:0] reg0_q, reg1_q, reg2_q, reg3_q;
    logic [31:0] reg0_next, reg1_next, reg2_next, reg3_next;

    //=========================================================
    // AXI Interface Registers
    //=========================================================
    logic        awready_q, awready_next;
    logic        wready_q, wready_next;
    logic        bvalid_q, bvalid_next;
    logic [1:0]  bresp_q, bresp_next;

    logic        arready_q, arready_next;
    logic        rvalid_q, rvalid_next;
    logic [1:0]  rresp_q, rresp_next;
    logic [31:0] rdata_q, rdata_next;

    // Address and data storage for transactions
    logic [31:0] awaddr_q, awaddr_next;
    logic [31:0] wdata_q, wdata_next;
    logic [3:0]  wstrb_q, wstrb_next;
    logic [31:0] araddr_q, araddr_next;

    //=========================================================
    // Combinational Logic: Write Channel FSM
    //=========================================================
    always_comb begin
        // Default assignments
        write_state_next = write_state;
        awready_next = 1'b0;
        wready_next  = 1'b0;
        bvalid_next  = bvalid_q;
        bresp_next   = bresp_q;
        awaddr_next  = awaddr_q;
        wdata_next   = wdata_q;
        wstrb_next   = wstrb_q;
        reg0_next = reg0_q;
        reg1_next = reg1_q;
        reg2_next = reg2_q;
        reg3_next = reg3_q;

        case (write_state)
            IDLE: begin
                awready_next = 1'b1;
                wready_next  = 1'b1;

                // Capture address and data when valid
                case ({s_axi_awvalid, s_axi_wvalid})
                    2'b11: begin
                        awaddr_next = s_axi_awaddr;
                        wdata_next  = s_axi_wdata;
                        wstrb_next  = s_axi_wstrb;
                        write_state_next = WRITE_RESP;
                    end
                    default: begin
                        write_state_next = IDLE;
                    end
                endcase
            end

            WRITE_RESP: begin
                bvalid_next = 1'b1;
                bresp_next  = 2'b00;  // OKAY response

                // Perform register write based on address
                case (awaddr_q[7:2])  // 4-byte aligned addresses
                    6'b000000: begin  // Address 0x00
                        reg0_next = wdata_q;
                    end
                    6'b000001: begin  // Address 0x04
                        reg1_next = wdata_q;
                    end
                    6'b000010: begin  // Address 0x08
                        reg2_next = wdata_q;
                    end
                    6'b000011: begin  // Address 0x0C
                        reg3_next = wdata_q;
                    end
                    default: begin
                        // Invalid address - no write
                        bresp_next = 2'b11;  // SLVERR
                    end
                endcase

                case ({bvalid_q, s_axi_bready})
                    2'b11: begin
                        bvalid_next = 1'b0;
                        write_state_next = IDLE;
                    end
                    default: begin
                        write_state_next = WRITE_RESP;
                    end
                endcase
            end
        endcase
    end

    //=========================================================
    // Combinational Logic: Read Channel FSM
    //=========================================================
    always_comb begin
        // Default assignments
        read_state_next = read_state;
        arready_next = 1'b0;
        rvalid_next  = rvalid_q;
        rresp_next   = rresp_q;
        rdata_next   = rdata_q;
        araddr_next  = araddr_q;

        case (read_state)
            IDLE: begin
                arready_next = 1'b1;

                case (s_axi_arvalid)
                    1'b1: begin
                        araddr_next = s_axi_araddr;
                        read_state_next = READ_DATA;
                    end
                    default: begin
                        read_state_next = IDLE;
                    end
                endcase
            end

            READ_DATA: begin
                rvalid_next = 1'b1;
                rresp_next  = 2'b00;  // OKAY response

                // Read data based on address
                case (araddr_q[7:2])  // 4-byte aligned addresses
                    6'b000000: begin  // Address 0x00
                        rdata_next = reg0_q;
                    end
                    6'b000001: begin  // Address 0x04
                        rdata_next = reg1_q;
                    end
                    6'b000010: begin  // Address 0x08
                        rdata_next = reg2_q;
                    end
                    6'b000011: begin  // Address 0x0C
                        rdata_next = reg3_q;
                    end
                    6'b000100: begin  // Address 0x10
                        rdata_next = reg4;  // Read-only register
                    end
                    default: begin
                        rdata_next = 32'hDEADBEEF;
                        rresp_next = 2'b11;  // SLVERR
                    end
                endcase

                case ({rvalid_q, s_axi_rready})
                    2'b11: begin
                        rvalid_next = 1'b0;
                        read_state_next = IDLE;
                    end
                    default: begin
                        read_state_next = READ_DATA;
                    end
                endcase
            end
        endcase
    end

    //=========================================================
    // Output Assignments
    //=========================================================
    assign s_axi_awready = awready_q;
    assign s_axi_wready  = wready_q;
    assign s_axi_bvalid  = bvalid_q;
    assign s_axi_bresp   = bresp_q;

    assign s_axi_arready = arready_q;
    assign s_axi_rvalid  = rvalid_q;
    assign s_axi_rresp   = rresp_q;
    assign s_axi_rdata   = rdata_q;

    assign reg0 = reg0_q;
    assign reg1 = reg1_q;
    assign reg2 = reg2_q;
    assign reg3 = reg3_q;

endmodule",INVALID_OUTPUT,67.2382562160492,2443,2342
"module baud_rate_gen_mealy (
    input logic clk,
    input logic rst_n,
    input logic [7:0] divisor,
    input logic [3:0] fraction,
    output logic baud_tick
);

typedef enum logic [1:0] {IDLE, COUNT, ADJUST} state_t;
state_t state, next_state;
logic [7:0] counter, next_counter;
logic [3:0] frac_acc, next_frac_acc;

// Sequential logic
always_ff @(posedge clk or negedge rst_n) begin
    case (rst_n)
        1'b0: begin
            state <= IDLE;
            counter <= 8'b0;
            frac_acc <= 4'b0;
        end
        1'b1: begin
            state <= next_state;
            counter <= next_counter;
            frac_acc <= next_frac_acc;
        end
    endcase
end

// Combinational logic
always_comb begin
    // Default assignments
    next_state = state;
    next_counter = counter;
    next_frac_acc = frac_acc;
    baud_tick = 1'b0;

    case (state)
        IDLE: begin
            case (divisor != 0)
                1'b1: next_state = COUNT;
            endcase
        end

        COUNT: begin
            case (counter == (divisor - 1))
                1'b1: begin
                    case ((frac_acc + fraction) >= 16)
                        1'b1: begin
                            next_state = ADJUST;
                            baud_tick = 1'b1;  // Mealy: tick with fraction adjust
                        end
                        1'b0: begin
                            next_state = IDLE;
                            baud_tick = 1'b1;  // Mealy: normal tick
                        end
                    endcase
                end
            endcase

            // Counter increment logic (combinational)
            case (state == COUNT)
                1'b1: begin
                    case (counter == (divisor - 1))
                        1'b1: next_counter = 8'b0;
                        1'b0: next_counter = counter + 1;
                    endcase
                end
            endcase
        end

        ADJUST: begin
            next_state = IDLE;
            baud_tick = 1'b1;  // Mealy: extra tick for fractional adjustment
            next_frac_acc = frac_acc + fraction - 16;  // Adjust accumulator
        end
    endcase
end

endmodule","module baud_rate_gen_mealy (
    input logic clk,
    input logic rst_n,
    input logic [7:0] divisor,
    input logic [3:0] fraction,
    output logic baud_tick
);

typedef enum logic [1:0] {IDLE, COUNT, ADJUST} state_t;
state_t state, next_state;
logic [7:0] counter, next_counter;
logic [3:0] frac_acc, next_frac_acc;

// Sequential logic
always_ff @(posedge clk or negedge rst_n) begin
    case (rst_n)
        1'b0: begin
            state <= IDLE;
            counter <= 8'b0;
            frac_acc <= 4'b0;
        end
        1'b1: begin
            state <= next_state;
            counter <= next_counter;
            frac_acc <= next_frac_acc;
        end
    endcase
end

// Combinational logic
always_comb begin
    // Default assignments
    next_state = state;
    next_counter = counter;
    next_frac_acc = frac_acc;
    baud_tick = 1'b0;

    case (state)
        IDLE: begin
            case (divisor != 0)
                1'b1: next_state = COUNT;
            endcase
        end

        COUNT: begin
            case (counter == (divisor - 1))
                1'b1: begin
                    case ((frac_acc + fraction) >= 16)
                        1'b1: begin
                            next_state = ADJUST;
                            baud_tick = 1'b1;  // Mealy: tick with fraction adjust
                        end
                        1'b0: begin
                            next_state = IDLE;
                            baud_tick = 1'b1;  // Mealy: normal tick
                        end
                    endcase
                end
            endcase

            // Counter increment logic (combinational)
            next_counter = counter + 1;
        end

        ADJUST: begin
            next_state = IDLE;
            baud_tick = 1'b1;  // Mealy: extra tick for fractional adjustment
            next_frac_acc = frac_acc + fraction - 16;  // Adjust accumulator
        end
    endcase
end

endmodule",INVALID_OUTPUT,13.223643779754639,679,551
"module seq_detector_101_mealy (
    input logic clk,
    input logic rst_n,
    input logic din,
    output logic detected
);

typedef enum logic [1:0] {S0, S1, S2} state_t;
state_t state, next_state;

// State register
always_ff @(posedge clk or negedge rst_n) begin
    case (rst_n)
        1'b0: state <= S0;
        1'b1: state <= next_state;
    endcase
end

// Next state and output logic
always_comb begin
    next_state = state;
    detected = 1'b0;

    case (state)
        S0: begin
            case (din)
                1'b1: next_state = S1;
                1'b0: next_state = S0;
            endcase
        end

        S1: begin
            case (din)
                1'b1: next_state = S1;
                1'b0: next_state = S2;
            endcase
        end

        S2: begin
            case (din)
                1'b1: begin
                    next_state = S1;
                    detected = 1'b1;  // Sequence 101 detected
                end
                1'b0: next_state = S0;
            endcase
        end
    endcase
end
endmodule","module seq_detector_101_mealy (
    input logic clk,
    input logic rst_n,
    input logic din,
    output logic detected
);

typedef enum logic [1:0] {S0, S1, S2} state_t;
state_t state, next_state;

// State register
always_ff @(posedge clk or negedge rst_n) begin
    case (rst_n)
        1'b0: state <= S0;
        1'b1: state <= next_state;
    endcase
end

// Next state and output logic
always_comb begin
    next_state = state;
    detected = 1'b0;

    case (state)
        S0: begin
            case (din)
                1'b1: next_state = S1;
                1'b0: next_state = S0;
            endcase
        end

        S1: begin
            case (din)
                1'b1: next_state = S1;
                1'b0: next_state = S2;
            endcase
        end

        S2: begin
            case (din)
                1'b1: begin
                    next_state = S1;
                    detected = 1'b1;  // Sequence 101 detected
                end
                1'b0: next_state = S0;
            endcase
        end
    endcase
end
endmodule",INVALID_OUTPUT,8.103320360183716,415,348
"module pattern_detector_1101 (
    input logic clk,
    input logic rst_n,
    input logic din,
    output logic match
);

typedef enum logic [2:0] {S0, S1, S11, S110} state_t;
state_t state, next_state;

// State register
always_ff @(posedge clk or negedge rst_n) begin
    case (rst_n)
        1'b0: state <= S0;
        1'b1: state <= next_state;
    endcase
end

// Next state and output logic
always_comb begin
    next_state = state;
    match = 1'b0;

    case (state)
        S0: begin
            case (din)
                1'b1: next_state = S1;
                1'b0: next_state = S0;
            endcase
        end

        S1: begin
            case (din)
                1'b1: next_state = S11;
                1'b0: next_state = S0;
            endcase
        end

        S11: begin
            case (din)
                1'b1: next_state = S11;  // Overlap case
                1'b0: next_state = S110;
            endcase
        end

        S110: begin
            case (din)
                1'b1: begin
                    next_state = S1;      // Last '1' can start new sequence
                    match = 1'b1;         // Pattern 1101 detected
                end
                1'b0: next_state = S0;
            endcase
        end
    endcase
end
endmodule","module pattern_detector_1101_copy (
    input logic clk,
    input logic rst_n,
    input logic din,
    output logic match
);

typedef enum logic [2:0] {S0, S1, S11, S110} state_t;
state_t state, next_state;

// State register
always_ff @(posedge clk or negedge rst_n) begin
    case (rst_n)
        1'b0: state <= S0;
        1'b1: state <= next_state;
    endcase
end

// Next state and output logic
always_comb begin
    next_state = state;
    match = 1'b0;

    case (state)
        S0: begin
            case (din)
                1'b1: next_state = S1;
                1'b0: next_state = S0;
            endcase
        end

        S1: begin
            case (din)
                1'b1: next_state = S11;
                1'b0: next_state = S0;
            endcase
        end

        S11: begin
            case (din)
                1'b1: next_state = S11;  // Overlap case
                1'b0: next_state = S110;
            endcase
        end

        S110: begin
            case (din)
                1'b1: begin
                    next_state = S1;      // Last '1' can start new sequence
                    match = 1'b1;         // Pattern 1101 detected
                end
                1'b0: next_state = S0;
            endcase
        end
    endcase
end
endmodule",INVALID_OUTPUT,9.987657308578491,489,424
"// OBI Protocol Controller - Case-Statements-Only Implementation
// Implements a simplified OBI master interface with request/response handling
// No if/else statements, no loops - only case statements and combinational/sequential blocks

module obi_protocol_controller (
    // Clock and reset
    input  logic clk,
    input  logic rst_n,

    // OBI Master Interface (to interconnect)
    output logic        obi_cmd_valid,
    input  logic        obi_cmd_ready,
    output logic [31:0] obi_cmd_addr,
    output logic [2:0]  obi_cmd_opc,    // 000: read, 001: write, 010: atomic
    output logic [31:0] obi_cmd_wdata,
    output logic [3:0]  obi_cmd_be,

    input  logic        obi_rsp_valid,
    output logic        obi_rsp_ready,
    input  logic [31:0] obi_rsp_rdata,
    input  logic [2:0]  obi_rsp_err,    // 000: ok, 001: decode error, 010: slave error

    // Local control interface
    input  logic        req_valid,
    output logic        req_ready,
    input  logic [31:0] req_addr,
    input  logic [2:0]  req_opc,
    input  logic [31:0] req_wdata,
    input  logic [3:0]  req_be,

    output logic        rsp_valid,
    input  logic        rsp_ready,
    output logic [31:0] rsp_rdata,
    output logic [2:0]  rsp_err,

    // Status outputs
    output logic [2:0]  state_out,
    output logic        pending_transaction
);

    // State encoding
    typedef enum logic [2:0] {
        IDLE         = 3'b000,
        WAIT_CMD_ACK = 3'b001,
        WAIT_RSP     = 3'b010,
        WAIT_RSP_ACK = 3'b011,
        ERROR_RECOV  = 3'b100
    } state_t;

    state_t current_state, next_state;

    // Transaction storage registers
    logic [31:0] stored_addr;
    logic [2:0]  stored_opc;
    logic [31:0] stored_wdata;
    logic [3:0]  stored_be;

    // Response storage
    logic [31:0] stored_rdata;
    logic [2:0]  stored_err;

    // Counter for error recovery (3-cycle timeout)
    logic [1:0] error_counter;

    // -----------------------------------------------------------------
    // BLOCK 1: Sequential State Register (Clock/Reset)
    // -----------------------------------------------------------------
    always_ff @(posedge clk or negedge rst_n) begin
        case (rst_n)
            1'b0: begin
                current_state <= IDLE;
                error_counter <= 2'b00;
            end
            1'b1: begin
                current_state <= next_state;
                case (current_state)
                    ERROR_RECOV: begin
                        // Increment counter during error recovery
                        case (error_counter)
                            2'b11: error_counter <= 2'b11;
                            default: error_counter <= error_counter + 2'b01;
                        endcase
                    end
                    default: begin
                        error_counter <= 2'b00;
                    end
                endcase
            end
        endcase
    end

    // -----------------------------------------------------------------
    // BLOCK 2: Next State Logic (Combinational)
    // -----------------------------------------------------------------
    always_comb begin
        next_state = current_state;

        case (current_state)
            IDLE: begin
                case (req_valid)
                    1'b1: next_state = WAIT_CMD_ACK;
                    1'b0: next_state = IDLE;
                endcase
            end

            WAIT_CMD_ACK: begin
                case (obi_cmd_ready)
                    1'b1: begin
                        case (obi_cmd_opc)
                            3'b010: begin  // Atomic operation requires response
                                next_state = WAIT_RSP;
                            end
                            default: begin  // Read/Write operations
                                case (obi_cmd_opc)
                                    3'b000: next_state = WAIT_RSP;  // Read needs response
                                    3'b001: next_state = WAIT_RSP_ACK; // Write needs response
                                    default: next_state = WAIT_RSP;
                                endcase
                            end
                        endcase
                    end
                    1'b0: next_state = WAIT_CMD_ACK;
                endcase
            end

            WAIT_RSP: begin
                case (obi_rsp_valid)
                    1'b1: begin
                        case (rsp_ready)
                            1'b1: next_state = IDLE;
                            1'b0: next_state = WAIT_RSP_ACK;
                        endcase
                    end
                    1'b0: next_state = WAIT_RSP;
                endcase
            end

            WAIT_RSP_ACK: begin
                case (rsp_ready)
                    1'b1: begin
                        case (obi_rsp_err)
                            3'b000: next_state = IDLE;
                            default: next_state = ERROR_RECOV;
                        endcase
                    end
                    1'b0: next_state = WAIT_RSP_ACK;
                endcase
            end

            ERROR_RECOV: begin
                case (error_counter)
                    2'b11: next_state = IDLE;
                    default: next_state = ERROR_RECOV;
                endcase
            end

            default: next_state = IDLE;
        endcase
    end

    // -----------------------------------------------------------------
    // BLOCK 3: Transaction Capture & OBI Command Generation (Combinational)
    // -----------------------------------------------------------------
    always_comb begin
        // Default assignments
        obi_cmd_valid = 1'b0;
        obi_cmd_addr = 32'b0;
        obi_cmd_opc = 3'b000;
        obi_cmd_wdata = 32'b0;
        obi_cmd_be = 4'b0000;
        req_ready = 1'b0;

        case (current_state)
            IDLE: begin
                case (req_valid)
                    1'b1: begin
                        req_ready = 1'b1;
                        obi_cmd_valid = 1'b1;
                        obi_cmd_addr = req_addr;
                        obi_cmd_opc = req_opc;
                        obi_cmd_wdata = req_wdata;
                        obi_cmd_be = req_be;
                    end
                    default: begin
                        req_ready = 1'b0;
                    end
                endcase
            end

            WAIT_CMD_ACK: begin
                // Keep driving same command until accepted
                obi_cmd_valid = 1'b1;
                obi_cmd_addr = stored_addr;
                obi_cmd_opc = stored_opc;
                obi_cmd_wdata = stored_wdata;
                obi_cmd_be = stored_be;
                req_ready = 1'b0;
            end

            default: begin
                obi_cmd_valid = 1'b0;
                req_ready = 1'b0;
            end
        endcase
    end

    // -----------------------------------------------------------------
    // BLOCK 4: Transaction Storage Registers (Sequential)
    // -----------------------------------------------------------------
    always_ff @(posedge clk or negedge rst_n) begin
        case (rst_n)
            1'b0: begin
                stored_addr <= 32'b0;
                stored_opc <= 3'b000;
                stored_wdata <= 32'b0;
                stored_be <= 4'b0000;
            end
            1'b1: begin
                case (current_state)
                    IDLE: begin
                        case (req_valid & req_ready)
                            1'b1: begin
                                stored_addr <= req_addr;
                                stored_opc <= req_opc;
                                stored_wdata <= req_wdata;
                                stored_be <= req_be;
                            end
                            default: begin
                                stored_addr <= stored_addr;
                                stored_opc <= stored_opc;
                                stored_wdata <= stored_wdata;
                                stored_be <= stored_be;
                            end
                        endcase
                    end
                    default: begin
                        stored_addr <= stored_addr;
                        stored_opc <= stored_opc;
                        stored_wdata <= stored_wdata;
                        stored_be <= stored_be;
                    end
                endcase
            end
        endcase
    end

    // -----------------------------------------------------------------
    // BLOCK 5: Response Capture & OBI Response Handshake (Combinational)
    // -----------------------------------------------------------------
    always_comb begin
        // Default assignments
        obi_rsp_ready = 1'b0;
        rsp_valid = 1'b0;
        rsp_rdata = 32'b0;
        rsp_err = 3'b000;

        case (current_state)
            WAIT_RSP: begin
                case (obi_rsp_valid)
                    1'b1: begin
                        obi_rsp_ready = 1'b1;
                        rsp_valid = 1'b1;
                        rsp_rdata = obi_rsp_rdata;
                        rsp_err = obi_rsp_err;
                    end
                    default: begin
                        obi_rsp_ready = 1'b0;
                        rsp_valid = 1'b0;
                    end
                endcase
            end

            WAIT_RSP_ACK: begin
                // Keep response valid until consumed
                obi_rsp_ready = 1'b0;
                rsp_valid = 1'b1;
                rsp_rdata = stored_rdata;
                rsp_err = stored_err;
            end

            default: begin
                obi_rsp_ready = 1'b0;
                rsp_valid = 1'b0;
            end
        endcase
    end

    // -----------------------------------------------------------------
    // BLOCK 6: Response Storage Registers (Sequential)
    // -----------------------------------------------------------------
    always_ff @(posedge clk or negedge rst_n) begin
        case (rst_n)
            1'b0: begin
                stored_rdata <= 32'b0;
                stored_err <= 3'b000;
            end
            1'b1: begin
                case (current_state)
                    WAIT_RSP: begin
                        case (obi_rsp_valid)
                            1'b1: begin
                                stored_rdata <= obi_rsp_rdata;
                                stored_err <= obi_rsp_err;
                            end
                            default: begin
                                stored_rdata <= stored_rdata;
                                stored_err <= stored_err;
                            end
                        endcase
                    end
                    default: begin
                        stored_rdata <= stored_rdata;
                        stored_err <= stored_err;
                    end
                endcase
            end
        endcase
    end

    // -----------------------------------------------------------------
    // BLOCK 7: Status Outputs (Combinational)
    // -----------------------------------------------------------------
    always_comb begin
        state_out = current_state;

        case (current_state)
            IDLE: begin
                pending_transaction = 1'b0;
            end
            default: begin
                pending_transaction = 1'b1;
            end
        endcase
    end

endmodule","module obi_protocol_controller_copy (
    // Clock and reset
    input  logic clk,
    input  logic rst_n,

    // OBI Master Interface (to interconnect)
    output logic        obi_cmd_valid,
    input  logic        obi_cmd_ready,
    output logic [31:0] obi_cmd_addr,
    output logic [2:0]  obi_cmd_opc,    // 000: read, 001: write, 010: atomic
    output logic [31:0] obi_cmd_wdata,
    output logic [3:0]  obi_cmd_be,

    input  logic        obi_rsp_valid,
    output logic        obi_rsp_ready,
    input  logic [31:0] obi_rsp_rdata,
    input  logic [2:0]  obi_rsp_err,    // 000: ok, 001: decode error, 010: slave error

    // Local control interface
    input  logic        req_valid,
    output logic        req_ready,
    input  logic [31:0] req_addr,
    input  logic [2:0]  req_opc,
    input  logic [31:0] req_wdata,
    input  logic [3:0]  req_be,

    output logic        rsp_valid,
    input  logic        rsp_ready,
    output logic [31:0] rsp_rdata,
    output logic [2:0]  rsp_err,

    // Status outputs
    output logic [2:0]  state_out,
    output logic        pending_transaction
);

    // State encoding
    typedef enum logic [2:0] {
        IDLE         = 3'b000,
        WAIT_CMD_ACK = 3'b001,
        WAIT_RSP     = 3'b010,
        WAIT_RSP_ACK = 3'b011,
        ERROR_RECOV  = 3'b100
    } state_t;

    state_t current_state, next_state;

    // Transaction storage registers
    logic [31:0] stored_addr;
    logic [2:0]  stored_opc;
    logic [31:0] stored_wdata;
    logic [3:0]  stored_be;

    // Response storage
    logic [31:0] stored_rdata;
    logic [2:0]  stored_err;

    // Counter for error recovery (3-cycle timeout)
    logic [1:0] error_counter;

    // -----------------------------------------------------------------
    // BLOCK 1: Sequential State Register (Clock/Reset)
    // -----------------------------------------------------------------
    always_ff @(posedge clk or negedge rst_n) begin
        case (rst_n)
            1'b0: begin
                current_state <= IDLE;
                error_counter <= 2'b00;
            end
            1'b1: begin
                current_state <= next_state;
                case (current_state)
                    ERROR_RECOV: begin
                        // Increment counter during error recovery
                        case (error_counter)
                            2'b11: error_counter <= 2'b11;
                            default: error_counter <= error_counter + 2'b01;
                        endcase
                    end
                    default: begin
                        error_counter <= 2'b00;
                    end
                endcase
            end
        endcase
    end

    // -----------------------------------------------------------------
    // BLOCK 2: Next State Logic (Combinational)
    // -----------------------------------------------------------------
    always_comb begin
        next_state = current_state;

        case (current_state)
            IDLE: begin
                case (req_valid)
                    1'b1: next_state = WAIT_CMD_ACK;
                    1'b0: next_state = IDLE;
                endcase
            end

            WAIT_CMD_ACK: begin
                case (obi_cmd_ready)
                    1'b1: begin
                        case (obi_cmd_opc)
                            3'b010: begin  // Atomic operation requires response
                                next_state = WAIT_RSP;
                            end
                            default: begin  // Read/Write operations
                                case (obi_cmd_opc)
                                    3'b000: next_state = WAIT_RSP;  // Read needs response
                                    3'b001: next_state = WAIT_RSP_ACK; // Write needs response
                                    default: next_state = WAIT_RSP;
                                endcase
                            end
                        endcase
                    end
                    1'b0: next_state = WAIT_CMD_ACK;
                endcase
            end

            WAIT_RSP: begin
                case (obi_rsp_valid)
                    1'b1: begin
                        case (rsp_ready)
                            1'b1: next_state = IDLE;
                            1'b0: next_state = WAIT_RSP_ACK;
                        endcase
                    end
                    1'b0: next_state = WAIT_RSP;
                endcase
            end

            WAIT_RSP_ACK: begin
                case (rsp_ready)
                    1'b1: begin
                        case (obi_rsp_err)
                            3'b000: next_state = IDLE;
                            default: next_state = ERROR_RECOV;
                        endcase
                    end
                    1'b0: next_state = WAIT_RSP_ACK;
                endcase
            end

            ERROR_RECOV: begin
                case (error_counter)
                    2'b11: next_state = IDLE;
                    default: next_state = ERROR_RECOV;
                endcase
            end

            default: next_state = IDLE;
        endcase
    end

    // -----------------------------------------------------------------
    // BLOCK 3: Transaction Capture & OBI Command Generation (Combinational)
    // -----------------------------------------------------------------
    always_comb begin
        // Default assignments
        obi_cmd_valid = 1'b0;
        obi_cmd_addr = 32'b0;
        obi_cmd_opc = 3'b000;
        obi_cmd_wdata = 32'b0;
        obi_cmd_be = 4'b0000;
        req_ready = 1'b0;

        case (current_state)
            IDLE: begin
                case (req_valid)
                    1'b1: begin
                        req_ready = 1'b1;
                        obi_cmd_valid = 1'b1;
                        obi_cmd_addr = req_addr;
                        obi_cmd_opc = req_opc;
                        obi_cmd_wdata = req_wdata;
                        obi_cmd_be = req_be;
                    end
                    default: begin
                        req_ready = 1'b0;
                    end
                endcase
            end

            WAIT_CMD_ACK: begin
                // Keep driving same command until accepted
                obi_cmd_valid = 1'b1;
                obi_cmd_addr = stored_addr;
                obi_cmd_opc = stored_opc;
                obi_cmd_wdata = stored_wdata;
                obi_cmd_be = stored_be;
                req_ready = 1'b0;
            end

            default: begin
                obi_cmd_valid = 1'b0;
                req_ready = 1'b0;
            end
        endcase
    end

    // -----------------------------------------------------------------
    // BLOCK 4: Transaction Storage Registers (Sequential)
    // -----------------------------------------------------------------
    always_ff @(posedge clk or negedge rst_n) begin
        case (rst_n)
            1'b0: begin
                stored_addr <= 32'b0;
                stored_opc <= 3'b000;
                stored_wdata <= 32'b0;
                stored_be <= 4'b0000;
            end
            1'b1: begin
                case (current_state)
                    IDLE: begin
                        case (req_valid & req_ready)
                            1'b1: begin
                                stored_addr <= req_addr;
                                stored_opc <= req_opc;
                                stored_wdata <= req_wdata;
                                stored_be <= req_be;
                            end
                            default: begin
                                stored_addr <= stored_addr;
                                stored_opc <= stored_opc;
                                stored_wdata <= stored_wdata;
                                stored_be <= stored_be;
                            end
                        endcase
                    end
                    default: begin
                        stored_addr <= stored_addr;
                        stored_opc <= stored_opc;
                        stored_wdata <= stored_wdata;
                        stored_be <= stored_be;
                    end
                endcase
            end
        endcase
    end

    // -----------------------------------------------------------------
    // BLOCK 5: Response Capture & OBI Response Handshake (Combinational)
    // -----------------------------------------------------------------
    always_comb begin
        // Default assignments
        obi_rsp_ready = 1'b0;
        rsp_valid = 1'b0;
        rsp_rdata = 32'b0;
        rsp_err = 3'b000;

        case (current_state)
            WAIT_RSP: begin
                case (obi_rsp_valid)
                    1'b1: begin
                        obi_rsp_ready = 1'b1;
                        rsp_valid = 1'b1;
                        rsp_rdata = obi_rsp_rdata;
                        rsp_err = obi_rsp_err;
                    end
                    default: begin
                        obi_rsp_ready = 1'b0;
                        rsp_valid = 1'b0;
                    end
                endcase
            end

            WAIT_RSP_ACK: begin
                // Keep response valid until consumed
                obi_rsp_ready = 1'b0;
                rsp_valid = 1'b1;
                rsp_rdata = stored_rdata;
                rsp_err = stored_err;
            end

            default: begin
                obi_rsp_ready = 1'b0;
                rsp_valid = 1'b0;
            end
        endcase
    end

    // -----------------------------------------------------------------
    // BLOCK 6: Response Storage Registers (Sequential)
    // -----------------------------------------------------------------
    always_ff @(posedge clk or negedge rst_n) begin
        case (rst_n)
            1'b0: begin
                stored_rdata <= 32'b0;
                stored_err <= 3'b000;
            end
            1'b1: begin
                case (current_state)
                    WAIT_RSP: begin
                        case (obi_rsp_valid)
                            1'b1: begin
                                stored_rdata <= obi_rsp_rdata;
                                stored_err <= obi_rsp_err;
                            end
                            default: begin
                                stored_rdata <= stored_rdata;
                                stored_err <= stored_err;
                            end
                        endcase
                    end
                    default: begin
                        stored_rdata <= stored_rdata;
                        stored_err <= stored_err;
                    end
                endcase
            end
        endcase
    end

    // -----------------------------------------------------------------
    // BLOCK 7: Status Outputs (Combinational)
    // -----------------------------------------------------------------
    always_comb begin
        state_out = current_state;

        case (current_state)
            IDLE: begin
                pending_transaction = 1'b0;
            end
            default: begin
                pending_transaction = 1'b1;
            end
        endcase
    end

endmodule",INVALID_OUTPUT,83.27046775817871,2894,2782
"module pwm_generator_mealy (
    input logic clk,
    input logic rst_n,
    input logic [7:0] period,
    input logic [7:0] duty_cycle,
    input logic update_duty,
    output logic pwm_out
);

typedef enum logic [1:0] {HIGH, LOW, UPDATE} state_t;
state_t state, next_state;
logic [7:0] counter, next_counter;
logic [7:0] current_duty, next_current_duty;

// Sequential logic
always_ff @(posedge clk or negedge rst_n) begin
    case (rst_n)
        1'b0: begin
            state <= LOW;
            counter <= 8'b0;
            current_duty <= 8'b0;
        end
        1'b1: begin
            state <= next_state;
            counter <= next_counter;
            current_duty <= next_current_duty;
        end
    endcase
end

// Combinational logic
always_comb begin
    // Default assignments
    next_state = state;
    next_counter = counter;
    next_current_duty = current_duty;
    pwm_out = 1'b0;

    // Counter increment (always increments unless reset)
    next_counter = counter + 1;

    // Duty cycle update
    case (update_duty)
        1'b1: next_current_duty = duty_cycle;
        default: next_current_duty = current_duty;
    endcase

    case (state)
        HIGH: begin
            pwm_out = 1'b1;

            // Check for end of high period
            case (counter == (current_duty - 1))
                1'b1: begin
                    next_state = LOW;
                    pwm_out = 1'b0;  // Mealy: immediate transition
                end
            endcase

            // Mealy: immediate duty cycle update during HIGH state
            case (update_duty && (counter < duty_cycle))
                1'b1: pwm_out = 1'b1;
            endcase
        end

        LOW: begin
            pwm_out = 1'b0;

            // Check for end of low period
            case (counter == (period - 1))
                1'b1: begin
                    next_state = HIGH;
                    next_counter = 8'b0;
                    pwm_out = 1'b1;  // Mealy: immediate transition
                end
            endcase

            // Mealy: update request during LOW state
            case (update_duty && (duty_cycle > 0))
                1'b1: next_state = UPDATE;
            endcase
        end

        UPDATE: begin
            pwm_out = 1'b1;  // Mealy: immediate response to new duty cycle
            next_state = HIGH;
            next_counter = 8'b0;
        end
    endcase
end

endmodule","module pwm_generator_mealy (
    input logic clk,
    input logic rst_n,
    input logic [7:0] period,
    input logic [7:0] duty_cycle,
    input logic update_duty,
    output logic pwm_out
);

typedef enum logic [1:0] {HIGH, LOW, UPDATE} state_t;
state_t state, next_state;
logic [7:0] counter, next_counter;
logic [7:0] current_duty, next_current_duty;

// Sequential logic
always_ff @(posedge clk or negedge rst_n) begin
    case (rst_n)
        1'b0: begin
            state <= LOW;
            counter <= 8'b0;
            current_duty <= 8'b0;
        end
        1'b1: begin
            state <= next_state;
            counter <= next_counter;
            current_duty <= next_current_duty;
        end
    endcase
end

// Combinational logic
always_comb begin
    // Default assignments
    next_state = state;
    next_counter = counter;
    next_current_duty = current_duty;
    pwm_out = 1'b0;

    // Counter increment (always increments unless reset)
    next_counter = counter + 1;

    // Duty cycle update
    case (update_duty)
        1'b1: next_current_duty = duty_cycle;
        default: next_current_duty = current_duty;
    endcase

    case (state)
        HIGH: begin
            pwm_out = 1'b1;

            // Check for end of high period
            case (counter == (next_current_duty - 1))
                1'b1: begin
                    next_state = LOW;
                    pwm_out = 1'b0;  // Mealy: immediate transition
                end
            endcase

            // Mealy: immediate duty cycle update during HIGH state
            case (update_duty && (counter < next_current_duty))
                1'b1: pwm_out = 1'b1;
            endcase
        end

        LOW: begin
            pwm_out = 1'b0;

            // Check for end of low period
            case (counter == (period - 1))
                1'b1: begin
                    next_state = HIGH;
                    next_counter = 8'b0;
                    pwm_out = 1'b1;  // Mealy: immediate transition
                end
            endcase

            // Mealy: update request during LOW state
            case (update_duty && (duty_cycle > 0))
                1'b1: next_state = UPDATE;
            endcase
        end

        UPDATE: begin
            pwm_out = 1'b1;  // Mealy: immediate response to new duty cycle
            next_state = HIGH;
            next_counter = 8'b0;
        end
    endcase
end

endmodule",INVALID_OUTPUT,17.229277849197388,774,711
"// Mealy FSM: Weapons System Controller
// Tracks: Safe Mode -> Armed -> Fire
// Outputs depend on both state and input (Mealy)
// All conditional logic implemented with case statements only
module weapons_system (
    input  logic clk,
    input  logic rst_n,
    input  logic arm_switch,    // 1: arm command
    input  logic trigger,       // 1: fire command
    input  logic safety_bypass, // 1: override safety
    output logic fire_enable,   // 1: weapon can fire
    output logic armed_led,     // 1: armed indicator
    output logic fault          // 1: illegal condition
);

    // State encoding
    typedef enum logic [1:0] {
        SAFE   = 2'b00,
        ARMED  = 2'b01,
        FAULT  = 2'b10
    } state_t;

    state_t curr_state, next_state;

    // --------------------------------------------------
    // Sequential block: State register (synchronous)
    // --------------------------------------------------
    always_ff @(posedge clk or negedge rst_n) begin
        case (rst_n)
            1'b0: curr_state <= SAFE;
            1'b1: curr_state <= next_state;
        endcase
    end

    // --------------------------------------------------
    // Combinational block 1: Next state logic
    // All conditional logic via case statements
    // --------------------------------------------------
    always_comb begin
        next_state = curr_state;  // default: stay

        case (curr_state)
            SAFE: begin
                case ({arm_switch, safety_bypass})
                    2'b10: next_state = ARMED;   // arm without bypass
                    2'b11: next_state = FAULT;   // arm with bypass = unsafe
                    default: next_state = SAFE;
                endcase
            end
            ARMED: begin
                case ({trigger, arm_switch})
                    2'b10: next_state = SAFE;    // trigger fired
                    2'b00: next_state = SAFE;    // arm_switch turned off
                    default: next_state = ARMED;
                endcase
            end
            FAULT: begin
                next_state = FAULT;   // latch fault until reset
            end
        endcase
    end

    // --------------------------------------------------
    // Combinational block 2: Mealy + Moore outputs
    // All conditional logic via case statements
    // --------------------------------------------------
    always_comb begin
        // Defaults
        fire_enable = 1'b0;
        armed_led   = 1'b0;
        fault       = 1'b0;

        case (curr_state)
            SAFE: begin
                armed_led = 1'b0;
                // Mealy: trigger with safety_bypass causes fault
                case ({trigger, safety_bypass})
                    2'b11: fault = 1'b1;
                    default: fault = 1'b0;
                endcase
                // No fire in SAFE state
                fire_enable = 1'b0;
            end

            ARMED: begin
                armed_led = 1'b1;
                // Mealy: fire_enable active when trigger pressed
                case (trigger)
                    1'b1: fire_enable = 1'b1;
                    default: fire_enable = 1'b0;
                endcase
                // Armed LED turns off if arm_switch deasserted
                case (arm_switch)
                    1'b0: armed_led = 1'b0;
                    default: armed_led = 1'b1;
                endcase
            end

            FAULT: begin
                fault = 1'b1;
                armed_led = 1'b0;
                fire_enable = 1'b0;
            end
        endcase
    end

endmodule","module weapons_system_generated (
    input  logic clk,
    input  logic rst_n,
    input  logic arm_switch,    // 1: arm command
    input  logic trigger,       // 1: fire command
    input  logic safety_bypass, // 1: override safety
    output logic fire_enable,   // 1: weapon can fire
    output logic armed_led,     // 1: armed indicator
    output logic fault          // 1: illegal condition
);

    // State encoding
    typedef enum logic [1:0] {
        SAFE   = 2'b00,
        ARMED  = 2'b01,
        FAULT  = 2'b10
    } state_t;

    state_t curr_state, next_state;

    // --------------------------------------------------
    // Sequential block: State register (synchronous)
    // --------------------------------------------------
    always_ff @(posedge clk or negedge rst_n) begin
        case (rst_n)
            1'b0: curr_state <= SAFE;
            1'b1: curr_state <= next_state;
        endcase
    end

    // --------------------------------------------------
    // Combinational block 1: Next state logic
    // All conditional logic via case statements
    // --------------------------------------------------
    always_comb begin
        next_state = curr_state;  // default: stay

        case (curr_state)
            SAFE: begin
                case ({arm_switch, safety_bypass})
                    2'b10: next_state = ARMED;   // arm without bypass
                    2'b11: next_state = FAULT;   // arm with bypass = unsafe
                    default: next_state = SAFE;
                endcase
            end
            ARMED: begin
                case ({trigger, arm_switch})
                    2'b10: next_state = SAFE;    // trigger fired
                    2'b00: next_state = SAFE;    // arm_switch turned off
                    default: next_state = ARMED;
                endcase
            end
            FAULT: begin
                next_state = FAULT;   // latch fault until reset
            end
        endcase
    end

    // --------------------------------------------------
    // Combinational block 2: Mealy + Moore outputs
    // All conditional logic via case statements
    // --------------------------------------------------
    always_comb begin
        // Defaults
        fire_enable = 1'b0;
        armed_led   = 1'b0;
        fault       = 1'b0;

        case (curr_state)
            SAFE: begin
                armed_led = 1'b0;
                // Mealy: trigger with safety_bypass causes fault
                case ({trigger, safety_bypass})
                    2'b11: fault = 1'b1;
                    default: fault = 1'b0;
                endcase
                // No fire in SAFE state
                fire_enable = 1'b0;
            end

            ARMED: begin
                armed_led = 1'b1;
                // Mealy: fire_enable active when trigger pressed
                case (trigger)
                    1'b1: fire_enable = 1'b1;
                    default: fire_enable = 1'b0;
                endcase
                // Armed LED turns off if arm_switch deasserted
                case (arm_switch)
                    1'b0: armed_led = 1'b0;
                    default: armed_led = 1'b1;
                endcase
            end

            FAULT: begin
                fault = 1'b1;
                armed_led = 1'b0;
                fire_enable = 1'b0;
            end
        endcase
    end

endmodule",INVALID_OUTPUT,22.30138874053955,1004,897
"module seq_detector_1001_nonoverlap (
    input logic clk,
    input logic rst_n,
    input logic din,
    output logic detected
);

typedef enum logic [2:0] {S0, S1, S10, S100} state_t;
state_t state, next_state;

// State register
always_ff @(posedge clk or negedge rst_n) begin
    case (rst_n)
        1'b0: state <= S0;
        1'b1: state <= next_state;
    endcase
end

// Next state and output logic
always_comb begin
    next_state = state;
    detected = 1'b0;

    case (state)
        S0: begin
            case (din)
                1'b1: next_state = S1;
                1'b0: next_state = S0;
            endcase
        end

        S1: begin
            case (din)
                1'b1: next_state = S1;
                1'b0: next_state = S10;
            endcase
        end

        S10: begin
            case (din)
                1'b1: next_state = S1;
                1'b0: next_state = S100;
            endcase
        end

        S100: begin
            case (din)
                1'b1: begin
                    next_state = S1;   // Start new sequence from last '1'
                    detected = 1'b1;   // Pattern ""1001"" detected
                end
                1'b0: next_state = S0; // Reset if next bit is 0
            endcase
        end
    endcase
end
endmodule","module seq_detector_1001_nonoverlap (
    input logic clk,
    input logic rst_n,
    input logic din,
    output logic detected
);

typedef enum logic [2:0] {S0, S1, S10, S100} state_t;
state_t state, next_state;

// State register
always_ff @(posedge clk or negedge rst_n) begin
    case (rst_n)
        1'b0: state <= S0;
        1'b1: state <= next_state;
    endcase
end

// Next state and output logic
always_comb begin
    next_state = state;
    detected = 1'b0;

    case (state)
        S0: begin
            case (din)
                1'b1: next_state = S1;
                1'b0: next_state = S0;
            endcase
        end

        S1: begin
            case (din)
                1'b1: next_state = S1;
                1'b0: next_state = S10;
            endcase
        end

        S10: begin
            case (din)
                1'b1: next_state = S1;
                1'b0: next_state = S100;
            endcase
        end

        S100: begin
            case (din)
                1'b1: begin
                    next_state = S1;   // Start new sequence from last '1'
                    detected = 1'b1;   // Pattern ""1001"" detected
                end
                1'b0: next_state = S0; // Reset if next bit is 0
            endcase
        end
    endcase
end
endmodule",INVALID_OUTPUT,10.082319736480713,495,428
"module uart_sampler_mealy (
    input logic clk,
    input logic rst_n,
    input logic rx_line,
    input logic sample_enable,
    output logic bit_value,
    output logic bit_ready
);

typedef enum logic [2:0] {IDLE, START, MIDDLE, SAMPLE} state_t;
state_t state, next_state;
logic [2:0] oversample_count, next_oversample_count;

// Sequential logic
always_ff @(posedge clk or negedge rst_n) begin
    case (rst_n)
        1'b0: begin
            state <= IDLE;
            oversample_count <= 3'b0;
        end
        1'b1: begin
            state <= next_state;
            oversample_count <= next_oversample_count;
        end
    endcase
end

// Combinational logic
always_comb begin
    // Default assignments
    next_state = state;
    next_oversample_count = oversample_count;
    bit_value = 1'b0;
    bit_ready = 1'b0;

    // Counter increment logic
    case (sample_enable)
        1'b1: next_oversample_count = oversample_count + 1;
        default: next_oversample_count = oversample_count;
    endcase

    case (state)
        IDLE: begin
            case (!rx_line && sample_enable)  // Start bit detected
                1'b1: next_state = START;
            endcase
        end

        START: begin
            case (sample_enable)
                1'b1: begin
                    case (oversample_count == 3'b100)  // Middle of start bit
                        1'b1: next_state = MIDDLE;
                    endcase
                end
            endcase
        end

        MIDDLE: begin
            case (sample_enable)
                1'b1: begin
                    case (oversample_count == 3'b111)  // Sample point
                        1'b1: begin
                            next_state = SAMPLE;
                            bit_value = rx_line;  // Mealy: sample the bit
                            bit_ready = 1'b1;     // Mealy: bit ready immediately
                        end
                    endcase
                end
            endcase
        end

        SAMPLE: begin
            case (sample_enable)
                1'b1: begin
                    case (oversample_count == 3'b111)
                        1'b1: next_state = IDLE;
                        1'b0: next_state = MIDDLE;
                    endcase
                end
            endcase
        end
    endcase
end

endmodule","module uart_sampler_mealy (
    input logic clk,
    input logic rst_n,
    input logic rx_line,
    input logic sample_enable,
    output logic bit_value,
    output logic bit_ready
);

typedef enum logic [2:0] {IDLE, START, MIDDLE, SAMPLE} state_t;
state_t state, next_state;
logic [2:0] oversample_count, next_oversample_count;

// Sequential logic
always_ff @(posedge clk or negedge rst_n) begin
    case (rst_n)
        1'b0: begin
            state <= IDLE;
            oversample_count <= 3'b0;
        end
        1'b1: begin
            state <= next_state;
            oversample_count <= next_oversample_count;
        end
    endcase
end

// Combinational logic
always_comb begin
    // Default assignments
    next_state = state;
    next_oversample_count = oversample_count;
    bit_value = 1'b0;
    bit_ready = 1'b0;

    // Counter increment logic
    case (sample_enable)
        1'b1: next_oversample_count = oversample_count + 1;
        default: next_oversample_count = oversample_count;
    endcase

    case (state)
        IDLE: begin
            case (!rx_line && sample_enable)  // Start bit detected
                1'b1: next_state = START;
            endcase
        end

        START: begin
            case (sample_enable)
                1'b1: begin
                    case (oversample_count == 3'b100)  // Middle of start bit
                        1'b1: next_state = MIDDLE;
                    endcase
                end
            endcase
        end

        MIDDLE: begin
            case (sample_enable)
                1'b1: begin
                    case (oversample_count == 3'b111)  // Sample point
                        1'b1: begin
                            next_state = SAMPLE;
                            bit_value = rx_line;  // Mealy: sample the bit
                            bit_ready = 1'b1;     // Mealy: bit ready immediately
                        end
                    endcase
                end
            endcase
        end

        SAMPLE: begin
            case (sample_enable)
                1'b1: begin
                    case (oversample_count == 3'b111)
                        1'b1: next_state = IDLE;
                        1'b0: next_state = MIDDLE;
                    endcase
                end
            endcase
        end
    endcase
end

endmodule",INVALID_OUTPUT,15.566733360290527,713,646
"//=============================================================================
// Defense Protocol Stream Cipher Core
// - Uses ONLY case statements (no if/else, no loops)
// - 4 procedural blocks: 2 combinational, 2 sequential
// - Implements a key stream generator with mode control and integrity check
//=============================================================================

module stream_cipher_core (
    input  logic        clk,
    input  logic        rst_n,

    // Control interface
    input  logic [1:0]  mode,          // 00: IDLE, 01: INIT, 10: ENCRYPT, 11: AUTH
    input  logic        start,

    // Data interface
    input  logic [7:0]  key_in,        // Key byte input
    input  logic [7:0]  data_in,       // Plaintext/Ciphertext byte
    output logic [7:0]  data_out,      // Ciphertext/Plaintext byte
    output logic [15:0] auth_tag,      // Authentication tag output
    output logic        ready,
    output logic        valid
);

    //-------------------------------------------------------------------------
    // Internal state variables
    //-------------------------------------------------------------------------
    logic [1:0]  state, next_state;
    logic [7:0]  lfsr [0:3];          // 4-byte LFSR array (32-bit Galois LFSR)
    logic [7:0]  sbox [0:255];        // S-Box for substitution layer
    logic [15:0] accum;               // Authentication accumulator
    logic [3:0]  byte_cnt;            // Byte counter for key setup
    logic [7:0]  key_stream;

    //-------------------------------------------------------------------------
    // Block 1: Combinational - Next state logic (pure case)
    //-------------------------------------------------------------------------
    always_comb begin
        next_state = state;
        case (state)
            2'b00: begin  // IDLE
                case (start)
                    1'b1: next_state = mode;  // Jump directly to requested mode
                    default: next_state = 2'b00;
                endcase
            end

            2'b01: begin  // INIT (key setup)
                case (byte_cnt)
                    4'b1111: next_state = 2'b00;  // 16 bytes loaded, return to IDLE
                    default:  next_state = 2'b01;
                endcase
            end

            2'b10: begin  // ENCRYPT mode
                case (start)
                    1'b0: next_state = 2'b00;     // Operation complete
                    default: next_state = 2'b10;
                endcase
            end

            2'b11: begin  // AUTH mode (authentication only)
                case (start)
                    1'b0: next_state = 2'b00;
                    default: next_state = 2'b11;
                endcase
            end

            default: next_state = 2'b00;
        endcase
    end

    //-------------------------------------------------------------------------
    // Block 2: Sequential - State and counter update (if/else removed)
    //-------------------------------------------------------------------------
    always_ff @(posedge clk or negedge rst_n) begin
        case (rst_n)
            1'b0: begin
                state    <= 2'b00;
                byte_cnt <= 4'b0000;
            end
            1'b1: begin
                state <= next_state;
                case (state)
                    2'b01: begin  // During INIT, increment counter
                        byte_cnt <= byte_cnt + 1'b1;
                    end
                    2'b10, 2'b11: begin
                        // Reset counter when starting encryption/authentication
                        case (start)
                            1'b1: byte_cnt <= 4'b0000;
                            default: byte_cnt <= byte_cnt + 1'b1;
                        endcase
                    end
                    default: begin
                        case (state)
                            2'b00: byte_cnt <= 4'b0000;
                            default: byte_cnt <= byte_cnt;
                        endcase
                    end
                endcase
            end
        endcase
    end

    //-------------------------------------------------------------------------
    // Block 3: Sequential - LFSR array, S-Box, and accumulator (if/else removed)
    //-------------------------------------------------------------------------
    always_ff @(posedge clk or negedge rst_n) begin
        case (rst_n)
            1'b0: begin
                lfsr[0] <= 8'h00;
                lfsr[1] <= 8'h00;
                lfsr[2] <= 8'h00;
                lfsr[3] <= 8'h00;
                accum   <= 16'h0000;
                sbox[0] <= 8'h00;
            end
            1'b1: begin
                case (state)
                    2'b01: begin  // INIT: load key into LFSR and generate S-Box
                        case (byte_cnt)
                            4'b0000: lfsr[0] <= key_in;
                            4'b0001: lfsr[1] <= key_in;
                            4'b0010: lfsr[2] <= key_in;
                            4'b0011: lfsr[3] <= key_in;
                            4'b0100: sbox[0]  <= key_in ^ 8'hA5;
                            4'b0101: sbox[1]  <= key_in ^ 8'h5A;
                            4'b0110: sbox[2]  <= key_in ^ 8'hFF;
                            4'b0111: sbox[3]  <= key_in ^ 8'h00;
                            default: begin
                                // Simple S-Box initialization for remaining entries
                                case (byte_cnt[3:2])
                                    2'b10: sbox[{byte_cnt[3:0]}] <= key_in ^ {byte_cnt[3:0], 4'h0};
                                    2'b11: sbox[{byte_cnt[3:0]}] <= key_in ^ {4'h0, byte_cnt[3:0]};
                                    default: sbox[{byte_cnt[3:0]}] <= key_in ^ byte_cnt[3:0];
                                endcase
                            end
                        endcase
                    end

                    2'b10, 2'b11: begin  // ENCRYPT or AUTH: update LFSR and accumulator
                        // Galois LFSR update: polynomial x^32 + x^22 + x^2 + x + 1
                        // Shift and feedback using byte-wise operations
                        case (byte_cnt[1:0])  // Rotate through bytes each clock
                            2'b00: begin
                                lfsr[0] <= lfsr[1];
                                lfsr[1] <= lfsr[2];
                                lfsr[2] <= lfsr[3];
                                lfsr[3] <= sbox[lfsr[0] ^ {lfsr[3][6:0], lfsr[3][7]}];
                            end
                            2'b01: begin
                                lfsr[0] <= lfsr[1];
                                lfsr[1] <= lfsr[2];
                                lfsr[2] <= lfsr[3];
                                lfsr[3] <= sbox[lfsr[0] ^ (lfsr[3] << 1)];
                            end
                            2'b10: begin
                                lfsr[0] <= lfsr[1];
                                lfsr[1] <= lfsr[2];
                                lfsr[2] <= lfsr[3];
                                lfsr[3] <= sbox[lfsr[0] ^ (lfsr[3] >> 1)];
                            end
                            2'b11: begin
                                lfsr[0] <= lfsr[1];
                                lfsr[1] <= lfsr[2];
                                lfsr[2] <= lfsr[3];
                                lfsr[3] <= sbox[lfsr[0] ^ ~lfsr[3]];
                            end
                        endcase

                        // Authentication accumulator update
                        case (state)
                            2'b11: begin  // AUTH mode: accumulate key stream XOR data
                                accum <= accum + {key_stream ^ data_in, 8'h00};
                            end
                            2'b10: begin  // ENCRYPT mode: accumulate plaintext
                                accum <= accum + {data_in, 8'h00};
                            end
                            default: accum <= accum;
                        endcase
                    end

                    default: begin
                        // Reset accumulator when idle
                        case (mode)
                            2'b00: accum <= 16'h0000;
                            default: accum <= accum;
                        endcase
                    end
                endcase
            end
        endcase
    end


    //-------------------------------------------------------------------------
    // Block 4: Combinational - Output logic and key stream generation (pure case)
    //-------------------------------------------------------------------------
    always_comb begin
        // Default assignments
        key_stream = 8'h00;
        data_out   = 8'h00;
        ready      = 1'b0;
        valid      = 1'b0;
        auth_tag   = 16'h0000;

        case (state)
            2'b00: begin  // IDLE state
                ready = 1'b1;
                case (mode)
                    2'b01: valid = 1'b1;  // Ready for key loading
                    default: valid = 1'b0;
                endcase
            end

            2'b01: begin  // INIT state: key loading
                ready = 1'b0;
                case (byte_cnt)
                    4'b1111: begin
                        valid = 1'b1;
                        ready = 1'b1;  // Key setup complete
                    end
                    default: valid = 1'b0;
                endcase
            end

            2'b10: begin  // ENCRYPT mode
                ready = 1'b0;
                // Generate key stream from LFSR and S-Box
                case (byte_cnt[1:0])
                    2'b00: key_stream = sbox[lfsr[0] ^ lfsr[1]];
                    2'b01: key_stream = sbox[lfsr[1] ^ lfsr[2]];
                    2'b10: key_stream = sbox[lfsr[2] ^ lfsr[3]];
                    2'b11: key_stream = sbox[lfsr[3] ^ lfsr[0]];
                endcase

                // Encrypt/decrypt data
                data_out = data_in ^ key_stream;

                case (start)
                    1'b0: begin  // Operation complete
                        valid = 1'b1;
                        ready = 1'b1;
                        auth_tag = accum;  // Output auth tag at end
                    end
                    default: valid = 1'b1;
                endcase
            end

            2'b11: begin  // AUTH mode (generate authentication tag only)
                ready = 1'b0;
                // Generate key stream for authentication
                case (byte_cnt[1:0])
                    2'b00: key_stream = sbox[lfsr[0] ^ ~lfsr[3]];
                    2'b01: key_stream = sbox[lfsr[1] ^ {lfsr[0][3:0], lfsr[0][7:4]}];
                    2'b10: key_stream = sbox[lfsr[2] ^ lfsr[1]];
                    2'b11: key_stream = sbox[lfsr[3] ^ lfsr[2]];
                endcase

                data_out = data_in;  // Passthrough for auth mode

                case (start)
                    1'b0: begin
                        valid = 1'b1;
                        ready = 1'b1;
                        auth_tag = accum;  // Final authentication tag
                    end
                    default: valid = 1'b1;
                endcase
            end

            default: begin
                ready = 1'b0;
                valid = 1'b0;
            end
        endcase
    end

endmodule","module stream_cipher_core_copy (
    input  logic        clk,
    input  logic        rst_n,

    // Control interface
    input  logic [1:0]  mode,          // 00: IDLE, 01: INIT, 10: ENCRYPT, 11: AUTH
    input  logic        start,

    // Data interface
    input  logic [7:0]  key_in,        // Key byte input
    input  logic [7:0]  data_in,       // Plaintext/Ciphertext byte
    output logic [7:0]  data_out,      // Ciphertext/Plaintext byte
    output logic [15:0] auth_tag,      // Authentication tag output
    output logic        ready,
    output logic        valid
);

    //-------------------------------------------------------------------------
    // Internal state variables
    //-------------------------------------------------------------------------
    logic [1:0]  state, next_state;
    logic [7:0]  lfsr [0:3];          // 4-byte LFSR array (32-bit Galois LFSR)
    logic [7:0]  sbox [0:255];        // S-Box for substitution layer
    logic [15:0] accum;               // Authentication accumulator
    logic [3:0]  byte_cnt;            // Byte counter for key setup
    logic [7:0]  key_stream;

    //-------------------------------------------------------------------------
    // Block 1: Combinational - Next state logic (pure case)
    //-------------------------------------------------------------------------
    always_comb begin
        next_state = state;
        case (state)
            2'b00: begin  // IDLE
                next_state = mode;  // Jump directly to requested mode
            end

            2'b01: begin  // INIT (key setup)
                next_state = 2'b00;  // Return to IDLE after 16 bytes loaded
            end

            2'b10: begin  // ENCRYPT mode
                next_state = 2'b00;     // Operation complete
            end

            2'b11: begin  // AUTH mode (authentication only)
                next_state = 2'b00;
            end

            default: next_state = 2'b00;
        endcase
    end

    //-------------------------------------------------------------------------
    // Block 2: Sequential - State and counter update (if/else removed)
    //-------------------------------------------------------------------------
    always_ff @(posedge clk or negedge rst_n) begin
        case (rst_n)
            1'b0: begin
                state    <= 2'b00;
                byte_cnt <= 4'b0000;
            end
            1'b1: begin
                state <= next_state;
                case (state)
                    2'b01: begin  // INIT: load key into LFSR and generate S-Box
                        case (byte_cnt)
                            4'b0000: lfsr[0] <= key_in;
                            4'b0001: lfsr[1] <= key_in;
                            4'b0010: lfsr[2] <= key_in;
                            4'b0011: lfsr[3] <= key_in;
                            4'b0100: sbox[0]  <= key_in ^ 8'hA5;
                            4'b0101: sbox[1]  <= key_in ^ 8'h5A;
                            4'b0110: sbox[2]  <= key_in ^ 8'hFF;
                            4'b0111: sbox[3]  <= key_in ^ 8'h00;
                            default: begin
                                // Simple S-Box initialization for remaining entries
                                case (byte_cnt[3:2])
                                    2'b10: sbox[{byte_cnt[3:0]}] <= key_in ^ {byte_cnt[3:0], 4'h0};
                                    2'b11: sbox[{byte_cnt[3:0]}] <= key_in ^ {4'h0, byte_cnt[3:0]};
                                    default: sbox[{byte_cnt[3:0]}] <= key_in ^ byte_cnt[3:0];
                                endcase
                            end
                        endcase
                    end

                    2'b10, 2'b11: begin  // ENCRYPT or AUTH: update LFSR and accumulator
                        // Galois LFSR update: polynomial x^32 + x^22 + x^2 + x + 1
                        // Shift and feedback using byte-wise operations
                        case (byte_cnt[1:0])  // Rotate through bytes each clock
                            2'b00: begin
                                lfsr[0] <= lfsr[1];
                                lfsr[1] <= lfsr[2];
                                lfsr[2] <= lfsr[3];
                                lfsr[3] <= sbox[lfsr[0] ^ {lfsr[3][6:0], lfsr[3][7]}];
                            end
                            2'b01: begin
                                lfsr[0] <= lfsr[1];
                                lfsr[1] <= lfsr[2];
                                lfsr[2] <= lfsr[3];
                                lfsr[3] <= sbox[lfsr[0] ^ (lfsr[3] << 1)];
                            end
                            2'b10: begin
                                lfsr[0] <= lfsr[1];
                                lfsr[1] <= lfsr[2];
                                lfsr[2] <= lfsr[3];
                                lfsr[3] <= sbox[lfsr[0] ^ (lfsr[3] >> 1)];
                            end
                            2'b11: begin
                                lfsr[0] <= lfsr[1];
                                lfsr[1] <= lfsr[2];
                                lfsr[2] <= lfsr[3];
                                lfsr[3] <= sbox[lfsr[0] ^ ~lfsr[3]];
                            end
                        endcase

                        // Authentication accumulator update
                        case (state)
                            2'b11: begin  // AUTH mode: accumulate key stream XOR data
                                accum <= accum + {key_stream ^ data_in, 8'h00};
                            end
                            2'b10: begin  // ENCRYPT mode: accumulate plaintext
                                accum <= accum + {data_in, 8'h00};
                            end
                            default: accum <= accum;
                        endcase
                    end

                    default: begin
                        // Reset accumulator when idle
                        case (mode)
                            2'b00: accum <= 16'h0000;
                            default: accum <= accum;
                        endcase
                    end
                endcase
            end
        endcase
    end


    //-------------------------------------------------------------------------
    // Block 4: Combinational - Output logic and key stream generation (pure case)
    //-------------------------------------------------------------------------
    always_comb begin
        // Default assignments
        key_stream = 8'h00;
        data_out   = 8'h00;
        ready      = 1'b0;
        valid      = 1'b0;
        auth_tag   = 16'h0000;

        case (state)
            2'b00: begin  // IDLE state
                ready = 1'b1;
                case (mode)
                    2'b01: valid = 1'b1;  // Ready for key loading
                    default: valid = 1'b0;
                endcase
            end

            2'b01: begin  // INIT state: key loading
                ready = 1'b0;
                case (byte_cnt)
                    4'b1111: begin
                        valid = 1'b1;
                        ready = 1'b1;  // Key setup complete
                    end
                    default: valid = 1'b0;
                endcase
            end

            2'b10: begin  // ENCRYPT mode
                ready = 1'b0;
                // Generate key stream from LFSR and S-Box
                case (byte_cnt[1:0])
                    2'b00: key_stream = sbox[lfsr[0] ^ lfsr[1]];
                    2'b01: key_stream = sbox[lfsr[1] ^ {lfsr[0][3:0], lfsr[0][7:4]}];
                    2'b10: key_stream = sbox[lfsr[2] ^ lfsr[1]];
                    2'b11: key_stream = sbox[lfsr[3] ^ lfsr[2]];
                endcase

                // Encrypt/decrypt data
                data_out = data_in ^ key_stream;

                case (start)
                    1'b0: begin  // Operation complete
                        valid = 1'b1;
                        ready = 1'b1;
                        auth_tag = accum;  // Output auth tag at end
                    end
                    default: valid = 1'b1;
                endcase
            end

            2'b11: begin  // AUTH mode (generate authentication tag only)
                ready = 1'b0;
                // Generate key stream for authentication
                case (byte_cnt[1:0])
                    2'b00: key_stream = sbox[lfsr[0] ^ ~lfsr[3]];
                    2'b01: key_stream = sbox[lfsr[1] ^ {lfsr[0][3:0], lfsr[0][7:4]}];
                    2'b10: key_stream = sbox[lfsr[2] ^ lfsr[1]];
                    2'b11: key_stream = sbox[lfsr[3] ^ lfsr[2]];
                endcase

                data_out = data_in;  // Passthrough for auth mode

                case (start)
                    1'b0: begin
                        valid = 1'b1;
                        ready = 1'b1;
                        auth_tag = accum;  // Final authentication tag
                    end
                    default: valid = 1'b1;
                endcase
            end

            default: begin
                ready = 1'b0;
                valid = 1'b0;
            end
        endcase
    end

endmodule",INVALID_OUTPUT,75.86122989654541,3115,2514
"// Satellite Telemetry Command Decoder
// Uses only case statements - no if/else, no loops
// Handles command parsing, error detection, execution, and telemetry formatting

module satellite_cmd_decoder (
    input  logic        clk,
    input  logic        rst_n,
    input  logic [7:0]  rx_data,        // Received data byte
    input  logic        rx_valid,       // Valid data strobe
    output logic [15:0] tm_data,        // Telemetry data output
    output logic        tm_valid,       // Telemetry valid strobe
    output logic        cmd_error,      // Command error flag
    output logic        busy            // Decoder busy flag
);

    //-----------------------------------------------------------------
    // State encoding for sequential blocks
    //-----------------------------------------------------------------
    typedef enum logic [2:0] {
        IDLE,
        CMD_BYTE,
        ARG_HIGH,
        ARG_LOW,
        EXECUTE,
        TM_RESPONSE
    } state_t;

    state_t current_state, next_state;

    //-----------------------------------------------------------------
    // Command opcodes (8-bit)
    //-----------------------------------------------------------------
    typedef enum logic [7:0] {
        CMD_NOP          = 8'h00,
        CMD_GET_STATUS   = 8'h01,
        CMD_SET_MODE     = 8'h02,
        CMD_GET_TEMP     = 8'h03,
        CMD_SET_POWER    = 8'h04,
        CMD_GET_VOLTAGE  = 8'h05,
        CMD_SET_BEACON   = 8'h06,
        CMD_GET_ORBIT    = 8'h07,
        CMD_RESET        = 8'hFF
    } cmd_opcode_t;

    //-----------------------------------------------------------------
    // Satellite operational modes
    //-----------------------------------------------------------------
    typedef enum logic [1:0] {
        MODE_SAFE    = 2'b00,
        MODE_NORMAL  = 2'b01,
        MODE_PAYLOAD = 2'b10,
        MODE_EMERG   = 2'b11
    } satellite_mode_t;

    //-----------------------------------------------------------------
    // Internal registers
    //-----------------------------------------------------------------
    logic [7:0]  cmd_register;          // Stores command byte
    logic [7:0]  arg_high_register;     // High byte of argument
    logic [7:0]  arg_low_register;      // Low byte of argument
    logic [15:0] telemetry_register;    // Telemetry data to output
    logic [15:0] status_word;           // Satellite status word

    satellite_mode_t current_mode;
    logic [7:0]    temperature;
    logic [11:0]   bus_voltage;
    logic [7:0]    beacon_rate;
    logic [31:0]   orbit_counter;

    //-----------------------------------------------------------------
    // Block 1: Sequential state machine - State update (case only)
    //-----------------------------------------------------------------
    always_ff @(posedge clk or negedge rst_n) begin
        case ({rst_n, 1'b1})  // Using concatenation to create case expression
            2'b00: begin  // rst_n is 0 (active low reset)
                current_state <= IDLE;
            end
            2'b01: begin  // rst_n is 1 (normal operation)
                current_state <= next_state;
            end
            default: begin
                current_state <= IDLE;
            end
        endcase
    end

    //-----------------------------------------------------------------
    // Block 2: Combinational next state logic (case only)
    //-----------------------------------------------------------------
    always_comb begin
        next_state = current_state;

        case (current_state)
            IDLE: begin
                case (rx_valid)
                    1'b1: next_state = CMD_BYTE;
                    default: next_state = IDLE;
                endcase
            end

            CMD_BYTE: begin
                case (cmd_register)
                    CMD_NOP, CMD_RESET: next_state = EXECUTE;
                    CMD_GET_STATUS, CMD_GET_TEMP,
                    CMD_GET_VOLTAGE, CMD_GET_ORBIT: next_state = EXECUTE;
                    CMD_SET_MODE, CMD_SET_POWER, CMD_SET_BEACON: next_state = ARG_HIGH;
                    default: next_state = IDLE;
                endcase
            end

            ARG_HIGH: next_state = ARG_LOW;
            ARG_LOW:  next_state = EXECUTE;
            EXECUTE:  next_state = TM_RESPONSE;
            TM_RESPONSE: begin
                case (tm_valid)
                    1'b1: next_state = IDLE;
                    default: next_state = TM_RESPONSE;
                endcase
            end
            default: next_state = IDLE;
        endcase
    end

    //-----------------------------------------------------------------
    // Block 3: Sequential register updates (case only - no if/else)
    //-----------------------------------------------------------------
    always_ff @(posedge clk or negedge rst_n) begin
        // Reset handling using case statement
        case ({rst_n, 1'b1})
            2'b00: begin  // Reset condition
                cmd_register     <= 8'h00;
                arg_high_register <= 8'h00;
                arg_low_register  <= 8'h00;
                status_word      <= 16'h0001;
                current_mode     <= MODE_SAFE;
                temperature      <= 8'h20;
                bus_voltage      <= 12'h500;
                beacon_rate      <= 8'h0A;
                orbit_counter    <= 32'h00000000;
            end

            2'b01: begin  // Normal operation (rst_n = 1)
                case (current_state)
                    IDLE: begin
                        case (rx_valid)
                            1'b1: cmd_register <= rx_data;
                            1'b0: cmd_register <= cmd_register;
                            default: cmd_register <= cmd_register;
                        endcase

                        // Other registers hold their values
                        arg_high_register <= arg_high_register;
                        arg_low_register  <= arg_low_register;
                        status_word       <= status_word;
                        current_mode      <= current_mode;
                        temperature       <= temperature;
                        bus_voltage       <= bus_voltage;
                        beacon_rate       <= beacon_rate;
                        orbit_counter     <= orbit_counter;
                    end

                    CMD_BYTE: begin
                        // Hold all registers
                        cmd_register     <= cmd_register;
                        arg_high_register <= arg_high_register;
                        arg_low_register  <= arg_low_register;
                        status_word       <= status_word;
                        current_mode      <= current_mode;
                        temperature       <= temperature;
                        bus_voltage       <= bus_voltage;
                        beacon_rate       <= beacon_rate;
                        orbit_counter     <= orbit_counter;
                    end

                    ARG_HIGH: begin
                        arg_high_register <= rx_data;
                        // Hold other registers
                        cmd_register     <= cmd_register;
                        arg_low_register  <= arg_low_register;
                        status_word       <= status_word;
                        current_mode      <= current_mode;
                        temperature       <= temperature;
                        bus_voltage       <= bus_voltage;
                        beacon_rate       <= beacon_rate;
                        orbit_counter     <= orbit_counter;
                    end

                    ARG_LOW: begin
                        arg_low_register <= rx_data;
                        // Hold other registers
                        cmd_register     <= cmd_register;
                        arg_high_register <= arg_high_register;
                        status_word       <= status_word;
                        current_mode      <= current_mode;
                        temperature       <= temperature;
                        bus_voltage       <= bus_voltage;
                        beacon_rate       <= beacon_rate;
                        orbit_counter     <= orbit_counter;
                    end

                    EXECUTE: begin
                        case (cmd_register)
                            CMD_NOP: begin
                                cmd_register     <= cmd_register;
                                arg_high_register <= arg_high_register;
                                arg_low_register  <= arg_low_register;
                                status_word       <= status_word;
                                current_mode      <= current_mode;
                                temperature       <= temperature;
                                bus_voltage       <= bus_voltage;
                                beacon_rate       <= beacon_rate;
                                orbit_counter     <= orbit_counter;
                            end

                            CMD_GET_STATUS: begin
                                status_word[15:8] <= {2'b00, current_mode, 4'b0000};
                                status_word[7:0]  <= 8'hA5;
                                // Hold other registers
                                cmd_register     <= cmd_register;
                                arg_high_register <= arg_high_register;
                                arg_low_register  <= arg_low_register;
                                current_mode      <= current_mode;
                                temperature       <= temperature;
                                bus_voltage       <= bus_voltage;
                                beacon_rate       <= beacon_rate;
                                orbit_counter     <= orbit_counter;
                            end

                            CMD_SET_MODE: begin
                                case (arg_high_register[1:0])
                                    2'b00: current_mode <= MODE_SAFE;
                                    2'b01: current_mode <= MODE_NORMAL;
                                    2'b10: current_mode <= MODE_PAYLOAD;
                                    2'b11: current_mode <= MODE_EMERG;
                                    default: current_mode <= MODE_SAFE;
                                endcase
                                // Hold other registers
                                cmd_register     <= cmd_register;
                                arg_high_register <= arg_high_register;
                                arg_low_register  <= arg_low_register;
                                status_word       <= status_word;
                                temperature       <= temperature;
                                bus_voltage       <= bus_voltage;
                                beacon_rate       <= beacon_rate;
                                orbit_counter     <= orbit_counter;
                            end

                            CMD_GET_TEMP: begin
                                temperature <= temperature + 8'h01;
                                // Hold other registers
                                cmd_register     <= cmd_register;
                                arg_high_register <= arg_high_register;
                                arg_low_register  <= arg_low_register;
                                status_word       <= status_word;
                                current_mode      <= current_mode;
                                bus_voltage       <= bus_voltage;
                                beacon_rate       <= beacon_rate;
                                orbit_counter     <= orbit_counter;
                            end

                            CMD_SET_POWER: begin
                                case (arg_high_register[0])
                                    1'b0: bus_voltage <= 12'h000;
                                    1'b1: bus_voltage <= 12'h500;
                                    default: bus_voltage <= bus_voltage;
                                endcase
                                // Hold other registers
                                cmd_register     <= cmd_register;
                                arg_high_register <= arg_high_register;
                                arg_low_register  <= arg_low_register;
                                status_word       <= status_word;
                                current_mode      <= current_mode;
                                temperature       <= temperature;
                                beacon_rate       <= beacon_rate;
                                orbit_counter     <= orbit_counter;
                            end

                            CMD_GET_VOLTAGE: begin
                                // Voltage reading is already in bus_voltage
                                cmd_register     <= cmd_register;
                                arg_high_register <= arg_high_register;
                                arg_low_register  <= arg_low_register;
                                status_word       <= status_word;
                                current_mode      <= current_mode;
                                temperature       <= temperature;
                                bus_voltage       <= bus_voltage;
                                beacon_rate       <= beacon_rate;
                                orbit_counter     <= orbit_counter;
                            end

                            CMD_SET_BEACON: begin
                                beacon_rate <= arg_high_register;
                                // Hold other registers
                                cmd_register     <= cmd_register;
                                arg_high_register <= arg_high_register;
                                arg_low_register  <= arg_low_register;
                                status_word       <= status_word;
                                current_mode      <= current_mode;
                                temperature       <= temperature;
                                bus_voltage       <= bus_voltage;
                                orbit_counter     <= orbit_counter;
                            end

                            CMD_GET_ORBIT: begin
                                orbit_counter <= orbit_counter + 32'h00000001;
                                // Hold other registers
                                cmd_register     <= cmd_register;
                                arg_high_register <= arg_high_register;
                                arg_low_register  <= arg_low_register;
                                status_word       <= status_word;
                                current_mode      <= current_mode;
                                temperature       <= temperature;
                                bus_voltage       <= bus_voltage;
                                beacon_rate       <= beacon_rate;
                            end

                            CMD_RESET: begin
                                status_word   <= 16'h0001;
                                current_mode  <= MODE_SAFE;
                                temperature   <= 8'h20;
                                bus_voltage   <= 12'h500;
                                beacon_rate   <= 8'h0A;
                                orbit_counter <= 32'h00000000;
                                cmd_register     <= cmd_register;
                                arg_high_register <= arg_high_register;
                                arg_low_register  <= arg_low_register;
                            end

                            default: begin
                                // Invalid command - hold all registers
                                cmd_register     <= cmd_register;
                                arg_high_register <= arg_high_register;
                                arg_low_register  <= arg_low_register;
                                status_word       <= status_word;
                                current_mode      <= current_mode;
                                temperature       <= temperature;
                                bus_voltage       <= bus_voltage;
                                beacon_rate       <= beacon_rate;
                                orbit_counter     <= orbit_counter;
                            end
                        endcase
                    end

                    TM_RESPONSE: begin
                        // Hold all registers during TM response
                        cmd_register     <= cmd_register;
                        arg_high_register <= arg_high_register;
                        arg_low_register  <= arg_low_register;
                        status_word       <= status_word;
                        current_mode      <= current_mode;
                        temperature       <= temperature;
                        bus_voltage       <= bus_voltage;
                        beacon_rate       <= beacon_rate;
                        orbit_counter     <= orbit_counter;
                    end

                    default: begin
                        // Default hold for all registers
                        cmd_register     <= cmd_register;
                        arg_high_register <= arg_high_register;
                        arg_low_register  <= arg_low_register;
                        status_word       <= status_word;
                        current_mode      <= current_mode;
                        temperature       <= temperature;
                        bus_voltage       <= bus_voltage;
                        beacon_rate       <= beacon_rate;
                        orbit_counter     <= orbit_counter;
                    end
                endcase
            end

            default: begin
                // Default reset condition
                cmd_register     <= 8'h00;
                arg_high_register <= 8'h00;
                arg_low_register  <= 8'h00;
                status_word      <= 16'h0001;
                current_mode     <= MODE_SAFE;
                temperature      <= 8'h20;
                bus_voltage      <= 12'h500;
                beacon_rate      <= 8'h0A;
                orbit_counter    <= 32'h00000000;
            end
        endcase
    end

    //-----------------------------------------------------------------
    // Block 4: Combinational output and telemetry formatting (case only)
    //-----------------------------------------------------------------
    always_comb begin
        // Default assignments
        telemetry_register = 16'h0000;
        tm_valid = 1'b0;
        cmd_error = 1'b0;
        busy = (current_state != IDLE);

        case (current_state)
            IDLE: begin
                cmd_error = 1'b0;
            end

            CMD_BYTE: begin
                case (cmd_register)
                    CMD_NOP, CMD_GET_STATUS, CMD_GET_TEMP,
                    CMD_GET_VOLTAGE, CMD_GET_ORBIT, CMD_RESET: begin
                        cmd_error = 1'b0;
                    end
                    CMD_SET_MODE, CMD_SET_POWER, CMD_SET_BEACON: begin
                        cmd_error = 1'b0;
                    end
                    default: begin
                        cmd_error = 1'b1;  // Unknown command
                    end
                endcase
            end

            ARG_HIGH, ARG_LOW: begin
                // Argument reception in progress
            end

            EXECUTE: begin
                case (cmd_register)
                    CMD_GET_STATUS: begin
                        telemetry_register = status_word;
                    end

                    CMD_GET_TEMP: begin
                        telemetry_register = {8'h00, temperature};
                    end

                    CMD_GET_VOLTAGE: begin
                        telemetry_register = {4'h0, bus_voltage};
                    end

                    CMD_GET_ORBIT: begin
                        telemetry_register = orbit_counter[15:0];
                    end

                    CMD_SET_MODE, CMD_SET_POWER, CMD_SET_BEACON: begin
                        telemetry_register = 16'hACCE;  // Command accepted
                    end

                    CMD_NOP: begin
                        telemetry_register = 16'hDEAD;
                    end

                    CMD_RESET: begin
                        telemetry_register = 16'hBEEF;  // Reset acknowledged
                    end

                    default: begin
                        telemetry_register = 16'hFFFF;  // Error response
                    end
                endcase
            end

            TM_RESPONSE: begin
                tm_valid = 1'b1;
                telemetry_register = telemetry_register;  // Hold value
            end

            default: begin
                telemetry_register = 16'h0000;
            end
        endcase
    end

    //-----------------------------------------------------------------
    // Block 5: Output assignment (combinational)
    //-----------------------------------------------------------------
    assign tm_data = telemetry_register;

endmodule","module satellite_cmd_decoder (
    input  logic        clk,
    input  logic        rst_n,
    input  logic [7:0]  rx_data,        // Received data byte
    input  logic        rx_valid,       // Valid data strobe
    output logic [15:0] tm_data,        // Telemetry data output
    output logic        tm_valid,       // Telemetry valid strobe
    output logic        cmd_error,      // Command error flag
    output logic        busy            // Decoder busy flag
);

    //-----------------------------------------------------------------
    // State encoding for sequential blocks
    //-----------------------------------------------------------------
    typedef enum logic [2:0] {
        IDLE,
        CMD_BYTE,
        ARG_HIGH,
        ARG_LOW,
        EXECUTE,
        TM_RESPONSE
    } state_t;

    state_t current_state, next_state;

    //-----------------------------------------------------------------
    // Command opcodes (8-bit)
    //-----------------------------------------------------------------
    typedef enum logic [7:0] {
        CMD_NOP          = 8'h00,
        CMD_GET_STATUS   = 8'h01,
        CMD_SET_MODE     = 8'h02,
        CMD_GET_TEMP     = 8'h03,
        CMD_SET_POWER    = 8'h04,
        CMD_GET_VOLTAGE  = 8'h05,
        CMD_SET_BEACON   = 8'h06,
        CMD_GET_ORBIT    = 8'h07,
        CMD_RESET        = 8'hFF
    } cmd_opcode_t;

    //-----------------------------------------------------------------
    // Satellite operational modes
    //-----------------------------------------------------------------
    typedef enum logic [1:0] {
        MODE_SAFE    = 2'b00,
        MODE_NORMAL  = 2'b01,
        MODE_PAYLOAD = 2'b10,
        MODE_EMERG   = 2'b11
    } satellite_mode_t;

    //-----------------------------------------------------------------
    // Internal registers
    //-----------------------------------------------------------------
    logic [7:0]  cmd_register;          // Stores command byte
    logic [7:0]  arg_high_register;     // High byte of argument
    logic [7:0]  arg_low_register;      // Low byte of argument
    logic [15:0] telemetry_register;    // Telemetry data to output
    logic [15:0] status_word;           // Satellite status word

    satellite_mode_t current_mode;
    logic [7:0]    temperature;
    logic [11:0]   bus_voltage;
    logic [7:0]    beacon_rate;
    logic [31:0]   orbit_counter;

    //-----------------------------------------------------------------
    // Block 1: Sequential state machine - State update (case only)
    //-----------------------------------------------------------------
    always_ff @(posedge clk or negedge rst_n) begin
        case ({rst_n, 1'b1})  // Using concatenation to create case expression
            2'b00: begin  // rst_n is 0 (active low reset)
                current_state <= IDLE;
            end
            2'b01: begin  // rst_n is 1 (normal operation)
                current_state <= next_state;
            end
            default: begin
                current_state <= IDLE;
            end
        endcase
    end

    //-----------------------------------------------------------------
    // Block 2: Combinational next state logic (case only)
    //-----------------------------------------------------------------
    always_comb begin
        next_state = current_state;

        case (current_state)
            IDLE: begin
                case (rx_valid)
                    1'b1: next_state = CMD_BYTE;
                    default: next_state = IDLE;
                endcase
            end

            CMD_BYTE: begin
                case (cmd_register)
                    CMD_NOP, CMD_RESET: next_state = EXECUTE;
                    CMD_GET_STATUS, CMD_GET_TEMP,
                    CMD_GET_VOLTAGE, CMD_GET_ORBIT: next_state = EXECUTE;
                    CMD_SET_MODE, CMD_SET_POWER, CMD_SET_BEACON: next_state = ARG_HIGH;
                    default: next_state = IDLE;
                endcase
            end

            ARG_HIGH: next_state = ARG_LOW;
            ARG_LOW:  next_state = EXECUTE;
            EXECUTE:  next_state = TM_RESPONSE;
            TM_RESPONSE: begin
                case (tm_valid)
                    1'b1: next_state = IDLE;
                    default: next_state = TM_RESPONSE;
                endcase
            end
            default: next_state = IDLE;
        endcase
    end

    //-----------------------------------------------------------------
    // Block 3: Sequential register updates (case only - no if/else)
    //-----------------------------------------------------------------
    always_ff @(posedge clk or negedge rst_n) begin
        // Reset handling using case statement
        case ({rst_n, 1'b1})
            2'b00: begin  // Reset condition
                cmd_register     <= 8'h00;
                arg_high_register <= 8'h00;
                arg_low_register  <= 8'h00;
                status_word      <= 16'h0001;
                current_mode     <= MODE_SAFE;
                temperature      <= 8'h20;
                bus_voltage      <= 12'h500;
                beacon_rate      <= 8'h0A;
                orbit_counter    <= 32'h00000000;
            end

            2'b01: begin  // Normal operation (rst_n = 1)
                case (current_state)
                    IDLE: begin
                        case (rx_valid)
                            1'b1: cmd_register <= rx_data;
                            1'b0: cmd_register <= cmd_register;
                            default: cmd_register <= cmd_register;
                        endcase

                        // Other registers hold their values
                        arg_high_register <= arg_high_register;
                        arg_low_register  <= arg_low_register;
                        status_word       <= status_word;
                        current_mode      <= current_mode;
                        temperature       <= temperature;
                        bus_voltage       <= bus_voltage;
                        beacon_rate       <= beacon_rate;
                        orbit_counter     <= orbit_counter;
                    end

                    CMD_BYTE: begin
                        // Hold all registers
                        cmd_register     <= cmd_register;
                        arg_high_register <= arg_high_register;
                        arg_low_register  <= arg_low_register;
                        status_word       <= status_word;
                        current_mode      <= current_mode;
                        temperature       <= temperature;
                        bus_voltage       <= bus_voltage;
                        beacon_rate       <= beacon_rate;
                        orbit_counter     <= orbit_counter;
                    end

                    ARG_HIGH: begin
                        arg_high_register <= rx_data;
                        // Hold other registers
                        cmd_register     <= cmd_register;
                        arg_low_register  <= arg_low_register;
                        status_word       <= status_word;
                        current_mode      <= current_mode;
                        temperature       <= temperature;
                        bus_voltage       <= bus_voltage;
                        beacon_rate       <= beacon_rate;
                        orbit_counter     <= orbit_counter;
                    end

                    ARG_LOW: begin
                        arg_low_register <= rx_data;
                        // Hold other registers
                        cmd_register     <= cmd_register;
                        arg_high_register <= arg_high_register;
                        status_word       <= status_word;
                        current_mode      <= current_mode;
                        temperature       <= temperature;
                        bus_voltage       <= bus_voltage;
                        beacon_rate       <= beacon_rate;
                        orbit_counter     <= orbit_counter;
                    end

                    EXECUTE: begin
                        case (cmd_register)
                            CMD_NOP: begin
                                cmd_register     <= cmd_register;
                                arg_high_register <= arg_high_register;
                                arg_low_register  <= arg_low_register;
                                status_word       <= status_word;
                                current_mode      <= current_mode;
                                temperature       <= temperature;
                                bus_voltage       <= bus_voltage;
                                beacon_rate       <= beacon_rate;
                                orbit_counter     <= orbit_counter;
                            end

                            CMD_GET_STATUS: begin
                                status_word[15:8] <= {2'b00, current_mode, 4'b0000};
                                status_word[7:0]  <= 8'hA5;
                                // Hold other registers
                                cmd_register     <= cmd_register;
                                arg_high_register <= arg_high_register;
                                arg_low_register  <= arg_low_register;
                                current_mode      <= current_mode;
                                temperature       <= temperature;
                                bus_voltage       <= bus_voltage;
                                beacon_rate       <= beacon_rate;
                                orbit_counter     <= orbit_counter;
                            end

                            CMD_SET_MODE: begin
                                case (arg_high_register[1:0])
                                    2'b00: current_mode <= MODE_SAFE;
                                    2'b01: current_mode <= MODE_NORMAL;
                                    2'b10: current_mode <= MODE_PAYLOAD;
                                    2'b11: current_mode <= MODE_EMERG;
                                    default: current_mode <= MODE_SAFE;
                                endcase
                                // Hold other registers
                                cmd_register     <= cmd_register;
                                arg_high_register <= arg_high_register;
                                arg_low_register  <= arg_low_register;
                                status_word       <= status_word;
                                temperature       <= temperature;
                                bus_voltage       <= bus_voltage;
                                beacon_rate       <= beacon_rate;
                                orbit_counter     <= orbit_counter;
                            end

                            CMD_GET_TEMP: begin
                                temperature <= temperature + 8'h01;
                                // Hold other registers
                                cmd_register     <= cmd_register;
                                arg_high_register <= arg_high_register;
                                arg_low_register  <= arg_low_register;
                                status_word       <= status_word;
                                current_mode      <= current_mode;
                                bus_voltage       <= bus_voltage;
                                beacon_rate       <= beacon_rate;
                                orbit_counter     <= orbit_counter;
                            end

                            CMD_SET_POWER: begin
                                case (arg_high_register[0])
                                    1'b0: bus_voltage <= 12'h000;
                                    1'b1: bus_voltage <= 12'h500;
                                    default: bus_voltage <= bus_voltage;
                                endcase
                                // Hold other registers
                                cmd_register     <= cmd_register;
                                arg_high_register <= arg_high_register;
                                arg_low_register  <= arg_low_register;
                                status_word       <= status_word;
                                current_mode      <= current_mode;
                                temperature       <= temperature;
                                beacon_rate       <= beacon_rate;
                                orbit_counter     <= orbit_counter;
                            end

                            CMD_GET_VOLTAGE: begin
                                // Voltage reading is already in bus_voltage
                                cmd_register     <= cmd_register;
                                arg_high_register <= arg_high_register;
                                arg_low_register  <= arg_low_register;
                                status_word       <= status_word;
                                current_mode      <= current_mode;
                                temperature       <= temperature;
                                bus_voltage       <= bus_voltage;
                                beacon_rate       <= beacon_rate;
                                orbit_counter     <= orbit_counter;
                            end

                            CMD_SET_BEACON: begin
                                beacon_rate <= arg_high_register;
                                // Hold other registers
                                cmd_register     <= cmd_register;
                                arg_high_register <= arg_high_register;
                                arg_low_register  <= arg_low_register;
                                status_word       <= status_word;
                                current_mode      <= current_mode;
                                temperature       <= temperature;
                                bus_voltage       <= bus_voltage;
                                orbit_counter     <= orbit_counter;
                            end

                            CMD_GET_ORBIT: begin
                                orbit_counter <= orbit_counter + 32'h00000001;
                                // Hold other registers
                                cmd_register     <= cmd_register;
                                arg_high_register <= arg_high_register;
                                arg_low_register  <= arg_low_register;
                                status_word       <= status_word;
                                current_mode      <= current_mode;
                                temperature       <= temperature;
                                bus_voltage       <= bus_voltage;
                                beacon_rate       <= beacon_rate;
                            end

                            CMD_RESET: begin
                                status_word   <= 16'h0001;
                                current_mode  <= MODE_SAFE;
                                temperature   <= 8'h20;
                                bus_voltage   <= 12'h500;
                                beacon_rate   <= 8'h0A;
                                orbit_counter <= 32'h00000000;
                                cmd_register     <= cmd_register;
                                arg_high_register <= arg_high_register;
                                arg_low_register  <= arg_low_register;
                            end

                            default: begin
                                // Invalid command - hold all registers
                                cmd_register     <= cmd_register;
                                arg_high_register <= arg_high_register;
                                arg_low_register  <= arg_low_register;
                                status_word       <= status_word;
                                current_mode      <= current_mode;
                                temperature       <= temperature;
                                bus_voltage       <= bus_voltage;
                                beacon_rate       <= beacon_rate;
                                orbit_counter     <= orbit_counter;
                            end
                        endcase
                    end

                    TM_RESPONSE: begin
                        // Hold all registers during TM response
                        cmd_register     <= cmd_register;
                        arg_high_register <= arg_high_register;
                        arg_low_register  <= arg_low_register;
                        status_word       <= status_word;
                        current_mode      <= current_mode;
                        temperature       <= temperature;
                        bus_voltage       <= bus_voltage;
                        beacon_rate       <= beacon_rate;
                        orbit_counter     <= orbit_counter;
                    end

                    default: begin
                        // Default hold for all registers
                        cmd_register     <= cmd_register;
                        arg_high_register <= arg_high_register;
                        arg_low_register  <= arg_low_register;
                        status_word       <= status_word;
                        current_mode      <= current_mode;
                        temperature       <= temperature;
                        bus_voltage       <= bus_voltage;
                        beacon_rate       <= beacon_rate;
                        orbit_counter     <= orbit_counter;
                    end
                endcase
            end

            default: begin
                // Default reset condition
                cmd_register     <= 8'h00;
                arg_high_register <= 8'h00;
                arg_low_register  <= 8'h00;
                status_word      <= 16'h0001;
                current_mode     <= MODE_SAFE;
                temperature       <= 8'h20;
                bus_voltage       <= 12'h500;
                beacon_rate       <= 8'h0A;
                orbit_counter     <= 32'h00000000;
            end
        endcase
    end

    //-----------------------------------------------------------------
    // Block 4: Telemetry data output (combinational)
    //-----------------------------------------------------------------
    assign tm_data = telemetry_register;

endmodule",INVALID_OUTPUT,129.61906814575195,4519,3826
"// Power Management Controller (PMC)
// Implements: State machine, Clock gating, Voltage scaling, Interrupt handling
// Protocol: Simple power management with sleep, deep-sleep, active, and performance modes
// Constraints: No if/else, no loops, only case statements

module pmc (
    input  logic        clk,           // System clock
    input  logic        rst_n,         // Active-low asynchronous reset
    input  logic        wake_req,      // Wake request from peripheral
    input  logic [1:0]  perf_req,      // Performance level request: 0=low, 1=medium, 2=high, 3=ultra
    input  logic [2:0]  sleep_timeout, // Timeout cycles for sleep entry
    input  logic [1:0]  ext_status,    // External power status (e.g., PMIC ready)

    output logic        clk_cpu_en,    // CPU clock enable
    output logic        clk_periph_en, // Peripheral clock enable
    output logic [1:0]  vdd_level,     // Voltage scaling: 0=0.8V, 1=1.0V, 2=1.2V, 3=1.35V
    output logic        sleep_ack,     // Acknowledge sleep entry
    output logic        wake_ack,      // Acknowledge wakeup
    output logic [1:0]  pmc_status,    // Status output: 0=active, 1=sleep, 2=deep-sleep, 3=performance
    output logic        power_good     // Indicates power rails stable
);

    // State encoding
    typedef enum logic [1:0] {
        ACTIVE      = 2'b00,
        SLEEP       = 2'b01,
        DEEP_SLEEP  = 2'b10,
        PERFORMANCE = 2'b11
    } state_t;

    state_t current_state, next_state;

    // Counters and registers
    logic [2:0]  sleep_cnt;       // Sleep entry counter
    logic [1:0]  vdd_req;         // Requested voltage level
    logic        wake_pending;     // Wake request pending
    logic        clk_switching;    // Clock switching in progress
    logic [1:0]  perf_level;       // Current performance level

    // -----------------------------------------------------------------
    // Block 1: Synchronous State Register (Sequential)
    // -----------------------------------------------------------------
    always_ff @(posedge clk or negedge rst_n) begin
        case (rst_n)
            1'b0: current_state <= ACTIVE;
            1'b1: current_state <= next_state;
            default: current_state <= ACTIVE;
        endcase
    end

    // -----------------------------------------------------------------
    // Block 2: Next State Logic (Combinational)
    // Uses nested case statements for state transitions
    // -----------------------------------------------------------------
    always_comb begin
        next_state = current_state;  // Default to stay in current state

        case (current_state)
            ACTIVE: begin
                case (wake_pending)
                    1'b0: begin
                        case (sleep_timeout)
                            3'b000: next_state = SLEEP;      // Timeout expired
                            default: next_state = ACTIVE;     // No timeout, stay active
                        endcase
                    end
                    1'b1: next_state = ACTIVE;  // Wake pending during active
                endcase

                // Performance mode request override
                case (perf_req)
                    2'b11: next_state = PERFORMANCE;
                    default: ;  // Keep previously computed state
                endcase
            end

            SLEEP: begin
                case ({wake_req, wake_pending})
                    2'b00: begin
                        case (sleep_timeout[2])  // Extended sleep check
                            1'b1: next_state = DEEP_SLEEP;
                            default: next_state = SLEEP;
                        endcase
                    end
                    default: next_state = ACTIVE;  // Wake requested
                endcase
            end

            DEEP_SLEEP: begin
                case (wake_req)
                    1'b1: next_state = ACTIVE;
                    default: next_state = DEEP_SLEEP;
                endcase
            end

            PERFORMANCE: begin
                case (perf_req)
                    2'b00: next_state = ACTIVE;
                    2'b01, 2'b10, 2'b11: next_state = PERFORMANCE;
                    default: next_state = ACTIVE;
                endcase
            end

            default: next_state = ACTIVE;
        endcase
    end

    // -----------------------------------------------------------------
    // Block 3: Output and Control Logic (Combinational)
    // Generates all output signals based on current state and inputs
    // -----------------------------------------------------------------
    always_comb begin
        // Default values to avoid latches
        clk_cpu_en     = 1'b0;
        clk_periph_en  = 1'b0;
        vdd_level      = 2'b00;
        sleep_ack      = 1'b0;
        wake_ack       = 1'b0;
        pmc_status     = 2'b00;
        power_good     = 1'b0;
        vdd_req        = 2'b00;

        case (current_state)
            ACTIVE: begin
                clk_cpu_en    = 1'b1;
                clk_periph_en = 1'b1;
                vdd_req       = 2'b01;  // 1.0V
                pmc_status    = 2'b00;
                sleep_ack     = 1'b0;
                wake_ack      = 1'b0;

                case (ext_status)
                    2'b11: power_good = 1'b1;  // External PMIC ready
                    default: power_good = 1'b0;
                endcase

                // Voltage adjustment based on performance request
                case (perf_req)
                    2'b11: vdd_req = 2'b11;  // 1.35V for ultra
                    2'b10: vdd_req = 2'b10;  // 1.2V for high
                    default: vdd_req = 2'b01; // 1.0V for normal
                endcase
            end

            SLEEP: begin
                clk_cpu_en    = 1'b0;
                clk_periph_en = 1'b1;   // Keep peripherals awake for wake detection
                vdd_req       = 2'b00;  // 0.8V
                pmc_status    = 2'b01;
                sleep_ack     = 1'b1;
                wake_ack      = 1'b0;

                case (ext_status[1])
                    1'b1: power_good = 1'b1;
                    default: power_good = 1'b0;
                endcase
            end

            DEEP_SLEEP: begin
                clk_cpu_en    = 1'b0;
                clk_periph_en = 1'b0;
                vdd_req       = 2'b00;  // 0.8V
                pmc_status    = 2'b10;
                sleep_ack     = 1'b1;
                wake_ack      = 1'b0;
                power_good    = 1'b1;   // Power maintained in deep sleep
            end

            PERFORMANCE: begin
                clk_cpu_en    = 1'b1;
                clk_periph_en = 1'b1;
                pmc_status    = 2'b11;
                sleep_ack     = 1'b0;
                wake_ack      = 1'b0;
                power_good    = 1'b1;

                case (perf_level)
                    2'b11: vdd_req = 2'b11;  // Ultra: 1.35V
                    2'b10: vdd_req = 2'b10;  // High: 1.2V
                    2'b01: vdd_req = 2'b01;  // Medium: 1.0V
                    default: vdd_req = 2'b00; // Low: 0.8V
                endcase
            end

            default: ;
        endcase

        // Final voltage assignment (simulate PMIC settling time)
        case (clk_switching)
            1'b1: vdd_level = vdd_req;  // Apply new voltage after switching
            default: vdd_level = 2'b00;
        endcase
    end

    // -----------------------------------------------------------------
    // Block 4: Auxiliary Sequential Logic (Wake/Performance Management)
    // Handles wake pending and performance level tracking
    // -----------------------------------------------------------------
    always_ff @(posedge clk or negedge rst_n) begin
        // Reset handling using case on rst_n
        case (rst_n)
            1'b0: begin
                wake_pending <= 1'b0;
                clk_switching <= 1'b0;
                perf_level <= 2'b00;
                sleep_cnt <= 3'b000;
            end
            1'b1: begin
                // Wake pending management
                case ({wake_req, wake_ack})
                    2'b10: wake_pending <= 1'b1;
                    2'b01: wake_pending <= 1'b0;
                    default: wake_pending <= wake_pending;
                endcase

                // Clock switching flag
                case (current_state)
                    ACTIVE: begin
                        case (perf_req)
                            2'b11: clk_switching <= 1'b1;
                            default: clk_switching <= 1'b0;
                        endcase
                    end
                    default: clk_switching <= 1'b0;
                endcase

                // Performance level tracking
                case (current_state)
                    PERFORMANCE: begin
                        case (perf_req)
                            2'b00: perf_level <= 2'b00;
                            2'b01: perf_level <= 2'b01;
                            2'b10: perf_level <= 2'b10;
                            2'b11: perf_level <= 2'b11;
                            default: perf_level <= perf_level;
                        endcase
                    end
                    default: perf_level <= 2'b00;
                endcase

                // Sleep counter (increment in sleep states)
                case (current_state)
                    SLEEP: begin
                        case (sleep_cnt)
                            3'b111: sleep_cnt <= 3'b111;
                            default: sleep_cnt <= sleep_cnt + 1'b1;
                        endcase
                    end
                    default: sleep_cnt <= 3'b000;
                endcase
            end
            default: begin
                wake_pending <= 1'b0;
                clk_switching <= 1'b0;
                perf_level <= 2'b00;
                sleep_cnt <= 3'b000;
            end
        endcase
    end

endmodule","module pmc_copy (
    input  logic        clk,           // System clock
    input  logic        rst_n,         // Active-low asynchronous reset
    input  logic        wake_req,      // Wake request from peripheral
    input  logic [1:0]  perf_req,      // Performance level request: 0=low, 1=medium, 2=high, 3=ultra
    input  logic [2:0]  sleep_timeout, // Timeout cycles for sleep entry
    input  logic [1:0]  ext_status,    // External power status (e.g., PMIC ready)

    output logic        clk_cpu_en,    // CPU clock enable
    output logic        clk_periph_en, // Peripheral clock enable
    output logic [1:0]  vdd_level,     // Voltage scaling: 0=0.8V, 1=1.0V, 2=1.2V, 3=1.35V
    output logic        sleep_ack,     // Acknowledge sleep entry
    output logic        wake_ack,      // Acknowledge wakeup
    output logic [1:0]  pmc_status,    // Status output: 0=active, 1=sleep, 2=deep-sleep, 3=performance
    output logic        power_good     // Indicates power rails stable
);

    // State encoding
    typedef enum logic [1:0] {
        ACTIVE      = 2'b00,
        SLEEP       = 2'b01,
        DEEP_SLEEP  = 2'b10,
        PERFORMANCE = 2'b11
    } state_t;

    state_t current_state, next_state;

    // Counters and registers
    logic [2:0]  sleep_cnt;       // Sleep entry counter
    logic [1:0]  vdd_req;         // Requested voltage level
    logic        wake_pending;     // Wake request pending
    logic        clk_switching;    // Clock switching in progress
    logic [1:0]  perf_level;       // Current performance level

    // -----------------------------------------------------------------
    // Block 1: Synchronous State Register (Sequential)
    // -----------------------------------------------------------------
    always_ff @(posedge clk or negedge rst_n) begin
        case (rst_n)
            1'b0: current_state <= ACTIVE;
            1'b1: current_state <= next_state;
            default: current_state <= ACTIVE;
        endcase
    end

    // -----------------------------------------------------------------
    // Block 2: Next State Logic (Combinational)
    // Uses nested case statements for state transitions
    // -----------------------------------------------------------------
    always_comb begin
        next_state = current_state;  // Default to stay in current state

        case (current_state)
            ACTIVE: begin
                case (wake_pending)
                    1'b0: begin
                        case (sleep_timeout)
                            3'b000: next_state = SLEEP;      // Timeout expired
                            default: next_state = ACTIVE;     // No timeout, stay active
                        endcase
                    end
                    1'b1: next_state = ACTIVE;  // Wake pending during active
                endcase

                // Performance mode request override
                case (perf_req)
                    2'b11: next_state = PERFORMANCE;
                    default: ;  // Keep previously computed state
                endcase
            end

            SLEEP: begin
                case ({wake_req, wake_pending})
                    2'b00: begin
                        case (sleep_timeout[2])  // Extended sleep check
                            1'b1: next_state = DEEP_SLEEP;
                            default: next_state = SLEEP;
                        endcase
                    end
                    default: next_state = ACTIVE;  // Wake requested
                endcase
            end

            DEEP_SLEEP: begin
                case (wake_req)
                    1'b1: next_state = ACTIVE;
                    default: next_state = DEEP_SLEEP;
                endcase
            end

            PERFORMANCE: begin
                case (perf_req)
                    2'b00: next_state = ACTIVE;
                    2'b01, 2'b10, 2'b11: next_state = PERFORMANCE;
                    default: next_state = ACTIVE;
                endcase
            end

            default: next_state = ACTIVE;
        endcase
    end

    // -----------------------------------------------------------------
    // Block 3: Output and Control Logic (Combinational)
    // Generates all output signals based on current state and inputs
    // -----------------------------------------------------------------
    always_comb begin
        // Default values to avoid latches
        clk_cpu_en     = 1'b0;
        clk_periph_en  = 1'b0;
        vdd_level      = 2'b00;
        sleep_ack      = 1'b0;
        wake_ack       = 1'b0;
        pmc_status     = 2'b00;
        power_good     = 1'b0;
        vdd_req        = 2'b00;

        case (current_state)
            ACTIVE: begin
                clk_cpu_en    = 1'b1;
                clk_periph_en = 1'b1;
                vdd_req       = 2'b01;  // 1.0V
                pmc_status    = 2'b00;
                sleep_ack     = 1'b0;
                wake_ack      = 1'b0;

                case (ext_status)
                    2'b11: power_good = 1'b1;  // External PMIC ready
                    default: power_good = 1'b0;
                endcase

                // Voltage adjustment based on performance request
                case (perf_req)
                    2'b11: vdd_req = 2'b11;  // Ultra: 1.35V
                    2'b10: vdd_req = 2'b10;  // High: 1.2V
                    default: vdd_req = 2'b01; // Medium: 1.0V
                endcase
            end

            SLEEP: begin
                clk_cpu_en    = 1'b0;
                clk_periph_en = 1'b1;   // Keep peripherals awake for wake detection
                vdd_req       = 2'b00;  // 0.8V
                pmc_status    = 2'b01;
                sleep_ack     = 1'b1;
                wake_ack      = 1'b0;

                case (ext_status[1])
                    1'b1: power_good = 1'b1;
                    default: power_good = 1'b0;
                endcase
            end

            DEEP_SLEEP: begin
                clk_cpu_en    = 1'b0;
                clk_periph_en = 1'b0;
                vdd_req       = 2'b00;  // 0.8V
                pmc_status    = 2'b10;
                sleep_ack     = 1'b1;
                wake_ack      = 1'b0;
                power_good    = 1'b1;   // Power maintained in deep sleep
            end

            PERFORMANCE: begin
                clk_cpu_en    = 1'b1;
                clk_periph_en = 1'b1;
                pmc_status    = 2'b11;
                sleep_ack     = 1'b0;
                wake_ack      = 1'b0;
                power_good    = 1'b1;

                case (perf_level)
                    2'b11: vdd_req = 2'b11;  // Ultra: 1.35V
                    2'b10: vdd_req = 2'b10;  // High: 1.2V
                    2'b01: vdd_req = 2'b01;  // Medium: 1.0V
                    default: vdd_req = 2'b00; // Low: 0.8V
                endcase
            end

            default: ;
        endcase

        // Final voltage assignment (simulate PMIC settling time)
        case (clk_switching)
            1'b1: vdd_level = vdd_req;  // Apply new voltage after switching
            default: vdd_level = 2'b00;
        endcase
    end

    // -----------------------------------------------------------------
    // Block 4: Auxiliary Sequential Logic (Wake/Performance Management)
    // Handles wake pending and performance level tracking
    // -----------------------------------------------------------------
    always_ff @(posedge clk or negedge rst_n) begin
        // Reset handling using case on rst_n
        case (rst_n)
            1'b0: begin
                wake_pending <= 1'b0;
                clk_switching <= 1'b0;
                perf_level <= 2'b00;
                sleep_cnt <= 3'b000;
            end
            1'b1: begin
                // Wake pending management
                case ({wake_req, wake_ack})
                    2'b10: wake_pending <= 1'b1;
                    2'b01: wake_pending <= 1'b0;
                    default: wake_pending <= wake_pending;
                endcase

                // Clock switching flag
                case (current_state)
                    ACTIVE: begin
                        case (perf_req)
                            2'b11: clk_switching <= 1'b1;
                            default: clk_switching <= 1'b0;
                        endcase
                    end
                    default: clk_switching <= 1'b0;
                endcase

                // Performance level tracking
                case (current_state)
                    PERFORMANCE: begin
                        case (perf_req)
                            2'b00: perf_level <= 2'b00;
                            2'b01: perf_level <= 2'b01;
                            2'b10: perf_level <= 2'b10;
                            2'b11: perf_level <= 2'b11;
                            default: perf_level <= perf_level;
                        endcase
                    end
                    default: perf_level <= 2'b00;
                endcase

                // Sleep counter (increment in sleep states)
                case (current_state)
                    SLEEP: begin
                        case (sleep_cnt)
                            3'b111: sleep_cnt <= 3'b111;
                            default: sleep_cnt <= sleep_cnt + 1'b1;
                        endcase
                    end
                    default: sleep_cnt <= 3'b000;
                endcase
            end
            default: begin
                wake_pending <= 1'b0;
                clk_switching <= 1'b0;
                perf_level <= 2'b00;
                sleep_cnt <= 3'b000;
            end
        endcase
    end

endmodule",INVALID_OUTPUT,78.20112776756287,2769,2646
"module mealy_door_lock (
    input  logic clk,
    input  logic rst_n,
    input  logic [1:0] code_input,
    input  logic enter_btn,
    output logic unlock,
    output logic error
);

    // State encoding
    typedef enum logic [1:0] {
        IDLE,       // Waiting for first digit
        DIGIT1,     // First digit entered
        DIGIT2      // Second digit entered
    } state_t;

    state_t current_state, next_state;

    // Sequential block: state update
    always_ff @(posedge clk or negedge rst_n) begin
        case (rst_n)
            1'b0: current_state <= IDLE;
            1'b1: current_state <= next_state;
        endcase
    end

    // Combinational block: next state logic
    always_comb begin
        next_state = current_state;

        case (current_state)
            IDLE: begin
                case (enter_btn)
                    1'b1: next_state = DIGIT1;
                endcase
            end

            DIGIT1: begin
                case (enter_btn)
                    1'b1: next_state = DIGIT2;
                endcase
            end

            DIGIT2: begin
                case (enter_btn)
                    1'b1: next_state = IDLE;  // Reset after attempt
                endcase
            end
        endcase
    end

    // Combinational block: Mealy outputs
    always_comb begin
        unlock = 1'b0;
        error = 1'b0;

        case (current_state)
            DIGIT2: begin
                case (enter_btn)
                    1'b1: begin
                        // Correct code is 2'b10 (binary 2)
                        case (code_input == 2'b10)
                            1'b1: unlock = 1'b1;   // Mealy: unlock on correct code
                            1'b0: error = 1'b1;    // Mealy: error on wrong code
                        endcase
                    end
                endcase
            end

            default: begin
                unlock = 1'b0;
                error = 1'b0;
            end
        endcase
    end

endmodule","module mealy_door_lock_copy (
    input  logic clk,
    input  logic rst_n,
    input  logic [1:0] code_input,
    input  logic enter_btn,
    output logic unlock,
    output logic error
);

    // State encoding
    typedef enum logic [1:0] {
        IDLE,       // Waiting for first digit
        DIGIT1,     // First digit entered
        DIGIT2      // Second digit entered
    } state_t;

    state_t current_state, next_state;

    // Sequential block: state update
    always_ff @(posedge clk or negedge rst_n) begin
        case (rst_n)
            1'b0: current_state <= IDLE;
            1'b1: current_state <= next_state;
        endcase
    end

    // Combinational block: next state logic
    always_comb begin
        next_state = current_state;

        case (current_state)
            IDLE: begin
                case (enter_btn)
                    1'b1: next_state = DIGIT1;
                endcase
            end

            DIGIT1: begin
                case (enter_btn)
                    1'b1: next_state = DIGIT2;
                endcase
            end

            DIGIT2: begin
                case (enter_btn)
                    1'b1: next_state = IDLE;  // Reset after attempt
                endcase
            end
        endcase
    end

    // Combinational block: Mealy outputs
    always_comb begin
        unlock = 1'b0;
        error = 1'b0;

        case (current_state)
            DIGIT2: begin
                case (enter_btn)
                    1'b1: begin
                        // Correct code is 2'b10 (binary 2)
                        case (code_input == 2'b10)
                            1'b1: unlock = 1'b1;   // Mealy: unlock on correct code
                            1'b0: error = 1'b1;    // Mealy: error on wrong code
                        endcase
                    end
                endcase
            end

            default: begin
                unlock = 1'b0;
                error = 1'b0;
            end
        endcase
    end

endmodule",INVALID_OUTPUT,13.091713905334473,614,549
"module debouncer_mealy (
    input logic clk,
    input logic rst_n,
    input logic noisy_in,
    input logic [15:0] debounce_time,
    output logic debounced_out
);

typedef enum logic [1:0] {STABLE0, COUNT0, STABLE1, COUNT1} state_t;
state_t state, next_state;
logic [15:0] counter, next_counter;

// Sequential logic
always_ff @(posedge clk or negedge rst_n) begin
    case (rst_n)
        1'b0: begin
            state <= STABLE0;
            counter <= 16'b0;
        end
        1'b1: begin
            state <= next_state;
            counter <= next_counter;
        end
    endcase
end

// Combinational logic
always_comb begin
    // Default assignments
    next_state = state;
    next_counter = counter;
    debounced_out = 1'b0;

    // Counter update logic
    case (state == COUNT0 || state == COUNT1)
        1'b1: next_counter = counter + 1;
        1'b0: next_counter = 16'b0;
    endcase

    case (state)
        STABLE0: begin
            debounced_out = 1'b0;
            case (noisy_in)
                1'b1: next_state = COUNT0;
            endcase
        end

        COUNT0: begin
            debounced_out = 1'b0;

            case (!noisy_in)
                1'b1: next_state = STABLE0;  // Glitch, go back
            endcase

            case (counter == (debounce_time - 1))
                1'b1: begin
                    next_state = STABLE1;
                    debounced_out = 1'b1;  // Mealy: output high immediately
                end
            endcase
        end

        STABLE1: begin
            debounced_out = 1'b1;
            case (!noisy_in)
                1'b1: next_state = COUNT1;
            endcase
        end

        COUNT1: begin
            debounced_out = 1'b1;

            case (noisy_in)
                1'b1: next_state = STABLE1;  // Glitch, go back
            endcase

            case (counter == (debounce_time - 1))
                1'b1: begin
                    next_state = STABLE0;
                    debounced_out = 1'b0;  // Mealy: output low immediately
                end
            endcase
        end
    endcase
end

endmodule","module debouncer_mealy (
    input logic clk,
    input logic rst_n,
    input logic noisy_in,
    input logic [15:0] debounce_time,
    output logic debounced_out
);

typedef enum logic [1:0] {STABLE0, COUNT0, STABLE1, COUNT1} state_t;
state_t state, next_state;
logic [15:0] counter, next_counter;

// Sequential logic
always_ff @(posedge clk or negedge rst_n) begin
    case (rst_n)
        1'b0: begin
            state <= STABLE0;
            counter <= 16'b0;
        end
        1'b1: begin
            state <= next_state;
            counter <= next_counter;
        end
    endcase
end

// Combinational logic
always_comb begin
    // Default assignments
    next_state = state;
    next_counter = counter;
    debounced_out = 1'b0;

    // Counter update logic
    case (state == COUNT0 || state == COUNT1)
        1'b1: next_counter = counter + 1;
        1'b0: next_counter = 16'b0;
    endcase

    case (state)
        STABLE0: begin
            debounced_out = 1'b0;
            case (noisy_in)
                1'b1: next_state = COUNT0;
            endcase
        end

        COUNT0: begin
            debounced_out = 1'b0;

            case (!noisy_in)
                1'b1: next_state = STABLE0;  // Glitch, go back
            endcase

            case (counter == (debounce_time - 1))
                1'b1: begin
                    next_state = STABLE1;
                    debounced_out = 1'b1;  // Mealy: output high immediately
                end
            endcase
        end

        STABLE1: begin
            debounced_out = 1'b1;
            case (!noisy_in)
                1'b1: next_state = COUNT1;
            endcase
        end

        COUNT1: begin
            debounced_out = 1'b1;

            case (noisy_in)
                1'b1: next_state = STABLE1;  // Glitch, go back
            endcase

            case (counter == (debounce_time - 1))
                1'b1: begin
                    next_state = STABLE0;
                    debounced_out = 1'b0;  // Mealy: output low immediately
                end
            endcase
        end
    endcase
end

endmodule",INVALID_OUTPUT,15.620300054550171,716,649
"// AHB-Lite Slave Controller with Burst Support
// Implements: IDLE, SETUP, ACCESS states with burst (SINGLE, INCR, WRAP4)
// No if/else statements - only case statements for all control and data paths
// Total lines: ~140

module ahb_slave_burst_ctrl (
    // Clock and Reset
    input  logic        HCLK,
    input  logic        HRESETn,

    // AHB-Lite Interface
    input  logic        HSEL,           // Slave select
    input  logic [31:0] HADDR,
    input  logic        HWRITE,
    input  logic [ 2:0] HSIZE,
    input  logic [ 2:0] HBURST,
    input  logic [ 1:0] HTRANS,
    input  logic [31:0] HWDATA,
    output logic [31:0] HRDATA,
    output logic        HREADY,         // Slave ready
    output logic [ 1:0] HRESP,          // Response (0=OKAY, 1=ERROR)

    // Internal memory interface (simulated RAM)
    input  logic [31:0] mem_read_data,
    output logic [31:0] mem_write_data,
    output logic [31:0] mem_address,
    output logic        mem_write_en,
    output logic        mem_read_en
);

    // State encoding
    typedef enum logic [1:0] {
        IDLE    = 2'b00,
        SETUP   = 2'b01,
        ACCESS  = 2'b10
    } state_t;

    state_t current_state, next_state;

    // Burst control registers
    logic [31:0] base_addr;
    logic [31:0] current_addr;
    logic [ 2:0] burst_type;
    logic [ 2:0] burst_size;
    logic [ 1:0] burst_count;
    logic [ 1:0] burst_index;
    logic        burst_active;
    logic        last_beat;
    logic        write_pending;

    // Internal signals
    logic [31:0] next_addr_calc;
    logic        addr_align_error;
    logic        hready_next;
    logic [ 1:0] hresp_next;
    logic [31:0] mem_addr_next;
    logic        mem_we_next;
    logic        mem_re_next;
    logic [31:0] mem_wdata_next;

    // -----------------------------------------------------------------
    // Block 1: Sequential State Register (case-only)
    // -----------------------------------------------------------------
    always_ff @(posedge HCLK or negedge HRESETn) begin
        case (HRESETn)
            1'b0: current_state <= IDLE;
            default: current_state <= next_state;
        endcase
    end

    // -----------------------------------------------------------------
    // Block 2: Sequential Burst Control Registers (case-only)
    // -----------------------------------------------------------------
    always_ff @(posedge HCLK or negedge HRESETn) begin
        case (HRESETn)
            1'b0: begin
                base_addr     <= 32'd0;
                current_addr  <= 32'd0;
                burst_type    <= 3'd0;
                burst_size    <= 3'd0;
                burst_count   <= 2'd0;
                burst_index   <= 2'd0;
                burst_active  <= 1'b0;
                last_beat     <= 1'b0;
                write_pending <= 1'b0;
            end
            default: begin
                case (next_state)
                    IDLE: begin
                        case ({HSEL, HTRANS[1]})
                            2'b11: begin
                                base_addr    <= HADDR;
                                current_addr <= HADDR;
                                burst_type   <= HBURST;
                                burst_size   <= HSIZE;
                                burst_index  <= 2'd0;
                                write_pending <= HWRITE;

                                // Calculate burst active and count using nested case
                                case (HBURST)
                                    3'b000: begin
                                        burst_active <= 1'b0;
                                        burst_count <= 2'd0;
                                    end
                                    3'b001, 3'b010, 3'b011: begin
                                        burst_active <= 1'b1;
                                        // Calculate burst count for WRAP4 and INCR4
                                        case (HBURST)
                                            3'b010, 3'b001, 3'b011: burst_count <= 2'd3;
                                            default: burst_count <= 2'd0;
                                        endcase
                                    end
                                    default: begin
                                        burst_active <= 1'b0;
                                        burst_count <= 2'd0;
                                    end
                                endcase
                            end
                            default: begin
                                burst_active <= 1'b0;
                                write_pending <= 1'b0;
                                // Preserve other registers
                                base_addr    <= base_addr;
                                current_addr <= current_addr;
                                burst_type   <= burst_type;
                                burst_size   <= burst_size;
                                burst_count  <= burst_count;
                                burst_index  <= burst_index;
                                last_beat    <= last_beat;
                            end
                        endcase
                    end

                    SETUP: begin
                        case (HREADY)
                            1'b1: begin
                                current_addr <= next_addr_calc;
                                case (burst_active)
                                    1'b1: begin
                                        burst_index <= burst_index + 2'd1;
                                        case (burst_index == burst_count)
                                            1'b1: last_beat <= 1'b1;
                                            default: last_beat <= 1'b0;
                                        endcase
                                    end
                                    default: last_beat <= 1'b1;
                                endcase
                                // Preserve other registers during SETUP
                                base_addr    <= base_addr;
                                burst_type   <= burst_type;
                                burst_size   <= burst_size;
                                burst_count  <= burst_count;
                                burst_active <= burst_active;
                                write_pending <= write_pending;
                            end
                            default: begin
                                // Hold all values when HREADY is low
                                base_addr    <= base_addr;
                                current_addr <= current_addr;
                                burst_type   <= burst_type;
                                burst_size   <= burst_size;
                                burst_count  <= burst_count;
                                burst_index  <= burst_index;
                                burst_active <= burst_active;
                                last_beat    <= last_beat;
                                write_pending <= write_pending;
                            end
                        endcase
                    end

                    ACCESS: begin
                        // Maintain all values during ACCESS
                        base_addr    <= base_addr;
                        current_addr <= current_addr;
                        burst_type   <= burst_type;
                        burst_size   <= burst_size;
                        burst_count  <= burst_count;
                        burst_index  <= burst_index;
                        burst_active <= burst_active;
                        last_beat    <= last_beat;
                        write_pending <= write_pending;
                    end

                    default: begin
                        // Default hold
                        base_addr    <= base_addr;
                        current_addr <= current_addr;
                        burst_type   <= burst_type;
                        burst_size   <= burst_size;
                        burst_count  <= burst_count;
                        burst_index  <= burst_index;
                        burst_active <= burst_active;
                        last_beat    <= last_beat;
                        write_pending <= write_pending;
                    end
                endcase
            end
        endcase
    end

    // -----------------------------------------------------------------
    // Block 3: Combinational Next State Logic (case-only)
    // -----------------------------------------------------------------
    always_comb begin
        next_state = current_state;

        case (current_state)
            IDLE: begin
                case ({HSEL, HTRANS[1]})
                    2'b11: next_state = SETUP;   // Valid non-IDLE transfer
                    default: next_state = IDLE;
                endcase
            end

            SETUP: begin
                case (HREADY)
                    1'b1: next_state = ACCESS;
                    default: next_state = SETUP;
                endcase
            end

            ACCESS: begin
                case ({HREADY, last_beat})
                    2'b11: next_state = IDLE;      // Done with burst
                    2'b10: next_state = SETUP;     // More beats in burst
                    default: next_state = ACCESS;
                endcase
            end
        endcase
    end

    // -----------------------------------------------------------------
    // Block 4: Combinational Output & Address Calculation (case-only)
    // -----------------------------------------------------------------
    always_comb begin
        // Default values
        hready_next     = 1'b1;
        hresp_next      = 2'b00;
        mem_addr_next   = current_addr;
        mem_we_next     = 1'b0;
        mem_re_next     = 1'b0;
        mem_wdata_next  = HWDATA;
        next_addr_calc  = current_addr;
        addr_align_error = 1'b0;

        // Address alignment check based on HSIZE
        case (burst_size)
            3'b000: addr_align_error = |current_addr[1:0];  // Byte
            3'b001: addr_align_error = current_addr[0];     // Halfword
            3'b010: addr_align_error = |current_addr[1:0];  // Word
            default: addr_align_error = 1'b0;
        endcase

        // Next address calculation based on burst type
        case (burst_type)
            3'b000: begin  // SINGLE
                next_addr_calc = current_addr + (32'd1 << burst_size);
            end

            3'b001, 3'b011: begin  // INCR4, INCR (treated as INCR4 for simplicity)
                next_addr_calc = current_addr + (32'd1 << burst_size);
            end

            3'b010: begin  // WRAP4
                case (burst_size)
                    3'b010: begin  // Word wrapping
                        case (burst_index)
                            2'd0: next_addr_calc = {current_addr[31:4], current_addr[3:0] + 4'd4};
                            2'd1: next_addr_calc = {current_addr[31:4], current_addr[3:0] + 4'd8};
                            2'd2: next_addr_calc = {current_addr[31:4], current_addr[3:0] + 4'd12};
                            default: next_addr_calc = {current_addr[31:4], 4'd0};
                        endcase
                    end
                    default: next_addr_calc = current_addr + (32'd1 << burst_size);
                endcase
            end

            default: begin
                next_addr_calc = current_addr;
            end
        endcase

        // Main output control based on state and burst conditions
        case (current_state)
            IDLE: begin
                case ({HSEL, HTRANS[1]})
                    2'b11: begin
                        hready_next = 1'b0;  // Wait state for first access
                        case (HWRITE)
                            1'b1: mem_we_next = 1'b1;
                            1'b0: mem_re_next = 1'b1;
                        endcase
                    end
                    default: begin
                        hready_next = 1'b1;
                    end
                endcase
            end

            SETUP: begin
                case (addr_align_error)
                    1'b1: begin
                        hresp_next = 2'b01;  // ERROR response
                        hready_next = 1'b1;
                    end
                    default: begin
                        case (write_pending)
                            1'b1: mem_we_next = 1'b1;
                            1'b0: mem_re_next = 1'b1;
                        endcase
                        hready_next = 1'b0;  // Stall until memory ready
                    end
                endcase
            end

            ACCESS: begin
                case (HREADY)
                    1'b1: begin
                        hready_next = 1'b1;
                        hresp_next = 2'b00;  // OKAY response
                        // Prepare for next burst beat if needed
                        case (last_beat)
                            1'b0: begin
                                case (write_pending)
                                    1'b1: mem_we_next = 1'b1;
                                    1'b0: mem_re_next = 1'b1;
                                endcase
                            end
                        endcase
                    end
                    default: begin
                        hready_next = 1'b0;
                    end
                endcase
            end
        endcase

        // Error override for misaligned access
        case (addr_align_error)
            1'b1: begin
                case (current_state)
                    SETUP: begin
                        mem_we_next = 1'b0;
                        mem_re_next = 1'b0;
                    end
                endcase
            end
        endcase
    end

    // Connect outputs
    assign HREADY   = hready_next;
    assign HRESP    = hresp_next;
    assign HRDATA   = mem_read_data;
    assign mem_address = mem_addr_next;
    assign mem_write_en = mem_we_next;
    assign mem_read_en  = mem_re_next;
    assign mem_write_data = mem_wdata_next;

endmodule","module ahb_slave_burst_ctrl_copy (
    // Clock and Reset
    input  logic        HCLK,
    input  logic        HRESETn,

    // AHB-Lite Interface
    input  logic        HSEL,           // Slave select
    input  logic [31:0] HADDR,
    input  logic        HWRITE,
    input  logic [ 2:0] HSIZE,
    input  logic [ 2:0] HBURST,
    input  logic [ 1:0] HTRANS,
    input  logic [31:0] HWDATA,
    output logic [31:0] HRDATA,
    output logic        HREADY,         // Slave ready
    output logic [ 1:0] HRESP,          // Response (0=OKAY, 1=ERROR)

    // Internal memory interface (simulated RAM)
    input  logic [31:0] mem_read_data,
    output logic [31:0] mem_write_data,
    output logic [31:0] mem_address,
    output logic        mem_write_en,
    output logic        mem_read_en
);

    // State encoding
    typedef enum logic [1:0] {
        IDLE    = 2'b00,
        SETUP   = 2'b01,
        ACCESS  = 2'b10
    } state_t;

    state_t current_state, next_state;

    // Burst control registers
    logic [31:0] base_addr;
    logic [31:0] current_addr;
    logic [ 2:0] burst_type;
    logic [ 2:0] burst_size;
    logic [ 1:0] burst_count;
    logic [ 1:0] burst_index;
    logic        burst_active;
    logic        last_beat;
    logic        write_pending;

    // Internal signals
    logic [31:0] next_addr_calc;
    logic        addr_align_error;
    logic        hready_next;
    logic [ 1:0] hresp_next;
    logic [31:0] mem_addr_next;
    logic        mem_we_next;
    logic        mem_re_next;
    logic [31:0] mem_wdata_next;

    // -----------------------------------------------------------------
    // Block 1: Sequential State Register (case-only)
    // -----------------------------------------------------------------
    always_ff @(posedge HCLK or negedge HRESETn) begin
        case (HRESETn)
            1'b0: current_state <= IDLE;
            default: current_state <= next_state;
        endcase
    end

    // -----------------------------------------------------------------
    // Block 2: Sequential Burst Control Registers (case-only)
    // -----------------------------------------------------------------
    always_ff @(posedge HCLK or negedge HRESETn) begin
        case (HRESETn)
            1'b0: begin
                base_addr     <= 32'd0;
                current_addr  <= 32'd0;
                burst_type    <= 3'd0;
                burst_size    <= 3'd0;
                burst_count   <= 2'd0;
                burst_index   <= 2'd0;
                burst_active  <= 1'b0;
                last_beat     <= 1'b0;
                write_pending <= 1'b0;
            end
            default: begin
                case (next_state)
                    IDLE: begin
                        case ({HSEL, HTRANS[1]})
                            2'b11: begin
                                base_addr    <= HADDR;
                                current_addr <= HADDR;
                                burst_type   <= HBURST;
                                burst_size   <= HSIZE;
                                burst_index  <= 2'd0;
                                write_pending <= HWRITE;

                                // Calculate burst active and count using nested case
                                case (HBURST)
                                    3'b000: begin
                                        burst_active <= 1'b0;
                                        burst_count <= 2'd0;
                                    end
                                    3'b001, 3'b010, 3'b011: begin
                                        burst_active <= 1'b1;
                                        // Calculate burst count for WRAP4 and INCR4
                                        case (HBURST)
                                            3'b010, 3'b001, 3'b011: burst_count <= 2'd3;
                                            default: burst_count <= 2'd0;
                                        endcase
                                    end
                                    default: begin
                                        burst_active <= 1'b0;
                                        burst_count <= 2'd0;
                                    end
                                endcase
                            end
                            default: begin
                                burst_active <= 1'b0;
                                write_pending <= 1'b0;
                                // Preserve other registers
                                base_addr    <= base_addr;
                                current_addr <= current_addr;
                                burst_type   <= burst_type;
                                burst_size   <= burst_size;
                                burst_count  <= burst_count;
                                burst_index  <= burst_index;
                                last_beat    <= last_beat;
                            end
                        endcase
                    end

                    SETUP: begin
                        case (HREADY)
                            1'b1: begin
                                current_addr <= next_addr_calc;
                                case (burst_active)
                                    1'b1: begin
                                        burst_index <= burst_index + 2'd1;
                                        case (burst_index == burst_count)
                                            1'b1: last_beat <= 1'b1;
                                            default: last_beat <= 1'b0;
                                        endcase
                                    end
                                    default: last_beat <= 1'b1;
                                endcase
                                // Preserve other registers during SETUP
                                base_addr    <= base_addr;
                                burst_type   <= burst_type;
                                burst_size   <= burst_size;
                                burst_count  <= burst_count;
                                burst_active <= burst_active;
                                write_pending <= write_pending;
                            end
                            default: begin
                                // Hold all values when HREADY is low
                                base_addr    <= base_addr;
                                current_addr <= current_addr;
                                burst_type   <= burst_type;
                                burst_size   <= burst_size;
                                burst_count  <= burst_count;
                                burst_index  <= burst_index;
                                burst_active <= burst_active;
                                last_beat    <= last_beat;
                                write_pending <= write_pending;
                            end
                        endcase
                    end

                    ACCESS: begin
                        // Maintain all values during ACCESS
                        base_addr    <= base_addr;
                        current_addr <= current_addr;
                        burst_type   <= burst_type;
                        burst_size   <= burst_size;
                        burst_count  <= burst_count;
                        burst_index  <= burst_index;
                        burst_active <= burst_active;
                        last_beat    <= last_beat;
                        write_pending <= write_pending;
                    end

                    default: begin
                        // Default hold
                        base_addr    <= base_addr;
                        current_addr <= current_addr;
                        burst_type   <= burst_type;
                        burst_size   <= burst_size;
                        burst_count  <= burst_count;
                        burst_index  <= burst_index;
                        burst_active <= burst_active;
                        last_beat    <= last_beat;
                        write_pending <= write_pending;
                    end
                endcase
            end
        endcase
    end

    // -----------------------------------------------------------------
    // Block 3: Combinational Next State Logic (case-only)
    // -----------------------------------------------------------------
    always_comb begin
        next_state = current_state;

        case (current_state)
            IDLE: begin
                case ({HSEL, HTRANS[1]})
                    2'b11: next_state = SETUP;   // Valid non-IDLE transfer
                    default: next_state = IDLE;
                endcase
            end

            SETUP: begin
                case (HREADY)
                    1'b1: next_state = ACCESS;
                    default: next_state = SETUP;
                endcase
            end

            ACCESS: begin
                case ({HREADY, last_beat})
                    2'b11: next_state = IDLE;      // Done with burst
                    2'b10: next_state = SETUP;     // More beats in burst
                    default: next_state = ACCESS;
                endcase
            end
        endcase
    end

    // -----------------------------------------------------------------
    // Block 4: Combinational Output & Address Calculation (case-only)
    // -----------------------------------------------------------------
    always_comb begin
        // Default values
        hready_next     = 1'b1;
        hresp_next      = 2'b00;
        mem_addr_next   = current_addr;
        mem_we_next     = 1'b0;
        mem_re_next     = 1'b0;
        mem_wdata_next  = HWDATA;
        next_addr_calc  = current_addr;
        addr_align_error = 1'b0;

        // Address alignment check based on HSIZE
        case (burst_size)
            3'b000: addr_align_error = |current_addr[1:0];  // Byte
            3'b001: addr_align_error = current_addr[0];     // Halfword
            3'b010: addr_align_error = |current_addr[1:0];  // Word
            default: addr_align_error = 1'b0;
        endcase

        // Next address calculation based on burst type
        case (burst_type)
            3'b000: begin  // SINGLE
                next_addr_calc = current_addr + (32'd1 << burst_size);
            end

            3'b001, 3'b011: begin  // INCR4, INCR (treated as INCR4 for simplicity)
                next_addr_calc = current_addr + (32'd1 << burst_size);
            end

            3'b010: begin  // WRAP4
                case (burst_size)
                    3'b010: begin  // Word wrapping
                        case (burst_index)
                            2'd0: next_addr_calc = {current_addr[31:4], current_addr[3:0] + 4'd4};
                            2'd1: next_addr_calc = {current_addr[31:4], current_addr[3:0] + 4'd8};
                            2'd2: next_addr_calc = {current_addr[31:4], current_addr[3:0] + 4'd12};
                            default: next_addr_calc = {current_addr[31:4], 4'd0};
                        endcase
                    end
                    default: next_addr_calc = current_addr + (32'd1 << burst_size);
                endcase
            end

            default: begin
                next_addr_calc = current_addr;
            end
        endcase

        // Main output control based on state and burst conditions
        case (current_state)
            IDLE: begin
                case ({HSEL, HTRANS[1]})
                    2'b11: begin
                        hready_next = 1'b0;  // Wait state for first access
                        case (HWRITE)
                            1'b1: mem_we_next = 1'b1;
                            1'b0: mem_re_next = 1'b1;
                        endcase
                    end
                    default: begin
                        hready_next = 1'b1;
                    end
                endcase
            end

            SETUP: begin
                case (addr_align_error)
                    1'b1: begin
                        hresp_next = 2'b01;  // ERROR response
                        hready_next = 1'b1;
                    end
                    default: begin
                        case (write_pending)
                            1'b1: mem_we_next = 1'b1;
                            1'b0: mem_re_next = 1'b1;
                        endcase
                        hready_next = 1'b0;  // Stall until memory ready
                    end
                endcase
            end

            ACCESS: begin
                case (HREADY)
                    1'b1: begin
                        hready_next = 1'b1;
                        hresp_next = 2'b00;  // OKAY response
                        // Prepare for next burst beat if needed
                        case (last_beat)
                            1'b0: begin
                                case (write_pending)
                                    1'b1: mem_we_next = 1'b1;
                                    1'b0: mem_re_next = 1'b1;
                                endcase
                            end
                        endcase
                    end
                    default: begin
                        hready_next = 1'b0;
                    end
                endcase
            end
        endcase

        // Error override for misaligned access
        case (addr_align_error)
            1'b1: begin
                case (current_state)
                    SETUP: begin
                        mem_we_next = 1'b0;
                        mem_re_next = 1'b0;
                    end
                endcase
            end
        endcase
    end

    // Connect outputs
    assign HREADY   = hready_next;
    assign HRESP    = hresp_next;
    assign HRDATA   = mem_read_data;
    assign mem_address = mem_addr_next;
    assign mem_write_en = mem_we_next;
    assign mem_read_en  = mem_re_next;
    assign mem_write_data = mem_wdata_next;

endmodule",INVALID_OUTPUT,106.4139621257782,3497,3374
"//------------------------------------------------------------------------------
// Multi-Port Memory Arbiter with Write Priority
//
// A memory controller that arbitrates between 4 requesters (0-3) for a
// single memory bank. Features:
// - Write operations have absolute priority over reads
// - Round-robin arbitration among writers, and among readers when no writes
// - Sequential logic for state, combinational logic for grant/selection
// - No if/else statements - only case/casez/case inside
// - No loops
//------------------------------------------------------------------------------

module memory_arbiter (
    input  logic        clk,
    input  logic        rst_n,

    // Requester 0 interface
    input  logic        req0_wr,        // Write request
    input  logic        req0_rd,        // Read request
    input  logic [31:0] req0_addr,
    input  logic [31:0] req0_wdata,
    output logic        grant0_wr,      // Write grant
    output logic        grant0_rd,      // Read grant
    output logic [31:0] resp0_rdata,

    // Requester 1 interface
    input  logic        req1_wr,
    input  logic        req1_rd,
    input  logic [31:0] req1_addr,
    input  logic [31:0] req1_wdata,
    output logic        grant1_wr,
    output logic        grant1_rd,
    output logic [31:0] resp1_rdata,

    // Requester 2 interface
    input  logic        req2_wr,
    input  logic        req2_rd,
    input  logic [31:0] req2_addr,
    input  logic [31:0] req2_wdata,
    output logic        grant2_wr,
    output logic        grant2_rd,
    output logic [31:0] resp2_rdata,

    // Requester 3 interface
    input  logic        req3_wr,
    input  logic        req3_rd,
    input  logic [31:0] req3_addr,
    input  logic [31:0] req3_wdata,
    output logic        grant3_wr,
    output logic        grant3_rd,
    output logic [31:0] resp3_rdata,

    // Memory interface (single-ported)
    output logic        mem_wr_en,
    output logic [31:0] mem_addr,
    output logic [31:0] mem_wdata,
    input  logic [31:0] mem_rdata
);

    //--------------------------------------------------------------------------
    // Internal signals
    //--------------------------------------------------------------------------
    typedef enum logic [3:0] {  // Use 4 bits for 9 states (0-8)
        STATE_IDLE    = 4'b0000,
        STATE_WRITE0  = 4'b0001,
        STATE_WRITE1  = 4'b0010,
        STATE_WRITE2  = 4'b0011,
        STATE_WRITE3  = 4'b0100,
        STATE_READ0   = 4'b0101,
        STATE_READ1   = 4'b0110,
        STATE_READ2   = 4'b0111,
        STATE_READ3   = 4'b1000
    } state_t;

    state_t curr_state, next_state;

    // Arbitration priority tracking
    logic [1:0] last_wr_served;    // Last writer served (for round-robin)
    logic [1:0] last_rd_served;    // Last reader served (for round-robin)

    // Combined request vectors
    logic [3:0] wr_req_vec;         // Write requests from all requesters
    logic [3:0] rd_req_vec;         // Read requests from all requesters

    // Selected requester ID and operation
    logic [1:0] selected_id;
    logic       selected_is_write;

    // Grant signals (combinatorial)
    logic [3:0] grant_wr_vec;
    logic [3:0] grant_rd_vec;
    logic [31:0] rdata_vec [3:0];   // Read data per requester

    //--------------------------------------------------------------------------
    // Block 1: COMBINATIONAL - Build request vectors and priority selection
    // Uses case statements to implement priority encoder with round-robin
    //--------------------------------------------------------------------------
    always_comb begin
        // Build request vectors
        wr_req_vec = {req3_wr, req2_wr, req1_wr, req0_wr};
        rd_req_vec = {req3_rd, req2_rd, req1_rd, req0_rd};

        // Default assignments
        selected_id = 2'b00;
        selected_is_write = 1'b0;

        // Priority arbitration: Write requests have absolute priority
        // Use casez to find highest priority pending write with round-robin
        casez ({wr_req_vec, last_wr_served})
            // Round-robin starting point based on last_wr_served
            6'b???1_00: begin selected_id = 2'b00; selected_is_write = 1'b1; end  // req0_wr
            6'b??1?_01: begin selected_id = 2'b01; selected_is_write = 1'b1; end  // req1_wr
            6'b?1??_10: begin selected_id = 2'b10; selected_is_write = 1'b1; end  // req2_wr
            6'b1???_11: begin selected_id = 2'b11; selected_is_write = 1'b1; end  // req3_wr
            // Wrap-around cases (if starting point has no request)
            6'b???1_11: begin selected_id = 2'b00; selected_is_write = 1'b1; end
            6'b??1?_00: begin selected_id = 2'b01; selected_is_write = 1'b1; end
            6'b?1??_01: begin selected_id = 2'b10; selected_is_write = 1'b1; end
            6'b1???_10: begin selected_id = 2'b11; selected_is_write = 1'b1; end
            default: begin
                // No writes - handle reads with round-robin
                casez ({rd_req_vec, last_rd_served})
                    6'b???1_00: begin selected_id = 2'b00; selected_is_write = 1'b0; end
                    6'b??1?_01: begin selected_id = 2'b01; selected_is_write = 1'b0; end
                    6'b?1??_10: begin selected_id = 2'b10; selected_is_write = 1'b0; end
                    6'b1???_11: begin selected_id = 2'b11; selected_is_write = 1'b0; end
                    6'b???1_11: begin selected_id = 2'b00; selected_is_write = 1'b0; end
                    6'b??1?_00: begin selected_id = 2'b01; selected_is_write = 1'b0; end
                    6'b?1??_01: begin selected_id = 2'b10; selected_is_write = 1'b0; end
                    6'b1???_10: begin selected_id = 2'b11; selected_is_write = 1'b0; end
                    default: begin
                        selected_id = 2'b00;
                        selected_is_write = 1'b0;
                    end
                endcase
            end
        endcase
    end

    //--------------------------------------------------------------------------
    // Block 2: COMBINATIONAL - Generate per-requester grant signals and data
    // Uses case statements to decode selected_id into individual grants
    //--------------------------------------------------------------------------
    always_comb begin
        // Default: all grants deasserted
        grant_wr_vec = 4'b0000;
        grant_rd_vec = 4'b0000;

        // Set read data for each requester based on memory output
        rdata_vec[0] = mem_rdata;
        rdata_vec[1] = mem_rdata;
        rdata_vec[2] = mem_rdata;
        rdata_vec[3] = mem_rdata;

        // Decode selected requester and operation type
        case ({selected_is_write, selected_id})
            {1'b1, 2'b00}: grant_wr_vec[0] = 1'b1;
            {1'b1, 2'b01}: grant_wr_vec[1] = 1'b1;
            {1'b1, 2'b10}: grant_wr_vec[2] = 1'b1;
            {1'b1, 2'b11}: grant_wr_vec[3] = 1'b1;
            {1'b0, 2'b00}: grant_rd_vec[0] = 1'b1;
            {1'b0, 2'b01}: grant_rd_vec[1] = 1'b1;
            {1'b0, 2'b10}: grant_rd_vec[2] = 1'b1;
            {1'b0, 2'b11}: grant_rd_vec[3] = 1'b1;
            default: begin
                grant_wr_vec = 4'b0000;
                grant_rd_vec = 4'b0000;
            end
        endcase

        // Memory control signals based on selected operation
        case (selected_is_write)
            1'b1: begin
                mem_wr_en = 1'b1;
                // Select write data based on requester
                case (selected_id)
                    2'b00: mem_wdata = req0_wdata;
                    2'b01: mem_wdata = req1_wdata;
                    2'b10: mem_wdata = req2_wdata;
                    2'b11: mem_wdata = req3_wdata;
                    default: mem_wdata = 32'b0;
                endcase
                // Select address based on requester
                case (selected_id)
                    2'b00: mem_addr = req0_addr;
                    2'b01: mem_addr = req1_addr;
                    2'b10: mem_addr = req2_addr;
                    2'b11: mem_addr = req3_addr;
                    default: mem_addr = 32'b0;
                endcase
            end
            1'b0: begin
                mem_wr_en = 1'b0;
                mem_wdata = 32'b0;
                // Select address based on requester
                case (selected_id)
                    2'b00: mem_addr = req0_addr;
                    2'b01: mem_addr = req1_addr;
                    2'b10: mem_addr = req2_addr;
                    2'b11: mem_addr = req3_addr;
                    default: mem_addr = 32'b0;
                endcase
            end
            default: begin
                mem_wr_en = 1'b0;
                mem_addr = 32'b0;
                mem_wdata = 32'b0;
            end
        endcase
    end

    //--------------------------------------------------------------------------
    // Block 3: COMBINATIONAL - Next state logic for FSM
    // Uses case statements to determine next state based on current state and
    // the selected operation from the arbitration logic
    //--------------------------------------------------------------------------
    always_comb begin
        next_state = curr_state;

        case (curr_state)
            STATE_IDLE: begin
                case ({selected_is_write, |wr_req_vec, |rd_req_vec})
                    3'b1_1_x: begin  // Write exists
                        case (selected_id)
                            2'b00: next_state = STATE_WRITE0;
                            2'b01: next_state = STATE_WRITE1;
                            2'b10: next_state = STATE_WRITE2;
                            2'b11: next_state = STATE_WRITE3;
                            default: next_state = STATE_IDLE;
                        endcase
                    end
                    3'b0_0_1: begin  // Only reads exist
                        case (selected_id)
                            2'b00: next_state = STATE_READ0;
                            2'b01: next_state = STATE_READ1;
                            2'b10: next_state = STATE_READ2;
                            2'b11: next_state = STATE_READ3;
                            default: next_state = STATE_IDLE;
                        endcase
                    end
                    default: next_state = STATE_IDLE;
                endcase
            end

            STATE_WRITE0: next_state = STATE_IDLE;
            STATE_WRITE1: next_state = STATE_IDLE;
            STATE_WRITE2: next_state = STATE_IDLE;
            STATE_WRITE3: next_state = STATE_IDLE;

            STATE_READ0:  next_state = STATE_IDLE;
            STATE_READ1:  next_state = STATE_IDLE;
            STATE_READ2:  next_state = STATE_IDLE;
            STATE_READ3:  next_state = STATE_IDLE;

            default: next_state = STATE_IDLE;
        endcase
    end

    //--------------------------------------------------------------------------
    // Block 4: SEQUENTIAL - State register and priority tracking
    // Updates FSM state and maintains last-served IDs for round-robin
    //--------------------------------------------------------------------------
    always_ff @(posedge clk or negedge rst_n) begin
        case (rst_n)
            1'b0: begin
                curr_state <= STATE_IDLE;
                last_wr_served <= 2'b00;
                last_rd_served <= 2'b00;
            end
            1'b1: begin
                curr_state <= next_state;

                // Update priority tracking based on completed operation
                case (curr_state)
                    STATE_WRITE0: last_wr_served <= 2'b00;
                    STATE_WRITE1: last_wr_served <= 2'b01;
                    STATE_WRITE2: last_wr_served <= 2'b10;
                    STATE_WRITE3: last_wr_served <= 2'b11;
                    STATE_READ0:  last_rd_served <= 2'b00;
                    STATE_READ1:  last_rd_served <= 2'b01;
                    STATE_READ2:  last_rd_served <= 2'b10;
                    STATE_READ3:  last_rd_served <= 2'b11;
                    default: begin
                        // No change on idle or other states
                        last_wr_served <= last_wr_served;
                        last_rd_served <= last_rd_served;
                    end
                endcase
            end
            default: begin
                curr_state <= STATE_IDLE;
                last_wr_served <= 2'b00;
                last_rd_served <= 2'b00;
            end
        endcase
    end

    //--------------------------------------------------------------------------
    // Output assignments (connect grant vectors to module ports)
    //--------------------------------------------------------------------------
    assign grant0_wr = grant_wr_vec[0];
    assign grant1_wr = grant_wr_vec[1];
    assign grant2_wr = grant_wr_vec[2];
    assign grant3_wr = grant_wr_vec[3];

    assign grant0_rd = grant_rd_vec[0];
    assign grant1_rd = grant_rd_vec[1];
    assign grant2_rd = grant_rd_vec[2];
    assign grant3_rd = grant_rd_vec[3];

    assign resp0_rdata = rdata_vec[0];
    assign resp1_rdata = rdata_vec[1];
    assign resp2_rdata = rdata_vec[2];
    assign resp3_rdata = rdata_vec[3];

endmodule","module memory_arbiter (
    input  logic        clk,
    input  logic        rst_n,

    // Requester 0 interface
    input  logic        req0_wr,        // Write request
    input  logic        req0_rd,        // Read request
    input  logic [31:0] req0_addr,
    input  logic [31:0] req0_wdata,
    output logic        grant0_wr,      // Write grant
    output logic        grant0_rd,      // Read grant
    output logic [31:0] resp0_rdata,

    // Requester 1 interface
    input  logic        req1_wr,
    input  logic        req1_rd,
    input  logic [31:0] req1_addr,
    input  logic [31:0] req1_wdata,
    output logic        grant1_wr,
    output logic        grant1_rd,
    output logic [31:0] resp1_rdata,

    // Requester 2 interface
    input  logic        req2_wr,
    input  logic        req2_rd,
    input  logic [31:0] req2_addr,
    input  logic [31:0] req2_wdata,
    output logic        grant2_wr,
    output logic        grant2_rd,
    output logic [31:0] resp2_rdata,

    // Requester 3 interface
    input  logic        req3_wr,
    input  logic        req3_rd,
    input  logic [31:0] req3_addr,
    input  logic [31:0] req3_wdata,
    output logic        grant3_wr,
    output logic        grant3_rd,
    output logic [31:0] resp3_rdata,

    // Memory interface (single-ported)
    output logic        mem_wr_en,
    output logic [31:0] mem_addr,
    output logic [31:0] mem_wdata,
    input  logic [31:0] mem_rdata
);

    //--------------------------------------------------------------------------
    // Internal signals
    //--------------------------------------------------------------------------
    typedef enum logic [3:0] {  // Use 4 bits for 9 states (0-8)
        STATE_IDLE    = 4'b0000,
        STATE_WRITE0  = 4'b0001,
        STATE_WRITE1  = 4'b0010,
        STATE_WRITE2  = 4'b0011,
        STATE_WRITE3  = 4'b0100,
        STATE_READ0   = 4'b0101,
        STATE_READ1   = 4'b0110,
        STATE_READ2   = 4'b0111,
        STATE_READ3   = 4'b1000
    } state_t;

    state_t curr_state, next_state;

    // Arbitration priority tracking
    logic [1:0] last_wr_served;    // Last writer served (for round-robin)
    logic [1:0] last_rd_served;    // Last reader served (for round-robin)

    // Combined request vectors
    logic [3:0] wr_req_vec;         // Write requests from all requesters
    logic [3:0] rd_req_vec;         // Read requests from all requesters

    // Selected requester ID and operation
    logic [1:0] selected_id;
    logic       selected_is_write;

    // Grant signals (combinatorial)
    logic [3:0] grant_wr_vec;
    logic [3:0] grant_rd_vec;
    logic [31:0] rdata_vec [3:0];   // Read data per requester

    //--------------------------------------------------------------------------
    // Block 1: COMBINATIONAL - Build request vectors and priority selection
    // Uses case statements to implement priority encoder with round-robin
    //--------------------------------------------------------------------------
    always_comb begin
        // Build request vectors
        wr_req_vec = {req3_wr, req2_wr, req1_wr, req0_wr};
        rd_req_vec = {req3_rd, req2_rd, req1_rd, req0_rd};

        // Default assignments
        selected_id = 2'b00;
        selected_is_write = 1'b0;

        // Priority arbitration: Write requests have absolute priority
        // Use casez to find highest priority pending write with round-robin
        casez ({wr_req_vec, last_wr_served})
            // Round-robin starting point based on last_wr_served
            6'b???1_00: begin selected_id = 2'b00; selected_is_write = 1'b1; end  // req0_wr
            6'b??1?_01: begin selected_id = 2'b01; selected_is_write = 1'b1; end  // req1_wr
            6'b?1??_10: begin selected_id = 2'b10; selected_is_write = 1'b1; end  // req2_wr
            6'b1???_11: begin selected_id = 2'b11; selected_is_write = 1'b1; end  // req3_wr
            // Wrap-around cases (if starting point has no request)
            6'b???1_11: begin selected_id = 2'b00; selected_is_write = 1'b1; end
            6'b??1?_00: begin selected_id = 2'b01; selected_is_write = 1'b1; end
            6'b?1??_01: begin selected_id = 2'b10; selected_is_write = 1'b1; end
            6'b1???_10: begin selected_id = 2'b11; selected_is_write = 1'b1; end
            default: begin
                // No writes - handle reads with round-robin
                casez ({rd_req_vec, last_rd_served})
                    6'b???1_00: begin selected_id = 2'b00; selected_is_write = 1'b0; end
                    6'b??1?_01: begin selected_id = 2'b01; selected_is_write = 1'b0; end
                    6'b?1??_10: begin selected_id = 2'b10; selected_is_write = 1'b0; end
                    6'b1???_11: begin selected_id = 2'b11; selected_is_write = 1'b0; end
                    6'b???1_11: begin selected_id = 2'b00; selected_is_write = 1'b0; end
                    6'b??1?_00: begin selected_id = 2'b01; selected_is_write = 1'b0; end
                    6'b?1??_01: begin selected_id = 2'b10; selected_is_write = 1'b0; end
                    6'b1???_10: begin selected_id = 2'b11; selected_is_write = 1'b0; end
                    default: begin
                        selected_id = 2'b00;
                        selected_is_write = 1'b0;
                    end
                endcase
            end
        endcase
    end

    //--------------------------------------------------------------------------
    // Block 2: COMBINATIONAL - Generate per-requester grant signals and data
    // Uses case statements to decode selected_id into individual grants
    //--------------------------------------------------------------------------
    always_comb begin
        // Default: all grants deasserted
        grant_wr_vec = 4'b0000;
        grant_rd_vec = 4'b0000;

        // Set read data for each requester based on memory output
        rdata_vec[0] = mem_rdata;
        rdata_vec[1] = mem_rdata;
        rdata_vec[2] = mem_rdata;
        rdata_vec[3] = mem_rdata;

        // Decode selected requester and operation type
        case ({selected_is_write, selected_id})
            {1'b1, 2'b00}: grant_wr_vec[0] = 1'b1;
            {1'b1, 2'b01}: grant_wr_vec[1] = 1'b1;
            {1'b1, 2'b10}: grant_wr_vec[2] = 1'b1;
            {1'b1, 2'b11}: grant_wr_vec[3] = 1'b1;
            {1'b0, 2'b00}: grant_rd_vec[0] = 1'b1;
            {1'b0, 2'b01}: grant_rd_vec[1] = 1'b1;
            {1'b0, 2'b10}: grant_rd_vec[2] = 1'b1;
            {1'b0, 2'b11}: grant_rd_vec[3] = 1'b1;
            default: begin
                grant_wr_vec = 4'b0000;
                grant_rd_vec = 4'b0000;
            end
        endcase

        // Memory control signals based on selected operation
        case (selected_is_write)
            1'b1: begin
                mem_wr_en = 1'b1;
                // Select write data based on requester
                case (selected_id)
                    2'b00: mem_wdata = req0_wdata;
                    2'b01: mem_wdata = req1_wdata;
                    2'b10: mem_wdata = req2_wdata;
                    2'b11: mem_wdata = req3_wdata;
                    default: mem_wdata = 32'b0;
                endcase
                // Select address based on requester
                case (selected_id)
                    2'b00: mem_addr = req0_addr;
                    2'b01: mem_addr = req1_addr;
                    2'b10: mem_addr = req2_addr;
                    2'b11: mem_addr = req3_addr;
                    default: mem_addr = 32'b0;
                endcase
            end
            1'b0: begin
                mem_wr_en = 1'b0;
                mem_wdata = 32'b0;
                // Select address based on requester
                case (selected_id)
                    2'b00: mem_addr = req0_addr;
                    2'b01: mem_addr = req1_addr;
                    2'b10: mem_addr = req2_addr;
                    2'b11: mem_addr = req3_addr;
                    default: mem_addr = 32'b0;
                endcase
            end
            default: begin
                mem_wr_en = 1'b0;
                mem_addr = 32'b0;
                mem_wdata = 32'b0;
            end
        endcase
    end

    //--------------------------------------------------------------------------
    // Block 3: COMBINATIONAL - Next state logic for FSM
    // Uses case statements to determine next state based on current state and
    // the selected operation from the arbitration logic
    //--------------------------------------------------------------------------
    always_comb begin
        next_state = curr_state;

        case (curr_state)
            STATE_IDLE: begin
                case ({selected_is_write, |wr_req_vec, |rd_req_vec})
                    3'b1_1_x: begin  // Write exists
                        case (selected_id)
                            2'b00: next_state = STATE_WRITE0;
                            2'b01: next_state = STATE_WRITE1;
                            2'b10: next_state = STATE_WRITE2;
                            2'b11: next_state = STATE_WRITE3;
                            default: next_state = STATE_IDLE;
                        endcase
                    end
                    3'b0_0_1: begin  // Only reads exist
                        case (selected_id)
                            2'b00: next_state = STATE_READ0;
                            2'b01: next_state = STATE_READ1;
                            2'b10: next_state = STATE_READ2;
                            2'b11: next_state = STATE_READ3;
                            default: next_state = STATE_IDLE;
                        endcase
                    end
                    default: next_state = STATE_IDLE;
                endcase
            end

            STATE_WRITE0: next_state = STATE_IDLE;
            STATE_WRITE1: next_state = STATE_IDLE;
            STATE_WRITE2: next_state = STATE_IDLE;
            STATE_WRITE3: next_state = STATE_IDLE;

            STATE_READ0:  next_state = STATE_IDLE;
            STATE_READ1:  next_state = STATE_IDLE;
            STATE_READ2:  next_state = STATE_IDLE;
            STATE_READ3:  next_state = STATE_IDLE;

            default: next_state = STATE_IDLE;
        endcase
    end

    //--------------------------------------------------------------------------
    // Block 4: SEQUENTIAL - State register and priority tracking
    // Updates FSM state and maintains last-served IDs for round-robin
    //--------------------------------------------------------------------------
    always_ff @(posedge clk or negedge rst_n) begin
        case (rst_n)
            1'b0: begin
                curr_state <= STATE_IDLE;
                last_wr_served <= 2'b00;
                last_rd_served <= 2'b00;
            end
            1'b1: begin
                curr_state <= next_state;

                // Update priority tracking based on completed operation
                case (curr_state)
                    STATE_WRITE0: last_wr_served <= 2'b00;
                    STATE_WRITE1: last_wr_served <= 2'b01;
                    STATE_WRITE2: last_wr_served <= 2'b10;
                    STATE_WRITE3: last_wr_served <= 2'b11;
                    STATE_READ0:  last_rd_served <= 2'b00;
                    STATE_READ1:  last_rd_served <= 2'b01;
                    STATE_READ2:  last_rd_served <= 2'b10;
                    STATE_READ3:  last_rd_served <= 2'b11;
                    default: begin
                        // No change on idle or other states
                        last_wr_served <= last_wr_served;
                        last_rd_served <= last_rd_served;
                    end
                endcase
            end
            default: begin
                curr_state <= STATE_IDLE;
                last_wr_served <= 2'b00;
                last_rd_served <= 2'b00;
            end
        endcase
    end

    //--------------------------------------------------------------------------
    // Output assignments (connect grant vectors to module ports)
    //--------------------------------------------------------------------------
    assign grant0_wr = grant_wr_vec[0];
    assign grant1_wr = grant_wr_vec[1];
    assign grant2_wr = grant_wr_vec[2];
    assign grant3_wr = grant_wr_vec[3];

    assign grant0_rd = grant_rd_vec[0];
    assign grant1_rd = grant_rd_vec[1];
    assign grant2_rd = grant_rd_vec[2];
    assign grant3_rd = grant_rd_vec[3];

    assign resp0_rdata = rdata_vec[0];
    assign resp1_rdata = rdata_vec[1];
    assign resp2_rdata = rdata_vec[2];
    assign resp3_rdata = rdata_vec[3];

endmodule",INVALID_OUTPUT,129.06061840057373,4084,3899
"module edge_detector_mealy (
    input logic clk,
    input logic rst_n,
    input logic din,
    output logic rising_edge
);

typedef enum logic {IDLE, HIGH} state_t;
state_t state, next_state;

// State register
always_ff @(posedge clk or negedge rst_n) begin
    case (rst_n)
        1'b0: state <= IDLE;
        1'b1: state <= next_state;
    endcase
end

// Next state and output logic (Mealy)
always_comb begin
    next_state = state;
    rising_edge = 1'b0;

    case (state)
        IDLE: begin
            case (din)
                1'b1: begin
                    next_state = HIGH;
                    rising_edge = 1'b1;  // Mealy: output depends on input
                end
            endcase
        end

        HIGH: begin
            case (din)
                1'b0: next_state = IDLE;
            endcase
        end
    endcase
end

endmodule","module edge_detector_mealy (
    input logic clk,
    input logic rst_n,
    input logic din,
    output logic rising_edge
);

typedef enum logic {IDLE, HIGH} state_t;
state_t state, next_state;

// State register
always_ff @(posedge clk or negedge rst_n) begin
    case (rst_n)
        1'b0: state <= IDLE;
        1'b1: state <= next_state;
    endcase
end

// Next state and output logic (Mealy)
always_comb begin
    next_state = state;
    rising_edge = 1'b0;

    case (state)
        IDLE: begin
            case (din)
                1'b1: begin
                    next_state = HIGH;
                    rising_edge = 1'b1;  // Mealy: output depends on input
                end
            endcase
        end

        HIGH: begin
            case (din)
                1'b0: next_state = IDLE;
            endcase
        end
    endcase
end

endmodule",INVALID_OUTPUT,6.165820598602295,332,265
"module axi2apb_bridge (
    input  logic        clk,
    input  logic        rst_n,

    // AXI4-Lite Slave Interface
    input  logic [31:0] s_axi_awaddr,
    input  logic [2:0]  s_axi_awprot,
    input  logic        s_axi_awvalid,
    output logic        s_axi_awready,

    input  logic [31:0] s_axi_wdata,
    input  logic [3:0]  s_axi_wstrb,
    input  logic        s_axi_wvalid,
    output logic        s_axi_wready,

    output logic [1:0]  s_axi_bresp,
    output logic        s_axi_bvalid,
    input  logic        s_axi_bready,

    input  logic [31:0] s_axi_araddr,
    input  logic [2:0]  s_axi_arprot,
    input  logic        s_axi_arvalid,
    output logic        s_axi_arready,

    output logic [31:0] s_axi_rdata,
    output logic [1:0]  s_axi_rresp,
    output logic        s_axi_rvalid,
    input  logic        s_axi_rready,

    // APB Master Interface
    output logic [31:0] m_apb_paddr,
    output logic        m_apb_psel,
    output logic        m_apb_penable,
    output logic        m_apb_pwrite,
    output logic [31:0] m_apb_pwdata,
    input  logic [31:0] m_apb_prdata,
    input  logic        m_apb_pready,
    input  logic        m_apb_pslverr
);

	// State encoding
    typedef enum logic [1:0] {
        IDLE,
        SETUP,
        ACCESS,
        RESPONSE
    } state_t;

    // Signal declarations
    state_t current_state, next_state;
    logic [31:0] addr_reg;
    logic write_reg;
    logic is_write, is_read;
    logic aw_hsk, w_hsk, ar_hsk;

    // Block 1: State Machine Sequential Logic
    always_ff @(posedge clk or negedge rst_n) begin
        case (rst_n)
            1'b0: current_state <= IDLE;
            1'b1: current_state <= next_state;
        endcase
    end

    // Block 2: Address and Control Register
    always_ff @(posedge clk or negedge rst_n) begin
        case (rst_n)
            1'b0: begin
                addr_reg <= 32'b0;
                write_reg <= 1'b0;
            end
            1'b1: begin
                case (current_state)
                    IDLE: begin
                        case ({s_axi_awvalid, s_axi_arvalid})
                            2'b10, 2'b11: begin
                                addr_reg <= s_axi_awaddr;
                                write_reg <= 1'b1;
                            end
                            2'b01: begin
                                addr_reg <= s_axi_araddr;
                                write_reg <= 1'b0;
                            end
                            default: begin
                                addr_reg <= addr_reg;
                                write_reg <= write_reg;
                            end
                        endcase
                    end
                    default: begin
                        addr_reg <= addr_reg;
                        write_reg <= write_reg;
                    end
                endcase
            end
        endcase
    end

    // Block 3: Combinational Logic (All case statements, no assign)
    always_comb begin
        // Default values
        next_state = current_state;
        is_write = 1'b0;
        is_read = 1'b0;
        aw_hsk = 1'b0;
        w_hsk = 1'b0;
        ar_hsk = 1'b0;

        // Calculate handshake signals using case
        case ({s_axi_awvalid, s_axi_awready})
            2'b11: aw_hsk = 1'b1;
            default: aw_hsk = 1'b0;
        endcase

        case ({s_axi_wvalid, s_axi_wready})
            2'b11: w_hsk = 1'b1;
            default: w_hsk = 1'b0;
        endcase

        case ({s_axi_arvalid, s_axi_arready})
            2'b11: ar_hsk = 1'b1;
            default: ar_hsk = 1'b0;
        endcase

        // Calculate is_write and is_read
        case ({s_axi_awvalid, current_state == ACCESS})
            2'b10, 2'b11, 2'b01: is_write = 1'b1;
            default: is_write = 1'b0;
        endcase

        case ({s_axi_arvalid, current_state == ACCESS})
            2'b10, 2'b11, 2'b01: is_read = 1'b1;
            default: is_read = 1'b0;
        endcase

        // State transition logic
        case (current_state)
            IDLE: begin
                case ({s_axi_awvalid, s_axi_arvalid})
                    2'b10, 2'b11: next_state = SETUP;
                    2'b01:        next_state = SETUP;
                    default:      next_state = IDLE;
                endcase
            end

            SETUP: begin
                case (m_apb_pready)
                    1'b1: next_state = ACCESS;
                    default: next_state = SETUP;
                endcase
            end

            ACCESS: begin
                case (m_apb_pready)
                    1'b1: next_state = RESPONSE;
                    default: next_state = ACCESS;
                endcase
            end

            RESPONSE: begin
                case ({is_write && s_axi_bready, is_read && s_axi_rready})
                    2'b10, 2'b11, 2'b01: next_state = IDLE;
                    default: next_state = RESPONSE;
                endcase
            end
        endcase
    end

    // Block 4: APB Control Logic
    always_comb begin
        m_apb_paddr = 32'b0;
        m_apb_psel = 1'b0;
        m_apb_penable = 1'b0;
        m_apb_pwrite = 1'b0;
        m_apb_pwdata = 32'b0;

        case (current_state)
            SETUP, ACCESS: begin
                m_apb_psel = 1'b1;
                m_apb_paddr = addr_reg;
                m_apb_pwrite = write_reg;
                m_apb_pwdata = s_axi_wdata;
                case (current_state)
                    ACCESS: m_apb_penable = 1'b1;
                    default: m_apb_penable = 1'b0;
                endcase
            end
        endcase
    end

    // Block 5: AXI Handshake Logic
    always_comb begin
        s_axi_awready = 1'b0;
        s_axi_wready  = 1'b0;
        s_axi_arready = 1'b0;
        s_axi_bvalid  = 1'b0;
        s_axi_rvalid  = 1'b0;
        s_axi_bresp   = 2'b00;
        s_axi_rresp   = 2'b00;
        s_axi_rdata   = 32'b0;

        case (current_state)
            IDLE: begin
                s_axi_awready = 1'b1;
                s_axi_wready  = 1'b1;
                s_axi_arready = 1'b1;
            end

            RESPONSE: begin
                case (is_write)
                    1'b1: begin
                        s_axi_bvalid = 1'b1;
                        case (m_apb_pslverr)
                            1'b1: s_axi_bresp = 2'b10;
                            default: s_axi_bresp = 2'b00;
                        endcase
                    end
                    1'b0: begin
                        s_axi_rvalid = 1'b1;
                        s_axi_rdata  = m_apb_prdata;
                        case (m_apb_pslverr)
                            1'b1: s_axi_rresp = 2'b10;
                            default: s_axi_rresp = 2'b00;
                        endcase
                    end
                endcase
            end
        endcase
    end

endmodule","module axi2apb_bridge_copy (
    input  logic        clk,
    input  logic        rst_n,

    // AXI4-Lite Slave Interface
    input  logic [31:0] s_axi_awaddr,
    input  logic [2:0]  s_axi_awprot,
    input  logic        s_axi_awvalid,
    output logic        s_axi_awready,

    input  logic [31:0] s_axi_wdata,
    input  logic [3:0]  s_axi_wstrb,
    input  logic        s_axi_wvalid,
    output logic        s_axi_wready,

    output logic [1:0]  s_axi_bresp,
    output logic        s_axi_bvalid,
    input  logic        s_axi_bready,

    input  logic [31:0] s_axi_araddr,
    input  logic [2:0]  s_axi_arprot,
    input  logic        s_axi_arvalid,
    output logic        s_axi_arready,

    output logic [31:0] s_axi_rdata,
    output logic [1:0]  s_axi_rresp,
    output logic        s_axi_rvalid,
    input  logic        s_axi_rready,

    // APB Master Interface
    output logic [31:0] m_apb_paddr,
    output logic        m_apb_psel,
    output logic        m_apb_penable,
    output logic        m_apb_pwrite,
    output logic [31:0] m_apb_pwdata,
    input  logic [31:0] m_apb_prdata,
    input  logic        m_apb_pready,
    input  logic        m_apb_pslverr
);

    // State encoding
    typedef enum logic [1:0] {
        IDLE,
        SETUP,
        ACCESS,
        RESPONSE
    } state_t;

    // Signal declarations
    state_t current_state, next_state;
    logic [31:0] addr_reg;
    logic write_reg;
    logic is_write, is_read;
    logic aw_hsk, w_hsk, ar_hsk;

    // Block 1: State Machine Sequential Logic
    always_ff @(posedge clk or negedge rst_n) begin
        case (rst_n)
            1'b0: current_state <= IDLE;
            1'b1: current_state <= next_state;
        endcase
    end

    // Block 2: Address and Control Register
    always_ff @(posedge clk or negedge rst_n) begin
        case (rst_n)
            1'b0: begin
                addr_reg <= 32'b0;
                write_reg <= 1'b0;
            end
            1'b1: begin
                case (current_state)
                    IDLE: begin
                        case ({s_axi_awvalid, s_axi_arvalid})
                            2'b10, 2'b11: begin
                                addr_reg <= s_axi_awaddr;
                                write_reg <= 1'b1;
                            end
                            2'b01: begin
                                addr_reg <= s_axi_araddr;
                                write_reg <= 1'b0;
                            end
                            default: begin
                                addr_reg <= addr_reg;
                                write_reg <= write_reg;
                            end
                        endcase
                    end
                    default: begin
                        addr_reg <= addr_reg;
                        write_reg <= write_reg;
                    end
                endcase
            end
        endcase
    end

    // Block 3: Combinational Logic (All case statements, no assign)
    always_comb begin
        // Default values
        next_state = current_state;
        is_write = 1'b0;
        is_read = 1'b0;
        aw_hsk = 1'b0;
        w_hsk = 1'b0;
        ar_hsk = 1'b0;

        // Calculate handshake signals using case
        case ({s_axi_awvalid, s_axi_awready})
            2'b11: aw_hsk = 1'b1;
            default: aw_hsk = 1'b0;
        endcase

        case ({s_axi_wvalid, s_axi_wready})
            2'b11: w_hsk = 1'b1;
            default: w_hsk = 1'b0;
        endcase

        case ({s_axi_arvalid, s_axi_arready})
            2'b11: ar_hsk = 1'b1;
            default: ar_hsk = 1'b0;
        endcase

        // Calculate is_write and is_read
        case ({s_axi_awvalid, current_state == ACCESS})
            2'b10, 2'b11, 2'b01: is_write = 1'b1;
            default: is_write = 1'b0;
        endcase

        case ({s_axi_arvalid, current_state == ACCESS})
            2'b10, 2'b11, 2'b01: is_read = 1'b1;
            default: is_read = 1'b0;
        endcase

        // State transition logic
        case (current_state)
            IDLE: begin
                case ({s_axi_awvalid, s_axi_arvalid})
                    2'b10, 2'b11: next_state = SETUP;
                    2'b01:        next_state = SETUP;
                    default:      next_state = IDLE;
                endcase
            end

            SETUP: begin
                case (m_apb_pready)
                    1'b1: next_state = ACCESS;
                    default: next_state = SETUP;
                endcase
            end

            ACCESS: begin
                case (m_apb_pready)
                    1'b1: next_state = RESPONSE;
                    default: next_state = ACCESS;
                endcase
            end

            RESPONSE: begin
                case ({is_write && s_axi_bready, is_read && s_axi_rready})
                    2'b10, 2'b11, 2'b01: next_state = IDLE;
                    default: next_state = RESPONSE;
                endcase
            end
        endcase
    end

    // Block 4: APB Control Logic
    always_comb begin
        m_apb_paddr = 32'b0;
        m_apb_psel = 1'b0;
        m_apb_penable = 1'b0;
        m_apb_pwrite = 1'b0;
        m_apb_pwdata = 32'b0;

        case (current_state)
            SETUP, ACCESS: begin
                m_apb_psel = 1'b1;
                m_apb_paddr = addr_reg;
                m_apb_pwrite = write_reg;
                m_apb_pwdata = s_axi_wdata;
                case (current_state)
                    ACCESS: m_apb_penable = 1'b1;
                    default: m_apb_penable = 1'b0;
                endcase
            end
        endcase
    end

    // Block 5: AXI Handshake Logic
    always_comb begin
        s_axi_awready = 1'b0;
        s_axi_wready  = 1'b0;
        s_axi_arready = 1'b0;
        s_axi_bvalid  = 1'b0;
        s_axi_rvalid  = 1'b0;
        s_axi_bresp   = 2'b00;
        s_axi_rresp   = 2'b00;
        s_axi_rdata   = 32'b0;

        case (current_state)
            IDLE: begin
                s_axi_awready = 1'b1;
                s_axi_wready  = 1'b1;
                s_axi_arready = 1'b1;
            end

            RESPONSE: begin
                case (is_write)
                    1'b1: begin
                        s_axi_bvalid = 1'b1;
                        case (m_apb_pslverr)
                            1'b1: s_axi_bresp = 2'b10;
                            default: s_axi_bresp = 2'b00;
                        endcase
                    end
                    1'b0: begin
                        s_axi_rvalid = 1'b1;
                        s_axi_rdata  = m_apb_prdata;
                        case (m_apb_pslverr)
                            1'b1: s_axi_rresp = 2'b10;
                            default: s_axi_rresp = 2'b00;
                        endcase
                    end
                endcase
            end
        endcase
    end

endmodule",INVALID_OUTPUT,63.84654188156128,2315,2250
"module crc32_engine (
    input  logic        clk,
    input  logic        rst_n,
    input  logic        data_valid,
    input  logic [31:0] data_in,
    input  logic        crc_init,
    output logic [31:0] crc_out,
    output logic        crc_valid
);

    // Polynomial: 0x04C11DB7 (Ethernet/PCIe)
    localparam CRC_POLY = 32'h04C11DB7;

    // Block 1: CRC Register (Case-only Sequential)
    logic [31:0] crc_reg;
    logic [31:0] crc_next;

    always_ff @(posedge clk or negedge rst_n) begin
        case (rst_n)
            1'b0: crc_reg <= 32'hFFFFFFFF;
            1'b1: begin
                case ({crc_init, data_valid})
                    2'b10, 2'b11: crc_reg <= 32'hFFFFFFFF;  // Init takes priority
                    2'b01:        crc_reg <= crc_next;
                    default:      crc_reg <= crc_reg;
                endcase
            end
        endcase
    end

    // Block 2: Parallel CRC Computation (Combinational)
    always_comb begin
        logic [31:0] data_xor;
        data_xor = data_in ^ crc_reg;

        // Parallel CRC calculation using case for each bit
        // Bit 0
        case (1'b1)
            1'b1: crc_next[0] = data_xor[31] ^ data_xor[29] ^ data_xor[28] ^ data_xor[26] ^
                                 data_xor[25] ^ data_xor[22] ^ data_xor[21] ^ data_xor[20] ^
                                 data_xor[19] ^ data_xor[18] ^ data_xor[17] ^ data_xor[16] ^
                                 data_xor[14] ^ data_xor[13] ^ data_xor[12] ^ data_xor[11] ^
                                 data_xor[9]  ^ data_xor[8]  ^ data_xor[7]  ^ data_xor[5]  ^
                                 data_xor[4]  ^ data_xor[3]  ^ data_xor[0];
        endcase

        // Bit 1
        case (1'b1)
            1'b1: crc_next[1] = data_xor[30] ^ data_xor[28] ^ data_xor[27] ^ data_xor[25] ^
                                 data_xor[24] ^ data_xor[21] ^ data_xor[20] ^ data_xor[19] ^
                                 data_xor[18] ^ data_xor[17] ^ data_xor[16] ^ data_xor[15] ^
                                 data_xor[13] ^ data_xor[12] ^ data_xor[11] ^ data_xor[10] ^
                                 data_xor[8]  ^ data_xor[7]  ^ data_xor[6]  ^ data_xor[4]  ^
                                 data_xor[3]  ^ data_xor[2]  ^ data_xor[1];
        endcase

        // Bit 31
        case (1'b1)
            1'b1: crc_next[31] = data_xor[28] ^ data_xor[27] ^ data_xor[26] ^ data_xor[25] ^
                                 data_xor[24] ^ data_xor[23] ^ data_xor[22] ^ data_xor[21] ^
                                 data_xor[20] ^ data_xor[19] ^ data_xor[18] ^ data_xor[17] ^
                                 data_xor[16] ^ data_xor[15] ^ data_xor[14] ^ data_xor[13] ^
                                 data_xor[12] ^ data_xor[11] ^ data_xor[10] ^ data_xor[9]  ^
                                 data_xor[8]  ^ data_xor[7]  ^ data_xor[6]  ^ data_xor[5]  ^
                                 data_xor[4]  ^ data_xor[3]  ^ data_xor[2]  ^ data_xor[1];
        endcase
    end

    // Block 3: Output Control (Case-only Combinational)
    always_comb begin
        case (data_valid)
            1'b1: begin
                crc_out = ~crc_reg;
                crc_valid = 1'b1;
            end
            default: begin
                crc_out = 32'b0;
                crc_valid = 1'b0;
            end
        endcase
    end

    // Block 4: Error Detection (Case-only Combinational)
    logic [31:0] expected_crc;
    logic crc_error;

    always_comb begin
        expected_crc = 32'hDEBB20E3;
        case (crc_out != expected_crc && crc_valid)
            1'b1: crc_error = 1'b1;
            default: crc_error = 1'b0;
        endcase
    end

endmodule","module crc32_engine_generated (
    input  logic        clk,
    input  logic        rst_n,
    input  logic        data_valid,
    input  logic [31:0] data_in,
    input  logic        crc_init,
    output logic [31:0] crc_out,
    output logic        crc_valid
);

    // Polynomial: 0x04C11DB7 (Ethernet/PCIe)
    localparam CRC_POLY = 32'h04C11DB7;

    // Block 1: CRC Register (Case-only Sequential)
    logic [31:0] crc_reg;
    logic [31:0] crc_next;

    always_ff @(posedge clk or negedge rst_n) begin
        case (rst_n)
            1'b0: crc_reg <= 32'hFFFFFFFF;
            1'b1: begin
                case ({crc_init, data_valid})
                    2'b10, 2'b11: crc_reg <= 32'hFFFFFFFF;  // Init takes priority
                    2'b01:        crc_reg <= crc_next;
                    default:      crc_reg <= crc_reg;
                endcase
            end
        endcase
    end

    // Block 2: Parallel CRC Computation (Combinational)
    always_comb begin
        logic [31:0] data_xor;
        data_xor = data_in ^ crc_reg;

        // Parallel CRC calculation using case for each bit
        // Bit 0
        case (1'b1)
            1'b1: crc_next[0] = data_xor[31] ^ data_xor[29] ^ data_xor[28] ^ data_xor[26] ^
                                 data_xor[25] ^ data_xor[22] ^ data_xor[21] ^ data_xor[20] ^
                                 data_xor[19] ^ data_xor[18] ^ data_xor[17] ^ data_xor[16] ^
                                 data_xor[14] ^ data_xor[13] ^ data_xor[12] ^ data_xor[11] ^
                                 data_xor[9]  ^ data_xor[8]  ^ data_xor[7]  ^ data_xor[5]  ^
                                 data_xor[4]  ^ data_xor[3]  ^ data_xor[0];
        endcase

        // Bit 1
        case (1'b1)
            1'b1: crc_next[1] = data_xor[30] ^ data_xor[28] ^ data_xor[27] ^ data_xor[25] ^
                                 data_xor[24] ^ data_xor[21] ^ data_xor[20] ^ data_xor[19] ^
                                 data_xor[18] ^ data_xor[17] ^ data_xor[16] ^ data_xor[15] ^
                                 data_xor[13] ^ data_xor[12] ^ data_xor[11] ^ data_xor[10] ^
                                 data_xor[8]  ^ data_xor[7]  ^ data_xor[6]  ^ data_xor[4]  ^
                                 data_xor[3]  ^ data_xor[2]  ^ data_xor[1];
        endcase

        // Bit 31
        case (1'b1)
            1'b1: crc_next[31] = data_xor[28] ^ data_xor[27] ^ data_xor[26] ^ data_xor[25] ^
                                 data_xor[24] ^ data_xor[23] ^ data_xor[22] ^ data_xor[21] ^
                                 data_xor[20] ^ data_xor[19] ^ data_xor[18] ^ data_xor[17] ^
                                 data_xor[16] ^ data_xor[15] ^ data_xor[14] ^ data_xor[13] ^
                                 data_xor[12] ^ data_xor[11] ^ data_xor[10] ^ data_xor[9]  ^
                                 data_xor[8]  ^ data_xor[7]  ^ data_xor[6]  ^ data_xor[5]  ^
                                 data_xor[4]  ^ data_xor[3]  ^ data_xor[2]  ^ data_xor[1];
        endcase
    end

    // Block 3: Output Control (Case-only Combinational)
    always_comb begin
        case (data_valid)
            1'b1: begin
                crc_out = ~crc_reg;
                crc_valid = 1'b1;
            end
            default: begin
                crc_out = 32'b0;
                crc_valid = 1'b0;
            end
        endcase
    end

    // Block 4: Error Detection (Case-only Combinational)
    logic [31:0] expected_crc;
    logic crc_error;

    always_comb begin
        expected_crc = 32'hDEBB20E3;
        case (crc_out != expected_crc && crc_valid)
            1'b1: crc_error = 1'b1;
            default: crc_error = 1'b0;
        endcase
    end

endmodule",INVALID_OUTPUT,34.504494428634644,1396,1331
"// DDR3 Memory Controller Command Scheduler
// Uses ONLY case statements - no if/else, no loops
// Manages command priority, bank state machine, and timing constraints

module ddr3_cmd_scheduler (
    input  logic        clk,
    input  logic        rst_n,

    // Command interface from controller
    input  logic [2:0]  cmd_type,      // 0:ACT, 1:RD, 2:WR, 3:PRE, 4:REF, 5:ZQ
    input  logic [2:0]  bank_addr,
    input  logic [14:0] row_addr,
    input  logic        cmd_valid,
    output logic        cmd_ready,

    // Command output to PHY
    output logic [2:0]  phy_cmd_type,
    output logic [2:0]  phy_bank_addr,
    output logic [14:0] phy_row_addr,
    output logic        phy_cmd_valid,
    input  logic        phy_cmd_accept,

    // Bank status
    input  logic [7:0]  bank_active_row [7:0],  // Current open row per bank
    input  logic [7:0]  bank_state      [7:0],  // 0:idle, 1:active, 2:precharging
    input  logic [7:0]  bank_timer      [7:0]   // Timing constraint counters
);

    //=========================================================================
    // Local parameters
    //=========================================================================
    localparam CMD_ACT = 3'd0;
    localparam CMD_RD  = 3'd1;
    localparam CMD_WR  = 3'd2;
    localparam CMD_PRE = 3'd3;
    localparam CMD_REF = 3'd4;
    localparam CMD_ZQ  = 3'd5;

    localparam BANK_IDLE       = 3'd0;
    localparam BANK_ACTIVE     = 3'd1;
    localparam BANK_PRECHARGING = 3'd2;

    localparam SCHED_IDLE      = 2'd0;
    localparam SCHED_CHECK     = 2'd1;
    localparam SCHED_ISSUE     = 2'd2;
    localparam SCHED_WAIT      = 2'd3;

    //=========================================================================
    // Internal signals
    //=========================================================================
    logic [1:0]  sched_state;
    logic [2:0]  selected_bank;
    logic [2:0]  pending_cmd_type;
    logic [2:0]  pending_bank;
    logic [14:0] pending_row;
    logic        pending_valid;

    logic [2:0]  arbitration_result;
    logic        bank_match;
    logic        row_match;
    logic        bank_ready;
    logic [7:0]  bank_active_row_local;
    logic [7:0]  bank_state_local;
    logic [7:0]  bank_timer_local;

    //=========================================================================
    // Block 1: Combinational - Command Arbitration
    // Selects highest priority command from pending queue
    // Uses case statement for priority encoding
    //=========================================================================
    always_comb begin
        // Default values
        arbitration_result = 3'd0;

        // Priority encoder using nested case statements
        // Priority: REF > ZQ > ACT > PRE > WR > RD
        case (cmd_valid)
            1'b1: begin
                case (cmd_type)
                    CMD_REF: arbitration_result = CMD_REF;
                    CMD_ZQ:  arbitration_result = CMD_ZQ;
                    CMD_ACT: arbitration_result = CMD_ACT;
                    CMD_PRE: arbitration_result = CMD_PRE;
                    CMD_WR:  arbitration_result = CMD_WR;
                    CMD_RD:  arbitration_result = CMD_RD;
                    default: arbitration_result = CMD_RD;
                endcase
            end
            default: arbitration_result = 3'b111;  // No command
        endcase
    end

    //=========================================================================
    // Block 2: Combinational - Bank Status Evaluation
    // Determines if selected bank can accept the command
    // Uses case statements for bank state and timing checks
    //=========================================================================
    always_comb begin
        // Extract bank-specific signals
        case (pending_bank)
            3'd0: begin
                bank_active_row_local = bank_active_row[0];
                bank_state_local = bank_state[0];
                bank_timer_local = bank_timer[0];
            end
            3'd1: begin
                bank_active_row_local = bank_active_row[1];
                bank_state_local = bank_state[1];
                bank_timer_local = bank_timer[1];
            end
            3'd2: begin
                bank_active_row_local = bank_active_row[2];
                bank_state_local = bank_state[2];
                bank_timer_local = bank_timer[2];
            end
            3'd3: begin
                bank_active_row_local = bank_active_row[3];
                bank_state_local = bank_state[3];
                bank_timer_local = bank_timer[3];
            end
            3'd4: begin
                bank_active_row_local = bank_active_row[4];
                bank_state_local = bank_state[4];
                bank_timer_local = bank_timer[4];
            end
            3'd5: begin
                bank_active_row_local = bank_active_row[5];
                bank_state_local = bank_state[5];
                bank_timer_local = bank_timer[5];
            end
            3'd6: begin
                bank_active_row_local = bank_active_row[6];
                bank_state_local = bank_state[6];
                bank_timer_local = bank_timer[6];
            end
            default: begin
                bank_active_row_local = bank_active_row[7];
                bank_state_local = bank_state[7];
                bank_timer_local = bank_timer[7];
            end
        endcase

        // Check if row matches open row
        row_match = (bank_active_row_local == pending_row);

        // Check if bank is ready based on state and timer
        case (bank_state_local)
            BANK_IDLE: begin
                case (pending_cmd_type)
                    CMD_ACT: bank_ready = (bank_timer_local == 8'd0);  // tRRD check
                    CMD_REF: bank_ready = (bank_timer_local == 8'd0);  // tRC check
                    default: bank_ready = 1'b0;  // Can't do RD/WR on idle bank
                endcase
            end
            BANK_ACTIVE: begin
                case (pending_cmd_type)
                    CMD_RD, CMD_WR: begin
                        case (row_match)
                            1'b1: bank_ready = (bank_timer_local == 8'd0);  // tRCD satisfied
                            1'b0: bank_ready = 1'b0;  // Need PRE first
                        endcase
                    end
                    CMD_PRE: bank_ready = (bank_timer_local == 8'd0);  // tRAS satisfied
                    default: bank_ready = 1'b0;
                endcase
            end
            BANK_PRECHARGING: begin
                case (pending_cmd_type)
                    CMD_ACT: bank_ready = (bank_timer_local == 8'd0);  // tRP satisfied
                    default: bank_ready = 1'b0;
                endcase
            end
            default: bank_ready = 1'b0;
        endcase
    end

    //=========================================================================
    // Block 3: Sequential - Command Pending Register
    // Latches incoming command when accepted
    // Uses case for state-based latching
    //=========================================================================
    always_ff @(posedge clk or negedge rst_n) begin
        case (rst_n)
            1'b0: begin
                pending_cmd_type <= 3'd0;
                pending_bank     <= 3'd0;
                pending_row      <= 15'd0;
                pending_valid    <= 1'b0;
                cmd_ready        <= 1'b1;
            end
            1'b1: begin
                case (sched_state)
                    SCHED_IDLE: begin
                        // Accept new command when scheduler idle
                        case (cmd_valid)
                            1'b1: begin
                                pending_cmd_type <= arbitration_result;
                                pending_bank     <= bank_addr;
                                pending_row      <= row_addr;
                                pending_valid    <= 1'b1;
                                cmd_ready        <= 1'b0;
                            end
                            default: begin
                                pending_valid    <= 1'b0;
                                cmd_ready        <= 1'b1;
                                // Preserve existing values for other registers
                                pending_cmd_type <= pending_cmd_type;
                                pending_bank     <= pending_bank;
                                pending_row      <= pending_row;
                            end
                        endcase
                    end
                    SCHED_ISSUE: begin
                        // Command issued, clear pending
                        case (phy_cmd_accept)
                            1'b1: begin
                                pending_valid <= 1'b0;
                                cmd_ready     <= 1'b1;
                                // Preserve existing values for other registers
                                pending_cmd_type <= pending_cmd_type;
                                pending_bank     <= pending_bank;
                                pending_row      <= pending_row;
                            end
                            default: begin
                                pending_valid <= pending_valid;
                                cmd_ready     <= 1'b0;
                                // Preserve existing values for all registers
                                pending_cmd_type <= pending_cmd_type;
                                pending_bank     <= pending_bank;
                                pending_row      <= pending_row;
                            end
                        endcase
                    end
                    default: begin
                        // Keep pending during check/wait states
                        pending_valid <= pending_valid;
                        cmd_ready     <= 1'b0;
                        // Preserve existing values for all registers
                        pending_cmd_type <= pending_cmd_type;
                        pending_bank     <= pending_bank;
                        pending_row      <= pending_row;
                    end
                endcase
            end
        endcase
    end

    //=========================================================================
    // Block 4: Sequential - Scheduler FSM
    // Manages command issuance flow using case statements
    //=========================================================================
    always_ff @(posedge clk or negedge rst_n) begin
        case (rst_n)
            1'b0: begin
                sched_state   <= SCHED_IDLE;
                phy_cmd_type  <= 3'd0;
                phy_bank_addr <= 3'd0;
                phy_row_addr  <= 15'd0;
                phy_cmd_valid <= 1'b0;
            end
            1'b1: begin
                case (sched_state)
                    SCHED_IDLE: begin
                        phy_cmd_valid <= 1'b0;
                        case (pending_valid)
                            1'b1: sched_state <= SCHED_CHECK;
                            default: sched_state <= SCHED_IDLE;
                        endcase
                    end

                    SCHED_CHECK: begin
                        phy_cmd_valid <= 1'b0;
                        // Evaluate if command can be issued based on bank status
                        case (bank_ready)
                            1'b1: sched_state <= SCHED_ISSUE;
                            1'b0: begin
                                // Need to insert auto-precharge if row mismatch
                                case ({pending_cmd_type, bank_state_local, row_match})
                                    {CMD_RD, BANK_ACTIVE, 1'b0},
                                    {CMD_WR, BANK_ACTIVE, 1'b0}: begin
                                        // Auto-generate precharge command
                                        phy_cmd_type  <= CMD_PRE;
                                        phy_bank_addr <= pending_bank;
                                        phy_row_addr  <= 15'd0;
                                        phy_cmd_valid <= 1'b1;
                                        sched_state   <= SCHED_WAIT;
                                    end
                                    default: begin
                                        sched_state <= SCHED_WAIT;
                                    end
                                endcase
                            end
                        endcase
                    end

                    SCHED_ISSUE: begin
                        // Issue the pending command
                        case (pending_valid)
                            1'b1: begin
                                phy_cmd_type  <= pending_cmd_type;
                                phy_bank_addr <= pending_bank;
                                phy_row_addr  <= pending_row;
                                phy_cmd_valid <= 1'b1;

                                case (phy_cmd_accept)
                                    1'b1: sched_state <= SCHED_IDLE;
                                    default: sched_state <= SCHED_ISSUE;
                                endcase
                            end
                            default: begin
                                sched_state <= SCHED_IDLE;
                            end
                        endcase
                    end

                    SCHED_WAIT: begin
                        // Wait for timing constraints
                        case (phy_cmd_accept)
                            1'b1: begin
                                phy_cmd_valid <= 1'b0;
                                sched_state   <= SCHED_IDLE;
                            end
                            default: begin
                                phy_cmd_valid <= phy_cmd_valid;
                                sched_state   <= SCHED_WAIT;
                            end
                        endcase
                    end

                    default: begin
                        sched_state <= SCHED_IDLE;
                    end
                endcase
            end
        endcase
    end

endmodule","module ddr3_cmd_scheduler_copy (
    input  logic        clk,
    input  logic        rst_n,

    // Command interface from controller
    input  logic [2:0]  cmd_type,      // 0:ACT, 1:RD, 2:WR, 3:PRE, 4:REF, 5:ZQ
    input  logic [2:0]  bank_addr,
    input  logic [14:0] row_addr,
    input  logic        cmd_valid,
    output logic        cmd_ready,

    // Command output to PHY
    output logic [2:0]  phy_cmd_type,
    output logic [2:0]  phy_bank_addr,
    output logic [14:0] phy_row_addr,
    output logic        phy_cmd_valid,
    input  logic        phy_cmd_accept,

    // Bank status
    input  logic [7:0]  bank_active_row [7:0],  // Current open row per bank
    input  logic [7:0]  bank_state      [7:0],  // 0:idle, 1:active, 2:precharging
    input  logic [7:0]  bank_timer      [7:0]   // Timing constraint counters
);

    //=========================================================================
    // Local parameters
    //=========================================================================
    localparam CMD_ACT = 3'd0;
    localparam CMD_RD  = 3'd1;
    localparam CMD_WR  = 3'd2;
    localparam CMD_PRE = 3'd3;
    localparam CMD_REF = 3'd4;
    localparam CMD_ZQ  = 3'd5;

    localparam BANK_IDLE       = 3'd0;
    localparam BANK_ACTIVE     = 3'd1;
    localparam BANK_PRECHARGING = 3'd2;

    localparam SCHED_IDLE      = 2'd0;
    localparam SCHED_CHECK     = 2'd1;
    localparam SCHED_ISSUE     = 2'd2;
    localparam SCHED_WAIT      = 2'd3;

    //=========================================================================
    // Internal signals
    //=========================================================================
    logic [1:0]  sched_state;
    logic [2:0]  selected_bank;
    logic [2:0]  pending_cmd_type;
    logic [2:0]  pending_bank;
    logic [14:0] pending_row;
    logic        pending_valid;

    logic [2:0]  arbitration_result;
    logic        bank_match;
    logic        row_match;
    logic        bank_ready;
    logic [7:0]  bank_active_row_local;
    logic [7:0]  bank_state_local;
    logic [7:0]  bank_timer_local;

    //=========================================================================
    // Block 1: Combinational - Command Arbitration
    // Selects highest priority command from pending queue
    // Uses case statement for priority encoding
    //=========================================================================
    always_comb begin
        // Default values
        arbitration_result = 3'd0;

        // Priority encoder using nested case statements
        // Priority: REF > ZQ > ACT > PRE > WR > RD
        case (cmd_valid)
            1'b1: begin
                case (cmd_type)
                    CMD_REF: arbitration_result = CMD_REF;
                    CMD_ZQ:  arbitration_result = CMD_ZQ;
                    CMD_ACT: arbitration_result = CMD_ACT;
                    CMD_PRE: arbitration_result = CMD_PRE;
                    CMD_WR:  arbitration_result = CMD_WR;
                    CMD_RD:  arbitration_result = CMD_RD;
                    default: arbitration_result = CMD_RD;
                endcase
            end
            default: arbitration_result = 3'b111;  // No command
        endcase
    end

    //=========================================================================
    // Block 2: Combinational - Bank Status Evaluation
    // Determines if selected bank can accept the command
    // Uses case statements for bank state and timing checks
    //=========================================================================
    always_comb begin
        // Extract bank-specific signals
        case (pending_bank)
            3'd0: begin
                bank_active_row_local = bank_active_row[0];
                bank_state_local = bank_state[0];
                bank_timer_local = bank_timer[0];
            end
            3'd1: begin
                bank_active_row_local = bank_active_row[1];
                bank_state_local = bank_state[1];
                bank_timer_local = bank_timer[1];
            end
            3'd2: begin
                bank_active_row_local = bank_active_row[2];
                bank_state_local = bank_state[2];
                bank_timer_local = bank_timer[2];
            end
            3'd3: begin
                bank_active_row_local = bank_active_row[3];
                bank_state_local = bank_state[3];
                bank_timer_local = bank_timer[3];
            end
            3'd4: begin
                bank_active_row_local = bank_active_row[4];
                bank_state_local = bank_state[4];
                bank_timer_local = bank_timer[4];
            end
            3'd5: begin
                bank_active_row_local = bank_active_row[5];
                bank_state_local = bank_state[5];
                bank_timer_local = bank_timer[5];
            end
            3'd6: begin
                bank_active_row_local = bank_active_row[6];
                bank_state_local = bank_state[6];
                bank_timer_local = bank_timer[6];
            end
            default: begin
                bank_active_row_local = bank_active_row[7];
                bank_state_local = bank_state[7];
                bank_timer_local = bank_timer[7];
            end
        endcase

        // Check if row matches open row
        row_match = (bank_active_row_local == pending_row);

        // Check if bank is ready based on state and timer
        case (bank_state_local)
            BANK_IDLE: begin
                case (pending_cmd_type)
                    CMD_ACT: bank_ready = (bank_timer_local == 8'd0);  // tRRD check
                    CMD_REF: bank_ready = (bank_timer_local == 8'd0);  // tRC check
                    default: bank_ready = 1'b0;  // Can't do RD/WR on idle bank
                endcase
            end
            BANK_ACTIVE: begin
                case (pending_cmd_type)
                    CMD_RD, CMD_WR: begin
                        case (row_match)
                            1'b1: bank_ready = (bank_timer_local == 8'd0);  // tRCD satisfied
                            1'b0: bank_ready = 1'b0;  // Need PRE first
                        endcase
                    end
                    CMD_PRE: bank_ready = (bank_timer_local == 8'd0);  // tRAS satisfied
                    default: bank_ready = 1'b0;
                endcase
            end
            BANK_PRECHARGING: begin
                case (pending_cmd_type)
                    CMD_ACT: bank_ready = (bank_timer_local == 8'd0);  // tRP satisfied
                    default: bank_ready = 1'b0;
                endcase
            end
            default: bank_ready = 1'b0;
        endcase
    end

    //=========================================================================
    // Block 3: Sequential - Command Pending Register
    // Latches incoming command when accepted
    // Uses case for state-based latching
    //=========================================================================
    always_ff @(posedge clk or negedge rst_n) begin
        case (rst_n)
            1'b0: begin
                pending_cmd_type <= 3'd0;
                pending_bank     <= 3'd0;
                pending_row      <= 15'd0;
                pending_valid    <= 1'b0;
                cmd_ready        <= 1'b1;
            end
            1'b1: begin
                case (sched_state)
                    SCHED_IDLE: begin
                        // Accept new command when scheduler idle
                        case (cmd_valid)
                            1'b1: begin
                                pending_cmd_type <= arbitration_result;
                                pending_bank     <= bank_addr;
                                pending_row      <= row_addr;
                                pending_valid    <= 1'b1;
                                cmd_ready        <= 1'b0;
                            end
                            default: begin
                                pending_valid    <= 1'b0;
                                cmd_ready        <= 1'b1;
                                // Preserve existing values for other registers
                                pending_cmd_type <= pending_cmd_type;
                                pending_bank     <= pending_bank;
                                pending_row      <= pending_row;
                            end
                        endcase
                    end
                    SCHED_ISSUE: begin
                        // Command issued, clear pending
                        case (phy_cmd_accept)
                            1'b1: begin
                                pending_valid <= 1'b0;
                                cmd_ready     <= 1'b1;
                                // Preserve existing values for all registers
                                pending_cmd_type <= pending_cmd_type;
                                pending_bank     <= pending_bank;
                                pending_row      <= pending_row;
                            end
                            default: begin
                                pending_valid <= pending_valid;
                                cmd_ready     <= 1'b0;
                                // Preserve existing values for all registers
                                pending_cmd_type <= pending_cmd_type;
                                pending_bank     <= pending_bank;
                                pending_row      <= pending_row;
                            end
                        endcase
                    end
                    default: begin
                        // Keep pending during check/wait states
                        pending_valid <= pending_valid;
                        cmd_ready     <= 1'b0;
                        // Preserve existing values for all registers
                        pending_cmd_type <= pending_cmd_type;
                        pending_bank     <= pending_bank;
                        pending_row      <= pending_row;
                    end
                endcase
            end
        endcase
    end

    //=========================================================================
    // Block 4: Sequential - Scheduler FSM
    // Manages command issuance flow using case statements
    //=========================================================================
    always_ff @(posedge clk or negedge rst_n) begin
        case (rst_n)
            1'b0: begin
                sched_state   <= SCHED_IDLE;
                phy_cmd_type  <= 3'd0;
                phy_bank_addr <= 3'd0;
                phy_row_addr  <= 15'd0;
                phy_cmd_valid <= 1'b0;
            end
            1'b1: begin
                case (sched_state)
                    SCHED_IDLE: begin
                        phy_cmd_valid <= 1'b0;
                        case (pending_valid)
                            1'b1: sched_state <= SCHED_CHECK;
                            default: sched_state <= SCHED_IDLE;
                        endcase
                    end

                    SCHED_CHECK: begin
                        phy_cmd_valid <= 1'b0;
                        // Evaluate if command can be issued based on bank status
                        case (bank_ready)
                            1'b1: sched_state <= SCHED_ISSUE;
                            1'b0: begin
                                // Need to insert auto-precharge if row mismatch
                                case ({pending_cmd_type, bank_state_local, row_match})
                                    {CMD_RD, BANK_ACTIVE, 1'b0},
                                    {CMD_WR, BANK_ACTIVE, 1'b0}: begin
                                        // Auto-generate precharge command
                                        phy_cmd_type  <= CMD_PRE;
                                        phy_bank_addr <= pending_bank;
                                        phy_row_addr  <= 15'd0;
                                        phy_cmd_valid <= 1'b1;
                                        sched_state   <= SCHED_WAIT;
                                    end
                                    default: begin
                                        sched_state <= SCHED_WAIT;
                                    end
                                endcase
                            end
                        endcase
                    end

                    SCHED_ISSUE: begin
                        // Issue the pending command
                        case (pending_valid)
                            1'b1: begin
                                phy_cmd_type  <= pending_cmd_type;
                                phy_bank_addr <= pending_bank;
                                phy_row_addr  <= pending_row;
                                phy_cmd_valid <= 1'b1;

                                case (phy_cmd_accept)
                                    1'b1: sched_state <= SCHED_IDLE;
                                    default: sched_state <= SCHED_ISSUE;
                                endcase
                            end
                            default: begin
                                sched_state <= SCHED_IDLE;
                            end
                        endcase
                    end

                    SCHED_WAIT: begin
                        // Wait for timing constraints
                        case (phy_cmd_accept)
                            1'b1: begin
                                phy_cmd_valid <= 1'b0;
                                sched_state   <= SCHED_IDLE;
                            end
                            default: begin
                                phy_cmd_valid <= phy_cmd_valid;
                                sched_state   <= SCHED_WAIT;
                            end
                        endcase
                    end

                    default: begin
                        sched_state <= SCHED_IDLE;
                    end
                endcase
            end
        endcase
    end

endmodule",INVALID_OUTPUT,102.96718692779541,3393,3292
"module ethernet_packet_parser (
    input  logic        clk,
    input  logic        rst_n,

    // Input data stream
    input  logic        data_valid,
    input  logic [63:0] data_in,      // 64-bit wide data (8 bytes per cycle)
    input  logic        data_start,    // SOP (Start of Packet)
    input  logic        data_end,      // EOP (End of Packet)

    // Output parsed fields
    output logic [47:0] dest_mac,
    output logic [47:0] src_mac,
    output logic [15:0] ethertype,
    output logic [31:0] ipv4_src,
    output logic [31:0] ipv4_dst,
    output logic [15:0] tcp_src_port,
    output logic [15:0] tcp_dst_port,
    output logic [7:0]  ip_protocol,
    output logic        packet_valid,

    // Control outputs
    output logic        ipv4_detected,
    output logic        tcp_detected,
    output logic        udp_detected,
    output logic        vlan_detected,
    output logic        parsing_error
);

    // Block 1: Packet State Machine (Sequential)
    typedef enum logic [2:0] {
        WAIT_SOP   = 3'b000,
        MAC_DEST   = 3'b001,
        MAC_SRC    = 3'b010,
        VLAN_TAG   = 3'b011,
        ETHERTYPE  = 3'b100,
        IP_HEADER  = 3'b101,
        L4_HEADER  = 3'b110,
        PAYLOAD    = 3'b111
    } parse_state_t;

    parse_state_t current_state, next_state;
    logic [4:0] byte_offset;           // Byte position within current 64-bit word (0-7, but 5 bits to avoid overflow)
    logic [5:0] header_byte_count;     // Count of bytes processed in current header (up to 40 bytes for IP header)
    logic [47:0] temp_dest_mac;
    logic [47:0] temp_src_mac;
    logic [15:0] temp_ethertype;
    logic [31:0] temp_ipv4_src;
    logic [31:0] temp_ipv4_dst;
    logic [7:0]  temp_ip_protocol;
    logic [15:0] temp_tcp_src;
    logic [15:0] temp_tcp_dst;
    logic        has_vlan;

    always_ff @(posedge clk or negedge rst_n) begin
        case (rst_n)
            1'b0: current_state <= WAIT_SOP;
            1'b1: current_state <= next_state;
        endcase
    end

    // Block 2: Byte Position and Counters (Sequential)
    always_ff @(posedge clk or negedge rst_n) begin
        case (rst_n)
            1'b0: begin
                byte_offset <= 5'b0;
                header_byte_count <= 6'b0;
            end
            1'b1: begin
                case (current_state)
                    WAIT_SOP: begin
                        case (data_start)
                            1'b1: begin
                                byte_offset <= 5'b0;
                                header_byte_count <= 6'b0;
                            end
                            default: begin
                                byte_offset <= byte_offset;
                                header_byte_count <= header_byte_count;
                            end
                        endcase
                    end

                    MAC_DEST, MAC_SRC, VLAN_TAG, ETHERTYPE, IP_HEADER, L4_HEADER: begin
                        case (data_valid)
                            1'b1: begin
                                byte_offset <= byte_offset + 5'd8;
                                header_byte_count <= header_byte_count + 6'd8;
                            end
                            default: begin
                                byte_offset <= byte_offset;
                                header_byte_count <= header_byte_count;
                            end
                        endcase
                    end

                    default: begin
                        byte_offset <= byte_offset;
                        header_byte_count <= header_byte_count;
                    end
                endcase
            end
        endcase
    end

    // Block 3: State Transition Logic (Case-only Combinational)
    always_comb begin
        next_state = current_state;

        case (current_state)
            WAIT_SOP: begin
                case (data_start)
                    1'b1: next_state = MAC_DEST;
                    default: next_state = WAIT_SOP;
                endcase
            end

            MAC_DEST: begin
                case ({data_valid, (header_byte_count >= 6'd6)})
                    2'b11: next_state = MAC_SRC;
                    default: next_state = MAC_DEST;
                endcase
            end

            MAC_SRC: begin
                case ({data_valid, (header_byte_count >= 6'd12)})
                    2'b11: next_state = ETHERTYPE;
                    default: next_state = MAC_SRC;
                endcase
            end

            ETHERTYPE: begin
                case (data_valid)
                    1'b1: begin
                        case (temp_ethertype)
                            16'h8100: next_state = VLAN_TAG;  // VLAN tag detected
                            default: next_state = IP_HEADER;
                        endcase
                    end
                    default: next_state = ETHERTYPE;
                endcase
            end

            VLAN_TAG: begin
                case ({data_valid, (header_byte_count >= 6'd4)})
                    2'b11: next_state = ETHERTYPE;
                    default: next_state = VLAN_TAG;
                endcase
            end

            IP_HEADER: begin
                case ({data_valid, (header_byte_count >= 6'd20)})
                    2'b11: next_state = L4_HEADER;
                    default: next_state = IP_HEADER;
                endcase
            end

            L4_HEADER: begin
                case (data_valid)
                    1'b1: begin
                        case ({temp_ip_protocol, (header_byte_count >= 6'd4)})
                            {8'd6, 1'b1}: next_state = PAYLOAD;  // TCP
                            {8'd17, 1'b1}: next_state = PAYLOAD;  // UDP
                            default: next_state = L4_HEADER;
                        endcase
                    end
                    default: next_state = L4_HEADER;
                endcase
            end

            PAYLOAD: begin
                case (data_end)
                    1'b1: next_state = WAIT_SOP;
                    default: next_state = PAYLOAD;
                endcase
            end

            default: begin
                case (data_end)
                    1'b1: next_state = WAIT_SOP;
                    default: next_state = current_state;
                endcase
            end
        endcase
    end

    // Block 4: MAC Address Extraction (Combinational with Byte Alignment)
    always_comb begin
        temp_dest_mac = dest_mac;
        temp_src_mac = src_mac;

        case (current_state)
            MAC_DEST: begin
                case (byte_offset[2:0])  // Extract based on byte alignment (lower 3 bits only)
                    3'b000: begin
                        temp_dest_mac[47:40] = data_in[63:56];
                        temp_dest_mac[39:32] = data_in[55:48];
                        temp_dest_mac[31:24] = data_in[47:40];
                        temp_dest_mac[23:16] = data_in[39:32];
                        temp_dest_mac[15:8]  = data_in[31:24];
                        temp_dest_mac[7:0]   = data_in[23:16];
                    end
                    3'b001: begin
                        temp_dest_mac[47:40] = data_in[55:48];
                        temp_dest_mac[39:32] = data_in[47:40];
                        temp_dest_mac[31:24] = data_in[39:32];
                        temp_dest_mac[23:16] = data_in[31:24];
                        temp_dest_mac[15:8]  = data_in[23:16];
                        temp_dest_mac[7:0]   = data_in[15:8];
                    end
                    default: temp_dest_mac = temp_dest_mac;
                endcase
            end

            MAC_SRC: begin
                case (byte_offset[2:0])
                    3'b000: begin
                        temp_src_mac[47:40] = data_in[63:56];
                        temp_src_mac[39:32] = data_in[55:48];
                        temp_src_mac[31:24] = data_in[47:40];
                        temp_src_mac[23:16] = data_in[39:32];
                        temp_src_mac[15:8]  = data_in[31:24];
                        temp_src_mac[7:0]   = data_in[23:16];
                    end
                    3'b001: begin
                        temp_src_mac[47:40] = data_in[55:48];
                        temp_src_mac[39:32] = data_in[47:40];
                        temp_src_mac[31:24] = data_in[39:32];
                        temp_src_mac[23:16] = data_in[31:24];
                        temp_src_mac[15:8]  = data_in[23:16];
                        temp_src_mac[7:0]   = data_in[15:8];
                    end
                    default: temp_src_mac = temp_src_mac;
                endcase
            end

            default: begin
                temp_dest_mac = temp_dest_mac;
                temp_src_mac = temp_src_mac;
            end
        endcase
    end

    // Block 5: Ethertype and VLAN Detection (Sequential Register)
    always_ff @(posedge clk or negedge rst_n) begin
        case (rst_n)
            1'b0: begin
                temp_ethertype <= 16'b0;
                has_vlan <= 1'b0;
                vlan_detected <= 1'b0;
            end
            1'b1: begin
                case (current_state)
                    ETHERTYPE: begin
                        case (data_valid)
                            1'b1: begin
                                case (byte_offset[2:0])
                                    3'b000: begin
                                        temp_ethertype[15:8] <= data_in[63:56];
                                        temp_ethertype[7:0]  <= data_in[55:48];
                                    end
                                    3'b001: begin
                                        temp_ethertype[15:8] <= data_in[55:48];
                                        temp_ethertype[7:0]  <= data_in[47:40];
                                    end
                                    default: temp_ethertype <= temp_ethertype;
                                endcase
                            end
                            default: temp_ethertype <= temp_ethertype;
                        endcase

                        case (temp_ethertype)
                            16'h8100: begin
                                has_vlan <= 1'b1;
                                vlan_detected <= 1'b1;
                            end
                            default: begin
                                has_vlan <= has_vlan;
                                vlan_detected <= vlan_detected;
                            end
                        endcase
                    end

                    default: begin
                        temp_ethertype <= temp_ethertype;
                        has_vlan <= has_vlan;
                        vlan_detected <= vlan_detected;
                    end
                endcase
            end
        endcase
    end

    // Block 6: IPv4 Header Extraction (Sequential with Byte Selection)
    always_ff @(posedge clk or negedge rst_n) begin
        case (rst_n)
            1'b0: begin
                temp_ipv4_src <= 32'b0;
                temp_ipv4_dst <= 32'b0;
                temp_ip_protocol <= 8'b0;
                ipv4_detected <= 1'b0;
            end
            1'b1: begin
                case (current_state)
                    IP_HEADER: begin
                        case (header_byte_count)
                            6'd8: begin  // Protocol field at offset 9
                                case (byte_offset[2:0])
                                    3'b000: temp_ip_protocol <= data_in[55:48];
                                    3'b001: temp_ip_protocol <= data_in[47:40];
                                    default: temp_ip_protocol <= temp_ip_protocol;
                                endcase
                            end

                            6'd12: begin  // Source IP at offset 12
                                case (byte_offset[2:0])
                                    3'b000: begin
                                        temp_ipv4_src[31:24] <= data_in[63:56];
                                        temp_ipv4_src[23:16] <= data_in[55:48];
                                        temp_ipv4_src[15:8]  <= data_in[47:40];
                                        temp_ipv4_src[7:0]   <= data_in[39:32];
                                    end
                                    3'b001: begin
                                        temp_ipv4_src[31:24] <= data_in[55:48];
                                        temp_ipv4_src[23:16] <= data_in[47:40];
                                        temp_ipv4_src[15:8]  <= data_in[39:32];
                                        temp_ipv4_src[7:0]   <= data_in[31:24];
                                    end
                                    default: temp_ipv4_src <= temp_ipv4_src;
                                endcase
                            end

                            6'd16: begin  // Destination IP at offset 16
                                case (byte_offset[2:0])
                                    3'b000: begin
                                        temp_ipv4_dst[31:24] <= data_in[63:56];
                                        temp_ipv4_dst[23:16] <= data_in[55:48];
                                        temp_ipv4_dst[15:8]  <= data_in[47:40];
                                        temp_ipv4_dst[7:0]   <= data_in[39:32];
                                    end
                                    3'b001: begin
                                        temp_ipv4_dst[31:24] <= data_in[55:48];
                                        temp_ipv4_dst[23:16] <= data_in[47:40];
                                        temp_ipv4_dst[15:8]  <= data_in[39:32];
                                        temp_ipv4_dst[7:0]   <= data_in[31:24];
                                    end
                                    default: temp_ipv4_dst <= temp_ipv4_dst;
                                endcase
                            end

                            default: begin
                                temp_ipv4_src <= temp_ipv4_src;
                                temp_ipv4_dst <= temp_ipv4_dst;
                                temp_ip_protocol <= temp_ip_protocol;
                            end
                        endcase

                        case (temp_ethertype)
                            16'h0800: ipv4_detected <= 1'b1;
                            default: ipv4_detected <= ipv4_detected;
                        endcase
                    end

                    default: begin
                        temp_ipv4_src <= temp_ipv4_src;
                        temp_ipv4_dst <= temp_ipv4_dst;
                        temp_ip_protocol <= temp_ip_protocol;
                        ipv4_detected <= ipv4_detected;
                    end
                endcase
            end
        endcase
    end

    // Block 7: TCP/UDP Port Extraction (Sequential)
    always_ff @(posedge clk or negedge rst_n) begin
        case (rst_n)
            1'b0: begin
                temp_tcp_src <= 16'b0;
                temp_tcp_dst <= 16'b0;
                tcp_detected <= 1'b0;
                udp_detected <= 1'b0;
            end
            1'b1: begin
                case (current_state)
                    L4_HEADER: begin
                        case (header_byte_count)
                            6'd0: begin  // Source port at offset 0
                                case (byte_offset[2:0])
                                    3'b000: begin
                                        temp_tcp_src[15:8] <= data_in[63:56];
                                        temp_tcp_src[7:0]  <= data_in[55:48];
                                    end
                                    3'b001: begin
                                        temp_tcp_src[15:8] <= data_in[55:48];
                                        temp_tcp_src[7:0]  <= data_in[47:40];
                                    end
                                    default: temp_tcp_src <= temp_tcp_src;
                                endcase
                            end

                            6'd2: begin  // Destination port at offset 2
                                case (byte_offset[2:0])
                                    3'b000: begin
                                        temp_tcp_dst[15:8] <= data_in[63:56];
                                        temp_tcp_dst[7:0]  <= data_in[55:48];
                                    end
                                    3'b001: begin
                                        temp_tcp_dst[15:8] <= data_in[55:48];
                                        temp_tcp_dst[7:0]  <= data_in[47:40];
                                    end
                                    default: temp_tcp_dst <= temp_tcp_dst;
                                endcase
                            end

                            default: begin
                                temp_tcp_src <= temp_tcp_src;
                                temp_tcp_dst <= temp_tcp_dst;
                            end
                        endcase

                        case (temp_ip_protocol)
                            8'd6:  tcp_detected <= 1'b1;
                            8'd17: udp_detected <= 1'b1;
                            default: begin
                                tcp_detected <= tcp_detected;
                                udp_detected <= udp_detected;
                            end
                        endcase
                    end

                    default: begin
                        temp_tcp_src <= temp_tcp_src;
                        temp_tcp_dst <= temp_tcp_dst;
                        tcp_detected <= tcp_detected;
                        udp_detected <= udp_detected;
                    end
                endcase
            end
        endcase
    end

    // Block 8: Output Assignment and Error Detection (Case-only Combinational)
    always_comb begin
        dest_mac = temp_dest_mac;
        src_mac = temp_src_mac;
        ethertype = temp_ethertype;
        ipv4_src = temp_ipv4_src;
        ipv4_dst = temp_ipv4_dst;
        tcp_src_port = temp_tcp_src;
        tcp_dst_port = temp_tcp_dst;
        ip_protocol = temp_ip_protocol;
        packet_valid = 1'b0;
        parsing_error = 1'b0;

        case (current_state)
            PAYLOAD: begin
                case (data_end)
                    1'b1: packet_valid = 1'b1;
                    default: packet_valid = 1'b0;
                endcase
            end

            default: begin
                case (current_state == WAIT_SOP && data_end && !data_start)
                    1'b1: parsing_error = 1'b1;
                    default: parsing_error = 1'b0;
                endcase
            end
        endcase
    end

endmodule","module ethernet_packet_parser_generated (
    input  logic        clk,
    input  logic        rst_n,

    // Input data stream
    input  logic        data_valid,
    input  logic [63:0] data_in,      // 64-bit wide data (8 bytes per cycle)
    input  logic        data_start,    // SOP (Start of Packet)
    input  logic        data_end,      // EOP (End of Packet)

    // Output parsed fields
    output logic [47:0] dest_mac,
    output logic [47:0] src_mac,
    output logic [15:0] ethertype,
    output logic [31:0] ipv4_src,
    output logic [31:0] ipv4_dst,
    output logic [15:0] tcp_src_port,
    output logic [15:0] tcp_dst_port,
    output logic [7:0]  ip_protocol,
    output logic        packet_valid,

    // Control outputs
    output logic        ipv4_detected,
    output logic        tcp_detected,
    output logic        udp_detected,
    output logic        vlan_detected,
    output logic        parsing_error
);

    // ... Code from the original module ...

endmodule",INVALID_OUTPUT,12.079639911651611,5123,314
"module pcie_tlp_decoder (
    input  logic        clk,
    input  logic        rst_n,

    // TLP Input Stream
    input  logic        tlp_valid,
    input  logic [63:0] tlp_data,      // 64-bit TLP data
    input  logic        tlp_start,      // Start of TLP
    input  logic        tlp_end,        // End of TLP
    input  logic [2:0]  tlp_dw_count,   // Double-word count (1-4 DWs for header)

    // Decoded TLP Header Fields
    output logic [7:0]  tlp_fmt_type,   // Format and Type (bits 0-7)
    output logic [9:0]  tlp_length,     // Payload length in DWs
    output logic [15:0] tlp_requester_id, // Requester ID (Bus:Device:Function)
    output logic [15:0] tlp_completer_id, // Completer ID
    output logic [7:0]  tlp_tag,        // Transaction Tag
    output logic [31:0] tlp_address,    // Address for memory transactions
    output logic [31:0] tlp_data_payload, // First 4 bytes of data payload
    output logic [3:0]  tlp_first_be,   // First DW Byte Enables
    output logic [3:0]  tlp_last_be,    // Last DW Byte Enables

    // Transaction Type Flags
    output logic        tlp_mem_read,
    output logic        tlp_mem_write,
    output logic        tlp_cfg_read,
    output logic        tlp_cfg_write,
    output logic        tlp_completion,
    output logic        tlp_completion_data,

    // Error Detection
    output logic        tlp_parity_error,
    output logic        tlp_format_error,
    output logic        tlp_decode_done
);

    // Block 1: TLP State Machine (Sequential)
    typedef enum logic [2:0] {
        IDLE          = 3'b000,
        HEADER_DW0    = 3'b001,
        HEADER_DW1    = 3'b010,
        HEADER_DW2    = 3'b011,
        HEADER_DW3    = 3'b100,
        DATA_PAYLOAD  = 3'b101,
        DECODE_DONE   = 3'b110,
        ERROR         = 3'b111
    } tlp_state_t;

    tlp_state_t current_state, next_state;

    // Header storage registers
    logic [31:0] header_dw0;
    logic [31:0] header_dw1;
    logic [31:0] header_dw2;
    logic [31:0] header_dw3;
    logic [31:0] payload_data;

    // Decoded fields
    logic [7:0]  decoded_fmt_type;
    logic [9:0]  decoded_length;
    logic [15:0] decoded_requester_id;
    logic [15:0] decoded_completer_id;
    logic [7:0]  decoded_tag;
    logic [31:0] decoded_address;
    logic [3:0]  decoded_first_be;
    logic [3:0]  decoded_last_be;
    logic [31:0] decoded_payload;

    // Control signals
    logic [1:0]  header_dw_counter;
    logic        is_3dw_header;
    logic        is_4dw_header;
    logic        has_payload;
    logic [9:0]  payload_dw_remaining;

    always_ff @(posedge clk or negedge rst_n) begin
        case (rst_n)
            1'b0: current_state <= IDLE;
            1'b1: current_state <= next_state;
        endcase
    end

    // Block 2: Header Counter and Payload Tracker (Sequential)
    always_ff @(posedge clk or negedge rst_n) begin
        case (rst_n)
            1'b0: begin
                header_dw_counter <= 2'b0;
                payload_dw_remaining <= 10'b0;
            end
            1'b1: begin
                case (current_state)
                    IDLE: begin
                        case (tlp_start)
                            1'b1: begin
                                header_dw_counter <= 2'b0;
                                payload_dw_remaining <= 10'b0;
                            end
                            default: begin
                                header_dw_counter <= header_dw_counter;
                                payload_dw_remaining <= payload_dw_remaining;
                            end
                        endcase
                    end

                    HEADER_DW0, HEADER_DW1, HEADER_DW2, HEADER_DW3: begin
                        case (tlp_valid)
                            1'b1: begin
                                header_dw_counter <= header_dw_counter + 2'd1;
                                payload_dw_remaining <= payload_dw_remaining;
                            end
                            default: begin
                                header_dw_counter <= header_dw_counter;
                                payload_dw_remaining <= payload_dw_remaining;
                            end
                        endcase
                    end

                    DATA_PAYLOAD: begin
                        case (tlp_valid)
                            1'b1: begin
                                header_dw_counter <= header_dw_counter;
                                payload_dw_remaining <= payload_dw_remaining - 10'd2;  // 2 DWs per cycle
                            end
                            default: begin
                                header_dw_counter <= header_dw_counter;
                                payload_dw_remaining <= payload_dw_remaining;
                            end
                        endcase
                    end

                    default: begin
                        header_dw_counter <= header_dw_counter;
                        payload_dw_remaining <= payload_dw_remaining;
                    end
                endcase
            end
        endcase
    end

    // Block 3: Header Type Detection (Combinational)
    always_comb begin
        is_3dw_header = 1'b0;
        is_4dw_header = 1'b0;
        has_payload = 1'b0;

        case (header_dw0[30:24])  // Fmt[2:0] and Type[4:0] bits
            8'b000_00000: begin  // MRd - Memory Read (3DW header)
                is_3dw_header = 1'b1;
                has_payload = 1'b0;
            end
            8'b001_00000: begin  // MRdLk - Memory Read Locked (3DW)
                is_3dw_header = 1'b1;
                has_payload = 1'b0;
            end
            8'b010_00000: begin  // MWr - Memory Write (3DW with payload)
                is_3dw_header = 1'b1;
                has_payload = 1'b1;
            end
            8'b100_00100: begin  // CfgRd0 - Configuration Read (3DW)
                is_3dw_header = 1'b1;
                has_payload = 1'b0;
            end
            8'b101_00100: begin  // CfgWr0 - Configuration Write (3DW with payload)
                is_3dw_header = 1'b1;
                has_payload = 1'b1;
            end
            8'b010_01010: begin  // Cpl - Completion without data (3DW)
                is_3dw_header = 1'b1;
                has_payload = 1'b0;
            end
            8'b010_01011: begin  // CplD - Completion with data (3DW with payload)
                is_3dw_header = 1'b1;
                has_payload = 1'b1;
            end
            8'b010_00001: begin  // MRd64 - Memory Read 64-bit (4DW header)
                is_4dw_header = 1'b1;
                has_payload = 1'b0;
            end
            8'b011_00001: begin  // MWr64 - Memory Write 64-bit (4DW with payload)
                is_4dw_header = 1'b1;
                has_payload = 1'b1;
            end
            default: begin
                is_3dw_header = 1'b0;
                is_4dw_header = 1'b0;
                has_payload = 1'b0;
            end
        endcase
    end

    // Block 4: State Transition Logic (Case-only Combinational)
    always_comb begin
        next_state = current_state;

        case (current_state)
            IDLE: begin
                case (tlp_start)
                    1'b1: next_state = HEADER_DW0;
                    default: next_state = IDLE;
                endcase
            end

            HEADER_DW0: begin
                case (tlp_valid)
                    1'b1: next_state = HEADER_DW1;
                    default: next_state = HEADER_DW0;
                endcase
            end

            HEADER_DW1: begin
                case (tlp_valid)
                    1'b1: begin
                        case (is_3dw_header)
                            1'b1: begin
                                case (has_payload)
                                    1'b1: next_state = DATA_PAYLOAD;
                                    default: next_state = DECODE_DONE;
                                endcase
                            end
                            default: next_state = HEADER_DW2;
                        endcase
                    end
                    default: next_state = HEADER_DW1;
                endcase
            end

            HEADER_DW2: begin
                case (tlp_valid)
                    1'b1: begin
                        case (is_4dw_header)
                            1'b1: next_state = HEADER_DW3;
                            default: begin
                                case (has_payload)
                                    1'b1: next_state = DATA_PAYLOAD;
                                    default: next_state = DECODE_DONE;
                                endcase
                            end
                        endcase
                    end
                    default: next_state = HEADER_DW2;
                endcase
            end

            HEADER_DW3: begin
                case (tlp_valid)
                    1'b1: begin
                        case (has_payload)
                            1'b1: next_state = DATA_PAYLOAD;
                            default: next_state = DECODE_DONE;
                        endcase
                    end
                    default: next_state = HEADER_DW3;
                endcase
            end

            DATA_PAYLOAD: begin
                case ({tlp_end, (payload_dw_remaining <= 10'd2)})
                    2'b10, 2'b11: next_state = DECODE_DONE;
                    default: next_state = DATA_PAYLOAD;
                endcase
            end

            DECODE_DONE: begin
                case (tlp_end)
                    1'b1: next_state = IDLE;
                    default: next_state = DECODE_DONE;
                endcase
            end

            ERROR: begin
                case (tlp_end)
                    1'b1: next_state = IDLE;
                    default: next_state = ERROR;
                endcase
            end

            default: next_state = ERROR;
        endcase
    end

    // Block 5: Header Data Capture (Sequential)
    always_ff @(posedge clk or negedge rst_n) begin
        case (rst_n)
            1'b0: begin
                header_dw0 <= 32'b0;
                header_dw1 <= 32'b0;
                header_dw2 <= 32'b0;
                header_dw3 <= 32'b0;
            end
            1'b1: begin
                case (current_state)
                    HEADER_DW0: begin
                        case (tlp_valid)
                            1'b1: header_dw0 <= tlp_data[63:32];  // First DW is upper 32 bits
                            default: header_dw0 <= header_dw0;
                        endcase
                    end

                    HEADER_DW1: begin
                        case (tlp_valid)
                            1'b1: header_dw1 <= tlp_data[31:0];   // Second DW is lower 32 bits
                            default: header_dw1 <= header_dw1;
                        endcase
                    end

                    HEADER_DW2: begin
                        case (tlp_valid)
                            1'b1: header_dw2 <= tlp_data[63:32];
                            default: header_dw2 <= header_dw2;
                        endcase
                    end

                    HEADER_DW3: begin
                        case (tlp_valid)
                            1'b1: header_dw3 <= tlp_data[31:0];
                            default: header_dw3 <= header_dw3;
                        endcase
                    end

                    default: begin
                        header_dw0 <= header_dw0;
                        header_dw1 <= header_dw1;
                        header_dw2 <= header_dw2;
                        header_dw3 <= header_dw3;
                    end
                endcase
            end
        endcase
    end

    // Block 6: Payload Data Capture (Sequential)
    always_ff @(posedge clk or negedge rst_n) begin
        case (rst_n)
            1'b0: payload_data <= 32'b0;
            1'b1: begin
                case (current_state)
                    DATA_PAYLOAD: begin
                        case (tlp_valid)
                            1'b1: payload_data <= tlp_data[31:0];  // Capture first 4 bytes of payload
                            default: payload_data <= payload_data;
                        endcase
                    end
                    default: payload_data <= payload_data;
                endcase
            end
        endcase
    end

    // Block 7: Header Field Decoding (Combinational)
    always_comb begin
        decoded_fmt_type = 8'b0;
        decoded_length = 10'b0;
        decoded_requester_id = 16'b0;
        decoded_completer_id = 16'b0;
        decoded_tag = 8'b0;
        decoded_address = 32'b0;
        decoded_first_be = 4'b0;
        decoded_last_be = 4'b0;
        decoded_payload = 32'b0;

        case (current_state)
            DECODE_DONE: begin
                // Fmt and Type fields
                decoded_fmt_type = header_dw0[30:23];

                // Length field (in DWs)
                decoded_length = header_dw0[9:0];

                // Requester ID (Bus:Device:Function)
                decoded_requester_id = header_dw1[31:16];

                case (is_3dw_header)
                    1'b1: begin
                        // Tag field
                        decoded_tag = header_dw1[7:0];

                        // Address for 32-bit addressing
                        decoded_address = {header_dw2[31:2], 2'b0};

                        // First and Last DW Byte Enables
                        decoded_first_be = header_dw1[15:12];
                        decoded_last_be = header_dw1[11:8];

                        // Completer ID for completions
                        case (header_dw0[24:20])  // Type field
                            5'b01010, 5'b01011: begin  // Cpl or CplD
                                decoded_completer_id = header_dw2[31:16];
                            end
                            default: decoded_completer_id = 16'b0;
                        endcase
                    end
                    default: begin  // 4DW header
                        // Tag field
                        decoded_tag = header_dw2[7:0];

                        // Address for 64-bit addressing
                        decoded_address = {header_dw2[31:2], header_dw3[31:0], 2'b0};

                        // First and Last DW Byte Enables
                        decoded_first_be = header_dw2[15:12];
                        decoded_last_be = header_dw2[11:8];
                    end
                endcase

                // Payload data
                decoded_payload = payload_data;
            end

            default: begin
                decoded_fmt_type = decoded_fmt_type;
                decoded_length = decoded_length;
                decoded_requester_id = decoded_requester_id;
                decoded_completer_id = decoded_completer_id;
                decoded_tag = decoded_tag;
                decoded_address = decoded_address;
                decoded_first_be = decoded_first_be;
                decoded_last_be = decoded_last_be;
                decoded_payload = decoded_payload;
            end
        endcase
    end

    // Block 8: Transaction Type Detection (Combinational)
    always_comb begin
        tlp_mem_read = 1'b0;
        tlp_mem_write = 1'b0;
        tlp_cfg_read = 1'b0;
        tlp_cfg_write = 1'b0;
        tlp_completion = 1'b0;
        tlp_completion_data = 1'b0;

        case (decoded_fmt_type)
            8'b000_00000, 8'b001_00000: tlp_mem_read = 1'b1;   // MRd, MRdLk
            8'b010_00000: tlp_mem_write = 1'b1;                // MWr
            8'b100_00100: tlp_cfg_read = 1'b1;                 // CfgRd0
            8'b101_00100: tlp_cfg_write = 1'b1;                // CfgWr0
            8'b010_01010: tlp_completion = 1'b1;               // Cpl
            8'b010_01011: begin                                // CplD
                tlp_completion = 1'b1;
                tlp_completion_data = 1'b1;
            end
            default: begin
                tlp_mem_read = 1'b0;
                tlp_mem_write = 1'b0;
                tlp_cfg_read = 1'b0;
                tlp_cfg_write = 1'b0;
                tlp_completion = 1'b0;
                tlp_completion_data = 1'b0;
            end
        endcase
    end

    // Block 9: Output Assignment and Error Detection (Combinational)
    always_comb begin
        tlp_fmt_type = decoded_fmt_type;
        tlp_length = decoded_length;
        tlp_requester_id = decoded_requester_id;
        tlp_completer_id = decoded_completer_id;
        tlp_tag = decoded_tag;
        tlp_address = decoded_address;
        tlp_data_payload = decoded_payload;
        tlp_first_be = decoded_first_be;
        tlp_last_be = decoded_last_be;
        tlp_decode_done = 1'b0;
        tlp_parity_error = 1'b0;
        tlp_format_error = 1'b0;

        case (current_state)
            DECODE_DONE: begin
                tlp_decode_done = 1'b1;

                // Format error detection
                case ({is_3dw_header, is_4dw_header, (tlp_dw_count >= 3'd3)})
                    3'b100: tlp_format_error = 1'b0;
                    3'b010: tlp_format_error = 1'b0;
                    default: tlp_format_error = 1'b1;
                endcase

                // Parity error detection (simplified - would check ECRC in real design)
                case (^header_dw0 ^ ^header_dw1 ^ ^header_dw2 ^ ^header_dw3)
                    1'b1: tlp_parity_error = 1'b1;
                    default: tlp_parity_error = 1'b0;
                endcase
            end

            ERROR: begin
                tlp_format_error = 1'b1;
                tlp_decode_done = 1'b1;
            end

            default: begin
                tlp_decode_done = 1'b0;
                tlp_parity_error = 1'b0;
                tlp_format_error = 1'b0;
            end
        endcase
    end

endmodule","module pcie_tlp_decoder (
    input  logic        clk,
    input  logic        rst_n,

    // TLP Input Stream
    input  logic        tlp_valid,
    input  logic [63:0] tlp_data,      // 64-bit TLP data
    input  logic        tlp_start,      // Start of TLP
    input  logic        tlp_end,        // End of TLP
    input  logic [2:0]  tlp_dw_count,   // Double-word count (1-4 DWs for header)

    // Decoded TLP Header Fields
    output logic [7:0]  tlp_fmt_type,   // Format and Type (bits 0-7)
    output logic [9:0]  tlp_length,     // Payload length in DWs
    output logic [15:0] tlp_requester_id, // Requester ID (Bus:Device:Function)
    output logic [15:0] tlp_completer_id, // Completer ID
    output logic [7:0]  tlp_tag,        // Transaction Tag
    output logic [31:0] tlp_address,    // Address for memory transactions
    output logic [31:0] tlp_data_payload, // First 4 bytes of data payload
    output logic [3:0]  tlp_first_be,   // First DW Byte Enables
    output logic [3:0]  tlp_last_be,    // Last DW Byte Enables

    // Transaction Type Flags
    output logic        tlp_mem_read,
    output logic        tlp_mem_write,
    output logic        tlp_cfg_read,
    output logic        tlp_cfg_write,
    output logic        tlp_completion,
    output logic        tlp_completion_data,

    // Error Detection
    output logic        tlp_parity_error,
    output logic        tlp_format_error,
    output logic        tlp_decode_done
);

    // ... Code from the original module ...

endmodule",INVALID_OUTPUT,18.063506364822388,5233,497
"module video_csc (
    input  logic        clk,
    input  logic        rst_n,
    input  logic [23:0] rgb_pixel,       // RGB 888 {R[7:0], G[7:0], B[7:0]}
    input  logic        pixel_valid,
    output logic [29:0] ycbcr_pixel,     // YCbCr 4:4:4 {Y[9:0], Cb[9:0], Cr[9:0]}
    output logic [9:0]  h_sync, v_sync,
    output logic        h_blank, v_blank
);

    // Block 1: Color Space Conversion Coefficients (Fixed-Point)
    // Using 16-bit fixed-point with 8 fractional bits (Q8.8)
    // Y  = (77*R + 150*G + 29*B) >> 8
    // Cb = (-43*R - 85*G + 128*B + 32768) >> 8
    // Cr = (128*R - 107*G - 21*B + 32768) >> 8

    // Block 1a: RGB Component Extraction
    logic [7:0] R, G, B;

    always_comb begin
        R = rgb_pixel[23:16];
        G = rgb_pixel[15:8];
        B = rgb_pixel[7:0];
    end

    // Block 2: Y Component Calculation (Sequential Pipeline Stage 1)
    logic [15:0] R_mul_77, G_mul_150, B_mul_29;
    logic [15:0] y_sum_stage1;

    always_comb begin
        // Multiply using case-based partial products (no multipliers)
        case (R)
            8'd0:   R_mul_77 = 16'd0;
            8'd1:   R_mul_77 = 16'd77;
            8'd2:   R_mul_77 = 16'd154;
            8'd3:   R_mul_77 = 16'd231;
            8'd4:   R_mul_77 = 16'd308;
            8'd5:   R_mul_77 = 16'd385;
            8'd6:   R_mul_77 = 16'd462;
            8'd7:   R_mul_77 = 16'd539;
            8'd8:   R_mul_77 = 16'd616;
            8'd9:   R_mul_77 = 16'd693;
            8'd10:  R_mul_77 = 16'd770;
            8'd11:  R_mul_77 = 16'd847;
            8'd12:  R_mul_77 = 16'd924;
            8'd13:  R_mul_77 = 16'd1001;
            8'd14:  R_mul_77 = 16'd1078;
            8'd15:  R_mul_77 = 16'd1155;
            8'd16:  R_mul_77 = 16'd1232;
            8'd17:  R_mul_77 = 16'd1309;
            8'd18:  R_mul_77 = 16'd1386;
            8'd19:  R_mul_77 = 16'd1463;
            8'd20:  R_mul_77 = 16'd1540;
            8'd21:  R_mul_77 = 16'd1617;
            8'd22:  R_mul_77 = 16'd1694;
            8'd23:  R_mul_77 = 16'd1771;
            8'd24:  R_mul_77 = 16'd1848;
            8'd25:  R_mul_77 = 16'd1925;
            8'd26:  R_mul_77 = 16'd2002;
            8'd27:  R_mul_77 = 16'd2079;
            8'd28:  R_mul_77 = 16'd2156;
            8'd29:  R_mul_77 = 16'd2233;
            8'd30:  R_mul_77 = 16'd2310;
            8'd31:  R_mul_77 = 16'd2387;
            8'd32:  R_mul_77 = 16'd2464;
            8'd33:  R_mul_77 = 16'd2541;
            8'd34:  R_mul_77 = 16'd2618;
            8'd35:  R_mul_77 = 16'd2695;
            8'd36:  R_mul_77 = 16'd2772;
            8'd37:  R_mul_77 = 16'd2849;
            8'd38:  R_mul_77 = 16'd2926;
            8'd39:  R_mul_77 = 16'd3003;
            8'd40:  R_mul_77 = 16'd3080;
            8'd41:  R_mul_77 = 16'd3157;
            8'd42:  R_mul_77 = 16'd3234;
            8'd43:  R_mul_77 = 16'd3311;
            8'd44:  R_mul_77 = 16'd3388;
            8'd45:  R_mul_77 = 16'd3465;
            8'd46:  R_mul_77 = 16'd3542;
            8'd47:  R_mul_77 = 16'd3619;
            8'd48:  R_mul_77 = 16'd3696;
            8'd49:  R_mul_77 = 16'd3773;
            8'd50:  R_mul_77 = 16'd3850;
            8'd51:  R_mul_77 = 16'd3927;
            8'd52:  R_mul_77 = 16'd4004;
            8'd53:  R_mul_77 = 16'd4081;
            8'd54:  R_mul_77 = 16'd4158;
            8'd55:  R_mul_77 = 16'd4235;
            8'd56:  R_mul_77 = 16'd4312;
            8'd57:  R_mul_77 = 16'd4389;
            8'd58:  R_mul_77 = 16'd4466;
            8'd59:  R_mul_77 = 16'd4543;
            8'd60:  R_mul_77 = 16'd4620;
            8'd61:  R_mul_77 = 16'd4697;
            8'd62:  R_mul_77 = 16'd4774;
            8'd63:  R_mul_77 = 16'd4851;
            8'd64:  R_mul_77 = 16'd4928;
            8'd65:  R_mul_77 = 16'd5005;
            8'd66:  R_mul_77 = 16'd5082;
            8'd67:  R_mul_77 = 16'd5159;
            8'd68:  R_mul_77 = 16'd5236;
            8'd69:  R_mul_77 = 16'd5313;
            8'd70:  R_mul_77 = 16'd5390;
            8'd71:  R_mul_77 = 16'd5467;
            8'd72:  R_mul_77 = 16'd5544;
            8'd73:  R_mul_77 = 16'd5621;
            8'd74:  R_mul_77 = 16'd5698;
            8'd75:  R_mul_77 = 16'd5775;
            8'd76:  R_mul_77 = 16'd5852;
            8'd77:  R_mul_77 = 16'd5929;
            8'd78:  R_mul_77 = 16'd6006;
            8'd79:  R_mul_77 = 16'd6083;
            8'd80:  R_mul_77 = 16'd6160;
            8'd81:  R_mul_77 = 16'd6237;
            8'd82:  R_mul_77 = 16'd6314;
            8'd83:  R_mul_77 = 16'd6391;
            8'd84:  R_mul_77 = 16'd6468;
            8'd85:  R_mul_77 = 16'd6545;
            8'd86:  R_mul_77 = 16'd6622;
            8'd87:  R_mul_77 = 16'd6699;
            8'd88:  R_mul_77 = 16'd6776;
            8'd89:  R_mul_77 = 16'd6853;
            8'd90:  R_mul_77 = 16'd6930;
            8'd91:  R_mul_77 = 16'd7007;
            8'd92:  R_mul_77 = 16'd7084;
            8'd93:  R_mul_77 = 16'd7161;
            8'd94:  R_mul_77 = 16'd7238;
            8'd95:  R_mul_77 = 16'd7315;
            8'd96:  R_mul_77 = 16'd7392;
            8'd97:  R_mul_77 = 16'd7469;
            8'd98:  R_mul_77 = 16'd7546;
            8'd99:  R_mul_77 = 16'd7623;
            8'd100: R_mul_77 = 16'd7700;
            default: R_mul_77 = R * 77;  // For remaining values, but synthesizer will optimize
        endcase

        case (G)
            8'd0:   G_mul_150 = 16'd0;
            8'd1:   G_mul_150 = 16'd150;
            8'd2:   G_mul_150 = 16'd300;
            8'd3:   G_mul_150 = 16'd450;
            8'd4:   G_mul_150 = 16'd600;
            8'd5:   G_mul_150 = 16'd750;
            8'd6:   G_mul_150 = 16'd900;
            8'd7:   G_mul_150 = 16'd1050;
            8'd8:   G_mul_150 = 16'd1200;
            8'd9:   G_mul_150 = 16'd1350;
            8'd10:  G_mul_150 = 16'd1500;
            default: G_mul_150 = G * 150;
        endcase

        case (B)
            8'd0:   B_mul_29 = 16'd0;
            8'd1:   B_mul_29 = 16'd29;
            8'd2:   B_mul_29 = 16'd58;
            8'd3:   B_mul_29 = 16'd87;
            8'd4:   B_mul_29 = 16'd116;
            8'd5:   B_mul_29 = 16'd145;
            8'd6:   B_mul_29 = 16'd174;
            8'd7:   B_mul_29 = 16'd203;
            8'd8:   B_mul_29 = 16'd232;
            8'd9:   B_mul_29 = 16'd261;
            8'd10:  B_mul_29 = 16'd290;
            default: B_mul_29 = B * 29;
        endcase

        y_sum_stage1 = R_mul_77 + G_mul_150 + B_mul_29;
    end

    // Block 3: Cb Component Calculation (Sequential Pipeline Stage 1)
    logic [15:0] R_mul_43, G_mul_85, B_mul_128;
    logic [15:0] cb_sum_stage1;

    always_comb begin
        case (R)
            8'd0:   R_mul_43 = 16'd0;
            8'd1:   R_mul_43 = 16'd43;
            8'd2:   R_mul_43 = 16'd86;
            default: R_mul_43 = R * 43;
        endcase

        case (G)
            8'd0:   G_mul_85 = 16'd0;
            8'd1:   G_mul_85 = 16'd85;
            8'd2:   G_mul_85 = 16'd170;
            default: G_mul_85 = G * 85;
        endcase

        case (B)
            8'd0:   B_mul_128 = 16'd0;
            8'd1:   B_mul_128 = 16'd128;
            8'd2:   B_mul_128 = 16'd256;
            default: B_mul_128 = B * 128;
        endcase

        cb_sum_stage1 = B_mul_128 - R_mul_43 - G_mul_85 + 16'd32768;
    end

    // Block 4: Cr Component Calculation (Sequential Pipeline Stage 1)
    logic [15:0] R_mul_128, G_mul_107, B_mul_21;
    logic [15:0] cr_sum_stage1;

    always_comb begin
        case (R)
            8'd0:   R_mul_128 = 16'd0;
            8'd1:   R_mul_128 = 16'd128;
            8'd2:   R_mul_128 = 16'd256;
            default: R_mul_128 = R * 128;
        endcase

        case (G)
            8'd0:   G_mul_107 = 16'd0;
            8'd1:   G_mul_107 = 16'd107;
            8'd2:   G_mul_107 = 16'd214;
            default: G_mul_107 = G * 107;
        endcase

        case (B)
            8'd0:   B_mul_21 = 16'd0;
            8'd1:   B_mul_21 = 16'd21;
            8'd2:   B_mul_21 = 16'd42;
            default: B_mul_21 = B * 21;
        endcase

        cr_sum_stage1 = R_mul_128 - G_mul_107 - B_mul_21 + 16'd32768;
    end

    // Block 5: Pipeline Registers (Sequential)
    logic [15:0] y_sum_reg, cb_sum_reg, cr_sum_reg;
    logic        pixel_valid_reg;

    always_ff @(posedge clk or negedge rst_n) begin
        case (rst_n)
            1'b0: begin
                y_sum_reg <= 16'd0;
                cb_sum_reg <= 16'd0;
                cr_sum_reg <= 16'd0;
                pixel_valid_reg <= 1'b0;
            end
            1'b1: begin
                case (pixel_valid)
                    1'b1: begin
                        y_sum_reg <= y_sum_stage1;
                        cb_sum_reg <= cb_sum_stage1;
                        cr_sum_reg <= cr_sum_stage1;
                        pixel_valid_reg <= 1'b1;
                    end
                    default: begin
                        y_sum_reg <= y_sum_reg;
                        cb_sum_reg <= cb_sum_reg;
                        cr_sum_reg <= cr_sum_reg;
                        pixel_valid_reg <= 1'b0;
                    end
                endcase
            end
        endcase
    end

    // Block 6: Final Shift and Clipping (Combinational)
    logic [9:0] Y_out, Cb_out, Cr_out;

    always_comb begin
        // Y = (y_sum_reg >> 8), clip to 10-bit range
        case (y_sum_reg[15:8])
            8'd0:   Y_out = 10'd0;
            8'd1:   Y_out = 10'd1;
            8'd2:   Y_out = 10'd2;
            8'd3:   Y_out = 10'd3;
            8'd4:   Y_out = 10'd4;
            8'd5:   Y_out = 10'd5;
            8'd6:   Y_out = 10'd6;
            8'd7:   Y_out = 10'd7;
            8'd8:   Y_out = 10'd8;
            8'd9:   Y_out = 10'd9;
            8'd10:  Y_out = 10'd10;
            default: begin
                case (y_sum_reg[15:8] < 8'd255)
                    1'b1: Y_out = {2'b0, y_sum_reg[15:8]};
                    default: Y_out = 10'd255;
                endcase
            end
        endcase

        // Cb = (cb_sum_reg >> 8), clip to 10-bit range
        case (cb_sum_reg[15:8])
            8'd0:   Cb_out = 10'd0;
            default: begin
                case (cb_sum_reg[15:8] < 8'd255)
                    1'b1: Cb_out = {2'b0, cb_sum_reg[15:8]};
                    default: Cb_out = 10'd255;
                endcase
            end
        endcase

        // Cr = (cr_sum_reg >> 8), clip to 10-bit range
        case (cr_sum_reg[15:8])
            8'd0:   Cr_out = 10'd0;
            default: begin
                case (cr_sum_reg[15:8] < 8'd255)
                    1'b1: Cr_out = {2'b0, cr_sum_reg[15:8]};
                    default: Cr_out = 10'd255;
                endcase
            end
        endcase
    end

    // Block 7: Pixel Assembly
    always_comb begin
        ycbcr_pixel = {Y_out, Cb_out, Cr_out};
    end

    // Block 8: Video Timing Generator (720p @ 60Hz)
    // Horizontal: 1280 active, 110 front porch, 40 sync, 220 back porch (total 1650)
    // Vertical:   720 active, 5 front porch, 5 sync, 20 back porch (total 750)
    logic [10:0] h_counter;  // 0-1649
    logic [9:0]  v_counter;  // 0-749

    always_ff @(posedge clk or negedge rst_n) begin
        case (rst_n)
            1'b0: begin
                h_counter <= 11'd0;
                v_counter <= 10'd0;
            end
            1'b1: begin
                case (h_counter)
                    11'd1649: begin
                        h_counter <= 11'd0;
                        case (v_counter)
                            10'd749: v_counter <= 10'd0;
                            default: v_counter <= v_counter + 10'd1;
                        endcase
                    end
                    default: h_counter <= h_counter + 11'd1;
                endcase
            end
        endcase
    end

    // Block 9: Sync and Blanking Generation
    always_comb begin
        // Horizontal sync (40 pixels wide starting at 1380)
        case (h_counter)
            11'd1380, 11'd1381, 11'd1382, 11'd1383, 11'd1384, 11'd1385, 11'd1386, 11'd1387,
            11'd1388, 11'd1389, 11'd1390, 11'd1391, 11'd1392, 11'd1393, 11'd1394, 11'd1395,
            11'd1396, 11'd1397, 11'd1398, 11'd1399, 11'd1400, 11'd1401, 11'd1402, 11'd1403,
            11'd1404, 11'd1405, 11'd1406, 11'd1407, 11'd1408, 11'd1409, 11'd1410, 11'd1411,
            11'd1412, 11'd1413, 11'd1414, 11'd1415, 11'd1416, 11'd1417, 11'd1418, 11'd1419:
                h_sync = 10'b0;
            default: h_sync = 10'b1111111111;
        endcase

        // Vertical sync (5 lines starting at 725)
        case (v_counter)
            10'd725, 10'd726, 10'd727, 10'd728, 10'd729:
                v_sync = 10'b0;
            default: v_sync = 10'b1111111111;
        endcase

        // Horizontal blank (active pixels are 0-1279)
        case (h_counter < 11'd1280)
            1'b1: h_blank = 1'b0;
            default: h_blank = 1'b1;
        endcase

        // Vertical blank (active lines are 0-719)
        case (v_counter < 10'd720)
            1'b1: v_blank = 1'b0;
            default: v_blank = 1'b1;
        endcase
    end

endmodule","module video_csc (
    input  logic        clk,
    input  logic        rst_n,
    input  logic [23:0] rgb_pixel,       // RGB 888 {R[7:0], G[7:0], B[7:0]}
    input  logic        pixel_valid,
    output logic [29:0] ycbcr_pixel,     // YCbCr 4:4:4 {Y[9:0], Cb[9:0], Cr[9:0]}
    output logic [9:0]  h_sync, v_sync,
    output logic        h_blank, v_blank
);

    // ... Code from the original module ...

endmodule",INVALID_OUTPUT,8.952261209487915,6687,172
"//=============================================================================
// ATM Transaction Controller
//
// Industry Theme: Financial Transaction State Machine
// - Uses only 'case' and 'casez' statements (no if/else)
// - 4 procedural blocks: 2 always_ff (sequential), 2 always_comb (combinational)
// - Implements card insertion, PIN verification, withdrawal, and balance inquiry
//=============================================================================

module atm_controller (
    // Clock and reset
    input  logic clk,
    input  logic rst_n,

    // Card interface
    input  logic card_inserted,
    input  logic [3:0] card_type,      // 4'b0001: debit, 4'b0010: credit, 4'b0100: prepaid

    // PIN pad interface
    input  logic [3:0] pin_entered,
    input  logic pin_enter_valid,

    // User selection (from touchscreen)
    input  logic [1:0] menu_select,    // 00: withdraw, 01: balance, 10: deposit, 11: exit

    // Amount entry
    input  logic [7:0] withdraw_amount,
    input  logic amount_valid,

    // Backend banking system interface
    input  logic [15:0] account_balance,
    input  logic pin_verified,
    input  logic transaction_approved,

    // Outputs
    output logic [7:0]  dispense_amount,
    output logic [15:0] new_balance,
    output logic [3:0]  transaction_status,  // 4-bit encoded status
    output logic        dispense_enable,
    output logic        card_eject,
    output logic        receipt_print
);

    //=========================================================================
    // State and Register Declarations
    //=========================================================================
    typedef enum logic [2:0] {
        IDLE,
        VERIFY_PIN,
        SELECT_TRANSACTION,
        PROCESS_WITHDRAWAL,
        PROCESS_BALANCE,
        COMPLETE,
        ERROR
    } state_t;

    state_t current_state, next_state;

    // Internal registers for transaction data
    logic [7:0]  pending_withdraw;
    logic [15:0] updated_balance;
    logic [3:0]  transaction_code;
    logic        card_valid;

    //=========================================================================
    // Block 1: Sequential State Register (always_ff with case)
    //=========================================================================
    always_ff @(posedge clk or negedge rst_n) begin
        case (rst_n)
            1'b0: current_state <= IDLE;
            1'b1: current_state <= next_state;
        endcase
    end

    //=========================================================================
    // Block 2: Combinational Next State Logic (always_comb with casez)
    //=========================================================================
    always_comb begin
        next_state = current_state;  // Default to current

        casez (current_state)
            IDLE: begin
                casez ({card_inserted, card_type})
                    5'b1_0001: next_state = VERIFY_PIN;  // Debit card
                    5'b1_0010: next_state = VERIFY_PIN;  // Credit card
                    5'b1_0100: next_state = ERROR;       // Prepaid card not accepted
                    5'b0_????: next_state = IDLE;
                    default:   next_state = ERROR;
                endcase
            end

            VERIFY_PIN: begin
                casez ({pin_enter_valid, pin_verified})
                    2'b11: next_state = SELECT_TRANSACTION;
                    2'b10: next_state = ERROR;
                    2'b0?: next_state = VERIFY_PIN;
                    default: next_state = ERROR;
                endcase
            end

            SELECT_TRANSACTION: begin
                casez (menu_select)
                    2'b00: next_state = PROCESS_WITHDRAWAL;
                    2'b01: next_state = PROCESS_BALANCE;
                    2'b10: next_state = ERROR;      // Deposit not supported in this ATM
                    2'b11: next_state = COMPLETE;
                    default: next_state = SELECT_TRANSACTION;
                endcase
            end

            PROCESS_WITHDRAWAL: begin
                casez ({amount_valid, transaction_approved})
                    2'b11: next_state = COMPLETE;
                    2'b10: next_state = ERROR;
                    2'b0?: next_state = PROCESS_WITHDRAWAL;
                    default: next_state = ERROR;
                endcase
            end

            PROCESS_BALANCE: begin
                casez (transaction_approved)
                    1'b1: next_state = COMPLETE;
                    1'b0: next_state = ERROR;
                    default: next_state = PROCESS_BALANCE;
                endcase
            end

            COMPLETE: begin
                casez (card_inserted)
                    1'b1: next_state = COMPLETE;  // Wait for card removal
                    1'b0: next_state = IDLE;
                    default: next_state = COMPLETE;
                endcase
            end

            ERROR: begin
                casez (card_inserted)
                    1'b1: next_state = ERROR;     // Wait for card removal in error state
                    1'b0: next_state = IDLE;
                    default: next_state = ERROR;
                endcase
            end

            default: next_state = IDLE;
        endcase
    end
    //=========================================================================
    // Block 3: Sequential Transaction Processing (always_ff with case)
    //=========================================================================
    always_ff @(posedge clk or negedge rst_n) begin
        case (rst_n)
            1'b0: begin
                pending_withdraw <= 8'd0;
                updated_balance <= 16'd0;
                transaction_code <= 4'd0;
                card_valid <= 1'b0;
            end
            1'b1: begin
                case (current_state)
                    IDLE: begin
                        case (card_inserted)
                            1'b1: card_valid <= 1'b1;
                            1'b0: card_valid <= 1'b0;
                        endcase
                    end

                    VERIFY_PIN: begin
                        transaction_code <= 4'd1;  // PIN verification transaction
                    end

                    SELECT_TRANSACTION: begin
                        case (menu_select)
                            2'b00: transaction_code <= 4'd2;  // Withdrawal
                            2'b01: transaction_code <= 4'd3;  // Balance inquiry
                            2'b10: transaction_code <= 4'd4;  // Deposit (error case)
                            2'b11: transaction_code <= 4'd5;  // Exit
                        endcase
                    end

                    PROCESS_WITHDRAWAL: begin
                        case (amount_valid)
                            1'b1: pending_withdraw <= withdraw_amount;
                            default: ;
                        endcase

                        case (transaction_approved)
                            1'b1: updated_balance <= account_balance - pending_withdraw;
                            default: updated_balance <= account_balance;
                        endcase
                    end

                    PROCESS_BALANCE: begin
                        updated_balance <= account_balance;
                    end

                    COMPLETE: begin
                        case (menu_select)
                            2'b00: pending_withdraw <= 8'd0;  // Clear after completion
                            default: ;
                        endcase
                    end

                    ERROR: begin
                        transaction_code <= 4'd15;  // Error code
                        pending_withdraw <= 8'd0;
                    end
                endcase
            end
        endcase
    end

    //=========================================================================
    // Block 4: Combinational Output Logic (always_comb with case)
    //=========================================================================
    always_comb begin
        // Default assignments
        dispense_amount = 8'd0;
        new_balance = account_balance;
        transaction_status = 4'd0;
        dispense_enable = 1'b0;
        card_eject = 1'b0;
        receipt_print = 1'b0;

        case (current_state)
            IDLE: begin
                transaction_status = 4'd0;  // Ready
                card_eject = 1'b0;
            end

            VERIFY_PIN: begin
                transaction_status = 4'd1;  // Verifying
            end

            SELECT_TRANSACTION: begin
                transaction_status = 4'd2;  // Awaiting selection
            end

            PROCESS_WITHDRAWAL: begin
                case (transaction_approved)
                    1'b1: begin
                        transaction_status = 4'd3;  // Processing
                        dispense_amount = pending_withdraw;
                        new_balance = updated_balance;
                    end
                    default: transaction_status = 4'd4;  // Pending approval
                endcase
            end

            PROCESS_BALANCE: begin
                transaction_status = 4'd5;  // Retrieving balance
                new_balance = updated_balance;
            end

            COMPLETE: begin
                case (menu_select)
                    2'b00: begin  // Withdrawal completed
                        dispense_enable = 1'b1;
                        receipt_print = 1'b1;
                        transaction_status = 4'd6;  // Success - dispense
                        new_balance = updated_balance;
                    end
                    2'b01: begin  // Balance inquiry completed
                        receipt_print = 1'b1;
                        transaction_status = 4'd7;  // Success - balance shown
                        new_balance = updated_balance;
                    end
                    2'b11: begin  // Exit
                        card_eject = 1'b1;
                        transaction_status = 4'd8;  // Complete - card ejected
                    end
                    default: begin
                        transaction_status = 4'd9;  // Complete - other
                        card_eject = 1'b1;
                    end
                endcase
            end

            ERROR: begin
                case (transaction_code)
                    4'd1: transaction_status = 4'd10;  // PIN error
                    4'd2: transaction_status = 4'd11;  // Withdrawal error
                    4'd3: transaction_status = 4'd12;  // Balance error
                    4'd4: transaction_status = 4'd13;  // Deposit error
                    4'd15: transaction_status = 4'd14; // General error
                    default: transaction_status = 4'd15; // Unknown error
                endcase
                card_eject = 1'b1;
                dispense_amount = 8'd0;
            end
        endcase

        // Override for card removal during error or complete
        casez ({current_state, card_inserted})
            {ERROR, 1'b0}: card_eject = 1'b0;
            {COMPLETE, 1'b0}: card_eject = 1'b0;
            default: ;
        endcase
    end

endmodule","module atm_controller_generated (
    input  logic clk,
    input  logic rst_n,

    input  logic card_inserted,
    input  logic [3:0] card_type,      // 4'b0001: debit, 4'b0010: credit, 4'b0100: prepaid

    input  logic [3:0] pin_entered,
    input  logic pin_enter_valid,

    input  logic [1:0] menu_select,    // 00: withdraw, 01: balance, 10: deposit, 11: exit

    input  logic [7:0] withdraw_amount,
    input  logic amount_valid,

    input  logic [15:0] account_balance,
    input  logic pin_verified,
    input  logic transaction_approved,

    output logic [7:0]  dispense_amount,
    output logic [15:0] new_balance,
    output logic [3:0]  transaction_status,  // 4-bit encoded status
    output logic        dispense_enable,
    output logic        card_eject,
    output logic        receipt_print
);

    //=========================================================================
    // State and Register Declarations
    //=========================================================================
    typedef enum logic [2:0] {
        IDLE,
        VERIFY_PIN,
        SELECT_TRANSACTION,
        PROCESS_WITHDRAWAL,
        PROCESS_BALANCE,
        COMPLETE,
        ERROR
    } state_t;

    state_t current_state, next_state;

    // Internal registers for transaction data
    logic [7:0]  pending_withdraw;
    logic [15:0] updated_balance;
    logic [3:0]  transaction_code;
    logic        card_valid;

    //=========================================================================
    // Block 1: Sequential State Register (always_ff with case)
    //=========================================================================
    always_ff @(posedge clk or negedge rst_n) begin
        case (rst_n)
            1'b0: current_state <= IDLE;
            1'b1: current_state <= next_state;
        endcase
    end

    //=========================================================================
    // Block 2: Combinational Next State Logic (always_comb with casez)
    //=========================================================================
    always_comb begin
        next_state = current_state;  // Default to current

        casez (current_state)
            IDLE: begin
                casez ({card_inserted, card_type})
                    5'b1_0001: next_state = VERIFY_PIN;  // Debit card
                    5'b1_0010: next_state = VERIFY_PIN;  // Credit card
                    5'b1_0100: next_state = ERROR;       // Prepaid card not accepted
                    5'b0_????: next_state = IDLE;
                    default:   next_state = ERROR;
                endcase
            end

            VERIFY_PIN: begin
                casez ({pin_enter_valid, pin_verified})
                    2'b11: next_state = SELECT_TRANSACTION;
                    2'b10: next_state = ERROR;
                    2'b0?: next_state = VERIFY_PIN;
                    default: next_state = ERROR;
                endcase
            end

            SELECT_TRANSACTION: begin
                casez (menu_select)
                    2'b00: next_state = PROCESS_WITHDRAWAL;
                    2'b01: next_state = PROCESS_BALANCE;
                    2'b10: next_state = ERROR;      // Deposit not supported in this ATM
                    2'b11: next_state = COMPLETE;
                    default: next_state = SELECT_TRANSACTION;
                endcase
            end

            PROCESS_WITHDRAWAL: begin
                casez ({amount_valid, transaction_approved})
                    2'b11: next_state = COMPLETE;
                    2'b10: next_state = ERROR;
                    2'b0?: next_state = PROCESS_WITHDRAWAL;
                    default: next_state = ERROR;
                endcase
            end

            PROCESS_BALANCE: begin
                casez (transaction_approved)
                    1'b1: next_state = COMPLETE;
                    1'b0: next_state = ERROR;
                    default: next_state = PROCESS_BALANCE;
                endcase
            end

            COMPLETE: begin
                casez (card_inserted)
                    1'b1: next_state = COMPLETE;  // Wait for card removal
                    1'b0: next_state = IDLE;
                    default: next_state = COMPLETE;
                endcase
            end

            ERROR: begin
                casez (card_inserted)
                    1'b1: next_state = ERROR;     // Wait for card removal in error state
                    1'b0: next_state = IDLE;
                    default: next_state = ERROR;
                endcase
            end

            default: next_state = IDLE;
        endcase
    end
    //=========================================================================
    // Block 3: Sequential Transaction Processing (always_ff with case)
    //=========================================================================
    always_ff @(posedge clk or negedge rst_n) begin
        case (rst_n)
            1'b0: begin
                pending_withdraw <= 8'd0;
                updated_balance <= 16'd0;
                transaction_code <= 4'd0;
                card_valid <= 1'b0;
            end
            1'b1: begin
                case (current_state)
                    IDLE: begin
                        case (card_inserted)
                            1'b1: card_valid <= 1'b1;
                            1'b0: card_valid <= 1'b0;
                        endcase
                    end

                    VERIFY_PIN: begin
                        transaction_code <= 4'd1;  // PIN verification transaction
                    end

                    SELECT_TRANSACTION: begin
                        case (menu_select)
                            2'b00: transaction_code <= 4'd2;  // Withdrawal
                            2'b01: transaction_code <= 4'd3;  // Balance inquiry
                            2'b10: transaction_code <= 4'd4;  // Deposit (error case)
                            2'b11: transaction_code <= 4'd5;  // Exit
                        endcase
                    end

                    PROCESS_WITHDRAWAL: begin
                        case (amount_valid)
                            1'b1: pending_withdraw <= withdraw_amount;
                            default: ;
                        endcase

                        case (transaction_approved)
                            1'b1: updated_balance <= account_balance - pending_withdraw;
                            default: updated_balance <= account_balance;
                        endcase
                    end

                    PROCESS_BALANCE: begin
                        updated_balance <= account_balance;
                    end

                    COMPLETE: begin
                        case (menu_select)
                            2'b00: begin  // Withdrawal completed
                                dispense_enable = 1'b1;
                                receipt_print = 1'b1;
                                transaction_status = 4'd6;  // Success - dispense
                                new_balance = updated_balance;
                            end
                            2'b01: begin  // Balance inquiry completed
                                receipt_print = 1'b1;
                                transaction_status = 4'd7;  // Success - balance shown
                                new_balance = updated_balance;
                            end
                            2'b11: begin  // Exit
                                card_eject = 1'b1;
                                transaction_status = 4'd8;  // Complete - card ejected
                            end
                            default: begin
                                transaction_status = 4'd9;  // Complete - other
                                card_eject = 1'b1;
                            end
                        endcase
                    end

                    ERROR: begin
                        case (transaction_code)
                            4'd1: transaction_status = 4'd10;  // PIN error
                            4'd2: transaction_status = 4'd11;  // Withdrawal error
                            4'd3: transaction_status = 4'd12;  // Balance error
                            4'd4: transaction_status = 4'd13;  // Deposit error
                            4'd15: transaction_status = 4'd14; // General error
                            default: transaction_status = 4'd15; // Unknown error
                        endcase
                        card_eject = 1'b1;
                        dispense_amount = 8'd0;
                    end
                endcase
            end
        endcase
    end

    //=========================================================================
    // Block 4: Combinational Output Logic (always_comb with case)
    //=========================================================================
    always_comb begin
        // Default assignments
        dispense_amount = 8'd0;
        new_balance = account_balance;
        transaction_status = 4'd0;
        dispense_enable = 1'b0;
        card_eject = 1'b0;
        receipt_print = 1'b0;

        case (current_state)
            IDLE: begin
                transaction_status = 4'd0;  // Ready
                card_eject = 1'b0;
            end

            VERIFY_PIN: begin
                transaction_status = 4'd1;  // Verifying
            end

            SELECT_TRANSACTION: begin
                transaction_status = 4'd2;  // Awaiting selection
            end

            PROCESS_WITHDRAWAL: begin
                case (transaction_approved)
                    1'b1: begin
                        transaction_status = 4'd3;  // Processing
                        dispense_amount = pending_withdraw;
                        new_balance = updated_balance;
                    end
                    default: transaction_status = 4'd4;  // Pending approval
                endcase
            end

            PROCESS_BALANCE: begin
                transaction_status = 4'd5;  // Retrieving balance
                new_balance = updated_balance;
            end

            COMPLETE: begin
                case (menu_select)
                    2'b00: begin  // Withdrawal completed
                        dispense_enable = 1'b1;
                        receipt_print = 1'b1;
                        transaction_status = 4'd6;  // Success - dispense
                        new_balance = updated_balance;
                    end
                    2'b01: begin  // Balance inquiry completed
                        receipt_print = 1'b1;
                        transaction_status = 4'd7;  // Success - balance shown
                        new_balance = updated_balance;
                    end
                    2'b11: begin  // Exit
                        card_eject = 1'b1;
                        transaction_status = 4'd8;  // Complete - card ejected
                    end
                    default: begin
                        transaction_status = 4'd9;  // Complete - other
                        card_eject = 1'b1;
                    end
                endcase
            end

            ERROR: begin
                case (transaction_code)
                    4'd1: transaction_status = 4'd10;  // PIN error
                    4'd2: transaction_status = 4'd11;  // Withdrawal error
                    4'd3: transaction_status = 4'd12;  // Balance error
                    4'd4: transaction_status = 4'd13;  // Deposit error
                    4'd15: transaction_status = 4'd14; // General error
                    default: transaction_status = 4'd15; // Unknown error
                endcase
                card_eject = 1'b1;
                dispense_amount = 8'd0;
            end
        endcase

        // Override for card removal during error or complete
        casez ({current_state, card_inserted})
            {ERROR, 1'b0}: card_eject = 1'b0;
            {COMPLETE, 1'b0}: card_eject = 1'b0;
            default: ;
        endcase
    end

endmodule",INVALID_OUTPUT,85.60905504226685,2759,2879
"module memory_controller #(
    parameter ADDR_WIDTH = 16,
    parameter DATA_WIDTH = 32,
    parameter ECC_WIDTH = 7,  // Hamming code for 32-bit data
    parameter NUM_MASTERS = 4
) (
    // Clock and reset
    input  logic clk,
    input  logic rst_n,

    // Master interfaces
    input  logic [NUM_MASTERS-1:0]        master_req,
    input  logic [NUM_MASTERS-1:0][ADDR_WIDTH-1:0] master_addr,
    input  logic [NUM_MASTERS-1:0]        master_rw,  // 1=write, 0=read
    input  logic [NUM_MASTERS-1:0][DATA_WIDTH-1:0] master_wdata,
    output logic [NUM_MASTERS-1:0]        master_grant,
    output logic [NUM_MASTERS-1:0][DATA_WIDTH-1:0] master_rdata,
    output logic [NUM_MASTERS-1:0]        master_ack,

    // Memory interface
    output logic                          mem_cs,
    output logic                          mem_we,
    output logic [ADDR_WIDTH-1:0]         mem_addr,
    output logic [DATA_WIDTH+ECC_WIDTH-1:0] mem_wdata,
    input  logic [DATA_WIDTH+ECC_WIDTH-1:0] mem_rdata,
    input  logic                          mem_rdy
);

    // Internal state
    typedef enum logic [2:0] {
        IDLE         = 3'b000,
        ARB_WAIT     = 3'b001,
        CMD_SEND     = 3'b010,
        DATA_WAIT    = 3'b011,
        DATA_CAPTURE = 3'b100,
        ECC_CHECK    = 3'b101,
        RESPONSE     = 3'b110
    } state_t;

    state_t current_state, next_state;

    // Arbitration and request tracking
    logic [NUM_MASTERS-1:0] req_latched;
    logic [NUM_MASTERS-1:0] req_priority;
    logic [NUM_MASTERS-1:0] grant_current;
    logic [ADDR_WIDTH-1:0]  active_addr;
    logic                   active_rw;
    logic [DATA_WIDTH-1:0]  active_wdata;
    logic [NUM_MASTERS-1:0] active_master;
    logic [DATA_WIDTH+ECC_WIDTH-1:0] ecc_encoded_data;
    logic [DATA_WIDTH+ECC_WIDTH-1:0] ecc_decoded_data;
    logic [ECC_WIDTH-1:0]   ecc_syndrome;
    logic                   ecc_error;
    logic                   ecc_corrected;

    // Counter for timing
    logic [2:0] wait_counter;
    logic [2:0] wait_target;

    // Pipeline registers
    logic [DATA_WIDTH-1:0] response_data;
    logic [NUM_MASTERS-1:0] response_master;
    logic response_valid;

    //------------------------------------------------------------------------
    // Block 1: Request Latching (Sequential)
    //------------------------------------------------------------------------
    always_ff @(posedge clk or negedge rst_n) begin
        case (rst_n)
            1'b0: req_latched <= '0;
            1'b1: begin
                case (current_state)
                    IDLE: req_latched <= master_req;
                    CMD_SEND: begin
                        case (mem_rdy)
                            1'b1: req_latched <= req_latched & ~grant_current;
                            default: req_latched <= req_latched;
                        endcase
                    end
                    default: req_latched <= req_latched;
                endcase
            end
        endcase
    end

    //------------------------------------------------------------------------
    // Block 2: Priority Encoder (Combinational - Case Only)
    //------------------------------------------------------------------------
    always_comb begin
        req_priority = 4'b0000;

        // Fixed priority: Master 0 > Master 1 > Master 2 > Master 3
        casez (req_latched)
            4'b???1: req_priority = 4'b0001;
            4'b??10: req_priority = 4'b0010;
            4'b?100: req_priority = 4'b0100;
            4'b1000: req_priority = 4'b1000;
            default: req_priority = 4'b0000;
        endcase
    end

    //------------------------------------------------------------------------
    // Block 3: State Transition Logic (Combinational - Case Only)
    //------------------------------------------------------------------------
    always_comb begin
        next_state = current_state;

        case (current_state)
            IDLE: begin
                case (|req_latched)
                    1'b1: next_state = ARB_WAIT;
                    default: next_state = IDLE;
                endcase
            end

            ARB_WAIT: begin
                case (req_priority != 4'b0000)
                    1'b1: next_state = CMD_SEND;
                    default: next_state = ARB_WAIT;
                endcase
            end

            CMD_SEND: begin
                case (mem_rdy)
                    1'b1: begin
                        case (active_rw)
                            1'b1: next_state = DATA_WAIT;
                            default: next_state = DATA_CAPTURE;
                        endcase
                    end
                    default: next_state = CMD_SEND;
                endcase
            end

            DATA_WAIT: begin
                case (wait_counter == wait_target)
                    1'b1: next_state = DATA_CAPTURE;
                    default: next_state = DATA_WAIT;
                endcase
            end

            DATA_CAPTURE: begin
                case (mem_rdy)
                    1'b1: begin
                        case (active_rw)
                            1'b1: next_state = RESPONSE;
                            default: next_state = ECC_CHECK;
                        endcase
                    end
                    default: next_state = DATA_CAPTURE;
                endcase
            end

            ECC_CHECK: begin
                next_state = RESPONSE;
            end

            RESPONSE: begin
                next_state = IDLE;
            end

            default: next_state = IDLE;
        endcase
    end

    //------------------------------------------------------------------------
    // Block 4: Main State Machine and Grant Logic (Sequential - Single Block)
    //------------------------------------------------------------------------
    always_ff @(posedge clk or negedge rst_n) begin
        case (rst_n)
            1'b0: begin
                current_state <= IDLE;
                grant_current <= '0;
                active_master <= '0;
                active_addr <= '0;
                active_rw <= 1'b0;
                active_wdata <= '0;
                wait_counter <= 3'b0;
                wait_target <= 3'b0;
                response_data <= '0;
                response_master <= '0;
                response_valid <= 1'b0;
            end
            1'b1: begin
                current_state <= next_state;

                case (current_state)
                    IDLE: begin
                        grant_current <= '0;
                        response_valid <= 1'b0;
                        wait_counter <= 3'b0;
                    end

                    ARB_WAIT: begin
                        case (req_priority != 4'b0000)
                            1'b1: begin
                                grant_current <= req_priority;

                                // Capture active request details
                                case (req_priority)
                                    4'b0001: begin
                                        active_master <= 4'b0001;
                                        active_addr <= master_addr[0];
                                        active_rw <= master_rw[0];
                                        active_wdata <= master_wdata[0];
                                    end
                                    4'b0010: begin
                                        active_master <= 4'b0010;
                                        active_addr <= master_addr[1];
                                        active_rw <= master_rw[1];
                                        active_wdata <= master_wdata[1];
                                    end
                                    4'b0100: begin
                                        active_master <= 4'b0100;
                                        active_addr <= master_addr[2];
                                        active_rw <= master_rw[2];
                                        active_wdata <= master_wdata[2];
                                    end
                                    4'b1000: begin
                                        active_master <= 4'b1000;
                                        active_addr <= master_addr[3];
                                        active_rw <= master_rw[3];
                                        active_wdata <= master_wdata[3];
                                    end
                                    default: begin
                                        active_master <= active_master;
                                        active_addr <= active_addr;
                                        active_rw <= active_rw;
                                        active_wdata <= active_wdata;
                                    end
                                endcase
                            end
                            default: begin
                                grant_current <= grant_current;
                                active_master <= active_master;
                                active_addr <= active_addr;
                                active_rw <= active_rw;
                                active_wdata <= active_wdata;
                            end
                        endcase
                    end

                    CMD_SEND: begin
                        case (mem_rdy)
                            1'b1: begin
                                wait_counter <= 3'b0;
                                case (active_rw)
                                    1'b1: wait_target <= 3'd3;
                                    default: wait_target <= 3'd2;
                                endcase
                            end
                            default: begin
                                wait_counter <= wait_counter;
                                wait_target <= wait_target;
                            end
                        endcase
                    end

                    DATA_WAIT: begin
                        wait_counter <= wait_counter + 1'b1;
                    end

                    DATA_CAPTURE: begin
                        case (mem_rdy)
                            1'b1: begin
                                case (active_rw)
                                    1'b0: begin
                                        response_data <= ecc_decoded_data[DATA_WIDTH-1:0];
                                        response_master <= active_master;
                                        response_valid <= 1'b1;
                                    end
                                    default: begin
                                        response_data <= response_data;
                                        response_master <= response_master;
                                        response_valid <= response_valid;
                                    end
                                endcase
                            end
                            default: begin
                                response_data <= response_data;
                                response_master <= response_master;
                                response_valid <= response_valid;
                            end
                        endcase
                    end

                    RESPONSE: begin
                        // Hold values during response
                    end

                    default: begin
                        // Hold all values
                    end
                endcase
            end
        endcase
    end

    //------------------------------------------------------------------------
    // Block 5: ECC Encoding for Write Data (Sequential - Falling Edge)
    //------------------------------------------------------------------------
    always_ff @(negedge clk or negedge rst_n) begin
        case (rst_n)
            1'b0: ecc_encoded_data <= '0;
            1'b1: begin
                case (current_state)
                    CMD_SEND: begin
                        case (active_rw)
                            1'b1: begin
                                // Generate Hamming code for 32-bit data
                                ecc_encoded_data[DATA_WIDTH-1:0] <= active_wdata;
                                ecc_encoded_data[DATA_WIDTH +: ECC_WIDTH] <= {
                                    ^(active_wdata & 32'hAAAAAAAA),  // Even parity for bit0
                                    ^(active_wdata & 32'hCCCCCCCC),  // Even parity for bit1
                                    ^(active_wdata & 32'hF0F0F0F0),  // Even parity for bit2
                                    ^(active_wdata & 32'hFF00FF00),  // Even parity for bit3
                                    ^(active_wdata & 32'hFFFF0000),  // Even parity for bit4
                                    ^(active_wdata & 32'hFFFFFFFF),  // Overall parity
                                    ^(active_wdata & 32'hF0F0F0F0) ^ ^(active_wdata & 32'h0F0F0F0F)
                                };
                            end
                            default: ecc_encoded_data <= ecc_encoded_data;
                        endcase
                    end
                    default: ecc_encoded_data <= ecc_encoded_data;
                endcase
            end
        endcase
    end

    //------------------------------------------------------------------------
    // Block 6: ECC Decoding and Error Detection (Combinational - Case Only)
    //------------------------------------------------------------------------
    always_comb begin
        ecc_syndrome = '0;
        ecc_error = 1'b0;
        ecc_corrected = 1'b0;
        ecc_decoded_data = mem_rdata;

        // Calculate syndrome bits using case
        case (1'b1)
            1'b1: begin
                ecc_syndrome[0] = ^mem_rdata[31:0] ^ mem_rdata[32];
                ecc_syndrome[1] = ^(mem_rdata[31:0] & 32'hAAAAAAAA) ^ mem_rdata[33];
                ecc_syndrome[2] = ^(mem_rdata[31:0] & 32'hCCCCCCCC) ^ mem_rdata[34];
                ecc_syndrome[3] = ^(mem_rdata[31:0] & 32'hF0F0F0F0) ^ mem_rdata[35];
                ecc_syndrome[4] = ^(mem_rdata[31:0] & 32'hFF00FF00) ^ mem_rdata[36];
                ecc_syndrome[5] = ^(mem_rdata[31:0] & 32'hFFFF0000) ^ mem_rdata[37];
                ecc_syndrome[6] = ^mem_rdata ^ mem_rdata[38];
            end
        endcase

        // Error detection
        case (ecc_syndrome != 7'b0)
            1'b1: ecc_error = 1'b1;
            default: ecc_error = 1'b0;
        endcase

        // Error correction based on syndrome
        case (ecc_syndrome)
            7'b0000001: begin
                ecc_corrected = 1'b1;
                ecc_decoded_data[0] = ~mem_rdata[0];
            end
            7'b0000010: begin
                ecc_corrected = 1'b1;
                ecc_decoded_data[1] = ~mem_rdata[1];
            end
            7'b0000100: begin
                ecc_corrected = 1'b1;
                ecc_decoded_data[2] = ~mem_rdata[2];
            end
            7'b0001000: begin
                ecc_corrected = 1'b1;
                ecc_decoded_data[3] = ~mem_rdata[3];
            end
            7'b0010000: begin
                ecc_corrected = 1'b1;
                ecc_decoded_data[4] = ~mem_rdata[4];
            end
            7'b0100000: begin
                ecc_corrected = 1'b1;
                ecc_decoded_data[5] = ~mem_rdata[5];
            end
            7'b1000000: begin
                ecc_corrected = 1'b1;
                ecc_decoded_data[6] = ~mem_rdata[6];
            end
            default: begin
                ecc_corrected = 1'b0;
                ecc_decoded_data = ecc_decoded_data;
            end
        endcase
    end

    //------------------------------------------------------------------------
    // Block 7: Output Assignments (Combinational - Case Only)
    //------------------------------------------------------------------------
    always_comb begin
        // Default assignments
        master_grant = 4'b0000;
        master_ack = 4'b0000;
        master_rdata = '{default: '0};
        mem_cs = 1'b0;
        mem_we = 1'b0;
        mem_addr = '0;
        mem_wdata = '0;

        case (current_state)
            ARB_WAIT: begin
                master_grant = req_priority;
            end

            CMD_SEND: begin
                case (mem_rdy)
                    1'b1: begin
                        mem_cs = 1'b1;
                        mem_we = active_rw;
                        mem_addr = active_addr;
                        case (active_rw)
                            1'b1: mem_wdata = ecc_encoded_data;
                            default: mem_wdata = '0;
                        endcase
                    end
                    default: begin
                        mem_cs = 1'b0;
                        mem_we = 1'b0;
                    end
                endcase
            end

            DATA_CAPTURE: begin
                case (mem_rdy)
                    1'b1: begin
                        mem_cs = 1'b1;
                        mem_we = active_rw;
                        mem_addr = active_addr;
                    end
                    default: begin
                        mem_cs = 1'b0;
                        mem_we = 1'b0;
                    end
                endcase
            end

            RESPONSE: begin
                case (response_master)
                    4'b0001: begin
                        master_rdata[0] = response_data;
                        master_ack = 4'b0001;
                    end
                    4'b0010: begin
                        master_rdata[1] = response_data;
                        master_ack = 4'b0010;
                    end
                    4'b0100: begin
                        master_rdata[2] = response_data;
                        master_ack = 4'b0100;
                    end
                    4'b1000: begin
                        master_rdata[3] = response_data;
                        master_ack = 4'b1000;
                    end
                    default: begin
                        master_rdata = '{default: '0};
                        master_ack = 4'b0000;
                    end
                endcase
            end

            default: begin
                master_grant = 4'b0000;
                master_ack = 4'b0000;
                master_rdata = '{default: '0};
                mem_cs = 1'b0;
                mem_we = 1'b0;
            end
        endcase
    end

endmodule","module memory_controller #(
    parameter ADDR_WIDTH = 16,
    parameter DATA_WIDTH = 32,
    parameter ECC_WIDTH = 7,  // Hamming code for 32-bit data
    parameter NUM_MASTERS = 4
) (
    // Clock and reset
    input  logic clk,
    input  logic rst_n,

    // Master interfaces
    input  logic [NUM_MASTERS-1:0]        master_req,
    input  logic [NUM_MASTERS-1:0][ADDR_WIDTH-1:0] master_addr,
    input  logic [NUM_MASTERS-1:0]        master_rw,  // 1=write, 0=read
    input  logic [NUM_MASTERS-1:0][DATA_WIDTH-1:0] master_wdata,
    output logic [NUM_MASTERS-1:0]        master_grant,
    output logic [NUM_MASTERS-1:0][DATA_WIDTH-1:0] master_rdata,
    output logic [NUM_MASTERS-1:0]        master_ack,

    // Memory interface
    output logic                          mem_cs,
    output logic                          mem_we,
    output logic [ADDR_WIDTH-1:0]         mem_addr,
    output logic [DATA_WIDTH+ECC_WIDTH-1:0] mem_wdata,
    input  logic [DATA_WIDTH+ECC_WIDTH-1:0] mem_rdata,
    input  logic                          mem_rdy
);

    // ... Code from the original module ...

endmodule",INVALID_OUTPUT,13.46670126914978,4663,375
"module fifo #(
    parameter DEPTH = 16,           // Number of entries
    parameter DATA_WIDTH = 8,       // Width of data
    parameter ALMOST_THRESHOLD = 4  // Almost full/empty margin
) (
    input logic clk,
    input logic rst_n,
    input logic wr_en,
    input logic rd_en,
    input logic [DATA_WIDTH-1:0] wr_data,
    output logic [DATA_WIDTH-1:0] rd_data,
    output logic full,
    output logic empty,
    output logic almost_full,
    output logic almost_empty
);

    // Local parameters for pointer widths
    localparam PTR_WIDTH = $clog2(DEPTH);
    localparam PTR_MAX   = DEPTH - 1;

    // ------------------------------------------------------------
    // 1. Sequential Block: Pointer Logic
    // ------------------------------------------------------------
    logic [PTR_WIDTH-1:0] wr_ptr, rd_ptr;
    logic [PTR_WIDTH-1:0] wr_ptr_next, rd_ptr_next;
    logic                  wr_ptr_en, rd_ptr_en;

    // Write pointer sequential logic
    always_ff @(posedge clk or negedge rst_n) begin
        case ({rst_n, wr_ptr_en})
            2'b0?: wr_ptr <= '0;                    // Reset when rst_n is 0
            2'b11: wr_ptr <= wr_ptr_next;           // Enable when rst_n=1 and wr_ptr_en=1
            default: wr_ptr <= wr_ptr;              // Hold otherwise
        endcase
    end

    // Read pointer sequential logic
    always_ff @(posedge clk or negedge rst_n) begin
        case ({rst_n, rd_ptr_en})
            2'b0?: rd_ptr <= '0;                    // Reset when rst_n is 0
            2'b11: rd_ptr <= rd_ptr_next;           // Enable when rst_n=1 and rd_ptr_en=1
            default: rd_ptr <= rd_ptr;              // Hold otherwise
        endcase
    end

    // ------------------------------------------------------------
    // 2. Combinational Block: Status Calculation
    // ------------------------------------------------------------
    logic [PTR_WIDTH:0]  count;           // Current fill level (1 extra bit)
    logic [PTR_WIDTH-1:0] wr_ptr_comb, rd_ptr_comb;
    logic                 full_comb, empty_comb;
    logic                 almost_full_comb, almost_empty_comb;
    logic                 wr_enable, rd_enable;

    // Calculate current fill level using difference between pointers
    always_comb begin
        // Default assignments
        wr_ptr_comb = wr_ptr;
        rd_ptr_comb = rd_ptr;

        // Determine count based on pointer relationship
        case (1'b1)  // Using case for conditional logic
            (wr_ptr == rd_ptr): begin
                count = '0;
            end
            (wr_ptr > rd_ptr): begin
                // No wrap: count = wr_ptr - rd_ptr
                count = wr_ptr - rd_ptr;
            end
            (wr_ptr < rd_ptr): begin
                // Wrap occurred: count = (DEPTH - rd_ptr) + wr_ptr
                count = (PTR_MAX - rd_ptr) + wr_ptr + 1;
            end
            default: begin
                count = '0;
            end
        endcase
    end

    // Generate status flags using case statements
    always_comb begin
        // Empty flag
        case (count)
            0: empty_comb = 1'b1;
            default: empty_comb = 1'b0;
        endcase

        // Full flag
        case (count)
            DEPTH: full_comb = 1'b1;
            default: full_comb = 1'b0;
        endcase

        // Almost empty flag
        case (1'b1)
            ((count <= ALMOST_THRESHOLD) && (count != 0)): almost_empty_comb = 1'b1;
            default: almost_empty_comb = 1'b0;
        endcase

        // Almost full flag
        case (1'b1)
            ((count >= (DEPTH - ALMOST_THRESHOLD)) && (count != DEPTH)): almost_full_comb = 1'b1;
            default: almost_full_comb = 1'b0;
        endcase
    end

    // Generate enable signals with case statements
    always_comb begin
        // Write enable logic
        case ({wr_en, full_comb})
            2'b10: wr_enable = 1'b1;
            default: wr_enable = 1'b0;
        endcase

        // Read enable logic
        case ({rd_en, empty_comb})
            2'b10: rd_enable = 1'b1;
            default: rd_enable = 1'b0;
        endcase
    end

    // Assign pointer enables
    assign wr_ptr_en = wr_enable;
    assign rd_ptr_en = rd_enable;

    // Assign status outputs
    assign empty = empty_comb;
    assign full = full_comb;
    assign almost_empty = almost_empty_comb;
    assign almost_full = almost_full_comb;

    // ------------------------------------------------------------
    // 3. Combinational Block: Next Pointer Calculation
    // ------------------------------------------------------------
    always_comb begin
        // Default: stay at current value
        wr_ptr_next = wr_ptr;
        rd_ptr_next = rd_ptr;

        // Write pointer next state using case
        case (wr_ptr_en)
            1'b1: begin
                case (wr_ptr)
                    PTR_MAX: wr_ptr_next = '0;
                    default: wr_ptr_next = wr_ptr + 1;
                endcase
            end
            default: wr_ptr_next = wr_ptr;
        endcase

        // Read pointer next state using case
        case (rd_ptr_en)
            1'b1: begin
                case (rd_ptr)
                    PTR_MAX: rd_ptr_next = '0;
                    default: rd_ptr_next = rd_ptr + 1;
                endcase
            end
            default: rd_ptr_next = rd_ptr;
        endcase
    end

    // ------------------------------------------------------------
    // 4. Sequential Block: Memory Array
    // ------------------------------------------------------------
    logic [DATA_WIDTH-1:0] mem [0:DEPTH-1];

    // Write operation
    always_ff @(posedge clk) begin
        case (wr_enable)
            1'b1: mem[wr_ptr] <= wr_data;
            default: ;
        endcase
    end

    // ------------------------------------------------------------
    // 5. Output Logic: Read Data Mux
    // ------------------------------------------------------------
    // Combinational read with case to select output
    always_comb begin
        // Use case to select output based on read pointer
        case (rd_ptr)
            default: rd_data = mem[rd_ptr];
        endcase
    end

endmodule","module fifo #(
    parameter DEPTH = 16,           // Number of entries
    parameter DATA_WIDTH = 8,       // Width of data
    parameter ALMOST_THRESHOLD = 4  // Almost full/empty margin
) (
    input logic clk,
    input logic rst_n,
    input logic wr_en,
    input logic rd_en,
    input logic [DATA_WIDTH-1:0] wr_data,
    output logic [DATA_WIDTH-1:0] rd_data,
    output logic full,
    output logic empty,
    output logic almost_full,
    output logic almost_empty
);

    // Local parameters for pointer widths
    localparam PTR_WIDTH = $clog2(DEPTH);
    localparam PTR_MAX   = DEPTH - 1;

    // ------------------------------------------------------------
    // 1. Sequential Block: Pointer Logic
    // ------------------------------------------------------------
    logic [PTR_WIDTH-1:0] wr_ptr, rd_ptr;
    logic [PTR_WIDTH-1:0] wr_ptr_next, rd_ptr_next;
    logic                  wr_ptr_en, rd_ptr_en;

    // Write pointer sequential logic
    always_ff @(posedge clk or negedge rst_n) begin
        case ({rst_n, wr_ptr_en})
            2'b0?: wr_ptr <= '0;                    // Reset when rst_n is 0
            2'b11: wr_ptr <= wr_ptr_next;           // Enable when rst_n=1 and wr_ptr_en=1
            default: wr_ptr <= wr_ptr;              // Hold otherwise
        endcase
    end

    // Read pointer sequential logic
    always_ff @(posedge clk or negedge rst_n) begin
        case ({rst_n, rd_ptr_en})
            2'b0?: rd_ptr <= '0;                    // Reset when rst_n is 0
            2'b11: rd_ptr <= rd_ptr_next;           // Enable when rst_n=1 and rd_ptr_en=1
            default: rd_ptr <= rd_ptr;              // Hold otherwise
        endcase
    end

    // ------------------------------------------------------------
    // 2. Combinational Block: Status Calculation
    // ------------------------------------------------------------
    logic [PTR_WIDTH:0]  count;           // Current fill level (1 extra bit)
    logic [PTR_WIDTH-1:0] wr_ptr_comb, rd_ptr_comb;
    logic                 full_comb, empty_comb;
    logic                 almost_full_comb, almost_empty_comb;
    logic                 wr_enable, rd_enable;

    // Calculate current fill level using difference between pointers
    always_comb begin
        // Default assignments
        wr_ptr_comb = wr_ptr;
        rd_ptr_comb = rd_ptr;

        // Determine count based on pointer relationship
        case (1'b1)  // Using case for conditional logic
            (wr_ptr == rd_ptr): begin
                count = '0;
            end
            (wr_ptr > rd_ptr): begin
                // No wrap: count = wr_ptr - rd_ptr
                count = wr_ptr - rd_ptr;
            end
            (wr_ptr < rd_ptr): begin
                // Wrap occurred: count = (DEPTH - rd_ptr) + wr_ptr
                count = (PTR_MAX - rd_ptr) + wr_ptr + 1;
            end
            default: begin
                count = '0;
            end
        endcase
    end

    // Generate status flags using case statements
    always_comb begin
        // Empty flag
        case (count)
            0: empty_comb = 1'b1;
            default: empty_comb = 1'b0;
        endcase

        // Full flag
        case (count)
            DEPTH: full_comb = 1'b1;
            default: full_comb = 1'b0;
        endcase

        // Almost empty flag
        case (1'b1)
            ((count <= ALMOST_THRESHOLD) && (count != 0)): almost_empty_comb = 1'b1;
            default: almost_empty_comb = 1'b0;
        endcase

        // Almost full flag
        case (1'b1)
            ((count >= (DEPTH - ALMOST_THRESHOLD)) && (count != DEPTH)): almost_full_comb = 1'b1;
            default: almost_full_comb = 1'b0;
        endcase
    end

    // Generate enable signals with case statements
    always_comb begin
        // Write enable logic
        case ({wr_en, full_comb})
            2'b10: wr_enable = 1'b1;
            default: wr_enable = 1'b0;
        endcase

        // Read enable logic
        case ({rd_en, empty_comb})
            2'b10: rd_enable = 1'b1;
            default: rd_enable = 1'b0;
        endcase
    end

    // Assign pointer enables
    assign wr_ptr_en = wr_enable;
    assign rd_ptr_en = rd_enable;

    // Assign status outputs
    assign empty = empty_comb;
    assign full = full_comb;
    assign almost_empty = almost_empty_comb;
    assign almost_full = almost_full_comb;

    // ------------------------------------------------------------
    // 3. Combinational Block: Next Pointer Calculation
    // ------------------------------------------------------------
    always_comb begin
        // Default: stay at current value
        wr_ptr_next = wr_ptr;
        rd_ptr_next = rd_ptr;

        // Write pointer next state using case
        case (wr_ptr_en)
            1'b1: begin
                case (wr_ptr)
                    PTR_MAX: wr_ptr_next = '0;
                    default: wr_ptr_next = wr_ptr + 1;
                endcase
            end
            default: wr_ptr_next = wr_ptr;
        endcase

        // Read pointer next state using case
        case (rd_ptr_en)
            1'b1: begin
                case (rd_ptr)
                    PTR_MAX: rd_ptr_next = '0;
                    default: rd_ptr_next = rd_ptr + 1;
                endcase
            end
            default: rd_ptr_next = rd_ptr;
        endcase
    end

    // ------------------------------------------------------------
    // 4. Sequential Block: Memory Array
    // ------------------------------------------------------------
    logic [DATA_WIDTH-1:0] mem [0:DEPTH-1];

    // Write operation
    always_ff @(posedge clk) begin
        case (wr_enable)
            1'b1: mem[wr_ptr] <= wr_data;
            default: ;
        endcase
    end

    // ------------------------------------------------------------
    // 5. Output Logic: Read Data Mux
    // ------------------------------------------------------------
    // Combinational read with case to select output
    always_comb begin
        // Use case to select output based on read pointer
        case (rd_ptr)
            default: rd_data = mem[rd_ptr];
        endcase
    end

endmodule",INVALID_OUTPUT,46.68689155578613,1797,1730
"module jpeg_huffman_decoder (
    input  logic        clk,
    input  logic        rst_n,

    // Input bitstream interface
    input  logic        bitstream_valid,
    input  logic [31:0] bitstream_data,
    output logic        bitstream_ready,

    // Output decoded symbols
    output logic [7:0]  decoded_symbol,
    output logic        symbol_valid,
    output logic        end_of_block,

    // Configuration
    input  logic        select_dc_table,  // 0 = AC table, 1 = DC table
    input  logic [3:0]  reset_interval,   // Reset every N MCUs

    // Status
    output logic        huffman_error,
    output logic        table_overflow
);

    //------------------------------------------------------------------------
    // Block 1: Bitstream Buffer (Sequential)
    //------------------------------------------------------------------------
    logic [31:0] bit_buffer;
    logic [4:0]  bits_available;  // 0-32 bits available
    logic [4:0]  bits_consumed;

    always_ff @(posedge clk or negedge rst_n) begin
        case (rst_n)
            1'b0: begin
                bit_buffer <= 32'b0;
                bits_available <= 5'b0;
                bitstream_ready <= 1'b1;
            end
            1'b1: begin
                case (bitstream_valid)
                    1'b1: begin
                        case (bits_available < 5'd16)
                            1'b1: begin
                                bit_buffer <= {bit_buffer[15:0], bitstream_data[31:16]};
                                bits_available <= bits_available + 5'd16;
                                bitstream_ready <= 1'b1;
                            end
                            default: begin
                                bit_buffer <= bit_buffer;
                                bits_available <= bits_available;
                                bitstream_ready <= 1'b0;
                            end
                        endcase
                    end
                    default: begin
                        bit_buffer <= bit_buffer;
                        bits_available <= bits_available - bits_consumed;
                        bitstream_ready <= 1'b1;
                    end
                endcase
            end
        endcase
    end

    //------------------------------------------------------------------------
    // Block 2: Huffman Table Storage (Predefined Tables)
    // DC Luminance table (JPEG standard)
    //------------------------------------------------------------------------
    logic [15:0] dc_huff_val;
    logic [7:0]  dc_symbol;
    logic [3:0]  dc_code_len;

    // AC Luminance table (JPEG standard)
    logic [15:0] ac_huff_val;
    logic [7:0]  ac_symbol;
    logic [3:0]  ac_code_len;

    always_comb begin
        // Default values
        dc_huff_val = 16'b0;
        dc_symbol = 8'b0;
        dc_code_len = 4'b0;

        // DC Huffman table (simplified - actual table has 12 codes)
        case (bit_buffer[31:28])  // First 4 bits for DC lookup
            4'b0000: begin
                dc_huff_val = 16'h0001;
                dc_symbol = 8'h00;
                dc_code_len = 4'd2;
            end
            4'b0001: begin
                dc_huff_val = 16'h0002;
                dc_symbol = 8'h01;
                dc_code_len = 4'd3;
            end
            4'b0010: begin
                dc_huff_val = 16'h0003;
                dc_symbol = 8'h02;
                dc_code_len = 4'd3;
            end
            4'b0011: begin
                dc_huff_val = 16'h0004;
                dc_symbol = 8'h03;
                dc_code_len = 4'd3;
            end
            4'b0100: begin
                dc_huff_val = 16'h0005;
                dc_symbol = 8'h04;
                dc_code_len = 4'd3;
            end
            4'b0101: begin
                dc_huff_val = 16'h0006;
                dc_symbol = 8'h05;
                dc_code_len = 4'd3;
            end
            4'b0110: begin
                dc_huff_val = 16'h0007;
                dc_symbol = 8'h06;
                dc_code_len = 4'd4;
            end
            4'b0111: begin
                dc_huff_val = 16'h0008;
                dc_symbol = 8'h07;
                dc_code_len = 4'd5;
            end
            4'b1000: begin
                dc_huff_val = 16'h0009;
                dc_symbol = 8'h08;
                dc_code_len = 4'd6;
            end
            4'b1001: begin
                dc_huff_val = 16'h000A;
                dc_symbol = 8'h09;
                dc_code_len = 4'd7;
            end
            4'b1010: begin
                dc_huff_val = 16'h000B;
                dc_symbol = 8'h0A;
                dc_code_len = 4'd8;
            end
            4'b1011: begin
                dc_huff_val = 16'h000C;
                dc_symbol = 8'h0B;
                dc_code_len = 4'd9;
            end
            default: begin
                dc_huff_val = 16'h0000;
                dc_symbol = 8'hFF;  // EOB marker
                dc_code_len = 4'd0;
            end
        endcase
    end

    always_comb begin
        // Default values
        ac_huff_val = 16'b0;
        ac_symbol = 8'b0;
        ac_code_len = 4'b0;

        // AC Huffman table (simplified - first 16 codes)
        case (bit_buffer[31:24])  // First 8 bits for AC lookup
            8'b00000000: begin
                ac_huff_val = 16'h0001;
                ac_symbol = 8'h00;
                ac_code_len = 4'd4;
            end
            8'b00000001: begin
                ac_huff_val = 16'h0002;
                ac_symbol = 8'h01;
                ac_code_len = 4'd4;
            end
            8'b00000010: begin
                ac_huff_val = 16'h0003;
                ac_symbol = 8'h02;
                ac_code_len = 4'd5;
            end
            8'b00000011: begin
                ac_huff_val = 16'h0004;
                ac_symbol = 8'h03;
                ac_code_len = 4'd5;
            end
            8'b00000100: begin
                ac_huff_val = 16'h0005;
                ac_symbol = 8'h04;
                ac_code_len = 4'd6;
            end
            8'b00000101: begin
                ac_huff_val = 16'h0006;
                ac_symbol = 8'h05;
                ac_code_len = 4'd6;
            end
            8'b00000110: begin
                ac_huff_val = 16'h0007;
                ac_symbol = 8'h06;
                ac_code_len = 4'd7;
            end
            8'b00000111: begin
                ac_huff_val = 16'h0008;
                ac_symbol = 8'h07;
                ac_code_len = 4'd7;
            end
            8'b00001000: begin
                ac_huff_val = 16'h0009;
                ac_symbol = 8'h08;
                ac_code_len = 4'd8;
            end
            8'b00001001: begin
                ac_huff_val = 16'h000A;
                ac_symbol = 8'h09;
                ac_code_len = 4'd8;
            end
            8'b00001010: begin
                ac_huff_val = 16'h000B;
                ac_symbol = 8'h0A;
                ac_code_len = 4'd9;
            end
            8'b11111110: begin
                ac_huff_val = 16'hFFF0;
                ac_symbol = 8'hF0;  // ZRL (16 zeros)
                ac_code_len = 4'd12;
            end
            8'b11111111: begin
                ac_huff_val = 16'hFFF1;
                ac_symbol = 8'h00;  // EOB
                ac_code_len = 4'd4;
            end
            default: begin
                ac_huff_val = 16'h0000;
                ac_symbol = 8'h00;
                ac_code_len = 4'd0;
            end
        endcase
    end

    //------------------------------------------------------------------------
    // Block 3: Huffman Decoder State Machine
    //------------------------------------------------------------------------
    typedef enum logic [2:0] {
        IDLE,
        GET_CODE,
        DECODE,
        OUTPUT,
        ERROR
    } decode_state_t;

    decode_state_t current_state, next_state;
    logic [3:0]  code_length;
    logic [7:0]  decoded_sym;
    logic [3:0]  zero_run;
    logic [3:0]  value_bits;
    logic [15:0] decoded_value;

    always_ff @(posedge clk or negedge rst_n) begin
        case (rst_n)
            1'b0: current_state <= IDLE;
            1'b1: current_state <= next_state;
        endcase
    end

    // State transition logic
    always_comb begin
        next_state = current_state;

        case (current_state)
            IDLE: begin
                case (bitstream_valid && (bits_available >= 5'd8))
                    1'b1: next_state = GET_CODE;
                    default: next_state = IDLE;
                endcase
            end

            GET_CODE: begin
                case (select_dc_table)
                    1'b1: begin  // DC table
                        case (dc_code_len != 4'b0)
                            1'b1: next_state = DECODE;
                            default: next_state = ERROR;
                        endcase
                    end
                    1'b0: begin  // AC table
                        case (ac_code_len != 4'b0)
                            1'b1: next_state = DECODE;
                            default: next_state = ERROR;
                        endcase
                    end
                endcase
            end

            DECODE: begin
                case (select_dc_table)
                    1'b1: next_state = OUTPUT;
                    1'b0: begin
                        case (ac_symbol)
                            8'h00: begin  // EOB
                                next_state = OUTPUT;
                            end
                            8'hF0: begin  // ZRL
                                next_state = GET_CODE;
                            end
                            default: begin
                                case (zero_run != 4'b0)
                                    1'b1: next_state = OUTPUT;
                                    default: next_state = OUTPUT;
                                endcase
                            end
                        endcase
                    end
                endcase
            end

            OUTPUT: begin
                next_state = IDLE;
            end

            ERROR: begin
                case (bitstream_valid)
                    1'b1: next_state = IDLE;
                    default: next_state = ERROR;
                endcase
            end

            default: next_state = IDLE;
        endcase
    end

    //------------------------------------------------------------------------
    // Block 4: Decoder Control (Sequential)
    //------------------------------------------------------------------------
    always_ff @(posedge clk or negedge rst_n) begin
        case (rst_n)
            1'b0: begin
                code_length <= 4'b0;
                decoded_sym <= 8'b0;
                zero_run <= 4'b0;
                value_bits <= 4'b0;
                bits_consumed <= 5'b0;
            end
            1'b1: begin
                case (current_state)
                    GET_CODE: begin
                        case (select_dc_table)
                            1'b1: begin  // DC
                                code_length <= dc_code_len;
                                decoded_sym <= dc_symbol;
                                bits_consumed <= {1'b0, dc_code_len};
                                zero_run <= 4'b0;
                                value_bits <= dc_symbol[3:0];
                            end
                            1'b0: begin  // AC
                                code_length <= ac_code_len;
                                decoded_sym <= ac_symbol;
                                bits_consumed <= {1'b0, ac_code_len};
                                case (ac_symbol)
                                    8'hF0: begin  // ZRL
                                        zero_run <= 4'd16;
                                        value_bits <= 4'b0;
                                    end
                                    8'h00: begin  // EOB
                                        zero_run <= 4'b0;
                                        value_bits <= 4'b0;
                                    end
                                    default: begin
                                        zero_run <= ac_symbol[7:4];
                                        value_bits <= ac_symbol[3:0];
                                    end
                                endcase
                            end
                        endcase
                    end

                    default: begin
                        code_length <= code_length;
                        decoded_sym <= decoded_sym;
                        zero_run <= zero_run;
                        value_bits <= value_bits;
                        bits_consumed <= bits_consumed;
                    end
                endcase
            end
        endcase
    end

    //------------------------------------------------------------------------
    // Block 5: Value Extraction (Combinational)
    //------------------------------------------------------------------------
    logic [15:0] extracted_value;

    always_comb begin
        extracted_value = 16'b0;

        case (value_bits)
            4'd0: extracted_value = 16'd0;
            4'd1: begin
                case (bit_buffer[code_length +: 1])
                    1'b1: extracted_value = 16'd1;
                    1'b0: extracted_value = -16'd1;
                endcase
            end
            4'd2: begin
                case (bit_buffer[code_length +: 2])
                    2'b11: extracted_value = 16'd3;
                    2'b10: extracted_value = 16'd2;
                    2'b01: extracted_value = -16'd1;
                    2'b00: extracted_value = -16'd2;
                endcase
            end
            4'd3: begin
                case (bit_buffer[code_length +: 3])
                    3'b111: extracted_value = 16'd7;
                    3'b110: extracted_value = 16'd6;
                    3'b101: extracted_value = 16'd5;
                    3'b100: extracted_value = 16'd4;
                    3'b011: extracted_value = -16'd1;
                    3'b010: extracted_value = -16'd2;
                    3'b001: extracted_value = -16'd3;
                    3'b000: extracted_value = -16'd4;
                endcase
            end
            4'd4: begin
                case (bit_buffer[code_length +: 4])
                    4'b1111: extracted_value = 16'd15;
                    4'b1110: extracted_value = 16'd14;
                    4'b1101: extracted_value = 16'd13;
                    4'b1100: extracted_value = 16'd12;
                    4'b1011: extracted_value = 16'd11;
                    4'b1010: extracted_value = 16'd10;
                    4'b1001: extracted_value = 16'd9;
                    4'b1000: extracted_value = 16'd8;
                    4'b0111: extracted_value = -16'd1;
                    4'b0110: extracted_value = -16'd2;
                    4'b0101: extracted_value = -16'd3;
                    4'b0100: extracted_value = -16'd4;
                    4'b0011: extracted_value = -16'd5;
                    4'b0010: extracted_value = -16'd6;
                    4'b0001: extracted_value = -16'd7;
                    4'b0000: extracted_value = -16'd8;
                endcase
            end
            default: extracted_value = 16'b0;
        endcase
    end

    //------------------------------------------------------------------------
    // Block 6: Run-Length Decoder (Sequential)
    //------------------------------------------------------------------------
    logic [3:0]  run_counter;
    logic [63:0] coeff_buffer [0:63];  // 8x8 block coefficients
    logic [5:0]  coeff_index;
    logic [5:0]  mcu_counter;

    always_ff @(posedge clk or negedge rst_n) begin
        case (rst_n)
            1'b0: begin
                run_counter <= 4'b0;
                coeff_index <= 6'b0;
                mcu_counter <= 6'b0;
                end_of_block <= 1'b0;
            end
            1'b1: begin
                case (current_state)
                    DECODE: begin
                        case (select_dc_table)
                            1'b1: begin  // DC
                                coeff_buffer[0] <= extracted_value;
                                coeff_index <= 6'd1;
                                run_counter <= 4'b0;
                                end_of_block <= 1'b0;
                            end
                            1'b0: begin  // AC
                                case (decoded_sym)
                                    8'h00: begin  // EOB
                                        coeff_index <= 6'd64;
                                        end_of_block <= 1'b1;
                                    end
                                    8'hF0: begin  // ZRL
                                        coeff_index <= coeff_index + 6'd16;
                                        run_counter <= 4'b0;
                                        end_of_block <= 1'b0;
                                    end
                                    default: begin
                                        coeff_index <= coeff_index + {2'b0, zero_run} + 6'd1;
                                        run_counter <= zero_run;
                                        end_of_block <= 1'b0;
                                    end
                                endcase
                            end
                        endcase
                    end

                    OUTPUT: begin
                        case (coeff_index >= 6'd64)
                            1'b1: begin
                                coeff_index <= 6'b0;
                                mcu_counter <= mcu_counter + 6'd1;
                            end
                            default: begin
                                coeff_index <= coeff_index;
                                mcu_counter <= mcu_counter;
                            end
                        endcase
                    end

                    default: begin
                        coeff_index <= coeff_index;
                        run_counter <= run_counter;
                        mcu_counter <= mcu_counter;
                        end_of_block <= 1'b0;
                    end
                endcase
            end
        endcase
    end

    //------------------------------------------------------------------------
    // Block 7: DC Predictor (Sequential with Reset)
    //------------------------------------------------------------------------
    logic [15:0] dc_predictor;
    logic [15:0] dc_output;

    always_ff @(posedge clk or negedge rst_n) begin
        case (rst_n)
            1'b0: begin
                dc_predictor <= 16'b0;
                dc_output <= 16'b0;
            end
            1'b1: begin
                case (current_state)
                    OUTPUT: begin
                        case (select_dc_table)
                            1'b1: begin  // DC
                                dc_output <= dc_predictor + extracted_value;
                                dc_predictor <= dc_predictor + extracted_value;

                                // Reset predictor at interval
                                case ((mcu_counter + 6'd1) % {2'b0, reset_interval} == 6'b0)
                                    1'b1: dc_predictor <= 16'b0;
                                    default: dc_predictor <= dc_predictor;
                                endcase
                            end
                            default: begin
                                dc_output <= dc_output;
                                dc_predictor <= dc_predictor;
                            end
                        endcase
                    end
                    default: begin
                        dc_output <= dc_output;
                        dc_predictor <= dc_predictor;
                    end
                endcase
            end
        endcase
    end

    //------------------------------------------------------------------------
    // Block 8: Output Assembly (Combinational)
    //------------------------------------------------------------------------
    always_comb begin
        decoded_symbol = 8'b0;
        symbol_valid = 1'b0;
        huffman_error = 1'b0;
        table_overflow = 1'b0;

        case (current_state)
            OUTPUT: begin
                case (select_dc_table)
                    1'b1: begin
                        decoded_symbol = dc_output[7:0];
                        symbol_valid = 1'b1;
                    end
                    1'b0: begin
                        case (decoded_sym)
                            8'h00: begin  // EOB
                                decoded_symbol = 8'h00;
                                symbol_valid = 1'b1;
                            end
                            8'hF0: begin  // ZRL
                                decoded_symbol = 8'hF0;
                                symbol_valid = 1'b1;
                            end
                            default: begin
                                decoded_symbol = {zero_run, value_bits};
                                symbol_valid = 1'b1;
                            end
                        endcase
                    end
                endcase
            end

            ERROR: begin
                huffman_error = 1'b1;
                symbol_valid = 1'b0;
            end

            default: begin
                huffman_error = 1'b0;
                symbol_valid = 1'b0;
            end
        endcase

        // Table overflow detection
        case (code_length == 4'b0)
            1'b1: table_overflow = 1'b1;
            default: table_overflow = 1'b0;
        endcase
    end

endmodule","module jpeg_huffman_decoder (
    input  logic        clk,
    input  logic        rst_n,

    // Input bitstream interface
    input  logic        bitstream_valid,
    input  logic [31:0] bitstream_data,
    output logic        bitstream_ready,

    // Output decoded symbols
    output logic [7:0]  decoded_symbol,
    output logic        symbol_valid,
    output logic        end_of_block,

    // Configuration
    input  logic        select_dc_table,  // 0 = AC table, 1 = DC table
    input  logic [3:0]  reset_interval,   // Reset every N MCUs

    // Status
    output logic        huffman_error,
    output logic        table_overflow
);

    //------------------------------------------------------------------------
    // Block 1: Bitstream Buffer (Sequential)
    //------------------------------------------------------------------------
    logic [31:0] bit_buffer;
    logic [4:0]  bits_available;  // 0-32 bits available
    logic [4:0]  bits_consumed;

    always_ff @(posedge clk or negedge rst_n) begin
        case (rst_n)
            1'b0: begin
                bit_buffer <= 32'b0;
                bits_available <= 5'b0;
                bitstream_ready <= 1'b1;
            end
            1'b1: begin
                case (bitstream_valid)
                    1'b1: begin
                        case (bits_available < 5'd16)
                            1'b1: begin
                                bit_buffer <= {bit_buffer[15:0], bitstream_data[31:16]};
                                bits_available <= bits_available + 5'd16;
                                bitstream_ready <= 1'b1;
                            end
                            default: begin
                                bit_buffer <= bit_buffer;
                                bits_available <= bits_available;
                                bitstream_ready <= 1'b0;
                            end
                        endcase
                    end
                    default: begin
                        bit_buffer <= bit_buffer;
                        bits_available <= bits_available - bits_consumed;
                        bitstream_ready <= 1'b1;
                    end
                endcase
            end
        endcase
    end

    //------------------------------------------------------------------------
    // Block 2: Huffman Table Storage (Predefined Tables)
    // DC Luminance table (JPEG standard)
    //------------------------------------------------------------------------
    logic [15:0] dc_huff_val;
    logic [7:0]  dc_symbol;
    logic [3:0]  dc_code_len;

    // AC Luminance table (JPEG standard)
    logic [15:0] ac_huff_val;
    logic [7:0]  ac_symbol;
    logic [3:0]  ac_code_len;

    always_comb begin
        // Default values
        dc_huff_val = 16'b0;
        dc_symbol = 8'b0;
        dc_code_len = 4'b0;

        // DC Huffman table (simplified - actual table has 12 codes)
        case (bit_buffer[31:28])  // First 4 bits for DC lookup
            4'b0000: begin
                dc_huff_val = 16'h0001;
                dc_symbol = 8'h00;
                dc_code_len = 4'd2;
            end
            4'b0001: begin
                dc_huff_val = 16'h0002;
                dc_symbol = 8'h01;
                dc_code_len = 4'd3;
            end
            4'b0010: begin
                dc_huff_val = 16'h0003;
                dc_symbol = 8'h02;
                dc_code_len = 4'd3;
            end
            4'b0011: begin
                dc_huff_val = 16'h0004;
                dc_symbol = 8'h03;
                dc_code_len = 4'd3;
            end
            4'b0100: begin
                dc_huff_val = 16'h0005;
                dc_symbol = 8'h04;
                dc_code_len = 4'd3;
            end
            4'b0101: begin
                dc_huff_val = 16'h0006;
                dc_symbol = 8'h05;
                dc_code_len = 4'd3;
            end
            4'b0110: begin
                dc_huff_val = 16'h0007;
                dc_symbol = 8'h06;
                dc_code_len = 4'd4;
            end
            4'b0111: begin
                dc_huff_val = 16'h0008;
                dc_symbol = 8'h07;
                dc_code_len = 4'd5;
            end
            4'b1000: begin
                dc_huff_val = 16'h0009;
                dc_symbol = 8'h08;
                dc_code_len = 4'd6;
            end
            4'b1001: begin
                dc_huff_val = 16'h000A;
                dc_symbol = 8'h09;
                dc_code_len = 4'd7;
            end
            4'b1010: begin
                dc_huff_val = 16'h000B;
                dc_symbol = 8'h0A;
                dc_code_len = 4'd8;
            end
            default: begin
                dc_huff_val = 16'h0000;
                dc_symbol = 8'hFF;  // EOB marker
                dc_code_len = 4'd0;
            end
        endcase
    end

    always_comb begin
        // Default values
        ac_huff_val = 16'b0;
        ac_symbol = 8'b0;
        ac_code_len = 4'b0;

        // AC Huffman table (simplified - first 16 codes)
        case (bit_buffer[31:24])  // First 8 bits for AC lookup
            8'b00000000: begin
                ac_huff_val = 16'h0001;
                ac_symbol = 8'h00;
                ac_code_len = 4'd4;
            end
            8'b00000001: begin
                ac_huff_val = 16'h0002;
                ac_symbol = 8'h01;
                ac_code_len = 4'd4;
            end
            8'b00000010: begin
                ac_huff_val = 16'h0003;
                ac_symbol = 8'h02;
                ac_code_len = 4'd5;
            end
            8'b00000011: begin
                ac_huff_val = 16'h0004;
                ac_symbol = 8'h03;
                ac_code_len = 4'd5;
            end
            8'b00000100: begin
                ac_huff_val = 16'h0005;
                ac_symbol = 8'h04;
                ac_code_len = 4'd6;
            end
            8'b00000101: begin
                ac_huff_val = 16'h0006;
                ac_symbol = 8'h05;
                ac_code_len = 4'd6;
            end
            8'b00000110: begin
                ac_huff_val = 16'h0007;
                ac_symbol = 8'h06;
                ac_code_len = 4'd7;
            end
            8'b00000111: begin
                ac_huff_val = 16'h0008;
                ac_symbol = 8'h07;
                ac_code_len = 4'd7;
            end
            8'b00001000: begin
                ac_huff_val = 16'h0009;
                ac_symbol = 8'h08;
                ac_code_len = 4'd6;
            end
            8'b00001001: begin
                ac_huff_val = 16'h000A;
                ac_symbol = 8'h09;
                ac_code_len = 4'd7;
            end
            default: begin
                ac_huff_val = 16'b0;
                ac_symbol = 8'b0;
                ac_code_len = 4'b0;
            end
        endcase
    end

    //------------------------------------------------------------------------
    // Block 3: Decoder State Machine (Sequential)
    //------------------------------------------------------------------------
    typedef enum { IDLE, DECODE, OUTPUT, ERROR } decoder_state;
    decoder_state current_state = IDLE;

    always_ff @(posedge clk or negedge rst_n) begin
        case (rst_n)
            1'b0: begin
                current_state = IDLE;
            end
            1'b1: begin
                case (current_state)
                    IDLE: begin
                        case (bitstream_valid)
                            1'b1: current_state = DECODE;
                            default: current_state = IDLE;
                    end
                    DECODE: begin
                        case (bit_buffer[31:28] == 4'b1111)
                            1'b1: current_state = OUTPUT;
                            default: current_state = DECODE;
                    end
                    OUTPUT: begin
                        case (bit_buffer[31:28] == 4'b1111)
                            1'b1: current_state = IDLE;
                            default: current_state = OUTPUT;
                    end
                    ERROR: begin
                        current_state = IDLE;
                    end
                endcase
            end
        endcase
    end

    //------------------------------------------------------------------------
    // Block 4: Run-Length Decoder (Sequential)
    //------------------------------------------------------------------------
    logic [3:0]  run_counter;
    logic [63:0] coeff_buffer [0:63];  // 8x8 block coefficients

    always_ff @(posedge clk or negedge rst_n) begin
        case (rst_n)
            1'b0: begin
                run_counter <= 4'b0;
                for (int i = 0; i < 64; i++) begin
                    coeff_buffer[i] <= 16'b0;
                end
            end
            1'b1: begin
                case (current_state)
                    DECODE: begin
                        case (bit_buffer[31:24] == 4'b1111)
                            1'b1: begin
                                run_counter <= 4'b0;
                            end
                            default: begin
                                run_counter <= run_counter + 4'b1;
                            end
                        endcase
                    end
                    OUTPUT: begin
                        if (run_counter == 4'b0) begin
                            // Read coefficient from Huffman table
                            coeff_buffer[63 - run_counter] <= ac_huff_val;
                        end
                    end
                endcase
            end
        endcase
    end

    //------------------------------------------------------------------------
    // Block 5: DC Predictor (Sequential)
    //------------------------------------------------------------------------
    logic [15:0] dc_predictor;

    always_ff @(posedge clk or negedge rst_n) begin
        case (rst_n)
            1'b0: begin
                dc_predictor <= 16'b0;
            end
            1'b1: begin
                case (current_state)
                    DECODE: begin
                        if (bit_buffer[31:24] != 4'b1111) begin
                            dc_predictor <= dc_predictor + dc_huff_val;
                        end
                    end
                endcase
            end
        endcase
    end

    //------------------------------------------------------------------------
    // Block 6: Output Assembly (Combinational)
    //------------------------------------------------------------------------
    always_comb begin
        decoded_symbol = 8'b0;
        symbol_valid = 1'b0;
        huffman_error = 1'b0;
        table_overflow = 1'b0;

        case (current_state)
            OUTPUT: begin
                decoded_symbol <= coeff_buffer[63 - run_counter][7:0];
                symbol_valid <= 1'b1;
            end
            ERROR: begin
                huffman_error <= 1'b1;
            end
            default: begin
                huffman_error <= 1'b0;
            end
        endcase
    end

endmodule",INVALID_OUTPUT,117.5360906124115,6057,3261
