original_code,generated_code,iverilog_output,time(s),prompt_tkns,output_tkns
"module case_example1(input logic [1:0] a, output logic y);
    always_comb begin
        case(a)
            2'b00: y = 0;
            2'b01: y = 1;
            2'b10: y = 1;
            2'b11: y = 0;
            default: y = 0;
        endcase
    end
endmodule","module case_example1_assertions(input logic clk, input logic [1:0] a, output logic y);
    always_comb begin
        if (a == 2'b00) assert(y == 0);
        else if (a == 2'b01) assert(y == 1);
        else if (a == 2'b10) assert(y == 1);
        else if (a == 2'b11) assert(y == 0);
        else assert(y == 0); // Default case assertion
    end
endmodule",OK,10.132826566696169,3015,143
"module case_example2(input logic [3:0] a, output logic [1:0] y);
    always_comb begin
        case(a)
            4'd0: y = 2'b00;
            4'd1: y = 2'b01;
            4'd2: y = 2'b10;
            default: y = 2'b11;
        endcase
    end
endmodule","module case_example2_assertions(input logic clk, input logic [3:0] a, output logic [1:0] y);
    always_comb begin
        if (a == 4'd0) assert(y == 2'b00);
        else if (a == 4'd1) assert(y == 2'b01);
        else if (a == 4'd2) assert(y == 2'b10);
        else assert(y == 2'b11); // Validates the default y = 2'b11 assignment
    end
endmodule",OK,5.223111629486084,3020,150
"module case2(input logic [2:0] sel, output logic z);
    always_comb begin
        case(sel)
            3'b000: z = 0;
            3'b001: z = 1;
            3'b010: z = 1;
            3'b011: z = 0;
            3'b100: z = 1;
            default: z = 0;
        endcase
    end
endmodule","module case2_assertions(input logic clk, input logic rst_n, input logic [2:0] sel, output logic z);
    always_comb begin
        unique case (sel)
            3'b000: assert(z == 0);
            3'b001: assert(z == 1);
            3'b010: assert(z == 1);
            3'b011: assert(z == 0);
            3'b100: assert(z == 1);
            default: assert(z == 0);
        endcase
    end
endmodule",OK,3.2911393642425537,3031,153
"module case3(input logic [1:0] sel, input logic a, b, c, d, output logic y);
    always_comb begin
        case(sel)
            2'b00: y = a;
            2'b01: y = b;
            2'b10: y = c;
            2'b11: y = d;
        endcase
    end
endmodule","module case3_assertions(input logic clk, input logic [1:0] sel, input logic a, b, c, d, output logic y);
    always_comb begin
        case(sel)
            2'b00: y = a;
            2'b01: y = b;
            2'b10: y = c;
            2'b11: y = d;
        endcase
    end

    property p_y_a_assign;
        @(posedge clk) (sel == 2'b00) |-> (y == a);
    endproperty
    assert property (p_y_a_assign);

    property p_y_b_assign;
        @(posedge clk) (sel == 2'b01) |-> (y == b);
    endproperty
    assert property (p_y_b_assign);

    property p_y_c_assign;
        @(posedge clk) (sel == 2'b10) |-> (y == c);
    endproperty
    assert property (p_y_c_assign);

    property p_y_d_assign;
        @(posedge clk) (sel == 2'b11) |-> (y == d);
    endproperty
    assert property (p_y_d_assign);
endmodule",OK,2.684394359588623,3010,324
"module case4(input logic [3:0] in, output logic out);
    always_comb begin
        case(in)
            4'b0001: out = 1;
            4'b0010: out = 0;
            4'b0100: out = 1;
            4'b1000: out = 0;
            default: out = 0;
        endcase
    end
endmodule","module case4_assertions(input logic clk, input logic rst_n, input logic [3:0] in, output logic out);
    always_comb begin
        if (in == 4'b0001) assert(out == 1);
        else if (in == 4'b0010) assert(out == 0);
        else if (in == 4'b0100) assert(out == 1);
        else if (in == 4'b1000) assert(out == 0);
        else assert(out == 0);
    end
endmodule",OK,2.882620334625244,3021,152
"module case5(input logic [1:0] op, input logic [3:0] a, b, output logic [3:0] result);
    always_comb begin
        case(op)
            2'b00: result = a + b;
            2'b01: result = a - b;
            2'b10: result = a & b;
            2'b11: result = a | b;
        endcase
    end
endmodule","module case5_assertions(input logic clk, input logic [1:0] op, input logic [3:0] a, b, output logic [3:0] result);
    property p_result_add;
        @(posedge clk) (op == 2'b00) |-> (result == a + b);
    endproperty
    assert property (p_result_add);

    property p_result_sub;
        @(posedge clk) (op == 2'b01) |-> (result == a - b);
    endproperty
    assert property (p_result_sub);

    property p_result_and;
        @(posedge clk) (op == 2'b10) |-> (result == a & b);
    endproperty
    assert property (p_result_and);

    property p_result_or;
        @(posedge clk) (op == 2'b11) |-> (result == a | b);
    endproperty
    assert property (p_result_or);
endmodule",OK,3.015923500061035,3024,254
"module case6(input logic [1:0] state, output logic [2:0] light);
    always_comb begin
        case(state)
            2'b00: light = 3'b100; // Red
            2'b01: light = 3'b010; // Yellow
            2'b10: light = 3'b001; // Green
            default: light = 3'b100;
        endcase
    end
endmodule","module case6_assertions(input logic clk, input logic rst_n, input logic [1:0] state);
    output logic [2:0] light;

    property p_light_red;
        @(posedge clk) (state == 2'b00) |-> (light == 3'b100);
    endproperty
    assert property (p_light_red) else $error(""Light did not turn red when state is 2'b00"");

    property p_light_yellow;
        @(posedge clk) (state == 2'b01) |-> (light == 3'b010);
    endproperty
    assert property (p_light_yellow) else $error(""Light did not turn yellow when state is 2'b01"");

    property p_light_green;
        @(posedge clk) (state == 2'b10) |-> (light == 3'b001);
    endproperty
    assert property (p_light_green) else $error(""Light did not turn green when state is 2'b10"");

    property p_light_default;
        @(posedge clk) ((state != 2'b00) && (state != 2'b01) && (state != 2'b10)) |-> (light == 3'b100);
    endproperty
    assert property (p_light_default) else $error(""Light did not default to red when state is not in 2'b00, 2'b01, or 2'b10"");

endmodule","** Error: prueba.sv(2): In, out, or inout does not appear in port list: light.",5.368727684020996,3031,386
"module case8(input logic [3:0] in, output logic [1:0] out);
    always_comb begin
        case(in)
            4'b0001: out = 2'b00;
            4'b0010: out = 2'b01;
            4'b0100: out = 2'b10;
            4'b1000: out = 2'b11;
            default: out = 2'b00;
        endcase
    end
endmodule","module case8_assertions(input logic clk, input logic [3:0] in, output logic [1:0] out);
    property p_out_00_assign;
        @(posedge clk) (in == 4'b0001) |-> (out == 2'b00);
    endproperty
    assert property (p_out_00_assign) else $error(""Assertion failed: out does not match expected value for in = 4'b0001"");

    property p_out_01_assign;
        @(posedge clk) (in == 4'b0010) |-> (out == 2'b01);
    endproperty
    assert property (p_out_01_assign) else $error(""Assertion failed: out does not match expected value for in = 4'b0010"");

    property p_out_10_assign;
        @(posedge clk) (in == 4'b0100) |-> (out == 2'b10);
    endproperty
    assert property (p_out_10_assign) else $error(""Assertion failed: out does not match expected value for in = 4'b0100"");

    property p_out_11_assign;
        @(posedge clk) (in == 4'b1000) |-> (out == 2'b11);
    endproperty
    assert property (p_out_11_assign) else $error(""Assertion failed: out does not match expected value for in = 4'b1000"");

    property p_default_assign;
        @(posedge clk) ((in != 4'b0001) && (in != 4'b0010) && (in != 4'b0100) && (in != 4'b1000)) |-> (out == 2'b00);
    endproperty
    assert property (p_default_assign) else $error(""Assertion failed: out does not match expected value for default case"");

endmodule",OK,3.5322582721710205,3046,500
"module case9(input logic [3:0] digit, output logic [6:0] seg);
    always_comb begin
        case(digit)
            4'd0: seg = 7'b0111111;
            4'd1: seg = 7'b0000110;
            4'd2: seg = 7'b1011011;
            4'd3: seg = 7'b1001111;
            4'd4: seg = 7'b1100110;
            4'd5: seg = 7'b1101101;
            4'd6: seg = 7'b1111101;
            4'd7: seg = 7'b0000111;
            4'd8: seg = 7'b1111111;
            4'd9: seg = 7'b1101111;
            default: seg = 7'b0000000;
        endcase
    end
endmodule","module case9_assertions(input logic clk, input logic [3:0] digit, output logic [6:0] seg);
    always_comb begin
        if (digit == 4'd0) assert(seg == 7'b0111111);
        else if (digit == 4'd1) assert(seg == 7'b0000110);
        else if (digit == 4'd2) assert(seg == 7'b1011011);
        else if (digit == 4'd3) assert(seg == 7'b1001111);
        else if (digit == 4'd4) assert(seg == 7'b1100110);
        else if (digit == 4'd5) assert(seg == 7'b1101101);
        else if (digit == 4'd6) assert(seg == 7'b1111101);
        else if (digit == 4'd7) assert(seg == 7'b0000111);
        else if (digit == 4'd8) assert(seg == 7'b1111111);
        else if (digit == 4'd9) assert(seg == 7'b1101111);
        else assert(seg == 7'b0000000); // Default case assertion
    end
endmodule",OK,16.248162031173706,3185,361
"module case10(input logic [2:0] pattern, output logic match);
    always_comb begin
        case(pattern)
            3'b101: match = 1;
            3'b010: match = 1;
            3'b111: match = 0;
            default: match = 0;
        endcase
    end
endmodule","module case10_assertions(input logic [2:0] pattern, output logic match);
    always_comb begin
        case(pattern)
            3'b101: match = 1;
            3'b010: match = 1;
            3'b111: match = 0;
            default: match = 0;
        endcase
    end

    property p_match_101;
        @(pattern) (pattern == 3'b101) |-> (match == 1);
    endproperty
    assert property (p_match_101);

    property p_match_010;
        @(pattern) (pattern == 3'b010) |-> (match == 1);
    endproperty
    assert property (p_match_010);

    property p_match_default;
        @(pattern) ((pattern != 3'b101) && (pattern != 3'b010) && (pattern != 3'b111)) |-> (match == 0);
    endproperty
    assert property (p_match_default);
endmodule",OK,13.846802711486816,3004,281
"module case11(input logic toggle, output logic state);
    always_comb begin
        case(toggle)
            1'b0: state = 0;
            1'b1: state = 1;
        endcase
    end
endmodule","module case11_assertions(input logic toggle, output logic state);
    property p_state_low;
        @(posedge clk) (toggle == 1'b0) |-> (state == 1'b0);
    endproperty
    assert property (p_state_low) else $error(""State not assigned correctly for toggle low"");

    property p_state_high;
        @(posedge clk) (toggle == 1'b1) |-> (state == 1'b1);
    endproperty
    assert property (p_state_high) else $error(""State not assigned correctly for toggle high"");
endmodule","** Error: prueba.sv(3): (vlog-2730) Undefined variable: 'clk'.
** Error (suppressible): prueba.sv(5): (vlog-1957) The sva directive is not sensitive to a clock. Unclocked directives are not supported.
** Error: prueba.sv(8): (vlog-2730) Undefined variable: 'clk'.
** Error (suppressible): prueba.sv(10): (vlog-1957) The sva directive is not sensitive to a clock. Unclocked directives are not supported.
** Error: prueba.sv(3): (vlog-2730) Undefined variable: 'clk'.",1.6273870468139648,2972,155
"module case12(input logic [2:0] in, output logic [7:0] out);
    always_comb begin
        case(in)
            3'b000: out = 8'b00000001;
            3'b001: out = 8'b00000010;
            3'b010: out = 8'b00000100;
            3'b011: out = 8'b00001000;
            3'b100: out = 8'b00010000;
            3'b101: out = 8'b00100000;
            3'b110: out = 8'b01000000;
            3'b111: out = 8'b10000000;
        endcase
    end
endmodule","module case12_assertions(input logic clk, input logic [2:0] in, output logic [7:0] out);
    localparam BIT0 = 8'b00000001;
    localparam BIT1 = 8'b00000010;
    localparam BIT2 = 8'b00000100;
    localparam BIT3 = 8'b00001000;
    localparam BIT4 = 8'b00010000;
    localparam BIT5 = 8'b00100000;
    localparam BIT6 = 8'b01000000;
    localparam BIT7 = 8'b10000000;

    property p_out_bit0;
        @(posedge clk) (in == 3'b000) |-> (out == BIT0);
    endproperty
    assert property (p_out_bit0);

    property p_out_bit1;
        @(posedge clk) (in == 3'b001) |-> (out == BIT1);
    endproperty
    assert property (p_out_bit1);

    property p_out_bit2;
        @(posedge clk) (in == 3'b010) |-> (out == BIT2);
    endproperty
    assert property (p_out_bit2);

    property p_out_bit3;
        @(posedge clk) (in == 3'b011) |-> (out == BIT3);
    endproperty
    assert property (p_out_bit3);

    property p_out_bit4;
        @(posedge clk) (in == 3'b100) |-> (out == BIT4);
    endproperty
    assert property (p_out_bit4);

    property p_out_bit5;
        @(posedge clk) (in == 3'b101) |-> (out == BIT5);
    endproperty
    assert property (p_out_bit5);

    property p_out_bit6;
        @(posedge clk) (in == 3'b110) |-> (out == BIT6);
    endproperty
    assert property (p_out_bit6);

    property p_out_bit7;
        @(posedge clk) (in == 3'b111) |-> (out == BIT7);
    endproperty
    assert property (p_out_bit7);

endmodule",OK,10.832916498184204,3150,626
"module case14(input logic [1:0] op, input logic [3:0] a, b, output logic [3:0] result);
    always_comb begin
        case(op)
            2'b00: result = a ^ b; // XOR
            2'b01: result = ~(a & b); // NAND
            2'b10: result = a | b; // OR
            2'b11: result = a & b; // AND
        endcase
    end
endmodule","module case14_assertions(input logic clk, input logic [1:0] op, input logic [3:0] a, b, output logic [3:0] result);
    always_comb begin
        if (op == 2'b00) assert(result == (a ^ b)); // XOR
        else if (op == 2'b01) assert(result == ~(a & b)); // NAND
        else if (op == 2'b10) assert(result == (a | b)); // OR
        else if (op == 2'b11) assert(result == (a & b)); // AND
    end
endmodule",OK,4.8958916664123535,3034,160
"module case15(input logic [3:0] num, output logic [1:0] mod3);
    always_comb begin
        case(num % 3)
            2'd0: mod3 = 2'b00;
            2'd1: mod3 = 2'b01;
            2'd2: mod3 = 2'b10;
        endcase
    end
endmodule","module case15_assertions(input logic clk, input logic [3:0] num);
    output logic [1:0] mod3;

    property p_mod3_0;
        @(posedge clk) (num % 3 == 2'd0) |-> (mod3 == 2'b00);
    endproperty
    assert property (p_mod3_0) else $error(""Error: mod3 does not match when num %% 3 == 0"");

    property p_mod3_1;
        @(posedge clk) (num % 3 == 2'd1) |-> (mod3 == 2'b01);
    endproperty
    assert property (p_mod3_1) else $error(""Error: mod3 does not match when num %% 3 == 1"");

    property p_mod3_2;
        @(posedge clk) (num % 3 == 2'd2) |-> (mod3 == 2'b10);
    endproperty
    assert property (p_mod3_2) else $error(""Error: mod3 does not match when num %% 3 == 2"");

endmodule","** Error: prueba.sv(2): In, out, or inout does not appear in port list: mod3.",2.511406898498535,3013,282
"module case17(input logic [1:0] state, output logic [1:0] next);
    always_comb begin
        case(state)
            2'b00: next = 2'b01;
            2'b01: next = 2'b10;
            2'b10: next = 2'b11;
            2'b11: next = 2'b00;
            default: next = 2'b00; // safe default
        endcase
    end
endmodule","module case17_assertions(input logic clk, input logic rst_n, input logic [1:0] state, output logic [1:0] next);
    property p_next_state_00;
        @(posedge clk) (rst_n == 1'b1) |-> ##1 (state == 2'b00) |-> (next == 2'b01);
    endproperty
    assert property (p_next_state_00) else $error(""Failed: next state is not correct when state is 2'b00"");

    property p_next_state_01;
        @(posedge clk) (rst_n == 1'b1) |-> ##1 (state == 2'b01) |-> (next == 2'b10);
    endproperty
    assert property (p_next_state_01) else $error(""Failed: next state is not correct when state is 2'b01"");

    property p_next_state_10;
        @(posedge clk) (rst_n == 1'b1) |-> ##1 (state == 2'b10) |-> (next == 2'b11);
    endproperty
    assert property (p_next_state_10) else $error(""Failed: next state is not correct when state is 2'b10"");

    property p_next_state_11;
        @(posedge clk) (rst_n == 1'b1) |-> ##1 (state == 2'b11) |-> (next == 2'b00);
    endproperty
    assert property (p_next_state_11) else $error(""Failed: next state is not correct when state is 2'b11"");

    property p_default_state;
        @(posedge clk) (rst_n == 1'b1) |-> ##1 (!($isunknown(state)) && (state != 2'b00 && state != 2'b01 && state != 2'b10 && state != 2'b11)) |-> (next == 2'b00);
    endproperty
    assert property (p_default_state) else $error(""Failed: next state is not the default when state is invalid"");
endmodule",OK,3.1997015476226807,3042,552
"module case18(input logic [3:0] key, output logic [6:0] seg);
    always_comb begin
        case(key)
            4'd0: seg = 7'b0111111;
            4'd1: seg = 7'b0000110;
            4'd2: seg = 7'b1011011;
            4'd3: seg = 7'b1001111;
            default: seg = 7'b0000000;
        endcase
    end
endmodule","module case18_assertions(input logic clk, input logic [3:0] key, output logic [6:0] seg);
    always_comb begin
        unique case (key)
            4'd0: assert(seg == 7'b0111111);
            4'd1: assert(seg == 7'b0000110);
            4'd2: assert(seg == 7'b1011011);
            4'd3: assert(seg == 7'b1001111);
            default: assert(seg == 7'b0000000);
        endcase
    end
endmodule",OK,8.400707960128784,3060,173
"module case21(input logic [1:0] counter, input logic reset, output logic [1:0] next_count);
    always_comb begin
        case({reset, counter})
            3'b100: next_count = 2'b00; // reset active
            3'b000: next_count = 2'b01;
            3'b001: next_count = 2'b10;
            3'b010: next_count = 2'b11;
            3'b011: next_count = 2'b00;
            default: next_count = 2'b00;
        endcase
    end
endmodule","module case21_assertions(input logic clk, input logic [1:0] counter, input logic reset, output logic [1:0] next_count);
    property p_next_count_reset;
        @(posedge clk) (reset == 1'b1 && counter != 3'b000 && counter != 3'b001 && counter != 3'b010) |-> (next_count == 2'b00);
    endproperty
    assert property (p_next_count_reset);

    property p_next_count_normal;
        @(posedge clk) (reset == 1'b0 && counter != 3'b100) |-> ##1 (next_count == {counter[1], counter[0]});
    endproperty
    assert property (p_next_count_normal);
endmodule",OK,4.438939571380615,3084,209
"module case27(input logic [3:0] temp, output logic warning);
    always_comb begin
        case(temp)
            4'd0, 4'd1, 4'd2, 4'd3, 4'd4, 4'd5: warning = 0;
            4'd6, 4'd7, 4'd8, 4'd9, 4'd10: warning = 1;
            default: warning = 0;
        endcase
    end
endmodule","module case27_assertions(input logic clk, input logic [3:0] temp, output logic warning);
    always_comb begin
        unique case (temp)
            4'd0, 4'd1, 4'd2, 4'd3, 4'd4, 4'd5: warning = 0;
            4'd6, 4'd7, 4'd8, 4'd9, 4'd10: warning = 1;
            default: warning = 0;
        endcase
    end

    property p_warning_low;
        @(posedge clk) (temp >= 4'd0 && temp <= 4'd5) |-> (warning == 0);
    endproperty
    assert property (p_warning_low);

    property p_warning_high;
        @(posedge clk) (temp >= 4'd6 && temp <= 4'd10) |-> (warning == 1);
    endproperty
    assert property (p_warning_high);

endmodule",OK,3.2520618438720703,3041,260
"module case31(input logic [3:0] value, output logic flag);
    always_comb begin
        case(value)
            4'd1, 4'd3, 4'd5, 4'd7: flag = 1; // odd numbers
            default: flag = 0;
        endcase
    end
endmodule","module case31_assertions(input logic [3:0] value);
    output logic flag;

    always_comb begin
        case(value)
            4'd1, 4'd3, 4'd5, 4'd7: flag = 1; // odd numbers
            default: flag = 0;
        endcase
    end

    property p_flag_odd;
        @(posedge clk) (value == 4'd1 || value == 4'd3 || value == 4'd5 || value == 4'd7) |-> (flag == 1);
    endproperty
    assert property (p_flag_odd);

    property p_flag_default;
        @(posedge clk) !(value == 4'd1 || value == 4'd3 || value == 4'd5 || value == 4'd7) |-> (flag == 0);
    endproperty
    assert property (p_flag_default);

endmodule","** Error: prueba.sv(2): In, out, or inout does not appear in port list: flag.
** Error: prueba.sv(12): (vlog-2730) Undefined variable: 'clk'.
** Error (suppressible): prueba.sv(14): (vlog-1957) The sva directive is not sensitive to a clock. Unclocked directives are not supported.
** Error: prueba.sv(17): (vlog-2730) Undefined variable: 'clk'.
** Error (suppressible): prueba.sv(19): (vlog-1957) The sva directive is not sensitive to a clock. Unclocked directives are not supported.
** Error: prueba.sv(12): (vlog-2730) Undefined variable: 'clk'.",2.0353429317474365,2995,243
"module case32(input logic [3:0] temp, output logic warning);
    always_comb begin
        case(temp)
            4'd0: warning = 0;
            4'd1: warning = 0;
            4'd2: warning = 0;
            4'd3: warning = 0;
            4'd4, 4'd5, 4'd6: warning = 1; // range 4 to 6
            default: warning = 0;
        endcase
    end
endmodule","module case32_assertions(input logic clk, input logic [3:0] temp, output logic warning);
    always_comb begin
        if (temp == 4'd0 || temp == 4'd1 || temp == 4'd2 || temp == 4'd3) begin
            assert property (@(posedge clk) disable iff (!clk) (warning == 0));
        end else if (temp >= 4'd4 && temp <= 4'd6) begin
            assert property (@(posedge clk) disable iff (!clk) (warning == 1));
        end else begin
            assert property (@(posedge clk) disable iff (!clk) (warning == 0));
        end
    end
endmodule",OK,4.104557752609253,3041,176
"module case34(input logic [3:0] level, output logic alarm);
    always_comb begin
        case(level)
            4'd0, 4'd1, 4'd2: alarm = 0;   // safe range
            4'd3, 4'd4, 4'd5, 4'd6: alarm = 1; // warning range
            4'd7, 4'd8, 4'd9, 4'd10: alarm = 1; // critical range
            default: alarm = 0;
        endcase
    end
endmodule","module case34_assertions(input logic clk, input logic rst_n, input logic [3:0] level, output logic alarm);
   always_comb begin
      if (level inside {4'd0, 4'd1, 4'd2}) begin
         alarm = 0;
      end else if (level inside {4'd3, 4'd4, 4'd5, 4'd6} || level inside {4'd7, 4'd8, 4'd9, 4'd10}) begin
         alarm = 1;
      end else begin
         alarm = 0;
      end
   end

   property p_alarm_safe;
      @(posedge clk) (level inside {4'd0, 4'd1, 4'd2}) |-> ##1 (alarm == 0);
   endproperty
   assert property (p_alarm_safe) else $error(""Alarm should be safe but is not"");

   property p_alarm_warning;
      @(posedge clk) (level inside {4'd3, 4'd4, 4'd5, 4'd6}) |-> ##1 (alarm == 1);
   endproperty
   assert property (p_alarm_warning) else $error(""Alarm should be in warning range but is not"");

   property p_alarm_critical;
      @(posedge clk) (level inside {4'd7, 4'd8, 4'd9, 4'd10}) |-> ##1 (alarm == 1);
   endproperty
   assert property (p_alarm_critical) else $error(""Alarm should be in critical range but is not"");

endmodule",OK,6.503620147705078,3057,410
"module case35(input logic [3:0] digit, output logic display);
    always_comb begin
        case(digit)
            4'd0, 4'd2, 4'd4, 4'd6, 4'd8: display = 1; // even numbers
            4'd1, 4'd3, 4'd5, 4'd7, 4'd9: display = 0; // odd numbers
            default: display = 0;
        endcase
    end
endmodule","module case35_assertions(input logic clk, input logic [3:0] digit, output logic display);
    always_comb begin
        if (digit == 4'd0 || digit == 4'd2 || digit == 4'd4 || digit == 4'd6 || digit == 4'd8) begin
            assert(display == 1) else $error(""Failed for even number case"");
        end
        else if (digit == 4'd1 || digit == 4'd3 || digit == 4'd5 || digit == 4'd7 || digit == 4'd9) begin
            assert(display == 0) else $error(""Failed for odd number case"");
        end
        else begin
            assert(display == 0) else $error(""Default case failed"");
        end
    end
endmodule",OK,4.0597898960113525,3040,204
"module case40(input logic [3:0] req, output logic [1:0] grant);
    always_comb begin
        case(req)
            4'd1, 4'd2: grant = 2'b00; // low priority
            4'd3, 4'd4, 4'd5: grant = 2'b01; // medium priority
            4'd6, 4'd7: grant = 2'b10; // high priority
            4'd8, 4'd9: grant = 2'b11; // highest priority
            default: grant = 2'b00;
        endcase
    end
endmodule","module case40_assertions(input logic [3:0] req, output logic [1:0] grant);
    always_comb begin : comb_logic
        if (req == 4'd1 || req == 4'd2) begin
            grant = 2'b00;
        end else if (req == 4'd3 || req == 4'd4 || req == 4'd5) begin
            grant = 2'b01;
        end else if (req == 4'd6 || req == 4'd7) begin
            grant = 2'b10;
        end else if (req == 4'd8 || req == 4'd9) begin
            grant = 2'b11;
        end else begin
            grant = 2'b00;
        end
    end

    property p_grant_low_priority;
        @(posedge clk) (req == 4'd1 || req == 4'd2) |-> (grant == 2'b00);
    endproperty
    assert property (p_grant_low_priority);

    property p_grant_medium_priority;
        @(posedge clk) (req == 4'd3 || req == 4'd4 || req == 4'd5) |-> (grant == 2'b01);
    endproperty
    assert property (p_grant_medium_priority);

    property p_grant_high_priority;
        @(posedge clk) (req == 4'd6 || req == 4'd7) |-> (grant == 2'b10);
    endproperty
    assert property (p_grant_high_priority);

    property p_grant_highest_priority;
        @(posedge clk) (req == 4'd8 || req == 4'd9) |-> (grant == 2'b11);
    endproperty
    assert property (p_grant_highest_priority);

endmodule","** Error: prueba.sv(17): (vlog-2730) Undefined variable: 'clk'.
** Error (suppressible): prueba.sv(19): (vlog-1957) The sva directive is not sensitive to a clock. Unclocked directives are not supported.
** Error: prueba.sv(22): (vlog-2730) Undefined variable: 'clk'.
** Error (suppressible): prueba.sv(24): (vlog-1957) The sva directive is not sensitive to a clock. Unclocked directives are not supported.
** Error: prueba.sv(27): (vlog-2730) Undefined variable: 'clk'.
** Error (suppressible): prueba.sv(29): (vlog-1957) The sva directive is not sensitive to a clock. Unclocked directives are not supported.
** Error: prueba.sv(32): (vlog-2730) Undefined variable: 'clk'.
** Error (suppressible): prueba.sv(34): (vlog-1957) The sva directive is not sensitive to a clock. Unclocked directives are not supported.
** Error: prueba.sv(17): (vlog-2730) Undefined variable: 'clk'.",3.725602865219116,3077,480
"module case41(input int temp, output logic warning);
    always_comb begin
        case(temp)
            0:10: warning = 0;   // safe
            11:20: warning = 1;  // moderate
            21:30: warning = 1;  // high
            default: warning = 1; // out of range
        endcase
    end
endmodule","module case41_assertions(input int temp);
    output logic warning;

    property p_warning_safe;
        @(posedge clk) (temp >= 0 && temp < 11) |-> (warning == 0);
    endproperty
    assert property (p_warning_safe) else $error(""Error: Warning should be 0 for safe range"");

    property p_warning_moderate;
        @(posedge clk) (temp >= 11 && temp < 21) |-> (warning == 1);
    endproperty
    assert property (p_warning_moderate) else $error(""Error: Warning should be 1 for moderate range"");

    property p_warning_high;
        @(posedge clk) (temp >= 21 && temp < 31) |-> (warning == 1);
    endproperty
    assert property (p_warning_high) else $error(""Error: Warning should be 1 for high range"");

    property p_warning_default;
        @(posedge clk) (temp < 0 || temp >= 31) |-> (warning == 1);
    endproperty
    assert property (p_warning_default) else $error(""Error: Warning should be 1 for out of range"");
endmodule","** Error: prueba.sv(2): In, out, or inout does not appear in port list: warning.
** Error: prueba.sv(5): (vlog-2730) Undefined variable: 'clk'.
** Error (suppressible): prueba.sv(7): (vlog-1957) The sva directive is not sensitive to a clock. Unclocked directives are not supported.
** Error: prueba.sv(10): (vlog-2730) Undefined variable: 'clk'.
** Error (suppressible): prueba.sv(12): (vlog-1957) The sva directive is not sensitive to a clock. Unclocked directives are not supported.
** Error: prueba.sv(15): (vlog-2730) Undefined variable: 'clk'.
** Error (suppressible): prueba.sv(17): (vlog-1957) The sva directive is not sensitive to a clock. Unclocked directives are not supported.
** Error: prueba.sv(20): (vlog-2730) Undefined variable: 'clk'.
** Error (suppressible): prueba.sv(22): (vlog-1957) The sva directive is not sensitive to a clock. Unclocked directives are not supported.
** Error: prueba.sv(5): (vlog-2730) Undefined variable: 'clk'.",5.424326181411743,3008,301
"module case42(input int score, output logic [1:0] grade);
    always_comb begin
        case(score)
            0:49: grade = 2'b00;   // F
            50:69: grade = 2'b01;  // D-C
            70:89: grade = 2'b10;  // B
            90:100: grade = 2'b11; // A
            default: grade = 2'b00; // invalid
        endcase
    end
endmodule","module case42_assertions(input int score);
    logic [1:0] grade;

    property p_grade_F;
        @(posedge clk) (score >= 0 && score <= 49) |-> (grade == 2'b00);
    endproperty
    assert property (p_grade_F) else $error(""Grade should be F for scores between 0 and 49"");

    property p_grade_D;
        @(posedge clk) (score >= 50 && score <= 69) |-> (grade == 2'b01);
    endproperty
    assert property (p_grade_D) else $error(""Grade should be D for scores between 50 and 69"");

    property p_grade_B;
        @(posedge clk) (score >= 70 && score <= 89) |-> (grade == 2'b10);
    endproperty
    assert property (p_grade_B) else $error(""Grade should be B for scores between 70 and 89"");

    property p_grade_A;
        @(posedge clk) (score >= 90 && score <= 100) |-> (grade == 2'b11);
    endproperty
    assert property (p_grade_A) else $error(""Grade should be A for scores between 90 and 100"");

endmodule","** Error: prueba.sv(5): (vlog-2730) Undefined variable: 'clk'.
** Error (suppressible): prueba.sv(7): (vlog-1957) The sva directive is not sensitive to a clock. Unclocked directives are not supported.
** Error: prueba.sv(10): (vlog-2730) Undefined variable: 'clk'.
** Error (suppressible): prueba.sv(12): (vlog-1957) The sva directive is not sensitive to a clock. Unclocked directives are not supported.
** Error: prueba.sv(15): (vlog-2730) Undefined variable: 'clk'.
** Error (suppressible): prueba.sv(17): (vlog-1957) The sva directive is not sensitive to a clock. Unclocked directives are not supported.
** Error: prueba.sv(20): (vlog-2730) Undefined variable: 'clk'.
** Error (suppressible): prueba.sv(22): (vlog-1957) The sva directive is not sensitive to a clock. Unclocked directives are not supported.
** Error: prueba.sv(5): (vlog-2730) Undefined variable: 'clk'.",7.342907190322876,3049,338
"module case43(input int temp, output logic [1:0] fan_speed);
    always_comb begin
        case(temp)
            0:25: fan_speed = 0;   // off
            26:50: fan_speed = 1;  // low
            51:75: fan_speed = 2;  // medium
            76:100: fan_speed = 3; // high
            default: fan_speed = 0;
        endcase
    end
endmodule","module case43_assertions(input int temp);
    logic [1:0] fan_speed;

    property p_fan_speed_off;
        @(posedge clk) (temp >= 0 && temp <= 25) |-> (fan_speed == 0);
    endproperty
    assert property (p_fan_speed_off) else $error(""Fan speed not set to off when temp is in range 0:25"");

    property p_fan_speed_low;
        @(posedge clk) (temp >= 26 && temp <= 50) |-> (fan_speed == 1);
    endproperty
    assert property (p_fan_speed_low) else $error(""Fan speed not set to low when temp is in range 26:50"");

    property p_fan_speed_medium;
        @(posedge clk) (temp >= 51 && temp <= 75) |-> (fan_speed == 2);
    endproperty
    assert property (p_fan_speed_medium) else $error(""Fan speed not set to medium when temp is in range 51:75"");

    property p_fan_speed_high;
        @(posedge clk) (temp >= 76 && temp <= 100) |-> (fan_speed == 3);
    endproperty
    assert property (p_fan_speed_high) else $error(""Fan speed not set to high when temp is in range 76:100"");

endmodule","** Error: prueba.sv(5): (vlog-2730) Undefined variable: 'clk'.
** Error (suppressible): prueba.sv(7): (vlog-1957) The sva directive is not sensitive to a clock. Unclocked directives are not supported.
** Error: prueba.sv(10): (vlog-2730) Undefined variable: 'clk'.
** Error (suppressible): prueba.sv(12): (vlog-1957) The sva directive is not sensitive to a clock. Unclocked directives are not supported.
** Error: prueba.sv(15): (vlog-2730) Undefined variable: 'clk'.
** Error (suppressible): prueba.sv(17): (vlog-1957) The sva directive is not sensitive to a clock. Unclocked directives are not supported.
** Error: prueba.sv(20): (vlog-2730) Undefined variable: 'clk'.
** Error (suppressible): prueba.sv(22): (vlog-1957) The sva directive is not sensitive to a clock. Unclocked directives are not supported.
** Error: prueba.sv(5): (vlog-2730) Undefined variable: 'clk'.",6.702901124954224,3037,360
"module case44(input int load, output logic [2:0] power);
    always_comb begin
        case(load)
            0:10: power = 3'b001;   // very low
            11:20: power = 3'b010;  // low
            21:50: power = 3'b100;  // medium
            51:100: power = 3'b111; // high
            default: power = 3'b000;
        endcase
    end
endmodule","module case44_assertions(input int load, output logic [2:0] power);
    always_comb begin
        unique case (load)
            0:10: power = 3'b001;   // very low
            11:20: power = 3'b010;  // low
            21:50: power = 3'b100;  // medium
            51:100: power = 3'b111; // high
            default: power = 3'b000;
        endcase
    end

    property p_power_very_low;
        @(posedge clk) (load >= 0 && load <= 10) |-> (power == 3'b001);
    endproperty
    assert property (p_power_very_low);

    property p_power_low;
        @(posedge clk) (load >= 11 && load <= 20) |-> (power == 3'b010);
    endproperty
    assert property (p_power_low);

    property p_power_medium;
        @(posedge clk) (load >= 21 && load <= 50) |-> (power == 3'b100);
    endproperty
    assert property (p_power_medium);

    property p_power_high;
        @(posedge clk) (load >= 51 && load <= 100) |-> (power == 3'b111);
    endproperty
    assert property (p_power_high);

    property p_power_default;
        @(posedge clk) !(load >= 0 && load <= 100) |-> (power == 3'b000);
    endproperty
    assert property (p_power_default);
endmodule","** Error: (vlog-13069) prueba.sv(4): near ""10"": syntax error, unexpected INTEGER NUMBER.
** Error: (vlog-13069) prueba.sv(5): near ""20"": syntax error, unexpected INTEGER NUMBER.
** Error: (vlog-13069) prueba.sv(6): near ""50"": syntax error, unexpected INTEGER NUMBER.
** Error: (vlog-13069) prueba.sv(7): near ""100"": syntax error, unexpected INTEGER NUMBER.",6.9677734375,3051,444
"module case48(input int hp, output logic [1:0] status);
    always_comb begin
        case(hp)
            0:25: status = 2'b00;   // critical
            26:50: status = 2'b01;  // weak
            51:75: status = 2'b10;  // healthy
            76:100: status = 2'b11; // full
            default: status = 2'b00;
        endcase
    end
endmodule","module case48_assertions(input int hp);
    logic [1:0] status;

    property p_status_critical;
        @(posedge clk) (hp >= 0 && hp <= 25) |-> (status == 2'b00);
    endproperty
    assert property (p_status_critical) else $error(""Status should be critical when hp is between 0 and 25"");

    property p_status_weak;
        @(posedge clk) (hp >= 26 && hp <= 50) |-> (status == 2'b01);
    endproperty
    assert property (p_status_weak) else $error(""Status should be weak when hp is between 26 and 50"");

    property p_status_healthy;
        @(posedge clk) (hp >= 51 && hp <= 75) |-> (status == 2'b10);
    endproperty
    assert property (p_status_healthy) else $error(""Status should be healthy when hp is between 51 and 75"");

    property p_status_full;
        @(posedge clk) (hp >= 76 && hp <= 100) |-> (status == 2'b11);
    endproperty
    assert property (p_status_full) else $error(""Status should be full when hp is between 76 and 100"");

endmodule","** Error: prueba.sv(5): (vlog-2730) Undefined variable: 'clk'.
** Error (suppressible): prueba.sv(7): (vlog-1957) The sva directive is not sensitive to a clock. Unclocked directives are not supported.
** Error: prueba.sv(10): (vlog-2730) Undefined variable: 'clk'.
** Error (suppressible): prueba.sv(12): (vlog-1957) The sva directive is not sensitive to a clock. Unclocked directives are not supported.
** Error: prueba.sv(15): (vlog-2730) Undefined variable: 'clk'.
** Error (suppressible): prueba.sv(17): (vlog-1957) The sva directive is not sensitive to a clock. Unclocked directives are not supported.
** Error: prueba.sv(20): (vlog-2730) Undefined variable: 'clk'.
** Error (suppressible): prueba.sv(22): (vlog-1957) The sva directive is not sensitive to a clock. Unclocked directives are not supported.
** Error: prueba.sv(5): (vlog-2730) Undefined variable: 'clk'.",4.88660740852356,3045,342
"module fsm51(
    input logic clk, reset,
    output logic state_out
);
    typedef enum logic [0:0] {S0, S1} state_t;
    state_t state, next_state;

    // Next-state logic
    always_comb begin
        case(state)
            S0: next_state = S1;
            S1: next_state = S0;
            default: next_state = S0;
        endcase
    end

    // State register
    always_ff @(posedge clk or posedge reset) begin
        if(reset)
            state <= S0;
        else
            state <= next_state;
    end

    // Output logic (Moore)
    assign state_out = (state == S1);
endmodule","module fsm51_assertions(
    input logic clk, reset,
    output logic state_out
);
    typedef enum logic [0:0] {S0, S1} state_t;
    state_t state, next_state;

    // Next-state logic
    always_comb begin
        case(state)
            S0: next_state = S1;
            S1: next_state = S0;
            default: next_state = S0;
        endcase
    end

    // State register
    always_ff @(posedge clk or posedge reset) begin
        if(reset)
            state <= S0;
        else
            state <= next_state;
    end

    // Output logic (Moore)
    assign state_out = (state == S1);

    // Assertions
    property p_next_s0;
        @(posedge clk or posedge reset) disable iff (reset)
        (state == S0) |-> ##1 (state == S1);
    endproperty
    assert property (p_next_s0) else $error(""Failed: state does not transition correctly from S0 to S1"");

    property p_next_s1;
        @(posedge clk or posedge reset) disable iff (reset)
        (state == S1) |-> ##1 (state == S0);
    endproperty
    assert property (p_next_s1) else $error(""Failed: state does not transition correctly from S1 to S0"");

endmodule",OK,6.453449010848999,3103,365
"module fsm52(
    input logic clk, reset, in_bit,
    output logic detected
);
    typedef enum logic [1:0] {IDLE, S1, S2} state_t;
    state_t state, next_state;

    always_comb begin
        case(state)
            IDLE: next_state = (in_bit) ? S1 : IDLE;
            S1:   next_state = (in_bit) ? S2 : IDLE;
            S2:   next_state = (in_bit) ? S2 : IDLE;
            default: next_state = IDLE;
        endcase
    end

    always_ff @(posedge clk or posedge reset) begin
        if(reset) state <= IDLE;
        else state <= next_state;
    end

    assign detected = (state == S2);
endmodule","module fsm52_assertions(
    input logic clk, reset, in_bit,
    output logic detected
);
    typedef enum logic [1:0] {IDLE, S1, S2} state_t;
    state_t state, next_state;

    property p_next_idle;
        @(posedge clk) (state == IDLE && in_bit) |=> (next_state == S1);
    endproperty
    assert property (p_next_idle);

    property p_next_s1;
        @(posedge clk) (state == S1 && !in_bit) |-> (next_state == IDLE);
    endproperty
    assert property (p_next_s1);

    property p_next_s2;
        @(posedge clk) (state == S2 || state == IDLE) |=> (next_state == next_state);
    endproperty
    assert property (p_next_s2);

    property p_detected;
        @(posedge clk) ($past(state, 1) == S2) |-> ##1 detected;
    endproperty
    assert property (p_detected);

endmodule",OK,6.038976669311523,3123,284
"module fsm53(
    input logic clk, reset,
    output logic [2:0] light
);
    typedef enum logic [1:0] {RED, GREEN, YELLOW} state_t;
    state_t state, next_state;

    always_comb begin
        case(state)
            RED:    next_state = GREEN;
            GREEN:  next_state = YELLOW;
            YELLOW: next_state = RED;
            default: next_state = RED;
        endcase
    end

    always_ff @(posedge clk or posedge reset) begin
        if(reset) state <= RED;
        else state <= next_state;
    end

    always_comb begin
        case(state)
            RED: light = 3'b100;
            GREEN: light = 3'b001;
            YELLOW: light = 3'b010;
            default: light = 3'b100;
        endcase
    end
endmodule","module fsm53_assertions(input logic clk, reset);
    typedef enum logic [1:0] {RED, GREEN, YELLOW} state_t;
    state_t state, next_state;

    always_comb begin
        case(state)
            RED:    next_state = GREEN;
            GREEN:  next_state = YELLOW;
            YELLOW: next_state = RED;
            default: next_state = RED;
        endcase
    end

    always_ff @(posedge clk or posedge reset) begin
        if(reset) state <= RED;
        else state <= next_state;
    end

    always_comb begin
        case(state)
            RED: light = 3'b100;
            GREEN: light = 3'b001;
            YELLOW: light = 3'b010;
            default: light = 3'b100;
        endcase
    end

    // Properties and Assertions for state transitions
    property p_state_to_green;
        @(posedge clk) disable iff (reset) (state == RED) |-> (next_state == GREEN);
    endproperty
    assert property (p_state_to_green) else $error(""State transition from RED to GREEN failed"");

    property p_state_to_yellow;
        @(posedge clk) disable iff (reset) (state == GREEN) |-> (next_state == YELLOW);
    endproperty
    assert property (p_state_to_yellow) else $error(""State transition from GREEN to YELLOW failed"");

    property p_state_to_red;
        @(posedge clk) disable iff (reset) (state == YELLOW) |-> (next_state == RED);
    endproperty
    assert property (p_state_to_red) else $error(""State transition from YELLOW to RED failed"");

    // Properties and Assertions for light assignments
    property p_light_red;
        @(posedge clk) disable iff (reset) (state == RED) |-> (light == 3'b100);
    endproperty
    assert property (p_light_red) else $error(""Light assignment for RED failed"");

    property p_light_green;
        @(posedge clk) disable iff (reset) (state == GREEN) |-> (light == 3'b001);
    endproperty
    assert property (p_light_green) else $error(""Light assignment for GREEN failed"");

    property p_light_yellow;
        @(posedge clk) disable iff (reset) (state == YELLOW) |-> (light == 3'b010);
    endproperty
    assert property (p_light_yellow) else $error(""Light assignment for YELLOW failed"");
endmodule",** Error: prueba.sv(21): (vlog-2730) Undefined variable: 'light'.,8.208114385604858,3158,671
"module fsm54(
    input logic clk, reset,
    output logic [1:0] count
);
    typedef enum logic [1:0] {C0, C1, C2, C3} state_t;
    state_t state, next_state;

    always_comb begin
        case(state)
            C0: next_state = C1;
            C1: next_state = C2;
            C2: next_state = C3;
            C3: next_state = C0;
            default: next_state = C0;
        endcase
    end

    always_ff @(posedge clk or posedge reset) begin
        if(reset) state <= C0;
        else state <= next_state;
    end

    assign count = state;
endmodule","module fsm54_assertions(
    input logic clk, reset,
    output logic [1:0] count
);
    typedef enum logic [1:0] {C0, C1, C2, C3} state_t;
    state_t state, next_state;

    property p_next_c0;
        @(posedge clk) (state == C0) |-> (next_state == C1);
    endproperty
    assert property (p_next_c0);

    property p_next_c1;
        @(posedge clk) (state == C1) |-> (next_state == C2);
    endproperty
    assert property (p_next_c1);

    property p_next_c2;
        @(posedge clk) (state == C2) |-> (next_state == C3);
    endproperty
    assert property (p_next_c2);

    property p_next_c3;
        @(posedge clk) (state == C3) |-> (next_state == C0);
    endproperty
    assert property (p_next_c3);

    property p_reset_assign;
        @(posedge clk or posedge reset) if(reset) state == C0;
    endproperty
    assert property (p_reset_assign);

endmodule",OK,5.102772951126099,3106,324
"module fsm55(
    input logic clk, reset, code_entered,
    output logic unlock
);
    typedef enum logic [1:0] {LOCKED, WAIT, UNLOCKED} state_t;
    state_t state, next_state;

    always_comb begin
        case(state)
            LOCKED: next_state = code_entered ? WAIT : LOCKED;
            WAIT:   next_state = code_entered ? UNLOCKED : LOCKED;
            UNLOCKED: next_state = LOCKED;
            default: next_state = LOCKED;
        endcase
    end

    always_ff @(posedge clk or posedge reset) begin
        if(reset) state <= LOCKED;
        else state <= next_state;
    end

    assign unlock = (state == UNLOCKED);
endmodule","module fsm55_assertions(
    input logic clk, reset, code_entered
);
    typedef enum logic [1:0] {LOCKED, WAIT, UNLOCKED} state_t;
    state_t state, next_state;

    property p_next_locked_assign;
        @(posedge clk or posedge reset) (state == LOCKED && !code_entered) |-> (next_state == LOCKED);
    endproperty
    assert property (p_next_locked_assign);

    property p_next_wait_assign;
        @(posedge clk or posedge reset) (state == WAIT && code_entered) |-> (next_state == UNLOCKED);
    endproperty
    assert property (p_next_wait_assign);

    property p_next_unlocked_assign;
        @(posedge clk or posedge reset) (state == UNLOCKED) |-> (next_state == LOCKED);
    endproperty
    assert property (p_next_unlocked_assign);

    property p_state_assignment;
        @(posedge clk or posedge reset) disable iff(reset) 
        ((state == LOCKED && !code_entered) || (state == WAIT && code_entered) || (state == UNLOCKED)) |-> ##1 (next_state == $past(state));
    endproperty
    assert property (p_state_assignment);

endmodule",OK,5.0472962856292725,3110,337
"module fsm56(
    input logic clk, reset, coin,
    output logic dispense
);
    typedef enum logic [1:0] {S0, S1, S2} state_t;
    state_t state, next_state;

    always_comb begin
        case(state)
            S0: next_state = coin ? S1 : S0;
            S1: next_state = coin ? S2 : S1;
            S2: next_state = S0;
            default: next_state = S0;
        endcase
    end

    always_ff @(posedge clk or posedge reset) begin
        if(reset) state <= S0;
        else state <= next_state;
    end

    assign dispense = (state == S2);
endmodule","module fsm56_assertions(
    input logic clk, reset, coin
);
    typedef enum logic [1:0] {S0, S1, S2} state_t;
    state_t state, next_state;

    property p_next_state_s0;
        @(posedge clk or posedge reset) (reset || (state == S0 && !coin)) |-> (next_state == S0);
    endproperty
    assert property (p_next_state_s0);

    property p_next_state_s1;
        @(posedge clk or posedge reset) (reset || (state == S1 && coin)) |-> (next_state == S2);
    endproperty
    assert property (p_next_state_s1);

    property p_next_state_s2;
        @(posedge clk or posedge reset) (reset || (state == S2 && !coin)) |-> (next_state == S0);
    endproperty
    assert property (p_next_state_s2);

    property p_dispense_when_s2;
        @(posedge clk or posedge reset) (reset || state == S2) |-> ##1 $past(state) == S2 && $past(coin, 1) |-> (dispense == 1'b1);
    endproperty
    assert property (p_dispense_when_s2);

endmodule",** Error: prueba.sv(23): (vlog-2730) Undefined variable: 'dispense'.,4.737010717391968,3102,343
"module fsm57(
    input logic clk, reset, start,
    output logic a, b
);
    typedef enum logic [1:0] {IDLE, STATE1, STATE2} state_t;
    state_t state, next_state;

    always_comb begin
        case(state)
            IDLE: next_state = start ? STATE1 : IDLE;
            STATE1: next_state = STATE2;
            STATE2: next_state = IDLE;
            default: next_state = IDLE;
        endcase
    end

    always_ff @(posedge clk or posedge reset) begin
        if(reset) state <= IDLE;
        else state <= next_state;
    end

    always_comb begin
        case(state)
            IDLE:   begin a=0; b=0; end
            STATE1: begin a=1; b=0; end
            STATE2: begin a=0; b=1; end
            default: begin a=0; b=0; end
        endcase
    end
endmodule","module fsm57_assertions(
    input logic clk, reset, start,
    output logic a, b
);
    typedef enum logic [1:0] {IDLE, STATE1, STATE2} state_t;
    state_t state, next_state;

    always_comb begin
        case(state)
            IDLE: next_state = start ? STATE1 : IDLE;
            STATE1: next_state = STATE2;
            STATE2: next_state = IDLE;
            default: next_state = IDLE;
        endcase
    end

    always_ff @(posedge clk or posedge reset) begin
        if(reset) state <= IDLE;
        else state <= next_state;
    end

    always_comb begin
        case(state)
            IDLE:   begin a=0; b=0; end
            STATE1: begin a=1; b=0; end
            STATE2: begin a=0; b=1; end
            default: begin a=0; b=0; end
        endcase
    end

    // Assertions to verify the behavior of state transitions and output assignments

    property p_state_transition;
        @(posedge clk) disable iff (reset)
        ((state == IDLE && next_state == STATE1 && start) ||
         (state == STATE1 && next_state == STATE2) ||
         (state == STATE2 && next_state == IDLE)) |-> ##1 ($past(state) == state);
    endproperty
    assert property (p_state_transition) else $error(""State transition assertion failed"");

    // Property to verify the output assignments based on the current state
    property p_output_assignment;
        @(posedge clk) disable iff (reset)
        (state == IDLE) |-> ##1 (a == 0 && b == 0);
    endproperty
    assert property (p_output_assignment) else $error(""Output assignment assertion failed for IDLE state"");

    // Property to verify the output assignments based on the current state
    property p_output_assignment_state1;
        @(posedge clk) disable iff (reset)
        (state == STATE1) |-> ##1 (a == 1 && b == 0);
    endproperty
    assert property (p_output_assignment_state1) else $error(""Output assignment assertion failed for STATE1 state"");

    // Property to verify the output assignments based on the current state
    property p_output_assignment_state2;
        @(posedge clk) disable iff (reset)
        (state == STATE2) |-> ##1 (a == 0 && b == 1);
    endproperty
    assert property (p_output_assignment_state2) else $error(""Output assignment assertion failed for STATE2 state"");

endmodule",OK,12.940223217010498,3167,662
"module fsm59(
    input logic clk, reset, trigger,
    output logic done
);
    typedef enum logic [1:0] {IDLE, BUSY, DONE} state_t;
    state_t state, next_state;
    logic [3:0] counter;

    always_comb begin
        case(state)
            IDLE:   next_state = trigger ? BUSY : IDLE;
            BUSY:   next_state = (counter==4'd10) ? DONE : BUSY;
            DONE:   next_state = IDLE;
            default: next_state = IDLE;
        endcase
    end

    always_ff @(posedge clk or posedge reset) begin
        if(reset) begin
            state <= IDLE;
            counter <= 0;
        end else begin
            state <= next_state;
            if(state==BUSY) counter <= counter+1;
            else counter <= 0;
        end
    end

    assign done = (state==DONE);
endmodule","module fsm59_assertions(
    input logic clk, reset, trigger,
    output logic done
);
    typedef enum logic [1:0] {IDLE, BUSY, DONE} state_t;
    state_t state, next_state;
    logic [3:0] counter;

    property p_next_state_trigger;
        @(posedge clk) (state == IDLE && trigger) |-> ##1 (next_state == BUSY);
    endproperty
    assert property (p_next_state_trigger);

    property p_next_state_busy;
        @(posedge clk) (state == BUSY) |-> ##1 (next_state == (counter==4'd10) ? DONE : BUSY);
    endproperty
    assert property (p_next_state_busy);

    property p_next_state_done;
        @(posedge clk) (state == DONE) |-> ##1 (next_state == IDLE);
    endproperty
    assert property (p_next_state_done);

    property p_counter_reset;
        @(posedge clk or posedge reset) if(reset) counter == 0; else (state != BUSY) |-> ##1 (counter == $past(counter));
    endproperty
    assert property (p_counter_reset);

    property p_done_assignment;
        @(posedge clk) (state == DONE) |-> (done == 1'b1);
    endproperty
    assert property (p_done_assignment);
endmodule","** Error: (vlog-13069) prueba.sv(25): near ""else"": syntax error, unexpected else, expecting ""SystemVerilog keyword 'endproperty'"".",9.259768724441528,3162,372
"module fsm60(
    input logic clk, reset, in_bit,
    output logic detected
);
    typedef enum logic [1:0] {S0, S1, S2} state_t;
    state_t state, next_state;

    always_comb begin
        case(state)
            S0: next_state = in_bit ? S1 : S0;
            S1: next_state = in_bit ? S2 : S0;
            S2: next_state = in_bit ? S2 : S0;
            default: next_state = S0;
        endcase
    end

    always_ff @(posedge clk or posedge reset) begin
        if(reset) state <= S0;
        else state <= next_state;
    end

    always_comb begin
        case({state, in_bit})
            {S2,1'b0}: detected = 1; // pattern detected
            default: detected = 0;
        endcase
    end
endmodule","module fsm60_assertions(
    input logic clk, reset, in_bit,
    output logic detected
);
    typedef enum logic [1:0] {S0, S1, S2} state_t;
    state_t state, next_state;

    property p_next_s0_in_bit_true;
        @(posedge clk) disable iff (reset) 
        (state == S0 && in_bit) |-> (next_state == S1);
    endproperty
    assert property (p_next_s0_in_bit_true);

    property p_next_s1_in_bit_true;
        @(posedge clk) disable iff (reset) 
        (state == S1 && in_bit) |-> (next_state == S2);
    endproperty
    assert property (p_next_s1_in_bit_true);

    property p_next_s2_in_bit_true;
        @(posedge clk) disable iff (reset) 
        (state == S2 && in_bit) |-> (next_state == S2);
    endproperty
    assert property (p_next_s2_in_bit_true);

    property p_default_next_state;
        @(posedge clk) disable iff (reset) 
        !(state == S0 || state == S1 || state == S2) |-> (next_state == S0);
    endproperty
    assert property (p_default_next_state);

    property p_detected_s2_in_bit_false;
        @(posedge clk) disable iff (reset) 
        (state == S2 && !in_bit) |-> (detected == 1'b0);
    endproperty
    assert property (p_detected_s2_in_bit_false);

    property p_detected_default;
        @(posedge clk) disable iff (reset) 
        !(state == S2 && in_bit) |-> (detected == 1'b0);
    endproperty
    assert property (p_detected_default);

endmodule",OK,9.867834568023682,3155,504
"module case61(
    input logic sel,
    input logic a, b,
    output logic y
);
    always_comb begin
        case(sel)
            1'b0: y = a;
            1'b1: y = b;
        endcase
    end
endmodule","module case61_assertions(
    input logic sel,
    input logic a, b,
    output logic y
);

    property p_y_a_assign;
        @(posedge clk) (sel == 1'b0) |-> (y == a);
    endproperty
    assert property (p_y_a_assign);

    property p_y_b_assign;
        @(posedge clk) (sel == 1'b1) |-> (y == b);
    endproperty
    assert property (p_y_b_assign);

endmodule","** Error: prueba.sv(8): (vlog-2730) Undefined variable: 'clk'.
** Error (suppressible): prueba.sv(10): (vlog-1957) The sva directive is not sensitive to a clock. Unclocked directives are not supported.
** Error: prueba.sv(13): (vlog-2730) Undefined variable: 'clk'.
** Error (suppressible): prueba.sv(15): (vlog-1957) The sva directive is not sensitive to a clock. Unclocked directives are not supported.
** Error: prueba.sv(8): (vlog-2730) Undefined variable: 'clk'.",3.3099539279937744,2983,145
"module case62(
    input logic [1:0] sel,
    input logic [3:0] data,
    output logic y
);
    always_comb begin
        case(sel)
            2'b00: y = data[0];
            2'b01: y = data[1];
            2'b10: y = data[2];
            2'b11: y = data[3];
        endcase
    end
endmodule","module case62_assertions(
    input logic [1:0] sel,
    input logic [3:0] data,
    output logic y
);

    property p_y_data0;
        @(posedge clk) (sel == 2'b00) |-> (y == data[0]);
    endproperty
    assert property (p_y_data0);

    property p_y_data1;
        @(posedge clk) (sel == 2'b01) |-> (y == data[1]);
    endproperty
    assert property (p_y_data1);

    property p_y_data2;
        @(posedge clk) (sel == 2'b10) |-> (y == data[2]);
    endproperty
    assert property (p_y_data2);

    property p_y_data3;
        @(posedge clk) (sel == 2'b11) |-> (y == data[3]);
    endproperty
    assert property (p_y_data3);

endmodule","** Error: prueba.sv(8): (vlog-2730) Undefined variable: 'clk'.
** Error (suppressible): prueba.sv(10): (vlog-1957) The sva directive is not sensitive to a clock. Unclocked directives are not supported.
** Error: prueba.sv(13): (vlog-2730) Undefined variable: 'clk'.
** Error (suppressible): prueba.sv(15): (vlog-1957) The sva directive is not sensitive to a clock. Unclocked directives are not supported.
** Error: prueba.sv(18): (vlog-2730) Undefined variable: 'clk'.
** Error (suppressible): prueba.sv(20): (vlog-1957) The sva directive is not sensitive to a clock. Unclocked directives are not supported.
** Error: prueba.sv(23): (vlog-2730) Undefined variable: 'clk'.
** Error (suppressible): prueba.sv(25): (vlog-1957) The sva directive is not sensitive to a clock. Unclocked directives are not supported.
** Error: prueba.sv(8): (vlog-2730) Undefined variable: 'clk'.",4.861607789993286,3025,261
"module case63(
    input logic [1:0] op,
    input logic [3:0] a, b,
    output logic [3:0] result
);
    always_comb begin
        case(op)
            2'b00: result = a + b;
            2'b01: result = a - b;
            2'b10: result = a & b;
            2'b11: result = a | b;
        endcase
    end
endmodule","module case63_assertions(
    input logic [1:0] op,
    input logic [3:0] a, b,
    output logic [3:0] result
);

    property p_result_add;
        @(posedge clk) (op == 2'b00) |-> (result == a + b);
    endproperty
    assert property (p_result_add) else $error(""Addition operation failed"");

    property p_result_sub;
        @(posedge clk) (op == 2'b01) |-> (result == a - b);
    endproperty
    assert property (p_result_sub) else $error(""Subtraction operation failed"");

    property p_result_and;
        @(posedge clk) (op == 2'b10) |-> (result == a & b);
    endproperty
    assert property (p_result_and) else $error(""Bitwise AND operation failed"");

    property p_result_or;
        @(posedge clk) (op == 2'b11) |-> (result == a | b);
    endproperty
    assert property (p_result_or) else $error(""Bitwise OR operation failed"");

endmodule","** Error: prueba.sv(8): (vlog-2730) Undefined variable: 'clk'.
** Error (suppressible): prueba.sv(10): (vlog-1957) The sva directive is not sensitive to a clock. Unclocked directives are not supported.
** Error: prueba.sv(13): (vlog-2730) Undefined variable: 'clk'.
** Error (suppressible): prueba.sv(15): (vlog-1957) The sva directive is not sensitive to a clock. Unclocked directives are not supported.
** Error: prueba.sv(18): (vlog-2730) Undefined variable: 'clk'.
** Error (suppressible): prueba.sv(20): (vlog-1957) The sva directive is not sensitive to a clock. Unclocked directives are not supported.
** Error: prueba.sv(23): (vlog-2730) Undefined variable: 'clk'.
** Error (suppressible): prueba.sv(25): (vlog-1957) The sva directive is not sensitive to a clock. Unclocked directives are not supported.
** Error: prueba.sv(8): (vlog-2730) Undefined variable: 'clk'.",5.739758253097534,3032,299
"module case64(
    input logic [3:0] req,
    output logic [1:0] grant
);
    always_comb begin
        case(req)
            4'b0001: grant = 2'b00;
            4'b0010: grant = 2'b01;
            4'b0100: grant = 2'b10;
            4'b1000: grant = 2'b11;
            default: grant = 2'b00;
        endcase
    end
endmodule","module case64_assertions(
    input logic [3:0] req,
    output logic [1:0] grant
);

    property p_grant_0001;
        @(posedge clk) (req == 4'b0001) |-> (grant == 2'b00);
    endproperty
    assert property (p_grant_0001) else $error(""Failed: grant != 2'b00 when req == 4'b0001"");

    property p_grant_0010;
        @(posedge clk) (req == 4'b0010) |-> (grant == 2'b01);
    endproperty
    assert property (p_grant_0010) else $error(""Failed: grant != 2'b01 when req == 4'b0010"");

    property p_grant_0100;
        @(posedge clk) (req == 4'b0100) |-> (grant == 2'b10);
    endproperty
    assert property (p_grant_0100) else $error(""Failed: grant != 2'b10 when req == 4'b0100"");

    property p_grant_1000;
        @(posedge clk) (req == 4'b1000) |-> (grant == 2'b11);
    endproperty
    assert property (p_grant_1000) else $error(""Failed: grant != 2'b11 when req == 4'b1000"");

    property p_grant_default;
        @(posedge clk) (req != 4'b0001 && req != 4'b0010 && req != 4'b0100 && req != 4'b1000) |-> (grant == 2'b00);
    endproperty
    assert property (p_grant_default) else $error(""Failed: grant != 2'b00 when req is not one of the valid cases"");

endmodule","** Error: prueba.sv(7): (vlog-2730) Undefined variable: 'clk'.
** Error (suppressible): prueba.sv(9): (vlog-1957) The sva directive is not sensitive to a clock. Unclocked directives are not supported.
** Error: prueba.sv(12): (vlog-2730) Undefined variable: 'clk'.
** Error (suppressible): prueba.sv(14): (vlog-1957) The sva directive is not sensitive to a clock. Unclocked directives are not supported.
** Error: prueba.sv(17): (vlog-2730) Undefined variable: 'clk'.
** Error (suppressible): prueba.sv(19): (vlog-1957) The sva directive is not sensitive to a clock. Unclocked directives are not supported.
** Error: prueba.sv(22): (vlog-2730) Undefined variable: 'clk'.
** Error (suppressible): prueba.sv(24): (vlog-1957) The sva directive is not sensitive to a clock. Unclocked directives are not supported.
** Error: prueba.sv(27): (vlog-2730) Undefined variable: 'clk'.
** Error (suppressible): prueba.sv(29): (vlog-1957) The sva directive is not sensitive to a clock. Unclocked directives are not supported.
** Error: prueba.sv(7): (vlog-2730) Undefined variable: 'clk'.",5.545753002166748,3052,508
"module case65(
    input logic [3:0] val,
    output logic match
);
    always_comb begin
        case(val)
            4'd1, 4'd3, 4'd5, 4'd7: match = 1; // selected values
            default: match = 0;
        endcase
    end
endmodule","module case65_assertions(
    input logic [3:0] val,
    output logic match
);

    property p_match_specific_values;
        @(posedge clk) (val == 4'd1 || val == 4'd3 || val == 4'd5 || val == 4'd7) |-> (match == 1);
    endproperty
    assert property (p_match_specific_values);

    property p_no_match_default;
        @(posedge clk) !(val == 4'd1 || val == 4'd3 || val == 4'd5 || val == 4'd7) |-> (match == 0);
    endproperty
    assert property (p_no_match_default);

endmodule","** Error: prueba.sv(7): (vlog-2730) Undefined variable: 'clk'.
** Error (suppressible): prueba.sv(9): (vlog-1957) The sva directive is not sensitive to a clock. Unclocked directives are not supported.
** Error: prueba.sv(12): (vlog-2730) Undefined variable: 'clk'.
** Error (suppressible): prueba.sv(14): (vlog-1957) The sva directive is not sensitive to a clock. Unclocked directives are not supported.
** Error: prueba.sv(7): (vlog-2730) Undefined variable: 'clk'.",4.215306758880615,3000,192
"module case67(
    input logic [1:0] gray,
    output logic [1:0] bin
);
    always_comb begin
        case(gray)
            2'b00: bin = 2'b00;
            2'b01: bin = 2'b01;
            2'b11: bin = 2'b10;
            2'b10: bin = 2'b11;
        endcase
    end
endmodule","module case67_assertions(
    input logic [1:0] gray,
    output logic [1:0] bin
);

    // Internal variable for the expected binary value
    logic [1:0] expected_bin;

    always_comb begin : case_block
        case (gray)
            2'b00: expected_bin = 2'b00;
            2'b01: expected_bin = 2'b01;
            2'b11: expected_bin = 2'b10;
            2'b10: expected_bin = 2'b11;
        endcase
    end

    // Property to verify the bin assignment based on gray code input
    property p_bin_assignment;
        @(posedge clk) (gray == 2'b00) |-> (bin == 2'b00);
    endproperty
    assert property (p_bin_assignment);

    // Property to verify the bin assignment based on gray code input
    property p_bin_assignment_01;
        @(posedge clk) (gray == 2'b01) |-> (bin == 2'b01);
    endproperty
    assert property (p_bin_assignment_01);

    // Property to verify the bin assignment based on gray code input
    property p_bin_assignment_11;
        @(posedge clk) (gray == 2'b11) |-> (bin == 2'b10);
    endproperty
    assert property (p_bin_assignment_11);

    // Property to verify the bin assignment based on gray code input
    property p_bin_assignment_10;
        @(posedge clk) (gray == 2'b10) |-> (bin == 2'b11);
    endproperty
    assert property (p_bin_assignment_10);

endmodule","** Error: prueba.sv(20): (vlog-2730) Undefined variable: 'clk'.
** Error (suppressible): prueba.sv(22): (vlog-1957) The sva directive is not sensitive to a clock. Unclocked directives are not supported.
** Error: prueba.sv(26): (vlog-2730) Undefined variable: 'clk'.
** Error (suppressible): prueba.sv(28): (vlog-1957) The sva directive is not sensitive to a clock. Unclocked directives are not supported.
** Error: prueba.sv(32): (vlog-2730) Undefined variable: 'clk'.
** Error (suppressible): prueba.sv(34): (vlog-1957) The sva directive is not sensitive to a clock. Unclocked directives are not supported.
** Error: prueba.sv(38): (vlog-2730) Undefined variable: 'clk'.
** Error (suppressible): prueba.sv(40): (vlog-1957) The sva directive is not sensitive to a clock. Unclocked directives are not supported.
** Error: prueba.sv(20): (vlog-2730) Undefined variable: 'clk'.",4.380566358566284,3031,456
"module case68(
    input logic [3:0] num,
    output logic even
);
    always_comb begin
        case(num[0])
            1'b0: even = 1;
            1'b1: even = 0;
        endcase
    end
endmodule","module case68_assertions (input logic [3:0] num, output logic even);
    always_comb begin
        if (num[0] == 1'b0) assert(even == 1);
        else if (num[0] == 1'b1) assert(even == 0);
    end
endmodule",OK,2.3279600143432617,2984,86
"module case69(
    input logic [1:0] sel,
    output logic [3:0] leds
);
    always_comb begin
        case(sel)
            2'b00: leds = 4'b0001;
            2'b01: leds = 4'b0010;
            2'b10: leds = 4'b0100;
            2'b11: leds = 4'b1000;
        endcase
    end
endmodule","module case69_assertions(
    input logic [1:0] sel,
    output logic [3:0] leds
);

    property p_leds_00_assign;
        @(posedge clk) (sel == 2'b00) |-> (leds == 4'b0001);
    endproperty
    assert property (p_leds_00_assign);

    property p_leds_01_assign;
        @(posedge clk) (sel == 2'b01) |-> (leds == 4'b0010);
    endproperty
    assert property (p_leds_01_assign);

    property p_leds_10_assign;
        @(posedge clk) (sel == 2'b10) |-> (leds == 4'b0100);
    endproperty
    assert property (p_leds_10_assign);

    property p_leds_11_assign;
        @(posedge clk) (sel == 2'b11) |-> (leds == 4'b1000);
    endproperty
    assert property (p_leds_11_assign);

endmodule","** Error: prueba.sv(7): (vlog-2730) Undefined variable: 'clk'.
** Error (suppressible): prueba.sv(9): (vlog-1957) The sva directive is not sensitive to a clock. Unclocked directives are not supported.
** Error: prueba.sv(12): (vlog-2730) Undefined variable: 'clk'.
** Error (suppressible): prueba.sv(14): (vlog-1957) The sva directive is not sensitive to a clock. Unclocked directives are not supported.
** Error: prueba.sv(17): (vlog-2730) Undefined variable: 'clk'.
** Error (suppressible): prueba.sv(19): (vlog-1957) The sva directive is not sensitive to a clock. Unclocked directives are not supported.
** Error: prueba.sv(22): (vlog-2730) Undefined variable: 'clk'.
** Error (suppressible): prueba.sv(24): (vlog-1957) The sva directive is not sensitive to a clock. Unclocked directives are not supported.
** Error: prueba.sv(7): (vlog-2730) Undefined variable: 'clk'.",5.317061424255371,3039,303
"module case70(
    input logic [1:0] op,
    input logic [3:0] a, b,
    output logic [7:0] result
);
    always_comb begin
        case(op)
            2'b00: result = a + b;
            2'b01: result = a - b;
            2'b10: result = a * b;
            2'b11: result = a / (b != 0 ? b : 1);
        endcase
    end
endmodule","module case70_assertions(
    input logic [1:0] op,
    input logic [3:0] a, b,
    output logic [7:0] result
);

    property p_result_add;
        @(posedge clk) (op == 2'b00) |-> (result == a + b);
    endproperty
    assert property (p_result_add) else $error(""Failed for addition"");

    property p_result_sub;
        @(posedge clk) (op == 2'b01) |-> (result == a - b);
    endproperty
    assert property (p_result_sub) else $error(""Failed for subtraction"");

    property p_result_mul;
        @(posedge clk) (op == 2'b10) |-> (result == a * b);
    endproperty
    assert property (p_result_mul) else $error(""Failed for multiplication"");

    property p_result_div;
        @(posedge clk) (op == 2'b11 && b != 0) |-> (result == a / b);
    endproperty
    assert property (p_result_div) else $error(""Failed for division"");

endmodule","** Error: prueba.sv(8): (vlog-2730) Undefined variable: 'clk'.
** Error (suppressible): prueba.sv(10): (vlog-1957) The sva directive is not sensitive to a clock. Unclocked directives are not supported.
** Error: prueba.sv(13): (vlog-2730) Undefined variable: 'clk'.
** Error (suppressible): prueba.sv(15): (vlog-1957) The sva directive is not sensitive to a clock. Unclocked directives are not supported.
** Error: prueba.sv(18): (vlog-2730) Undefined variable: 'clk'.
** Error (suppressible): prueba.sv(20): (vlog-1957) The sva directive is not sensitive to a clock. Unclocked directives are not supported.
** Error: prueba.sv(23): (vlog-2730) Undefined variable: 'clk'.
** Error (suppressible): prueba.sv(25): (vlog-1957) The sva directive is not sensitive to a clock. Unclocked directives are not supported.
** Error: prueba.sv(8): (vlog-2730) Undefined variable: 'clk'.",5.438554286956787,3041,297
"module seq_case71(
    input logic clk, reset,
    output logic [1:0] count
);
    always_ff @(posedge clk or posedge reset) begin
        if(reset)
            count <= 2'b00;
        else
            case(count)
                2'b00: count <= 2'b01;
                2'b01: count <= 2'b10;
                2'b10: count <= 2'b11;
                2'b11: count <= 2'b00;
                default: count <= 2'b00;
            endcase
    end
endmodule","module seq_case71_assertions(input logic clk, input logic reset);
    output logic [1:0] count;

    property p_count_reset;
        @(posedge clk or posedge reset) (reset || (count == 2'b00)) |-> ##1 (count == $past(count));
    endproperty
    assert property (p_count_reset) else $error(""Count does not maintain state after reset or transition."");

    property p_count_increment;
        @(posedge clk) disable iff (reset)
        ((count == 2'b00 && !reset) |-> ##1 (count == 2'b01)) &&
        ((count == 2'b01 && !reset) |-> ##1 (count == 2'b10)) &&
        ((count == 2'b10 && !reset) |-> ##1 (count == 2'b11)) &&
        ((count == 2'b11 && !reset) |-> ##1 (count == 2'b00));
    endproperty
    assert property (p_count_increment) else $error(""Count does not increment correctly."");

endmodule","** Error: (vlog-13069) prueba.sv(11): near ""&&"": syntax error, unexpected &&, expecting ""SystemVerilog keyword 'endproperty'"".",8.20016098022461,3072,282
"module seq_case72(
    input logic clk, reset,
    output logic [1:0] state
);
    always_ff @(posedge clk or posedge reset) begin
        if(reset)
            state <= 2'b00;
        else
            case(state)
                2'b00: state <= 2'b01;
                2'b01: state <= 2'b10;
                2'b10: state <= 2'b00;
                default: state <= 2'b00;
            endcase
    end
endmodule","module seq_case72_assertions(
    input logic clk, reset,
    output logic [1:0] state
);

    property p_state_reset;
        @(posedge clk or posedge reset) (reset || (state == 2'b00)) |-> ##1 (state == $past(state));
    endproperty
    assert property (p_state_reset) else $error(""Error: State did not hold its value after reset."");

    property p_state_transition_00;
        @(posedge clk) (state == 2'b00) |-> ##1 (state == 2'b01);
    endproperty
    assert property (p_state_transition_00) else $error(""Error: State did not transition correctly from 2'b00 to 2'b01."");

    property p_state_transition_01;
        @(posedge clk) (state == 2'b01) |-> ##1 (state == 2'b10);
    endproperty
    assert property (p_state_transition_01) else $error(""Error: State did not transition correctly from 2'b01 to 2'b10."");

    property p_state_transition_10;
        @(posedge clk) (state == 2'b10) |-> ##1 (state == 2'b00);
    endproperty
    assert property (p_state_transition_10) else $error(""Error: State did not transition correctly from 2'b10 to 2'b00."");

endmodule",OK,6.34049916267395,3055,382
"module seq_case73(
    input logic clk, reset, serial_in,
    output logic [3:0] q
);
    always_ff @(posedge clk or posedge reset) begin
        if(reset)
            q <= 4'b0000;
        else
            case(q)
                default: q <= {q[2:0], serial_in}; // shift left
            endcase
    end
endmodule","module seq_case73_assertions(
    input logic clk, reset, serial_in,
    output logic [3:0] q
);

    property p_q_shift;
        @(posedge clk) disable iff (reset) 
        (q != 4'b0000) |-> ($past(q[2:0], 1) == $past(q[3:1]) && q[0] == $past(q[3]));
    endproperty
    assert property (p_q_shift) else $error(""Shift operation failed"");

endmodule",OK,2.795850992202759,3017,143
"module seq_case74(
    input logic clk, reset, in_bit,
    output logic detected
);
    typedef enum logic [1:0] {S0, S1, S2} state_t;
    state_t state, next_state;

    always_comb begin
        case(state)
            S0: next_state = in_bit ? S1 : S0;
            S1: next_state = in_bit ? S2 : S0;
            S2: next_state = in_bit ? S2 : S0;
            default: next_state = S0;
        endcase
    end

    always_ff @(posedge clk or posedge reset) begin
        if(reset) state <= S0;
        else state <= next_state;
    end

    assign detected = (state == S2);
endmodule","module seq_case74_assertions(
    input logic clk, reset, in_bit,
    output logic detected
);
    typedef enum logic [1:0] {S0, S1, S2} state_t;
    state_t state, next_state;

    // Property for the transition logic based on the current state and input bit
    property p_next_state_s0;
        @(posedge clk) disable iff (reset)
        (state == S0) |-> ((next_state == (in_bit ? S1 : S0)));
    endproperty
    assert property (p_next_state_s0);

    // Property for the transition logic based on the current state and input bit
    property p_next_state_s1;
        @(posedge clk) disable iff (reset)
        (state == S1) |-> ((next_state == (in_bit ? S2 : S0)));
    endproperty
    assert property (p_next_state_s1);

    // Property for the transition logic based on the current state and input bit
    property p_next_state_s2;
        @(posedge clk) disable iff (reset)
        (state == S2) |-> ((next_state == (in_bit ? S2 : S0)));
    endproperty
    assert property (p_next_state_s2);

    // Property for the default behavior
    property p_default_behavior;
        @(posedge clk) disable iff (reset)
        !(state inside {S0, S1, S2}) |-> ((next_state == S0));
    endproperty
    assert property (p_default_behavior);

    // Property for the state machine output based on the final state
    property p_detected;
        @(posedge clk) disable iff (reset)
        (state == S2) |-> (detected == 1'b1);
    endproperty
    assert property (p_detected);

endmodule",OK,6.876495122909546,3116,467
"module seq_case75(
    input logic clk, reset, enable,
    output logic [3:0] count
);
    always_ff @(posedge clk or posedge reset) begin
        if(reset)
            count <= 4'b0000;
        else
            case(enable)
                1'b0: count <= count;      // hold
                1'b1: count <= count + 1;  // increment
                default: count <= 4'b0000;
            endcase
    end
endmodule","module seq_case75_assertions(
    input logic clk, reset, enable,
    output logic [3:0] count
);

    // Internal variables and functions can be inferred from the case statement
    property p_count_hold;
        @(posedge clk or posedge reset) (reset || (enable == 1'b0)) |-> (count == $past(count));
    endproperty
    assert property (p_count_hold) else begin
        // Optional: Add a message or action if the assertion fails
        $error(""Assertion failed: count did not hold when enable was 0"");
    end

    property p_count_increment;
        @(posedge clk or posedge reset) (reset || (enable == 1'b1)) |-> (count == $past(count) + 1);
    endproperty
    assert property (p_count_increment) else begin
        // Optional: Add a message or action if the assertion fails
        $error(""Assertion failed: count did not increment when enable was 1"");
    end

endmodule",OK,3.271989107131958,3041,252
"module seq_case76(
    input logic clk, reset, start,
    output logic a, b
);
    typedef enum logic [1:0] {IDLE, STATE1, STATE2} state_t;
    state_t state, next_state;

    always_comb begin
        case(state)
            IDLE: next_state = start ? STATE1 : IDLE;
            STATE1: next_state = STATE2;
            STATE2: next_state = IDLE;
            default: next_state = IDLE;
        endcase
    end

    always_ff @(posedge clk or posedge reset) begin
        if(reset) state <= IDLE;
        else state <= next_state;
    end

    always_ff @(posedge clk) begin
        case(state)
            IDLE: begin a<=0; b<=0; end
            STATE1: begin a<=1; b<=0; end
            STATE2: begin a<=0; b<=1; end
            default: begin a<=0; b<=0; end
        endcase
    end
endmodule","module seq_case76_assertions(
    input logic clk, reset, start,
    output logic a, b
);
    typedef enum logic [1:0] {IDLE, STATE1, STATE2} state_t;
    state_t state, next_state;

    always_comb begin
        case(state)
            IDLE: next_state = start ? STATE1 : IDLE;
            STATE1: next_state = STATE2;
            STATE2: next_state = IDLE;
            default: next_state = IDLE;
        endcase
    end

    always_ff @(posedge clk or posedge reset) begin
        if(reset) state <= IDLE;
        else state <= next_state;
    end

    always_ff @(posedge clk) begin
        case(state)
            IDLE: begin a<=0; b<=0; end
            STATE1: begin a<=1; b<=0; end
            STATE2: begin a<=0; b<=1; end
            default: begin a<=0; b<=0; end
        endcase
    end

    // Assertions for the state transitions and signal assignments
    property p_state_transitions;
        @(posedge clk) disable iff (reset)
        ((state == IDLE && start) |-> ##1 (state == STATE1)) &&
        ((state == STATE1) |-> ##1 (state == STATE2)) &&
        ((state == STATE2) |-> ##1 (state == IDLE));
    endproperty
    assert property (p_state_transitions) else $error(""State transition error"");

    // Assertions for signal assignments
    property p_a_assignment;
        @(posedge clk) disable iff (reset)
        ((state == IDLE && next_state == STATE1) |-> ##1 (a == 0)) &&
        ((state == STATE1 && next_state == STATE2) |-> ##1 (a == 1)) &&
        ((state == STATE2 && next_state == IDLE) |-> ##1 (a == 0));
    endproperty
    assert property (p_a_assignment) else $error(""Signal a assignment error"");

    property p_b_assignment;
        @(posedge clk) disable iff (reset)
        ((state == IDLE && next_state == STATE1) |-> ##1 (b == 0)) &&
        ((state == STATE1 && next_state == STATE2) |-> ##1 (b == 0)) &&
        ((state == STATE2 && next_state == IDLE) |-> ##1 (b == 1));
    endproperty
    assert property (p_b_assignment) else $error(""Signal b assignment error"");
endmodule","** Error: (vlog-13069) prueba.sv(34): near ""&&"": syntax error, unexpected &&, expecting ""SystemVerilog keyword 'endproperty'"".
** Error: (vlog-13069) prueba.sv(43): near ""&&"": syntax error, unexpected &&, expecting ""SystemVerilog keyword 'endproperty'"".
** Error: (vlog-13069) prueba.sv(51): near ""&&"": syntax error, unexpected &&, expecting ""SystemVerilog keyword 'endproperty'"".",12.283796548843384,3172,642
"module seq_case79(
    input logic clk, reset, start,
    output logic x, y
);
    typedef enum logic [1:0] {IDLE, S1, S2} state_t;
    state_t state, next_state;

    always_comb begin
        case(state)
            IDLE: next_state = start ? S1 : IDLE;
            S1: next_state = S2;
            S2: next_state = IDLE;
            default: next_state = IDLE;
        endcase
    end

    always_ff @(posedge clk or posedge reset) begin
        if(reset) state <= IDLE;
        else state <= next_state;
    end

    always_ff @(posedge clk) begin
        case(state)
            IDLE: x<=0; y<=0;
            S1: x<=1; y<=0;
            S2: x<=0; y<=1;
            default: x<=0; y<=0;
        endcase
    end
endmodule","module seq_case79_assertions(
    input logic clk, reset, start,
    output logic x, y
);
    typedef enum logic [1:0] {IDLE, S1, S2} state_t;
    state_t state, next_state;

    // Property for the next_state assignment based on the current state and start signal
    property p_next_state_assignment;
        @(posedge clk) (reset || (state == IDLE && start)) |-> (next_state == S1);
    endproperty
    assert property (p_next_state_assignment) else $error(""Error: next_state assignment does not match expected behavior"");

    // Property for the state transition from IDLE to S1
    property p_transition_from_idle;
        @(posedge clk) ((state == IDLE && start) || (state == S1)) |-> ##1 (state == S1);
    endproperty
    assert property (p_transition_from_idle) else $error(""Error: State transition from IDLE to S1 does not occur as expected"");

    // Property for the state transition from S1 to S2
    property p_transition_from_s1;
        @(posedge clk) (state == S1) |-> ##1 (state == S2);
    endproperty
    assert property (p_transition_from_s1) else $error(""Error: State transition from S1 to S2 does not occur as expected"");

    // Property for the state transition from S2 back to IDLE
    property p_transition_from_s2;
        @(posedge clk) (state == S2) |-> ##1 (state == IDLE);
    endproperty
    assert property (p_transition_from_s2) else $error(""Error: State transition from S2 to IDLE does not occur as expected"");

    // Property for the output assignments in each state
    property p_output_assignment;
        @(posedge clk) ((state == IDLE) |-> (x == 0 && y == 0)) and
                        ((state == S1) |-> (x == 1 && y == 0)) and
                        ((state == S2) |-> (x == 0 && y == 1));
    endproperty
    assert property (p_output_assignment) else $error(""Error: Output assignments do not match expected behavior based on the state"");

endmodule",OK,10.11927080154419,3164,563
"module seq_case80(
    input logic clk, reset, sensor,
    output logic alarm
);
    typedef enum logic [1:0] {SAFE, WARN, DANGER} state_t;
    state_t state, next_state;

    always_comb begin
        case(state)
            SAFE: next_state = sensor ? WARN : SAFE;
            WARN: next_state = sensor ? DANGER : SAFE;
            DANGER: next_state = SAFE;
            default: next_state = SAFE;
        endcase
    end

    always_ff @(posedge clk or posedge reset) begin
        if(reset) state <= SAFE;
        else state <= next_state;
    end

    always_ff @(posedge clk) begin
        case(state)
            SAFE: alarm <= 0;
            WARN: alarm <= 0;
            DANGER: alarm <= 1;
            default: alarm <= 0;
        endcase
    end
endmodule","module seq_case80_assertions(
    input logic clk, reset, sensor,
    output logic alarm
);
    typedef enum logic [1:0] {SAFE, WARN, DANGER} state_t;
    state_t state, next_state;

    // Sequential properties for state transitions and default handling
    property p_next_safe;
        @(posedge clk) disable iff (reset) 
        (state == SAFE) |-> ##1 (next_state == (sensor ? WARN : SAFE));
    endproperty
    assert property (p_next_safe) else $error(""State transition from SAFE is incorrect"");

    property p_next_warn;
        @(posedge clk) disable iff (reset) 
        (state == WARN) |-> ##1 (next_state == (sensor ? DANGER : SAFE));
    endproperty
    assert property (p_next_warn) else $error(""State transition from WARN is incorrect"");

    property p_next_danger;
        @(posedge clk) disable iff (reset) 
        (state == DANGER) |-> ##1 (next_state == SAFE);
    endproperty
    assert property (p_next_danger) else $error(""State transition from DANGER is incorrect"");

    // Alarm logic properties based on state
    property p_alarm_safe;
        @(posedge clk) disable iff (reset) 
        (state == SAFE) |-> ##1 (alarm == 0);
    endproperty
    assert property (p_alarm_safe) else $error(""Alarm logic for SAFE is incorrect"");

    property p_alarm_warn;
        @(posedge clk) disable iff (reset) 
        (state == WARN) |-> ##1 (alarm == 0);
    endproperty
    assert property (p_alarm_warn) else $error(""Alarm logic for WARN is incorrect"");

    property p_alarm_danger;
        @(posedge clk) disable iff (reset) 
        (state == DANGER) |-> ##1 (alarm == 1);
    endproperty
    assert property (p_alarm_danger) else $error(""Alarm logic for DANGER is incorrect"");

endmodule",OK,15.36922311782837,3158,526
"module nested_case_1(input logic [1:0] op, func, input logic [7:0] a,b, output logic [7:0] y);
always_comb begin
  case(op)
    2'b00: begin
      case(func)
        2'b00: y = a + b;
        2'b01: y = a - b;
        default: y = 0;
      endcase
    end
    2'b01: y = a & b;
    default: y = 8'h00;
  endcase
end
endmodule","module nested_case_1_assertions(input logic [1:0] op, func, input logic [7:0] a, b, output logic [7:0] y);
    property p_y_add;
        @(posedge clk) (op == 2'b00 && func == 2'b00) |-> (y == a + b);
    endproperty
    assert property (p_y_add);

    property p_y_sub;
        @(posedge clk) (op == 2'b00 && func == 2'b01) |-> (y == a - b);
    endproperty
    assert property (p_y_sub);

    property p_y_and;
        @(posedge clk) (op == 2'b01) |-> (y == a & b);
    endproperty
    assert property (p_y_and);

    property p_y_default;
        @(posedge clk) ((op != 2'b00 && op != 2'b01) || func != 2'b00 && func != 2'b01) |-> (y == 8'h00);
    endproperty
    assert property (p_y_default);
endmodule","** Error: prueba.sv(3): (vlog-2730) Undefined variable: 'clk'.
** Error (suppressible): prueba.sv(5): (vlog-1957) The sva directive is not sensitive to a clock. Unclocked directives are not supported.
** Error: prueba.sv(8): (vlog-2730) Undefined variable: 'clk'.
** Error (suppressible): prueba.sv(10): (vlog-1957) The sva directive is not sensitive to a clock. Unclocked directives are not supported.
** Error: prueba.sv(13): (vlog-2730) Undefined variable: 'clk'.
** Error (suppressible): prueba.sv(15): (vlog-1957) The sva directive is not sensitive to a clock. Unclocked directives are not supported.
** Error: prueba.sv(18): (vlog-2730) Undefined variable: 'clk'.
** Error (suppressible): prueba.sv(20): (vlog-1957) The sva directive is not sensitive to a clock. Unclocked directives are not supported.
** Error: prueba.sv(3): (vlog-2730) Undefined variable: 'clk'.",3.59919548034668,3057,304
"module nested_case_2(input logic [2:0] mode, sel, output logic [3:0] y);
always_comb begin
  case(mode)
    3'b000: begin
      case(sel)
        3'b000: y = 1;
        3'b001: y = 2;
        default: y = 0;
      endcase
    end
    3'b001: y = 4;
    default: y = 0;
  endcase
end
endmodule","module nested_case_2_assertions(input logic clk, input logic [2:0] mode, sel, output logic [3:0] y);
    always_comb begin
        if (mode == 3'b000) begin
            case(sel)
                3'b000: assert(y == 1);
                3'b001: assert(y == 2);
                default: assert(y == 0);
            endcase
        end else if (mode == 3'b001) begin
            assert(y == 4);
        end else begin
            assert(y == 0);
        end
    end
endmodule",OK,8.466763257980347,3043,165
"module nested_case_3(input logic [1:0] a,b,c, output logic y);
always_comb begin
  case(a)
    2'b00: begin
      case(b)
        2'b00: y = c[0];
        2'b01: y = c[1];
        default: y = 0;
      endcase
    end
    default: y = 1;
  endcase
end
endmodule","module nested_case_3_assertions(input logic clk, input logic [1:0] a, b, c, output logic y);
    always_comb begin
        if (a == 2'b00) begin
            if (b == 2'b00) assert(y == c[0]);
            else if (b == 2'b01) assert(y == c[1]);
            else assert(y == 0);
        end else assert(y == 1);
    end
endmodule",OK,3.6609349250793457,3025,129
"module nested_case_4(input logic [3:0] op, input logic [1:0] sub, output logic [3:0] y);
always_comb begin
  case(op)
    4'h0: begin
      case(sub)
        2'b00: y = 4'h1;
        2'b01: y = 4'h2;
        default: y = 4'h0;
      endcase
    end
    4'h1: y = 4'hF;
    default: y = 0;
  endcase
end
endmodule","module nested_case_4_assertions(input logic [3:0] op, input logic [1:0] sub, output logic [3:0] y);
    always_comb begin
        if (op == 4'h0) begin
            case(sub)
                2'b00: y = 4'h1;
                2'b01: y = 4'h2;
                default: y = 4'h0;
            endcase
        end else if (op == 4'h1) begin
            y = 4'hF;
        end else begin
            y = 0;
        end
    end

    property p_y_sub00;
        @(posedge clk) (op == 4'h0 && sub == 2'b00) |-> (y == 4'h1);
    endproperty
    assert property (p_y_sub00);

    property p_y_sub01;
        @(posedge clk) (op == 4'h0 && sub == 2'b01) |-> (y == 4'h2);
    endproperty
    assert property (p_y_sub01);

    property p_y_default;
        @(posedge clk) (op == 4'h0 && (sub != 2'b00 && sub != 2'b01)) |-> (y == 4'h0);
    endproperty
    assert property (p_y_default);

    property p_y_op1;
        @(posedge clk) (op == 4'h1) |-> (y == 4'hF);
    endproperty
    assert property (p_y_op1);

    property p_y_default2;
        @(posedge clk) ((op != 4'h0 && op != 4'h1)) |-> (y == 0);
    endproperty
    assert property (p_y_default2);

endmodule","** Error: prueba.sv(17): (vlog-2730) Undefined variable: 'clk'.
** Error (suppressible): prueba.sv(19): (vlog-1957) The sva directive is not sensitive to a clock. Unclocked directives are not supported.
** Error: prueba.sv(22): (vlog-2730) Undefined variable: 'clk'.
** Error (suppressible): prueba.sv(24): (vlog-1957) The sva directive is not sensitive to a clock. Unclocked directives are not supported.
** Error: prueba.sv(27): (vlog-2730) Undefined variable: 'clk'.
** Error (suppressible): prueba.sv(29): (vlog-1957) The sva directive is not sensitive to a clock. Unclocked directives are not supported.
** Error: prueba.sv(32): (vlog-2730) Undefined variable: 'clk'.
** Error (suppressible): prueba.sv(34): (vlog-1957) The sva directive is not sensitive to a clock. Unclocked directives are not supported.
** Error: prueba.sv(37): (vlog-2730) Undefined variable: 'clk'.
** Error (suppressible): prueba.sv(39): (vlog-1957) The sva directive is not sensitive to a clock. Unclocked directives are not supported.
** Error: prueba.sv(17): (vlog-2730) Undefined variable: 'clk'.",5.42790961265564,3056,479
"module nested_case_5(input logic [1:0] s1,s2, output logic y);
always_comb begin
  case(s1)
    2'b00: begin
      case(s2)
        2'b00: y = 1;
        2'b01: y = 0;
        default: y = 0;
      endcase
    end
    2'b01: y = 1;
    default: y = 0;
  endcase
end
endmodule","module nested_case_5_assertions(input logic clk, input logic [1:0] s1, input logic [1:0] s2, output logic y);
    always_comb begin
        if (s1 == 2'b00 && s2 == 2'b00) assert(y == 1);
        else if (s1 == 2'b00 && s2 == 2'b01) assert(y == 0);
        else assert(y == 0);
    end
endmodule",OK,3.3949015140533447,3038,131
"module nested_case_6(input logic [2:0] a,b, output logic [2:0] y);
always_comb begin
  case(a)
    3'b001: begin
      case(b)
        3'b001: y = 3'b111;
        3'b010: y = 3'b000;
        default: y = 3'b001;
      endcase
    end
    default: y = 0;
  endcase
end
endmodule","module nested_case_6_assertions(input logic [2:0] a, b, output logic [2:0] y);
  always_comb begin
    if (a == 3'b001) begin
      case (b)
        3'b001: assert(y == 3'b111);
        3'b010: assert(y == 3'b000);
        default: assert(y == 3'b001);
      endcase
    end else begin
      assert(y == 3'b000); // Default value when a is not 3'b001
    end
  end
endmodule",OK,7.849161863327026,3044,169
"module nested_case_7(input logic [1:0] a,b,c, output logic [1:0] y);
always_comb begin
  case(a)
    2'b00: begin
      case(b)
        2'b00: y = c;
        default: y = 2'b00;
      endcase
    end
    default: y = 2'b11;
  endcase
end
endmodule","module nested_case_7_assertions(input logic clk, input logic [1:0] a, b, c, output logic [1:0] y);
    property p_y_c_assign;
        @(posedge clk) (a == 2'b00 && b == 2'b00) |-> (y == c);
    endproperty
    assert property (p_y_c_assign);

    property p_y_default_assign;
        @(posedge clk) ((a != 2'b00) || (b != 2'b00)) |-> (y == 2'b11);
    endproperty
    assert property (p_y_default_assign);
endmodule",OK,3.1670217514038086,3022,177
"module nested_case_8(input logic [3:0] a, input logic [1:0] b, output logic y);
always_comb begin
  case(a)
    4'hA: begin
      case(b)
        2'b00: y = 1;
        default: y = 0;
      endcase
    end
    default: y = 0;
  endcase
end
endmodule","module nested_case_8_assertions(input logic [3:0] a, input logic [1:0] b, output logic y);
always_comb begin
  case(a)
    4'hA: begin
      case(b)
        2'b00: y = 1;
        default: y = 0;
      endcase
    end
    default: y = 0;
  endcase
end
endmodule

module nested_case_8_assertions(input logic [3:0] a, input logic [1:0] b, output logic y);
    property p_y_a_A_b_00;
        @(posedge clk) (a == 4'hA && b == 2'b00) |-> (y == 1);
    endproperty
    assert property (p_y_a_A_b_00);

    property p_y_default;
        @(posedge clk) (a != 4'hA) |-> (y == 0);
    endproperty
    assert property (p_y_default);
endmodule","** Error: prueba.sv(17): (vlog-2730) Undefined variable: 'clk'.
** Error (suppressible): prueba.sv(19): (vlog-1957) The sva directive is not sensitive to a clock. Unclocked directives are not supported.
** Error: prueba.sv(22): (vlog-2730) Undefined variable: 'clk'.
** Error (suppressible): prueba.sv(24): (vlog-1957) The sva directive is not sensitive to a clock. Unclocked directives are not supported.
** Error: prueba.sv(17): (vlog-2730) Undefined variable: 'clk'.",2.569876194000244,3014,269
"module nested_case_9(input logic [1:0] x,y, output logic z);
always_comb begin
  case(x)
    2'b01: begin
      case(y)
        2'b10: z = 1;
        default: z = 0;
      endcase
    end
    default: z = 0;
  endcase
end
endmodule","module nested_case_9_assertions(input logic [1:0] x, y, output logic z);
always_comb begin
  case(x)
    2'b01: begin
      case(y)
        2'b10: z = 1;
        default: z = 0;
      endcase
    end
    default: z = 0;
  endcase
end

property p_z_if_x_01_and_y_10;
    @(posedge clk) (x == 2'b01 && y == 2'b10) |-> (z == 1);
endproperty
assert property (p_z_if_x_01_and_y_10);

property p_z_default_if_not_x_01;
    @(posedge clk) !(x == 2'b01 && y != 2'b10) |-> (z == 0);
endproperty
assert property (p_z_default_if_not_x_01);

endmodule","** Error: prueba.sv(15): (vlog-2730) Undefined variable: 'clk'.
** Error (suppressible): prueba.sv(17): (vlog-1957) The sva directive is not sensitive to a clock. Unclocked directives are not supported.
** Error: prueba.sv(20): (vlog-2730) Undefined variable: 'clk'.
** Error (suppressible): prueba.sv(22): (vlog-1957) The sva directive is not sensitive to a clock. Unclocked directives are not supported.
** Error: prueba.sv(15): (vlog-2730) Undefined variable: 'clk'.",1.9975531101226809,3008,261
"module nested_case_10(input logic [2:0] a,b, output logic y);
always_comb begin
  case(a)
    3'b100: begin
      case(b)
        3'b001: y = 1;
        default: y = 0;
      endcase
    end
    default: y = 0;
  endcase
end
endmodule","module nested_case_10_assertions(input logic clk, input logic [2:0] a, b, output logic y);
  always_comb begin : comb_block
    if (a == 3'b100) begin
      case(b)
        3'b001: y = 1;
        default: y = 0;
      endcase
    end else begin
      y = 0;
    end
  end

  property p_y_when_a_100;
    @(posedge clk) (a == 3'b100) |-> (y == 1);
  endproperty
  assert property (p_y_when_a_100);

  property p_y_default_when_not_100;
    @(posedge clk) !(a == 3'b100) |-> (y == 0);
  endproperty
  assert property (p_y_default_when_not_100);

endmodule",OK,4.694899559020996,3011,248
"module ff_case_1(input logic clk, rst, toggle, output logic state);
always_ff @(posedge clk or posedge rst) begin
  if (rst) state <= 0;
  else begin
    case(state)
      1'b0: if (toggle) state <= 1;
      1'b1: if (toggle) state <= 0;
    endcase
  end
end
endmodule","module ff_case_1_assertions(input logic clk, rst, toggle, output logic state);
    always_ff @(posedge clk or posedge rst) begin
        if (rst) assert(state == 0);
        else begin
            case(state)
                1'b0: assert((toggle) |-> (state == 1));
                1'b1: assert((toggle) |-> (state == 0));
            endcase
        end
    end
endmodule","** Error: (vlog-13069) prueba.sv(6): near ""|->"": syntax error, unexpected |-> .
** Error: (vlog-13069) prueba.sv(7): near ""|->"": syntax error, unexpected |-> .",3.133596897125244,3013,121
"module ff_case_2(input logic clk, rst, start, done, output logic [1:0] state);
always_ff @(posedge clk or posedge rst) begin
  if (rst) state <= 2'b00;
  else begin
    case(state)
      2'b00: if (start) state <= 2'b01;
      2'b01: if (done)  state <= 2'b00;
      default: state <= 2'b00;
    endcase
  end
end
endmodule","module ff_case_2_assertions(input logic clk, rst, start, done);
    logic [1:0] state;

    property p_state_reset;
        @(posedge clk or posedge rst) (rst) |-> (state == 2'b00);
    endproperty
    assert property (p_state_reset) else $error(""Failed at reset condition"");

    property p_state_start_to_one;
        @(posedge clk) (state == 2'b00 && start) |-> ##1 (state == 2'b01);
    endproperty
    assert property (p_state_start_to_one) else $error(""Failed to transition from state 00 to state 01 on start"");

    property p_state_done_to_zero;
        @(posedge clk) (state == 2'b01 && done) |-> ##1 (state == 2'b00);
    endproperty
    assert property (p_state_done_to_zero) else $error(""Failed to transition from state 01 to state 00 on done"");

endmodule",OK,4.436201572418213,3048,276
"module ff_case_3(input logic clk, rst, err, output logic bad);
always_ff @(posedge clk or posedge rst) begin
  if (rst) bad <= 0;
  else begin
    case(bad)
      1'b0: if (err) bad <= 1;
      1'b1: bad <= 1;
    endcase
  end
end
endmodule","module ff_case_3_assertions(input logic clk, rst, err, output logic bad);
    property p_bad_init;
        @(posedge clk or posedge rst) disable iff (rst) (!$past(rst, 1) || $past(!err, 1)) |-> ($past(bad) == 0);
    endproperty
    assert property (p_bad_init) else $error(""Error: bad is not initialized correctly when err is low or rst is high"");

    property p_bad_set;
        @(posedge clk or posedge rst) disable iff (rst) ($past(bad) == 0 && $past(err)) |-> (bad == 1);
    endproperty
    assert property (p_bad_set) else $error(""Error: bad is not set to 1 when err is high and was 0 previously"");

    property p_bad_remain;
        @(posedge clk or posedge rst) disable iff (rst) ($past(bad) == 1) |-> (bad == 1);
    endproperty
    assert property (p_bad_remain) else $error(""Error: bad is not maintained at 1 when it was already 1"");
endmodule",OK,3.56990385055542,3009,291
"module ff_case_4(input logic clk, rst, input logic [1:0] mode, output logic [3:0] cnt);
always_ff @(posedge clk or posedge rst) begin
  if (rst) cnt <= 0;
  else begin
    case(mode)
      2'b00: cnt <= cnt;
      2'b01: cnt <= cnt + 1;
      2'b10: cnt <= cnt - 1;
      default: cnt <= 0;
    endcase
  end
end
endmodule","module ff_case_4_assertions(input logic clk, rst, input logic [1:0] mode, output logic [3:0] cnt);
  property p_cnt_unchanged;
    @(posedge clk) (mode == 2'b00) |-> (cnt == $past(cnt));
  endproperty
  assert property (p_cnt_unchanged) else $error(""Error: cnt should not change when mode is 2'b00"");

  property p_cnt_increment;
    @(posedge clk) (mode == 2'b01) |-> (cnt == $past(cnt) + 1);
  endproperty
  assert property (p_cnt_increment) else $error(""Error: cnt should increment when mode is 2'b01"");

  property p_cnt_decrement;
    @(posedge clk) (mode == 2'b10) |-> (cnt == $past(cnt) - 1);
  endproperty
  assert property (p_cnt_decrement) else $error(""Error: cnt should decrement when mode is 2'b10"");

  property p_cnt_reset;
    @(posedge clk or posedge rst) if (rst) assert(cnt == 0);
    else begin
      (mode != 2'b00 && mode != 2'b01 && mode != 2'b10) |-> (cnt == 0);
    end
  endproperty
  assert property (p_cnt_reset) else $error(""Error: cnt should reset to 0 when mode is not 2'b00, 2'b01, or 2'b10"");
endmodule","** Error: (vlog-13069) prueba.sv(18): near ""assert"": syntax error, unexpected ""SystemVerilog keyword 'assert' "".",5.675297260284424,3044,403
"module ff_case_5(input logic clk, rst, load, input logic [7:0] d, output logic [7:0] q);
always_ff @(posedge clk or posedge rst) begin
  if (rst) q <= 0;
  else begin
    case(load)
      1'b0: q <= q;
      1'b1: q <= d;
    endcase
  end
end
endmodule","module ff_case_5_assertions(input logic clk, rst, load, input logic [7:0] d, output logic [7:0] q);
    // Inner variables
    logic [7:0] next_q;

    // Combinational always block to determine the next value of q based on load signal
    always_comb begin
        if (load) begin
            next_q = d;
        end else begin
            next_q = q;
        end
    end

    // Property for checking the assignment when load is 1'b1
    property p_q_assign_when_load;
        @(posedge clk) disable iff (rst) (load == 1'b1) |-> (q == d);
    endproperty
    assert property (p_q_assign_when_load);

    // Property for checking the retention of current value when load is 0
    property p_q_retain_when_not_load;
        @(posedge clk) disable iff (rst) (load == 1'b0) |-> (q == $past(q));
    endproperty
    assert property (p_q_retain_when_not_load);

endmodule",OK,3.863251447677612,3017,286
"module ff_case_6(input logic clk, rst, timer, output logic [1:0] light);
always_ff @(posedge clk or posedge rst) begin
  if (rst) light <= 2'b00;
  else begin
    case(light)
      2'b00: if (timer) light <= 2'b01;
      2'b01: if (timer) light <= 2'b10;
      2'b10: if (timer) light <= 2'b00;
      default: light <= 2'b00;
    endcase
  end
end
endmodule","module ff_case_6_assertions(input logic clk, rst, timer);
    output logic [1:0] light;

    // Internal variables and functions can be inferred from the code or user input.
    property p_light_assign;
        @(posedge clk) disable iff (rst)
        (light == 2'b00 && !timer) |-> ##1 (light == 2'b00);
    endproperty
    assert property (p_light_assign) else $error(""Error: light did not default to 2'b00 when rst is asserted or timer is inactive"");

    property p_light_to_01;
        @(posedge clk) disable iff (rst)
        (light == 2'b00 && timer) |-> ##1 (light == 2'b01);
    endproperty
    assert property (p_light_to_01) else $error(""Error: light did not transition to 2'b01 when timer is active"");

    property p_light_to_10;
        @(posedge clk) disable iff (rst)
        (light == 2'b01 && timer) |-> ##1 (light == 2'b10);
    endproperty
    assert property (p_light_to_10) else $error(""Error: light did not transition to 2'b10 when timer is active"");

    property p_light_cycle;
        @(posedge clk) disable iff (rst)
        (light == 2'b10 && timer) |-> ##1 (light == 2'b00);
    endproperty
    assert property (p_light_cycle) else $error(""Error: light did not cycle back to 2'b00 when transitioning from 2'b10 and timer is active"");

endmodule","** Error: prueba.sv(2): In, out, or inout does not appear in port list: light.",4.666600465774536,3066,435
"module ff_case_7(input logic clk, rst, stall, output logic [1:0] state);
always_ff @(posedge clk or posedge rst) begin
  if (rst) state <= 2'b00;
  else begin
    case(state)
      2'b00: state <= stall ? 2'b00 : 2'b01;
      2'b01: state <= stall ? 2'b01 : 2'b10;
      2'b10: state <= 2'b00;
      default: state <= 2'b00;
    endcase
  end
end
endmodule","module ff_case_7_assertions(input logic clk, rst, stall);
    logic [1:0] state;

    property p_state_reset;
        @(posedge clk or posedge rst) (rst |-> state == 2'b00);
    endproperty
    assert property (p_state_reset) else $error(""State not reset correctly on rst"");

    property p_state_stall_00;
        @(posedge clk) (state == 2'b00 && !stall) |-> ##1 state == 2'b01;
    endproperty
    assert property (p_state_stall_00) else $error(""State not transitioning to 2'b01 when not stalled"");

    property p_state_stall_01;
        @(posedge clk) (state == 2'b01 && !stall) |-> ##1 state == 2'b10;
    endproperty
    assert property (p_state_stall_01) else $error(""State not transitioning to 2'b10 when not stalled"");

    property p_state_default;
        @(posedge clk) ((state != 2'b00 && state != 2'b01 && state != 2'b10) |-> ##1 state == 2'b00);
    endproperty
    assert property (p_state_default) else $error(""State not defaulting to 2'b00 when in an undefined state"");

endmodule",OK,7.542734146118164,3072,361
"module ff_case_8(input logic clk, rst, en, input logic [3:0] d, output logic [3:0] q);
always_ff @(posedge clk or posedge rst) begin
  if (rst) q <= 0;
  else begin
    case(en)
      1'b1: q <= d;
      1'b0: q <= q;
    endcase
  end
end
endmodule","module ff_case_8_assertions(input logic clk, rst, en, input logic [3:0] d, output logic [3:0] q);
    // Inner variables and functions can be defined here if needed

    property p_q_assign_when_en;
        @(posedge clk) (rst == 1'b0 && en == 1'b1) |-> (q == d);
    endproperty
    assert property (p_q_assign_when_en);

    property p_q_unchanged_when_not_en;
        @(posedge clk) (rst == 1'b0 && en == 1'b0) |-> (q == $past(q));
    endproperty
    assert property (p_q_unchanged_when_not_en);

endmodule",OK,3.1083576679229736,3017,199
"module ff_case_9(input logic clk, rst, inc, output logic [2:0] cnt);
always_ff @(posedge clk or posedge rst) begin
  if (rst) cnt <= 0;
  else begin
    case(cnt)
      3'b111: cnt <= cnt;
      default: if (inc) cnt <= cnt + 1;
    endcase
  end
end
endmodule","module ff_case_9_assertions(input logic clk, rst, inc, output logic [2:0] cnt);
    property p_cnt_reset;
        @(posedge clk or posedge rst) (rst || (cnt == 3'b111)) |-> ##1 (cnt == 0);
    endproperty
    assert property (p_cnt_reset) else $error(""Error: cnt did not reset to 0 when rst is asserted."");

    property p_cnt_increment;
        @(posedge clk) (!rst && cnt != 3'b111) |-> ##1 (cnt == $past(cnt + 1));
    endproperty
    assert property (p_cnt_increment) else $error(""Error: cnt did not increment correctly when inc is asserted."");

endmodule",OK,3.432105541229248,3014,195
"module ff_case_10(input logic clk, rst, fail, output logic [1:0] state);
always_ff @(posedge clk or posedge rst) begin
  if (rst) state <= 2'b00;
  else begin
    case(state)
      2'b00: state <= 2'b01;
      2'b01: state <= fail ? 2'b10 : 2'b00;
      2'b10: state <= 2'b01;
      default: state <= 2'b00;
    endcase
  end
end
endmodule","module ff_case_10_assertions(input logic clk, rst, fail);
    output logic [1:0] state;

    property p_state_reset;
        @(posedge clk or posedge rst) (rst) |-> (state == 2'b00);
    endproperty
    assert property (p_state_reset) else $error(""State not reset correctly after reset"");

    property p_state_to_1;
        @(posedge clk) (state == 2'b00) |-> ##1 (state == 2'b01);
    endproperty
    assert property (p_state_to_1) else $error(""State did not transition to 2'b01 from 2'b00"");

    property p_state_to_fail;
        @(posedge clk) (state == 2'b01 && fail) |-> ##1 (state == 2'b10);
    endproperty
    assert property (p_state_to_fail) else $error(""State did not transition to 2'b10 from 2'b01 on fail"");

    property p_state_default;
        @(posedge clk) ((state == 2'b10 && !fail) || (state != 2'b00 && state != 2'b01 && state != 2'b10)) |-> ##1 (state == 2'b00);
    endproperty
    assert property (p_state_default) else $error(""State did not default to 2'b00 from other states"");

endmodule","** Error: prueba.sv(2): In, out, or inout does not appear in port list: state.",7.775796413421631,3064,383
"module multi_case_1(input logic [1:0] sel, output logic en, valid);
always_comb begin
  case(sel)
    2'b00: begin en = 0; valid = 0; end
    2'b01: begin en = 1; valid = 0; end
    2'b10: begin en = 1; valid = 1; end
    default: begin en = 0; valid = 0; end
  endcase
end
endmodule","module multi_case_1_assertions(input logic clk, input logic [1:0] sel, output logic en, output logic valid);
    always_comb begin
        if (sel == 2'b00) assert(en == 0 && valid == 0);
        else if (sel == 2'b01) assert(en == 1 && valid == 0);
        else if (sel == 2'b10) assert(en == 1 && valid == 1);
        else assert(en == 0 && valid == 0);
    end
endmodule",OK,2.824047327041626,3031,143
"module multi_case_2(input logic [1:0] op, output logic we, mode);
always_comb begin
  case(op)
    2'b00: begin we = 0; mode = 0; end
    2'b01: begin we = 1; mode = 0; end
    2'b10: begin we = 1; mode = 1; end
    default: begin we = 0; mode = 0; end
  endcase
end
endmodule","module multi_case_2_assertions(input logic [1:0] op, output logic we, mode);
    always_comb begin
        unique case (op)
            2'b00: assert(we == 0 && mode == 0);
            2'b01: assert(we == 1 && mode == 0);
            2'b10: assert(we == 1 && mode == 1);
            default: assert(we == 0 && mode == 0);
        endcase
    end
endmodule",OK,2.918966293334961,3031,132
"module multi_case_3(input logic [1:0] state, output logic ready, valid);
always_comb begin
  case(state)
    2'b00: begin ready = 1; valid = 0; end
    2'b01: begin ready = 0; valid = 1; end
    default: begin ready = 0; valid = 0; end
  endcase
end
endmodule","module multi_case_3_assertions(input logic clk, input logic rst_n, input logic [1:0] state, output logic ready, valid);
    always_comb begin
        case(state)
            2'b00: assert(ready == 1 && valid == 0);
            2'b01: assert(ready == 0 && valid == 1);
            default: assert(ready == 0 && valid == 0);
        endcase
    end
endmodule",OK,5.9643144607543945,3011,122
"module multi_case_4(input logic [1:0] code, output logic err, halt);
always_comb begin
  case(code)
    2'b00: begin err = 0; halt = 0; end
    2'b01: begin err = 1; halt = 0; end
    2'b10: begin err = 1; halt = 1; end
    default: begin err = 0; halt = 0; end
  endcase
end
endmodule","module multi_case_4(input logic [1:0] code, output logic err, halt);
always_comb begin
  case(code)
    2'b00: begin err = 0; halt = 0; end
    2'b01: begin err = 1; halt = 0; end
    2'b10: begin err = 1; halt = 1; end
    default: begin err = 0; halt = 0; end
  endcase
end
endmodule

module multi_case_4_assertions(input logic clk, input logic [1:0] code);
logic err, halt;

property p_err_assign;
    @(posedge clk) (code == 2'b00) |-> (err == 0);
endproperty
assert property (p_err_assign) else $error(""Error assignment failed for code = 2'b00"");

property p_halt_assign;
    @(posedge clk) (code == 2'b00) |-> (halt == 0);
endproperty
assert property (p_halt_assign) else $error(""Halt assignment failed for code = 2'b00"");

property p_err_1;
    @(posedge clk) (code == 2'b01) |-> (err == 1);
endproperty
assert property (p_err_1) else $error(""Error assignment failed for code = 2'b01"");

property p_halt_1;
    @(posedge clk) (code == 2'b01) |-> (halt == 0);
endproperty
assert property (p_halt_1) else $error(""Halt assignment failed for code = 2'b01"");

property p_err_2;
    @(posedge clk) (code == 2'b10) |-> (err == 1);
endproperty
assert property (p_err_2) else $error(""Error assignment failed for code = 2'b10"");

property p_halt_2;
    @(posedge clk) (code == 2'b10) |-> (halt == 1);
endproperty
assert property (p_halt_2) else $error(""Halt assignment failed for code = 2'b10"");

property p_err_default;
    @(posedge clk) ((code != 2'b00) && (code != 2'b01) && (code != 2'b10)) |-> (err == 0);
endproperty
assert property (p_err_default) else $error(""Error assignment failed for default case"");

property p_halt_default;
    @(posedge clk) ((code != 2'b00) && (code != 2'b01) && (code != 2'b10)) |-> (halt == 0);
endproperty
assert property (p_halt_default) else $error(""Halt assignment failed for default case"");

endmodule",OK,4.776000499725342,3031,709
"module multi_case_5(input logic [2:0] cmd, output logic rd, wr, busy);
always_comb begin
  case(cmd)
    3'b000: begin rd=0; wr=0; busy=0; end
    3'b001: begin rd=1; wr=0; busy=1; end
    3'b010: begin rd=0; wr=1; busy=1; end
    default: begin rd=0; wr=0; busy=0; end
  endcase
end
endmodule","module multi_case_5_assertions(input logic clk, input logic [2:0] cmd, output logic rd, wr, busy);
    always_comb begin
        if (cmd == 3'b000) assert((rd == 0) && (wr == 0) && (busy == 0));
        else if (cmd == 3'b001) assert((rd == 1) && (wr == 0) && (busy == 1));
        else if (cmd == 3'b010) assert((rd == 0) && (wr == 1) && (busy == 1));
    end
endmodule",OK,2.976491689682007,3044,158
"module multi_case_6(input logic [1:0] pwr, output logic core_on, io_on);
always_comb begin
  case(pwr)
    2'b00: begin core_on=0; io_on=0; end
    2'b01: begin core_on=1; io_on=0; end
    2'b10: begin core_on=1; io_on=1; end
    default: begin core_on=0; io_on=0; end
  endcase
end
endmodule","module multi_case_6_assertions(input logic clk, input logic [1:0] pwr);
    output logic core_on, io_on;

    property p_core_off_pwr00;
        @(posedge clk) (pwr == 2'b00) |-> (core_on == 0 && io_on == 0);
    endproperty
    assert property (p_core_off_pwr00);

    property p_core_on_pwr01;
        @(posedge clk) (pwr == 2'b01) |-> (core_on == 1 && io_on == 0);
    endproperty
    assert property (p_core_on_pwr01);

    property p_io_on_pwr10;
        @(posedge clk) (pwr == 2'b10) |-> (core_on == 1 && io_on == 1);
    endproperty
    assert property (p_io_on_pwr10);

    property p_default_state;
        @(posedge clk) ((pwr != 2'b00) && (pwr != 2'b01) && (pwr != 2'b10)) |-> (core_on == 0 && io_on == 0);
    endproperty
    assert property (p_default_state);

endmodule","** Error: prueba.sv(2): In, out, or inout does not appear in port list: core_on.
** Error: prueba.sv(2): In, out, or inout does not appear in port list: io_on.",6.030368804931641,3045,342
"module multi_case_7(input logic [1:0] level, output logic full, empty);
always_comb begin
  case(level)
    2'b00: begin empty=1; full=0; end
    2'b11: begin empty=0; full=1; end
    default: begin empty=0; full=0; end
  endcase
end
endmodule","module multi_case_7_assertions(input logic clk, input logic [1:0] level);
    output logic full, empty;

    property p_empty_when_level_00;
        @(posedge clk) (level == 2'b00) |-> (empty == 1);
    endproperty
    assert property (p_empty_when_level_00) else $error(""Assertion failed: empty should be 1 when level is 00"");

    property p_full_when_level_11;
        @(posedge clk) (level == 2'b11) |-> (full == 1);
    endproperty
    assert property (p_full_when_level_11) else $error(""Assertion failed: full should be 1 when level is 11"");

    property p_neither_empty_nor_full;
        @(posedge clk) ((level != 2'b00) && (level != 2'b11)) |-> (empty == 0);
    endproperty
    assert property (p_neither_empty_nor_full) else $error(""Assertion failed: empty should be 0 when level is neither 00 nor 11"");

    property p_not_full_when_level_not_11;
        @(posedge clk) ((level != 2'b11)) |-> (full == 0);
    endproperty
    assert property (p_not_full_when_level_not_11) else $error(""Assertion failed: full should be 0 when level is not 11"");

endmodule","** Error: prueba.sv(2): In, out, or inout does not appear in port list: full.
** Error: prueba.sv(2): In, out, or inout does not appear in port list: empty.",5.153292179107666,3005,382
"module multi_case_8(input logic [1:0] resp, output logic ok, retry, fail);
always_comb begin
  case(resp)
    2'b00: begin ok=1; retry=0; fail=0; end
    2'b01: begin ok=0; retry=1; fail=0; end
    2'b10: begin ok=0; retry=0; fail=1; end
    default: begin ok=0; retry=0; fail=0; end
  endcase
end
endmodule","module multi_case_8_assertions(input logic [1:0] resp, output logic ok, retry, fail);
    always_comb begin
        if (resp == 2'b00) assert(ok == 1 && retry == 0 && fail == 0);
        else if (resp == 2'b01) assert(ok == 0 && retry == 1 && fail == 0);
        else if (resp == 2'b10) assert(ok == 0 && retry == 0 && fail == 1);
        else assert(ok == 0 && retry == 0 && fail == 0);
    end
endmodule",OK,6.240605354309082,3041,159
"module multi_case_9(input logic [1:0] st, output logic valid, dirty);
always_comb begin
  case(st)
    2'b00: begin valid=0; dirty=0; end
    2'b01: begin valid=1; dirty=0; end
    2'b10: begin valid=1; dirty=1; end
    default: begin valid=0; dirty=0; end
  endcase
end
endmodule","module multi_case_9_assertions(input logic clk, input logic [1:0] st, output logic valid, dirty);
    always_comb begin
        unique case (st)
            2'b00: begin valid = 0; dirty = 0; end
            2'b01: begin valid = 1; dirty = 0; end
            2'b10: begin valid = 1; dirty = 1; end
            default: begin valid = 0; dirty = 0; end
        endcase
    end

    property p_valid_assign;
        @(posedge clk) (st == 2'b00) |-> ##1 (valid == 0);
    endproperty
    assert property (p_valid_assign);

    property p_dirty_assign;
        @(posedge clk) (st == 2'b00) |-> ##1 (dirty == 0);
    endproperty
    assert property (p_dirty_assign);

    property p_valid_high_assign;
        @(posedge clk) (st == 2'b01 || st == 2'b10) |-> ##1 (valid == 1);
    endproperty
    assert property (p_valid_high_assign);

    property p_dirty_set_assign;
        @(posedge clk) (st == 2'b10) |-> ##1 (dirty == 1);
    endproperty
    assert property (p_dirty_set_assign);

endmodule",OK,11.538535833358765,3023,362
"module multi_case_10(input logic [1:0] g, output logic gnt0, gnt1);
always_comb begin
  case(g)
    2'b01: begin gnt0=1; gnt1=0; end
    2'b10: begin gnt0=0; gnt1=1; end
    default: begin gnt0=0; gnt1=0; end
  endcase
end
endmodule","module multi_case_10_assertions(input logic clk, input logic [1:0] g, output logic gnt0, gnt1);
    always_comb begin
        if (g == 2'b01) assert(gnt0 == 1 && gnt1 == 0);
        else if (g == 2'b10) assert(gnt0 == 0 && gnt1 == 1);
        else assert(gnt0 == 0 && gnt1 == 0);
    end
endmodule",OK,4.94408130645752,3022,132
"module slice_case_1(input logic [1:0] a, input logic b, output logic y);
always_comb begin
  case({a,b})
    3'b000: y = 0;
    3'b101: y = 1;
    default: y = 0;
  endcase
end
endmodule","module slice_case_1_assertions(input logic clk, input logic [1:0] a, input logic b, output logic y);
  always_comb begin
    if ({a,b} == 3'b000) assert(y == 0);
    else if ({a,b} == 3'b101) assert(y == 1);
    else assert(y == 0);
  end
endmodule",OK,4.735845327377319,2996,110
"module slice_case_2(input logic [3:0] x, output logic y);
always_comb begin
  case({x[3:2],x[0]})
    3'b100: y = 1;
    3'b011: y = 0;
    default: y = 0;
  endcase
end
endmodule","module slice_case_2_assertions(input logic [3:0] x, output logic y);
always_comb begin
  case({x[3:2],x[0]})
    3'b100: y = 1;
    3'b011: y = 0;
    default: y = 0;
  endcase
end

property p_y_1_assign;
  @(posedge clk) ({x[3:2], x[0]} == 3'b100) |-> (y == 1);
endproperty
assert property (p_y_1_assign);

property p_y_0_assign;
  @(posedge clk) ({x[3:2], x[0]} == 3'b011) |-> (y == 0);
endproperty
assert property (p_y_0_assign);

endmodule","** Error: prueba.sv(11): (vlog-2730) Undefined variable: 'clk'.
** Error (suppressible): prueba.sv(13): (vlog-1957) The sva directive is not sensitive to a clock. Unclocked directives are not supported.
** Error: prueba.sv(16): (vlog-2730) Undefined variable: 'clk'.
** Error (suppressible): prueba.sv(18): (vlog-1957) The sva directive is not sensitive to a clock. Unclocked directives are not supported.
** Error: prueba.sv(11): (vlog-2730) Undefined variable: 'clk'.",4.119561195373535,2999,220
"module slice_case_3(input logic [1:0] a,b, output logic y);
always_comb begin
  case({a[1],b})
    3'b101: y = 1;
    default: y = 0;
  endcase
end
endmodule","module slice_case_3_assertions(input logic [1:0] a, b, output logic y);
    always_comb begin
        case({a[1],b})
            3'b101: y = 1;
            default: y = 0;
        endcase
    end

    property p_y_assign_101;
        @(posedge clk) ({a[1], b} == 3'b101) |-> (y == 1);
    endproperty
    assert property (p_y_assign_101);

    property p_y_default;
        @(posedge clk) ({a[1], b} != 3'b101) |-> (y == 0);
    endproperty
    assert property (p_y_default);
endmodule","** Error: prueba.sv(10): (vlog-2730) Undefined variable: 'clk'.
** Error (suppressible): prueba.sv(12): (vlog-1957) The sva directive is not sensitive to a clock. Unclocked directives are not supported.
** Error: prueba.sv(15): (vlog-2730) Undefined variable: 'clk'.
** Error (suppressible): prueba.sv(17): (vlog-1957) The sva directive is not sensitive to a clock. Unclocked directives are not supported.
** Error: prueba.sv(10): (vlog-2730) Undefined variable: 'clk'.",3.228810787200928,2982,202
"module slice_case_4(input logic [2:0] op, input logic z, output logic go);
always_comb begin
  case({op[1:0],z})
    3'b001: go = 1;
    3'b111: go = 1;
    default: go = 0;
  endcase
end
endmodule","module slice_case_4_assertions(input logic [2:0] op, input logic z, output logic go);
    always_comb begin
        case({op[1:0],z})
            3'b001: go = 1;
            3'b111: go = 1;
            default: go = 0;
        endcase
    end

    property p_go_when_001;
        @(posedge clk) (op[2] == 0 && op[1:0] == 2'b00 && z == 1) |-> (go == 1);
    endproperty
    assert property (p_go_when_001);

    property p_go_when_111;
        @(posedge clk) (op[2] == 1 && op[1:0] == 2'b11 && z == 1) |-> (go == 1);
    endproperty
    assert property (p_go_when_111);

    property p_default;
        @(posedge clk) ((op[2] != 0 || op[1:0] != 2'b00 || z != 1) && (op[2] != 1 || op[1:0] != 2'b11 || z != 1)) |-> (go == 0);
    endproperty
    assert property (p_default);

endmodule","** Error: prueba.sv(11): (vlog-2730) Undefined variable: 'clk'.
** Error (suppressible): prueba.sv(13): (vlog-1957) The sva directive is not sensitive to a clock. Unclocked directives are not supported.
** Error: prueba.sv(16): (vlog-2730) Undefined variable: 'clk'.
** Error (suppressible): prueba.sv(18): (vlog-1957) The sva directive is not sensitive to a clock. Unclocked directives are not supported.
** Error: prueba.sv(21): (vlog-2730) Undefined variable: 'clk'.
** Error (suppressible): prueba.sv(23): (vlog-1957) The sva directive is not sensitive to a clock. Unclocked directives are not supported.
** Error: prueba.sv(11): (vlog-2730) Undefined variable: 'clk'.",6.007380723953247,3000,346
"module slice_case_5(input logic [7:0] addr, output logic hit);
always_comb begin
  case({addr[7],addr[2:0]})
    4'b1001: hit = 1;
    4'b1010: hit = 1;
    default: hit = 0;
  endcase
end
endmodule","module slice_case_5_assertions(input logic clk, input logic rst_n, input logic [7:0] addr);
  output logic hit;

  property p_hit_true_1001;
    @(posedge clk) (addr[7] == 1 && addr[2:0] == 3'b001) |-> (hit == 1);
  endproperty
  assert property (p_hit_true_1001) else $error(""Error: hit not assigned to 1 when addr is 4'b1001"");

  property p_hit_true_1010;
    @(posedge clk) (addr[7] == 1 && addr[2:0] == 3'b010) |-> (hit == 1);
  endproperty
  assert property (p_hit_true_1010) else $error(""Error: hit not assigned to 1 when addr is 4'b1010"");

  property p_hit_false_default;
    @(posedge clk) !(addr[7] == 1 && addr[2:0] == 3'b001) && !(addr[7] == 1 && addr[2:0] == 3'b010) |-> (hit == 0);
  endproperty
  assert property (p_hit_false_default) else $error(""Error: hit not assigned to 0 when addr is not 4'b1001 or 4'b1010"");

endmodule","** Error: prueba.sv(2): In, out, or inout does not appear in port list: hit.",4.519821166992188,3001,371
"module slice_case_6(input logic [3:0] ctrl, input logic en, output logic ok);
always_comb begin
  case({ctrl[3:2],en})
    3'b101: ok = 1;
    3'b011: ok = 1;
    default: ok = 0;
  endcase
end
endmodule","module slice_case_6_assertions(input logic clk, input logic [3:0] ctrl, input logic en, output logic ok);
    always_comb begin
        case({ctrl[3:2],en})
            3'b101: ok = 1;
            3'b011: ok = 1;
            default: ok = 0;
        endcase
    end

    property p_ok_when_101;
        @(posedge clk) (ctrl[3:2] == 2'b10 && en == 1) |-> (ok == 1);
    endproperty
    assert property (p_ok_when_101);

    property p_ok_when_011;
        @(posedge clk) (ctrl[3:2] == 2'b01 && en == 1) |-> (ok == 1);
    endproperty
    assert property (p_ok_when_011);

    property p_ok_default;
        @(posedge clk) !(ctrl[3:2] == 2'b10 || ctrl[3:2] == 2'b01) && en == 1 |-> (ok == 0);
    endproperty
    assert property (p_ok_default);

endmodule",OK,2.359828233718872,3000,315
"module slice_case_7(input logic [1:0] flags, input logic mode, output logic y);
always_comb begin
  case({flags,mode})
    3'b110: y = 1;
    3'b001: y = 1;
    default: y = 0;
  endcase
end
endmodule","module slice_case_7_assertions(input logic clk, input logic [1:0] flags, input logic mode, output logic y);
always_comb begin
  case({flags,mode})
    3'b110: y = 1;
    3'b001: y = 1;
    default: y = 0;
  endcase
end

property p_y_1_when_110;
  @(posedge clk) ({flags, mode} == 3'b110) |-> (y == 1);
endproperty
assert property (p_y_1_when_110) else $error(""Assertion failed: y should be 1 when {flags, mode} is 3'b110"");

property p_y_1_when_001;
  @(posedge clk) ({flags, mode} == 3'b001) |-> (y == 1);
endproperty
assert property (p_y_1_when_001) else $error(""Assertion failed: y should be 1 when {flags, mode} is 3'b001"");

property p_y_0_otherwise;
  @(posedge clk) (!({flags, mode} == 3'b110 && flags != 2'b11 && mode != 1'b1)) |-> (y == 0);
endproperty
assert property (p_y_0_otherwise) else $error(""Assertion failed: y should be 0 otherwise"");

endmodule",OK,2.1813900470733643,2996,366
"module slice_case_8(input logic [4:0] x, output logic y);
always_comb begin
  case({x[4],x[1:0]})
    3'b101: y = 1;
    3'b000: y = 0;
    default: y = 0;
  endcase
end
endmodule","module slice_case_8_assertions(input logic [4:0] x, output logic y);
always_comb begin
  case({x[4],x[1:0]})
    3'b101: y = 1;
    3'b000: y = 0;
    default: y = 0;
  endcase
end

property p_y_one;
  @(posedge clk) (x[4] == 1 && x[1:0] == 3'b010) |-> (y == 1);
endproperty
assert property (p_y_one);

property p_y_zero;
  @(posedge clk) ((x[4] != 1 || x[1:0] != 3'b010) && (x[4] != 1 || x[1:0] != 3'b000)) |-> (y == 0);
endproperty
assert property (p_y_zero);

endmodule","** Error: prueba.sv(11): (vlog-2730) Undefined variable: 'clk'.
** Error (suppressible): prueba.sv(13): (vlog-1957) The sva directive is not sensitive to a clock. Unclocked directives are not supported.
** Error: prueba.sv(16): (vlog-2730) Undefined variable: 'clk'.
** Error (suppressible): prueba.sv(18): (vlog-1957) The sva directive is not sensitive to a clock. Unclocked directives are not supported.
** Error: prueba.sv(11): (vlog-2730) Undefined variable: 'clk'.",3.925763368606568,2999,245
"module slice_case_9(input logic [2:0] bus, input logic err, output logic stop);
always_comb begin
  case({bus[2],err})
    2'b11: stop = 1;
    2'b01: stop = 0;
    default: stop = 0;
  endcase
end
endmodule","module slice_case_9_assertions(input logic clk, input logic [2:0] bus, input logic err, output logic stop);
    always_comb begin
        case({bus[2],err})
            2'b11: stop = 1;
            2'b01: stop = 0;
            default: stop = 0;
        endcase
    end

    property p_stop_high_when_11;
        @(posedge clk) (bus[2] == 1 && err == 1) |-> (stop == 1);
    endproperty
    assert property (p_stop_high_when_11);

    property p_stop_low_when_01;
        @(posedge clk) (bus[2] == 0 && err == 1) |-> (stop == 0);
    endproperty
    assert property (p_stop_low_when_01);

    property p_stop_default_low;
        @(posedge clk) !(bus[2] == 1 || bus[2] == 0 && err == 1) |-> (stop == 0);
    endproperty
    assert property (p_stop_default_low);
endmodule",OK,4.13234281539917,2996,294
"module slice_case_10(input logic [3:0] mode, output logic y);
always_comb begin
  case({mode[3],mode[0]})
    2'b10: y = 1;
    2'b01: y = 1;
    default: y = 0;
  endcase
end
endmodule","module slice_case_10_assertions(input logic clk, input logic [3:0] mode, output logic y);
always_comb begin
  case({mode[3],mode[0]})
    2'b10: y = 1;
    2'b01: y = 1;
    default: y = 0;
  endcase
end

property p_y_high_bit_and_low_bit_assign;
  @(posedge clk) ((mode[3] == 1 && mode[0] == 0) || (mode[3] == 0 && mode[0] == 1)) |-> (y == 1);
endproperty
assert property (p_y_high_bit_and_low_bit_assign);

property p_y_default_assign;
  @(posedge clk) (!((mode[3] == 1 && mode[0] == 0) || (mode[3] == 0 && mode[0] == 1))) |-> (y == 0);
endproperty
assert property (p_y_default_assign);

endmodule",OK,4.350582838058472,2996,268
"module proto_case_1(input logic clk, rst, req, output logic gnt);
always_ff @(posedge clk or posedge rst) begin
  if (rst) gnt <= 0;
  else begin
    case(gnt)
      1'b0: if (req) gnt <= 1;
      1'b1: gnt <= 0;
    endcase
  end
end
endmodule","module proto_case_1_assertions(input logic clk, rst, req, output logic gnt);
    // No inner variables or functions needed as the case statement directly assigns gnt.

    property p_gnt_req;
        @(posedge clk) disable iff (rst == 1'b1) ((gnt == 1'b0 && req == 1'b1) || (gnt == 1'b1)) |-> ##1 (gnt == 1'b1);
    endproperty
    assert property (p_gnt_req) else $error(""Assertion failed: gnt does not meet the expected value based on req and rst."");

    property p_gnt_reset;
        @(posedge clk or posedge rst) if (rst == 1'b1) gnt == 1'b0;
    endproperty
    assert property (p_gnt_reset) else $error(""Assertion failed: gnt is not reset to 0 when rst is asserted."");

endmodule",OK,2.9763314723968506,3014,243
"module proto_case_2(input logic clk, rst, valid, output logic ready);
always_ff @(posedge clk or posedge rst) begin
  if (rst) ready <= 1;
  else begin
    case(ready)
      1'b1: if (valid) ready <= 0;
      1'b0: ready <= 1;
    endcase
  end
end
endmodule","module proto_case_2_assertions(input logic clk, rst, valid, output logic ready);
    // Inner variables and functions can be defined here if needed

    property p_ready_default;
        @(posedge clk or posedge rst) disable iff (rst) 
        (ready == 1'b0 || ready == 1'b1) |-> ##1 ((ready == 1'b0 && valid) |-> (ready == 1'b1));
    endproperty
    assert property (p_ready_default) else $error(""Assertion failed: ready does not behave as expected"");

    // Additional properties can be defined here if needed

endmodule","** Error: (vlog-13069) prueba.sv(6): near ""|->"": syntax error, unexpected |-> .",3.5641348361968994,3009,162
"module proto_case_3(input logic clk, rst, send, ack, output logic busy);
always_ff @(posedge clk or posedge rst) begin
  if (rst) busy <= 0;
  else begin
    case(busy)
      1'b0: if (send) busy <= 1;
      1'b1: if (ack) busy <= 0;
    endcase
  end
end
endmodule","module proto_case_3_assertions(input logic clk, rst, send, ack, output logic busy);
    // Internal variables and functions can be defined here if needed.

    property p_busy_send;
        @(posedge clk) (busy == 1'b0 && send) |-> ##1 (busy == 1'b1);
    endproperty
    assert property (p_busy_send) else $error(""busy did not transition to 1 when send asserted"");

    property p_busy_ack;
        @(posedge clk) (busy == 1'b1 && ack) |-> ##1 (busy == 1'b0);
    endproperty
    assert property (p_busy_ack) else $error(""busy did not transition to 0 when ack asserted"");

endmodule",OK,3.511429071426392,3015,193
"module proto_case_4(input logic clk, rst, give, take, output logic [1:0] credit);
always_ff @(posedge clk or posedge rst) begin
  if (rst) credit <= 2;
  else begin
    case({give,take})
      2'b10: credit <= credit + 1;
      2'b01: credit <= credit - 1;
      default: credit <= credit;
    endcase
  end
end
endmodule","module proto_case_4_assertions(input logic clk, rst, give, take, output logic [1:0] credit);
    property p_credit_inc;
        @(posedge clk or posedge rst) (give == 1 && take == 0) |-> ##1 (credit == $past(credit) + 1);
    endproperty
    assert property (p_credit_inc);

    property p_credit_dec;
        @(posedge clk or posedge rst) (give == 0 && take == 1) |-> ##1 (credit == $past(credit) - 1);
    endproperty
    assert property (p_credit_dec);

    property p_credit_default;
        @(posedge clk or posedge rst) ((give != 1 || take != 0) && (give != 0 || take != 1)) |-> ##1 (credit == $past(credit));
    endproperty
    assert property (p_credit_default);
endmodule",OK,5.70048189163208,3028,240
"module proto_case_5(input logic clk, rst, sop, eop, output logic in_pkt);
always_ff @(posedge clk or posedge rst) begin
  if (rst) in_pkt <= 0;
  else begin
    case(in_pkt)
      1'b0: if (sop) in_pkt <= 1;
      1'b1: if (eop) in_pkt <= 0;
    endcase
  end
end
endmodule","module proto_case_5_assertions(input logic clk, rst, sop, eop, output logic in_pkt);
    property p_in_pkt_sop;
        @(posedge clk or posedge rst) (in_pkt == 1'b0 && sop) |-> ##1 (in_pkt == 1);
    endproperty
    assert property (p_in_pkt_sop) else $error(""Property p_in_pkt_sop failed"");

    property p_in_pkt_eop;
        @(posedge clk or posedge rst) (in_pkt == 1'b1 && eop) |-> ##1 (in_pkt == 0);
    endproperty
    assert property (p_in_pkt_eop) else $error(""Property p_in_pkt_eop failed"");
endmodule",OK,4.575033903121948,3033,216
"module proto_case_6(input logic clk, rst, fail, output logic retry);
always_ff @(posedge clk or posedge rst) begin
  if (rst) retry <= 0;
  else begin
    case(retry)
      1'b0: if (fail) retry <= 1;
      1'b1: retry <= 0;
    endcase
  end
end
endmodule","module proto_case_6_assertions(input logic clk, rst, fail, output logic retry);
    // No inner variables or functions needed as the case statement is straightforward.

    property p_retry_init;
        @(posedge clk or posedge rst) disable iff (rst) !($isunknown(retry)) |-> ##1 (!fail || retry == 0);
    endproperty
    assert property (p_retry_init) else $error(""Retry initialization failed"");

    property p_retry_fail;
        @(posedge clk or posedge rst) disable iff (rst) (retry == 1 && fail) |-> ##1 (retry == 0);
    endproperty
    assert property (p_retry_fail) else $error(""Retry not reset on failure"");

endmodule",OK,4.567224740982056,3009,190
"module proto_case_7(input logic clk, rst, lock_req, unlock, output logic locked);
always_ff @(posedge clk or posedge rst) begin
  if (rst) locked <= 0;
  else begin
    case(locked)
      1'b0: if (lock_req) locked <= 1;
      1'b1: if (unlock) locked <= 0;
    endcase
  end
end
endmodule","module proto_case_7_assertions(input logic clk, rst, lock_req, unlock, output logic locked);
    // Inner variables and functions can be defined here if needed.

    property p_locked_init;
        @(posedge clk or posedge rst) (rst || $rose(lock_req)) |-> (locked == 1'b1);
    endproperty
    assert property (p_locked_init) else $error(""Initialization or lock request failed"");

    property p_locked_unlock;
        @(posedge clk or posedge rst) (rst || ($rose(lock_req) && locked == 1'b1)) |-> ##1 (!unlock);
    endproperty
    assert property (p_locked_unlock) else $error(""Unexpected unlock when locked"");

    property p_locked_request;
        @(posedge clk or posedge rst) ((rst || ($rose(lock_req) && locked == 1'b0)) && !($rose(lock_req) && locked == 1'b1)) |-> ##1 (locked == 1'b0));
    endproperty
    assert property (p_locked_request) else $error(""Unexpected lock request when not locked"");

endmodule","** Error: (vlog-13069) prueba.sv(15): near "")"": syntax error, unexpected ')', expecting ""SystemVerilog keyword 'endproperty'"".",3.9211721420288086,3019,291
"module proto_case_8(input logic clk, rst, start, finish, output logic busy);
always_ff @(posedge clk or posedge rst) begin
  if (rst) busy <= 0;
  else begin
    case(busy)
      1'b0: if (start) busy <= 1;
      1'b1: if (finish) busy <= 0;
    endcase
  end
end
endmodule","module proto_case_8_assertions(input logic clk, rst, start, finish, output logic busy);
    property p_busy_init;
        @(posedge clk or posedge rst) (rst |-> !busy);
    endproperty
    assert property (p_busy_init) else $error(""Initial state error: busy should be 0 when reset is asserted."");

    property p_busy_start;
        @(posedge clk) start && busy == 1'b0 |-> ##1 busy == 1'b1;
    endproperty
    assert property (p_busy_start) else $error(""Busy should be set to 1 when start is asserted and busy was initially 0."");

    property p_busy_finish;
        @(posedge clk) finish && busy == 1'b1 |-> ##1 busy == 1'b0;
    endproperty
    assert property (p_busy_finish) else $error(""Busy should be set to 0 when finish is asserted and busy was initially 1."");
endmodule",OK,3.4961907863616943,3015,248
"module proto_case_9(input logic clk, rst, go, done, output logic active);
always_ff @(posedge clk or posedge rst) begin
  if (rst) active <= 0;
  else begin
    case(active)
      1'b0: if (go) active <= 1;
      1'b1: if (done) active <= 0;
    endcase
  end
end
endmodule","module proto_case_9_assertions(input logic clk, rst, go, done, output logic active);
    // Inner variables and functions can be defined here if needed

    property p_active_init;
        @(posedge clk or posedge rst) (rst |-> !active);
    endproperty
    assert property (p_active_init) else $error(""Error: Initial active state is not 0 when reset is asserted"");

    property p_active_go;
        @(posedge clk) (!rst && go) |-> ##1 (active == 1);
    endproperty
    assert property (p_active_go) else $error(""Error: Active should be set to 1 when go is asserted and reset is not asserted"");

    property p_active_done;
        @(posedge clk) (!rst && done) |-> ##1 (active == 0);
    endproperty
    assert property (p_active_done) else $error(""Error: Active should be set to 0 when done is asserted and reset is not asserted"");

endmodule",OK,3.512423515319824,3015,252
"module router_fsm (
    input  logic clk,
    input  logic rst_n,
    input  logic [3:0] req,
    output logic [1:0] selected,
    output logic grant
);
    typedef enum logic [1:0] {IDLE, LOOKUP, FORWARD, DROP} state_t;
    state_t state;

    always_ff @(posedge clk or negedge rst_n) begin
        if (!rst_n) begin
            state <= IDLE;
            selected <= 2'b00;
            grant <= 1'b0;
        end else begin
            case (state)
                IDLE: begin
                    grant <= 1'b0;
                    if (req != 4'b0000)
                        state <= LOOKUP;
                end

                LOOKUP: begin
                    casez (req)
                        4'b1???: selected <= 2'd3;
                        4'b01??: selected <= 2'd2;
                        4'b001?: selected <= 2'd1;
                        4'b0001: selected <= 2'd0;
                        default: selected <= 2'd0;
                    endcase
                    state <= (req == 4'b0000) ? IDLE : FORWARD;
                end

                FORWARD: begin
                    grant <= 1'b1;
                    if (req[selected] == 1'b0)
                        state <= IDLE;
                end

                DROP: state <= IDLE;
            endcase
        end
    end
endmodule","module router_fsm_assertions(
    input logic clk,
    input logic rst_n,
    input logic [3:0] req,
    output logic [1:0] selected,
    output logic grant
);

    typedef enum logic [1:0] {IDLE, LOOKUP, FORWARD, DROP} state_t;
    state_t state;

    // State transition properties
    property p_state_transition_idle;
        @(posedge clk) disable iff (!rst_n) (state == IDLE) |-> ##1 (req != 4'b0000) ##0 state == LOOKUP;
    endproperty
    assert property (p_state_transition_idle) else $error(""Incorrect state transition from IDLE to LOOKUP"");

    property p_state_transition_lookup;
        @(posedge clk) disable iff (!rst_n) (state == LOOKUP) |-> ##1 (req != 4'b0000) ##0 state == FORWARD;
    endproperty
    assert property (p_state_transition_lookup) else $error(""Incorrect state transition from LOOKUP to FORWARD"");

    // Grant signal properties
    property p_grant_high_in_forward;
        @(posedge clk) disable iff (!rst_n) (state == FORWARD && req[selected] == 1'b0) |-> ##1 grant == 1'b1;
    endproperty
    assert property (p_grant_high_in_forward) else $error(""Grant signal not high when expected in FORWARD state"");

    // Selected line properties
    property p_selected_line_lookup;
        @(posedge clk) disable iff (!rst_n) (state == LOOKUP) |-> ##1 (req != 4'b0000) && ((req == 4'b1??? || req == 4'b01?? || req == 4'b001? || req == 4'b0001) ? selected == {2{1'b1}} : selected == 2'd0);
    endproperty
    assert property (p_selected_line_lookup) else $error(""Incorrect selection of line in LOOKUP state"");

endmodule",OK,9.50325345993042,3293,517
"module instr_decoder (
    input  logic [31:0] instr,
    output logic [3:0] alu_op,
    output logic writeback,
    output logic [2:0] opcode
);
    typedef enum logic [2:0] {ALU, LOAD, STORE, BRANCH, SYS} op_t;
    always_comb begin
        writeback = 0;
        alu_op = 0;
        opcode = instr[31:29];

        unique case (opcode)
            ALU: begin
                writeback = 1;
                case (instr[28:25])
                    4'h0: alu_op = 4'h1; // ADD
                    4'h1: alu_op = 4'h2; // SUB
                    4'h2: alu_op = 4'h3; // AND
                    default: alu_op = 4'hF; // illegal
                endcase
            end

            LOAD:  writeback = 1;
            STORE: writeback = 0;
            BRANCH: writeback = 0;
            SYS: writeback = 0;
        endcase
    end
endmodule","module instr_decoder_assertions(
    input logic [31:0] instr,
    output logic [3:0] alu_op,
    output logic writeback,
    output logic [2:0] opcode
);
    typedef enum logic [2:0] {ALU, LOAD, STORE, BRANCH, SYS} op_t;

    property p_writeback_alu;
        @(posedge clk) (opcode == ALU) |-> (writeback == 1);
    endproperty
    assert property (p_writeback_alu);

    property p_alu_op_add;
        @(posedge clk) (opcode == ALU && instr[28:25] == 4'h0) |-> (alu_op == 4'h1);
    endproperty
    assert property (p_alu_op_add);

    property p_alu_op_sub;
        @(posedge clk) (opcode == ALU && instr[28:25] == 4'h1) |-> (alu_op == 4'h2);
    endproperty
    assert property (p_alu_op_sub);

    property p_alu_op_and;
        @(posedge clk) (opcode == ALU && instr[28:25] == 4'h2) |-> (alu_op == 4'h3);
    endproperty
    assert property (p_alu_op_and);

    property p_alu_op_illegal;
        @(posedge clk) (opcode == ALU && (instr[28:25] != 4'h0 && instr[28:25] != 4'h1 && instr[28:25] != 4'h2)) |-> (alu_op == 4'hF);
    endproperty
    assert property (p_alu_op_illegal);

endmodule","** Error: prueba.sv(10): (vlog-2730) Undefined variable: 'clk'.
** Error (suppressible): prueba.sv(12): (vlog-1957) The sva directive is not sensitive to a clock. Unclocked directives are not supported.
** Error: prueba.sv(15): (vlog-2730) Undefined variable: 'clk'.
** Error (suppressible): prueba.sv(17): (vlog-1957) The sva directive is not sensitive to a clock. Unclocked directives are not supported.
** Error: prueba.sv(20): (vlog-2730) Undefined variable: 'clk'.
** Error (suppressible): prueba.sv(22): (vlog-1957) The sva directive is not sensitive to a clock. Unclocked directives are not supported.
** Error: prueba.sv(25): (vlog-2730) Undefined variable: 'clk'.
** Error (suppressible): prueba.sv(27): (vlog-1957) The sva directive is not sensitive to a clock. Unclocked directives are not supported.
** Error: prueba.sv(30): (vlog-2730) Undefined variable: 'clk'.
** Error (suppressible): prueba.sv(32): (vlog-1957) The sva directive is not sensitive to a clock. Unclocked directives are not supported.
** Error: prueba.sv(10): (vlog-2730) Undefined variable: 'clk'.",11.767104625701904,3200,455
"module phy_link (
    input logic clk,
    input logic [3:0] mode,
    output logic [1:0] speed,
    output logic training
);
    always_ff @(posedge clk) begin
        casez (mode)
            4'b1???: speed <= 2'b11;   // Gen3
            4'b01??: speed <= 2'b10;   // Gen2
            4'b001?: speed <= 2'b01;   // Gen1
            4'b0001: speed <= 2'b00;   // Safe
        endcase
    end

    always_ff @(posedge clk)
        training <= (speed != 2'b00);
endmodule","module phy_link_assertions(
    input logic clk,
    input logic [3:0] mode,
    output logic [1:0] speed,
    output logic training
);

    property p_speed_gen3;
        @(posedge clk) (mode == 4'b1???) |-> (speed == 2'b11);
    endproperty
    assert property (p_speed_gen3) else $error(""Speed not assigned correctly for Gen3 mode"");

    property p_speed_gen2;
        @(posedge clk) (mode == 4'b01??) |-> (speed == 2'b10);
    endproperty
    assert property (p_speed_gen2) else $error(""Speed not assigned correctly for Gen2 mode"");

    property p_speed_gen1;
        @(posedge clk) (mode == 4'b001?) |-> (speed == 2'b01);
    endproperty
    assert property (p_speed_gen1) else $error(""Speed not assigned correctly for Gen1 mode"");

    property p_speed_safe;
        @(posedge clk) (mode == 4'b0001) |-> (speed == 2'b00);
    endproperty
    assert property (p_speed_safe) else $error(""Speed not assigned correctly for Safe mode"");

    property p_training_not_zero;
        @(posedge clk) (speed != 2'b00) |-> ##1 (training == 1);
    endproperty
    assert property (p_training_not_zero) else $error(""Training not set correctly when speed is non-zero"");

endmodule",OK,7.218608379364014,3093,403
"module mem_ctrl (
    input logic clk,
    input logic [1:0] cmd,
    input logic [1:0] burst,
    output logic ack,
    output logic err
);
    always_ff @(posedge clk) begin
        ack <= 0;
        err <= 0;
        case (cmd)
            2'b00: begin // READ
                case (burst)
                    2'b00, 2'b01: ack <= 1;
                    default: err <= 1;
                endcase
            end

            2'b01: begin // WRITE
                case (burst)
                    2'b00, 2'b10: ack <= 1;
                    default: err <= 1;
                endcase
            end

            default: err <= 1;
        endcase
    end
endmodule","module mem_ctrl_assertions (
    input logic clk,
    input logic [1:0] cmd,
    input logic [1:0] burst,
    output logic ack,
    output logic err
);

    property p_ack_read_burst;
        @(posedge clk) ((cmd == 2'b00 && (burst == 2'b00 || burst == 2'b01)) |-> (ack == 1));
    endproperty
    assert property (p_ack_read_burst);

    property p_err_read_invalid_burst;
        @(posedge clk) ((cmd == 2'b00 && !(burst == 2'b00 || burst == 2'b01)) |-> (err == 1));
    endproperty
    assert property (p_err_read_invalid_burst);

    property p_ack_write_burst;
        @(posedge clk) ((cmd == 2'b01 && (burst == 2'b00 || burst == 2'b10)) |-> (ack == 1));
    endproperty
    assert property (p_ack_write_burst);

    property p_err_write_invalid_burst;
        @(posedge clk) ((cmd == 2'b01 && !(burst == 2'b00 || burst == 2'b10)) |-> (err == 1));
    endproperty
    assert property (p_err_write_invalid_burst);

    property p_err_default;
        @(posedge clk) ((cmd != 2'b00 && cmd != 2'b01) |-> (err == 1));
    endproperty
    assert property (p_err_default);

endmodule",OK,8.759070873260498,3117,420
"module dma_engine (
    input logic clk,
    input logic [1:0] size,
    output logic busy,
    output logic done
);
    typedef enum logic [1:0] {SMALL, MEDIUM, LARGE} size_t;

    always_ff @(posedge clk) begin
        case (size)
            SMALL: begin
                busy <= 1;
                done <= ##1 1;
            end

            MEDIUM: begin
                busy <= 1;
                done <= ##2 1;
            end

            LARGE: begin
                busy <= 1;
                done <= ##4 1;
            end
        endcase
    end
endmodule","module dma_engine_assertions (
    input logic clk,
    input logic [1:0] size,
    output logic busy,
    output logic done
);
    typedef enum logic [1:0] {SMALL, MEDIUM, LARGE} size_t;

    // Properties for the DMA engine behavior
    property p_busy_set;
        @(posedge clk) (size == SMALL || size == MEDIUM || size == LARGE) |-> ##[1:4] busy == 1;
    endproperty
    assert property (p_busy_set) else $error(""DMA engine busy flag not set correctly"");

    property p_done_delay;
        @(posedge clk) (size == SMALL || size == MEDIUM || size == LARGE) |-> ##[1:4] done == 1;
    endproperty
    assert property (p_done_delay) else $error(""DMA engine done flag not delayed correctly"");

endmodule",OK,5.632368326187134,3077,228
"module instr_decoder (
    input  logic [31:0] instr,
    output logic        is_branch,
    output logic        is_load,
    output logic        is_store,
    output logic        illegal
);

    logic [6:0] opcode;
    logic [2:0] funct3;
    logic [6:0] funct7;

    assign opcode = instr[6:0];
    assign funct3 = instr[14:12];
    assign funct7 = instr[31:25];

    always_comb begin
        is_branch = 1'b0;
        is_load   = 1'b0;
        is_store  = 1'b0;
        illegal   = 1'b0;

        unique case (opcode)
            7'b1100011: begin // BRANCH
                is_branch = 1'b1;
                unique case (funct3)
                    3'b000, // BEQ
                    3'b001, // BNE
                    3'b100, // BLT
                    3'b101, // BGE
                    3'b110, // BLTU
                    3'b111: ; // BGEU
                    default: illegal = 1'b1;
                endcase
            end

            7'b0000011: begin // LOAD
                is_load = 1'b1;
                unique case (funct3)
                    3'b000, // LB
                    3'b001, // LH
                    3'b010, // LW
                    3'b100, // LBU
                    3'b101: ; // LHU
                    default: illegal = 1'b1;
                endcase
            end

            7'b0100011: begin // STORE
                is_store = 1'b1;
                unique case (funct3)
                    3'b000, // SB
                    3'b001, // SH
                    3'b010: ; // SW
                    default: illegal = 1'b1;
                endcase
            end

            default: illegal = 1'b1;
        endcase
    end

endmodule","module instr_decoder_assertions (
    input logic [31:0] instr,
    output logic is_branch,
    output logic is_load,
    output logic is_store,
    output logic illegal
);

    logic [6:0] opcode;
    logic [2:0] funct3;
    assign opcode = instr[6:0];
    assign funct3 = instr[14:12];
    logic [6:0] funct7;
    assign funct7 = instr[31:25];

    property p_is_branch_assign;
        @(posedge clk) (opcode == 7'b1100011) |-> (is_branch == 1'b1);
    endproperty
    assert property (p_is_branch_assign);

    property p_illegal_assign;
        @(posedge clk) (opcode != 7'b1100011 && opcode != 7'b0000011 && opcode != 7'b0100011) |-> (illegal == 1'b1);
    endproperty
    assert property (p_illegal_assign);

    property p_is_load_assign;
        @(posedge clk) (opcode == 7'b0000011) |-> (is_load == 1'b1);
    endproperty
    assert property (p_is_load_assign);

    property p_is_store_assign;
        @(posedge clk) (opcode == 7'b0100011) |-> (is_store == 1'b1);
    endproperty
    assert property (p_is_store_assign);

endmodule","** Error: prueba.sv(17): (vlog-2730) Undefined variable: 'clk'.
** Error (suppressible): prueba.sv(19): (vlog-1957) The sva directive is not sensitive to a clock. Unclocked directives are not supported.
** Error: prueba.sv(22): (vlog-2730) Undefined variable: 'clk'.
** Error (suppressible): prueba.sv(24): (vlog-1957) The sva directive is not sensitive to a clock. Unclocked directives are not supported.
** Error: prueba.sv(27): (vlog-2730) Undefined variable: 'clk'.
** Error (suppressible): prueba.sv(29): (vlog-1957) The sva directive is not sensitive to a clock. Unclocked directives are not supported.
** Error: prueba.sv(32): (vlog-2730) Undefined variable: 'clk'.
** Error (suppressible): prueba.sv(34): (vlog-1957) The sva directive is not sensitive to a clock. Unclocked directives are not supported.
** Error: prueba.sv(17): (vlog-2730) Undefined variable: 'clk'.",13.17374563217163,3470,420
"module axi_read_fsm (
    input  logic        clk,
    input  logic        rst_n,
    input  logic        arvalid,
    input  logic        rready,
    input  logic        rlast,
    output logic        arready,
    output logic        rvalid
);

    typedef enum logic [2:0] {
        IDLE,
        ADDR_ACCEPT,
        DATA_WAIT,
        DATA_LAST,
        ERROR
    } state_t;

    state_t state, next_state;

    always_ff @(posedge clk or negedge rst_n) begin
        if (!rst_n)
            state <= IDLE;
        else
            state <= next_state;
    end

    always_comb begin
        arready   = 1'b0;
        rvalid    = 1'b0;
        next_state = state;

        priority case (state)
            IDLE: begin
                if (arvalid) begin
                    arready   = 1'b1;
                    next_state = ADDR_ACCEPT;
                end
            end

            ADDR_ACCEPT: begin
                next_state = DATA_WAIT;
            end

            DATA_WAIT: begin
                rvalid = 1'b1;
                if (rready && rlast)
                    next_state = DATA_LAST;
                else if (rready)
                    next_state = DATA_WAIT;
            end

            DATA_LAST: begin
                rvalid = 1'b1;
                if (rready)
                    next_state = IDLE;
            end

            default: begin
                next_state = ERROR;
            end
        endcase
    end

endmodule","module axi_read_fsm_assertions (
    input logic clk,
    input logic rst_n,
    input logic arvalid,
    input logic rready,
    input logic rlast,
    output logic arready,
    output logic rvalid
);

    typedef enum logic [2:0] {
        IDLE,
        ADDR_ACCEPT,
        DATA_WAIT,
        DATA_LAST,
        ERROR
    } state_t;

    state_t state, next_state;

    property p_arready_assign;
        @(posedge clk) (state == IDLE && arvalid) |-> ##1 (arready == 1'b1);
    endproperty
    assert property (p_arready_assign) else $error(""Error: arready not assigned correctly in IDLE state when arvalid is asserted"");

    property p_next_state_accept;
        @(posedge clk) (state == IDLE && arvalid) |-> ##1 (next_state == ADDR_ACCEPT);
    endproperty
    assert property (p_next_state_accept) else $error(""Error: next state is not correct after transitioning from IDLE to ADDR_ACCEPT"");

    property p_rvalid_assign;
        @(posedge clk) (state == DATA_WAIT && rready && rlast) |-> ##1 (rvalid == 1'b1);
    endproperty
    assert property (p_rvalid_assign) else $error(""Error: rvalid not asserted correctly in DATA_LAST state when rready and rlast are true"");

    property p_next_state_data_last;
        @(posedge clk) (state == DATA_WAIT && rready && !rlast) |-> ##1 (next_state == DATA_WAIT);
    endproperty
    assert property (p_next_state_data_last) else $error(""Error: next state is not correct when transitioning from DATA_WAIT to DATA_LAST without rlast"");

    property p_next_state_idle;
        @(posedge clk) (state == DATA_LAST && rready) |-> ##1 (next_state == IDLE);
    endproperty
    assert property (p_next_state_idle) else $error(""Error: next state is not correct after transitioning from DATA_LAST to IDLE"");

    property p_default_state;
        @(posedge clk) (state != IDLE && state != ADDR_ACCEPT && state != DATA_WAIT && state != DATA_LAST) |-> ##1 (next_state == ERROR);
    endproperty
    assert property (p_default_state) else $error(""Error: next state is not correct in default or error states"");

endmodule",OK,18.091967821121216,3325,629
"module packet_parser (
    input  logic [63:0] header,
    output logic        is_ipv4,
    output logic        is_ipv6,
    output logic        is_arp,
    output logic        unknown
);

    logic [15:0] ethertype;
    assign ethertype = header[15:0];

    always_comb begin
        is_ipv4  = 1'b0;
        is_ipv6  = 1'b0;
        is_arp   = 1'b0;
        unknown  = 1'b0;

        casez (ethertype)
            16'h0800: is_ipv4 = 1'b1; // IPv4
            16'h86DD: is_ipv6 = 1'b1; // IPv6
            16'h0806: is_arp  = 1'b1; // ARP

            16'h88??: begin
                // Vendor-specific or experimental
                unknown = 1'b1;
            end

            default: unknown = 1'b1;
        endcase
    end

endmodule","module packet_parser_assertions(
    input logic [63:0] header,
    output logic is_ipv4,
    output logic is_ipv6,
    output logic is_arp,
    output logic unknown
);

    // Extracted from the module
    logic [15:0] ethertype;
    assign ethertype = header[15:0];

    property p_is_ipv4_assign;
        @(posedge clk) (ethertype == 16'h0800) |-> (is_ipv4 == 1'b1);
    endproperty
    assert property (p_is_ipv4_assign);

    property p_is_ipv6_assign;
        @(posedge clk) (ethertype == 16'h86DD) |-> (is_ipv6 == 1'b1);
    endproperty
    assert property (p_is_ipv6_assign);

    property p_is_arp_assign;
        @(posedge clk) (ethertype == 16'h0806) |-> (is_arp == 1'b1);
    endproperty
    assert property (p_is_arp_assign);

    property p_unknown_default_assign;
        @(posedge clk) ((ethertype != 16'h0800) && (ethertype != 16'h86DD) && (ethertype != 16'h0806)) |-> (unknown == 1'b1);
    endproperty
    assert property (p_unknown_default_assign);

endmodule","** Error: prueba.sv(14): (vlog-2730) Undefined variable: 'clk'.
** Error (suppressible): prueba.sv(16): (vlog-1957) The sva directive is not sensitive to a clock. Unclocked directives are not supported.
** Error: prueba.sv(19): (vlog-2730) Undefined variable: 'clk'.
** Error (suppressible): prueba.sv(21): (vlog-1957) The sva directive is not sensitive to a clock. Unclocked directives are not supported.
** Error: prueba.sv(24): (vlog-2730) Undefined variable: 'clk'.
** Error (suppressible): prueba.sv(26): (vlog-1957) The sva directive is not sensitive to a clock. Unclocked directives are not supported.
** Error: prueba.sv(29): (vlog-2730) Undefined variable: 'clk'.
** Error (suppressible): prueba.sv(31): (vlog-1957) The sva directive is not sensitive to a clock. Unclocked directives are not supported.
** Error: prueba.sv(14): (vlog-2730) Undefined variable: 'clk'.",7.326410531997681,3193,383
"module power_ctrl (
    input  logic [2:0] mode,
    output logic       clk_en,
    output logic       power_en,
    output logic       retention_en
);

    always_comb begin
        clk_en        = 1'b0;
        power_en      = 1'b0;
        retention_en  = 1'b0;

        unique case (mode)
            3'b000: begin // OFF
                power_en = 1'b0;
            end

            3'b001: begin // RETENTION
                power_en     = 1'b1;
                retention_en = 1'b1;
            end

            3'b010: begin // IDLE
                power_en = 1'b1;
                clk_en   = 1'b0;
            end

            3'b011: begin // ACTIVE
                power_en = 1'b1;
                clk_en   = 1'b1;
            end

            default: begin
                // Illegal mode ? safe shutdown
                power_en = 1'b0;
            end
        endcase
    end

endmodule","module power_ctrl_assertions (
    input logic [2:0] mode,
    output logic clk_en,
    output logic power_en,
    output logic retention_en
);

    always_comb begin
        clk_en        = 1'b0;
        power_en      = 1'b0;
        retention_en  = 1'b0;

        unique case (mode)
            3'b000: begin // OFF
                power_en = 1'b0;
            end

            3'b001: begin // RETENTION
                power_en     = 1'b1;
                retention_en = 1'b1;
            end

            3'b010: begin // IDLE
                power_en = 1'b1;
                clk_en   = 1'b0;
            end

            3'b011: begin // ACTIVE
                power_en = 1'b1;
                clk_en   = 1'b1;
            end

            default: begin
                // Illegal mode ? safe shutdown
                power_en = 1'b0;
            end
        endcase
    end

    property p_power_en_off;
        @(posedge clk) (mode == 3'b000) |-> (power_en == 1'b0);
    endproperty
    assert property (p_power_en_off) else $error(""Failed: power_en not off when mode is OFF"");

    property p_retention_en;
        @(posedge clk) (mode == 3'b001) |-> (power_en == 1'b1 && retention_en == 1'b1);
    endproperty
    assert property (p_retention_en) else $error(""Failed: power_en and retention_en not active when mode is RETENTION"");

    property p_clk_en_idle;
        @(posedge clk) (mode == 3'b010) |-> (power_en == 1'b1 && clk_en == 1'b0);
    endproperty
    assert property (p_clk_en_idle) else $error(""Failed: clk_en not zero when mode is IDLE"");

    property p_clk_en_active;
        @(posedge clk) (mode == 3'b011) |-> (power_en == 1'b1 && clk_en == 1'b1);
    endproperty
    assert property (p_clk_en_active) else $error(""Failed: clk_en not active when mode is ACTIVE"");

endmodule","** Error: prueba.sv(41): (vlog-2730) Undefined variable: 'clk'.
** Error (suppressible): prueba.sv(43): (vlog-1957) The sva directive is not sensitive to a clock. Unclocked directives are not supported.
** Error: prueba.sv(46): (vlog-2730) Undefined variable: 'clk'.
** Error (suppressible): prueba.sv(48): (vlog-1957) The sva directive is not sensitive to a clock. Unclocked directives are not supported.
** Error: prueba.sv(51): (vlog-2730) Undefined variable: 'clk'.
** Error (suppressible): prueba.sv(53): (vlog-1957) The sva directive is not sensitive to a clock. Unclocked directives are not supported.
** Error: prueba.sv(56): (vlog-2730) Undefined variable: 'clk'.
** Error (suppressible): prueba.sv(58): (vlog-1957) The sva directive is not sensitive to a clock. Unclocked directives are not supported.
** Error: prueba.sv(41): (vlog-2730) Undefined variable: 'clk'.",6.124255180358887,3206,640
"module scheduler_ctrl (
    input  logic [7:0] ctrl_word,
    output logic       high_prio,
    output logic       drop_pkt
);

    logic [3:0] class;
    logic [3:0] action;

    assign class  = ctrl_word[7:4];
    assign action = ctrl_word[3:0];

    always_comb begin
        high_prio = 1'b0;
        drop_pkt  = 1'b0;

        unique case (class)
            4'h0, 4'h1: begin
                case (action)
                    4'h0: high_prio = 1'b0;
                    4'h1: high_prio = 1'b1;
                    4'hF: drop_pkt  = 1'b1;
                    default: ;
                endcase
            end

            4'hA, 4'hB: begin
                casez (action)
                    4'b1???: high_prio = 1'b1;
                    4'b0???: drop_pkt  = 1'b1;
                    default: ;
                endcase
            end

            default: drop_pkt = 1'b1;
        endcase
    end

endmodule","module scheduler_ctrl_properties (
    input logic [7:0] ctrl_word,
    output logic high_prio,
    output logic drop_pkt
);

    // Extracting class and action from the control word
    logic [3:0] class;
    logic [3:0] action;
    assign class = ctrl_word[7:4];
    assign action = ctrl_word[3:0];

    // Properties for high_prio signal
    property p_high_prio_class_0;
        @(posedge clk) (class == 4'h0 || class == 4'h1) && (action == 4'h0) |-> ##1 (!drop_pkt);
    endproperty
    assert property (p_high_prio_class_0);

    property p_high_prio_class_1;
        @(posedge clk) (class == 4'h0 || class == 4'h1) && (action == 4'h1) |-> ##1 (high_prio == 1'b1);
    endproperty
    assert property (p_high_prio_class_1);

    property p_high_prio_default;
        @(posedge clk) !((class == 4'h0 || class == 4'h1) && action inside [4'h0, 4'h1]);
    endproperty
    assert property (p_high_prio_default);

    // Properties for drop_pkt signal
    property p_drop_pkt_class_A;
        @(posedge clk) (class == 4'hA || class == 4'hB) && (action == 4'b1???) |-> ##1 (!high_prio);
    endproperty
    assert property (p_drop_pkt_class_A);

    property p_drop_pkt_class_B;
        @(posedge clk) (class == 4'hA || class == 4'hB) && (action == 4'b0???) |-> ##1 (drop_pkt == 1'b1);
    endproperty
    assert property (p_drop_pkt_class_B);

    property p_drop_pkt_default;
        @(posedge clk) !(class inside [4'h0, 4'h1, 4'hA, 4'hB]);
    endproperty
    assert property (p_drop_pkt_default);

endmodule","** Error: (vlog-13069) prueba.sv(8): near ""class"": syntax error, unexpected class, expecting IDENTIFIER or TYPE_IDENTIFIER or NETTYPE_IDENTIFIER or '='.
** Error: (vlog-13069) prueba.sv(10): near ""class"": syntax error, unexpected class.
** Error: (vlog-13069) prueba.sv(15): near ""class"": syntax error, unexpected class.
** Error: (vlog-13069) prueba.sv(20): near ""class"": syntax error, unexpected class.
** Error: (vlog-13069) prueba.sv(25): near ""class"": syntax error, unexpected class.
** Error: (vlog-13069) prueba.sv(31): near ""class"": syntax error, unexpected class.
** Error: (vlog-13069) prueba.sv(36): near ""class"": syntax error, unexpected class.
** Error: (vlog-13069) prueba.sv(41): near ""class"": syntax error, unexpected class.",11.394052743911743,3231,596
"module dma_channel_arbiter (
    input  logic [3:0] ch_req,
    output logic [1:0] grant,
    output logic       grant_valid
);

    always_comb begin
        grant       = 2'd0;
        grant_valid = 1'b0;

        priority case (1'b1)
            ch_req[0]: begin
                grant       = 2'd0;
                grant_valid = 1'b1;
            end
            ch_req[1]: begin
                grant       = 2'd1;
                grant_valid = 1'b1;
            end
            ch_req[2]: begin
                grant       = 2'd2;
                grant_valid = 1'b1;
            end
            ch_req[3]: begin
                grant       = 2'd3;
                grant_valid = 1'b1;
            end
            default: begin
                grant_valid = 1'b0;
            end
        endcase
    end

endmodule","module dma_channel_arbiter_assertions (
    input logic [3:0] ch_req,
    output logic [1:0] grant,
    output logic       grant_valid
);

    property p_grant_ch0;
        @(posedge clk) (ch_req == 4'b0001) |-> (grant == 2'd0 && grant_valid == 1'b1);
    endproperty
    assert property (p_grant_ch0) else $error(""DMA Channel Arbiter: Grant not valid for ch_req[0]"");

    property p_grant_ch1;
        @(posedge clk) (ch_req == 4'b0010) |-> (grant == 2'd1 && grant_valid == 1'b1);
    endproperty
    assert property (p_grant_ch1) else $error(""DMA Channel Arbiter: Grant not valid for ch_req[1]"");

    property p_grant_ch2;
        @(posedge clk) (ch_req == 4'b0100) |-> (grant == 2'd2 && grant_valid == 1'b1);
    endproperty
    assert property (p_grant_ch2) else $error(""DMA Channel Arbiter: Grant not valid for ch_req[2]"");

    property p_grant_ch3;
        @(posedge clk) (ch_req == 4'b1000) |-> (grant == 2'd3 && grant_valid == 1'b1);
    endproperty
    assert property (p_grant_ch3) else $error(""DMA Channel Arbiter: Grant not valid for ch_req[3]"");

    property p_default;
        @(posedge clk) !(ch_req == 4'b0001 || ch_req == 4'b0010 || ch_req == 4'b0100 || ch_req == 4'b1000) |-> (grant_valid == 1'b0);
    endproperty
    assert property (p_default) else $error(""DMA Channel Arbiter: Grant valid when no request"");

endmodule","** Error: prueba.sv(8): (vlog-2730) Undefined variable: 'clk'.
** Error (suppressible): prueba.sv(10): (vlog-1957) The sva directive is not sensitive to a clock. Unclocked directives are not supported.
** Error: prueba.sv(13): (vlog-2730) Undefined variable: 'clk'.
** Error (suppressible): prueba.sv(15): (vlog-1957) The sva directive is not sensitive to a clock. Unclocked directives are not supported.
** Error: prueba.sv(18): (vlog-2730) Undefined variable: 'clk'.
** Error (suppressible): prueba.sv(20): (vlog-1957) The sva directive is not sensitive to a clock. Unclocked directives are not supported.
** Error: prueba.sv(23): (vlog-2730) Undefined variable: 'clk'.
** Error (suppressible): prueba.sv(25): (vlog-1957) The sva directive is not sensitive to a clock. Unclocked directives are not supported.
** Error: prueba.sv(28): (vlog-2730) Undefined variable: 'clk'.
** Error (suppressible): prueba.sv(30): (vlog-1957) The sva directive is not sensitive to a clock. Unclocked directives are not supported.
** Error: prueba.sv(8): (vlog-2730) Undefined variable: 'clk'.",9.49220323562622,3169,523
"module coherence_cmd_decode (
    input  logic [4:0] cmd,
    output logic       req_shared,
    output logic       req_exclusive,
    output logic       invalidate,
    output logic       illegal
);

    always_comb begin
        req_shared    = 1'b0;
        req_exclusive = 1'b0;
        invalidate    = 1'b0;
        illegal       = 1'b0;

        unique case (cmd)
            5'h00: req_shared    = 1'b1; // ReadShared
            5'h01: req_exclusive = 1'b1; // ReadExclusive
            5'h02: invalidate    = 1'b1; // Invalidate
            5'h03: begin                  // Upgrade
                req_exclusive = 1'b1;
                invalidate    = 1'b1;
            end
            5'h10, 5'h11: begin            // Probe responses
                // No action, metadata only
            end
            default: illegal = 1'b1;
        endcase
    end

endmodule","module coherence_cmd_decode_assertions(
    input logic [4:0] cmd,
    output logic req_shared,
    output logic req_exclusive,
    output logic invalidate,
    output logic illegal
);

    property p_req_shared;
        @(posedge clk) (cmd == 5'h00) |-> (req_shared == 1'b1);
    endproperty
    assert property (p_req_shared) else $error(""req_shared assertion failed"");

    property p_req_exclusive;
        @(posedge clk) (cmd == 5'h01) |-> (req_exclusive == 1'b1);
    endproperty
    assert property (p_req_exclusive) else $error(""req_exclusive assertion failed"");

    property p_invalidate;
        @(posedge clk) (cmd == 5'h02) |-> (invalidate == 1'b1);
    endproperty
    assert property (p_invalidate) else $error(""invalidate assertion failed"");

    property p_illegal;
        @(posedge clk) ((cmd != 5'h00 && cmd != 5'h01 && cmd != 5'h02 && cmd != 5'h03 && cmd != 5'h10 && cmd != 5'h11) || (cmd == 5'h03)) |-> (illegal == 1'b1);
    endproperty
    assert property (p_illegal) else $error(""illegal assertion failed"");

endmodule","** Error: prueba.sv(10): (vlog-2730) Undefined variable: 'clk'.
** Error (suppressible): prueba.sv(12): (vlog-1957) The sva directive is not sensitive to a clock. Unclocked directives are not supported.
** Error: prueba.sv(15): (vlog-2730) Undefined variable: 'clk'.
** Error (suppressible): prueba.sv(17): (vlog-1957) The sva directive is not sensitive to a clock. Unclocked directives are not supported.
** Error: prueba.sv(20): (vlog-2730) Undefined variable: 'clk'.
** Error (suppressible): prueba.sv(22): (vlog-1957) The sva directive is not sensitive to a clock. Unclocked directives are not supported.
** Error: prueba.sv(25): (vlog-2730) Undefined variable: 'clk'.
** Error (suppressible): prueba.sv(27): (vlog-1957) The sva directive is not sensitive to a clock. Unclocked directives are not supported.
** Error: prueba.sv(10): (vlog-2730) Undefined variable: 'clk'.",6.246194362640381,3183,370
"module pcie_tlp_decoder (
    input  logic [7:0] tlp_type,
    output logic       is_mem,
    output logic       is_cfg,
    output logic       is_msg,
    output logic       unsupported
);

    always_comb begin
        is_mem      = 1'b0;
        is_cfg      = 1'b0;
        is_msg      = 1'b0;
        unsupported = 1'b0;

        casez (tlp_type)
            8'b0000_000?: is_mem = 1'b1; // MemRd/MemWr
            8'b0000_10??: is_cfg = 1'b1; // CfgRd/CfgWr
            8'b0011_0???: is_msg = 1'b1; // Messages
            default: unsupported = 1'b1;
        endcase
    end

endmodule","module pcie_tlp_decoder_assertions (
    input logic [7:0] tlp_type,
    output logic is_mem,
    output logic is_cfg,
    output logic is_msg,
    output logic unsupported
);

    always_comb begin
        is_mem      = 1'b0;
        is_cfg      = 1'b0;
        is_msg      = 1'b0;
        unsupported = 1'b0;

        casez (tlp_type)
            8'b0000_000?: is_mem = 1'b1; // MemRd/MemWr
            8'b0000_10??: is_cfg = 1'b1; // CfgRd/CfgWr
            8'b0011_0???: is_msg = 1'b1; // Messages
            default: unsupported = 1'b1;
        endcase
    end

    property p_is_mem_assign;
        @(tlp_type) (tlp_type[7:4] == 4'b0000 && tlp_type[3:0] != 4'hF) |-> (is_mem == 1'b1);
    endproperty
    assert property (p_is_mem_assign) else $error(""Failed on is_mem assignment for tlp_type %b"", tlp_type);

    property p_is_cfg_assign;
        @(tlp_type) (tlp_type[7:4] == 4'b0000 && tlp_type[3:1] == 3'b101) |-> (is_cfg == 1'b1);
    endproperty
    assert property (p_is_cfg_assign) else $error(""Failed on is_cfg assignment for tlp_type %b"", tlp_type);

    property p_is_msg_assign;
        @(tlp_type) (tlp_type[7:4] == 4'b0011 && tlp_type[3:0] != 4'hF) |-> (is_msg == 1'b1);
    endproperty
    assert property (p_is_msg_assign) else $error(""Failed on is_msg assignment for tlp_type %b"", tlp_type);

    property p_unsupported_default;
        @(tlp_type) ((tlp_type[7:4] != 4'b0000 && tlp_type[7:4] != 4'b0011) || (tlp_type[3:0] == 4'hF)) |-> (unsupported == 1'b1);
    endproperty
    assert property (p_unsupported_default) else $error(""Failed on unsupported default assignment for tlp_type %b"", tlp_type);

endmodule",OK,9.266253232955933,3149,697
"module cdc_ctrl_fsm (
    input  logic clk,
    input  logic rst_n,
    input  logic req,
    input  logic ack,
    output logic req_sync
);

    typedef enum logic [1:0] {
        CDC_IDLE,
        CDC_REQ,
        CDC_WAIT_ACK,
        CDC_DONE
    } cdc_state_t;

    cdc_state_t state, next_state;

    always_ff @(posedge clk or negedge rst_n) begin
        if (!rst_n)
            state <= CDC_IDLE;
        else
            state <= next_state;
    end

    always_comb begin
        req_sync  = 1'b0;
        next_state = state;

        unique case (state)
            CDC_IDLE: begin
                if (req)
                    next_state = CDC_REQ;
            end

            CDC_REQ: begin
                req_sync = 1'b1;
                next_state = CDC_WAIT_ACK;
            end

            CDC_WAIT_ACK: begin
                req_sync = 1'b1;
                if (ack)
                    next_state = CDC_DONE;
            end

            CDC_DONE: begin
                if (!req)
                    next_state = CDC_IDLE;
            end

            default: next_state = CDC_IDLE;
        endcase
    end

endmodule","module cdc_ctrl_fsm_assertions(
    input  logic clk,
    input  logic rst_n,
    input  logic req,
    input  logic ack,
    output logic req_sync
);

    typedef enum logic [1:0] {
        CDC_IDLE,
        CDC_REQ,
        CDC_WAIT_ACK,
        CDC_DONE
    } cdc_state_t;

    cdc_state_t state, next_state;

    // State transition property
    property p_state_transition;
        @(posedge clk) disable iff (!rst_n)
        (next_state == CDC_REQ && req) |-> ##1 (state == CDC_IDLE);
    endproperty
    assert property (p_state_transition) else $error(""State transition error: expected state to be CDC_IDLE when transitioning from CDC_REQ with req asserted"");

    // req_sync assertion when in CDC_REQ state
    property p_req_sync_assert;
        @(posedge clk) disable iff (!rst_n)
        (state == CDC_REQ) |-> ##1 (req_sync == 1'b1);
    endproperty
    assert property (p_req_sync_assert) else $error(""req_sync assertion error: expected req_sync to be high when in CDC_REQ state"");

    // Transition to CDC_WAIT_ACK on req and not ack
    property p_transition_to_wait_ack;
        @(posedge clk) disable iff (!rst_n)
        (next_state == CDC_WAIT_ACK && !(req && !ack)) |-> ##1 (state == CDC_REQ);
    endproperty
    assert property (p_transition_to_wait_ack) else $error(""Transition to CDC_WAIT_ACK error: expected state to remain in CDC_REQ when transitioning without req and ack"");

    // req_sync deassertion in CDC_WAIT_ACK state after ack is asserted
    property p_req_sync_deassert;
        @(posedge clk) disable iff (!rst_n)
        (state == CDC_WAIT_ACK && ack) |-> ##1 (req_sync == 1'b0);
    endproperty
    assert property (p_req_sync_deassert) else $error(""req_sync deassertion error: expected req_sync to be low after ack is asserted in CDC_WAIT_ACK state"");

    // Transition back to CDC_IDLE when req is no longer asserted
    property p_transition_to_idle;
        @(posedge clk) disable iff (!rst_n)
        (next_state == CDC_IDLE && !req) |-> ##1 (state == CDC_DONE);
    endproperty
    assert property (p_transition_to_idle) else $error(""Transition to CDC_IDLE error: expected state to transition to CDC_DONE when moving back to idle from any state with req deasserted"");

endmodule",OK,16.414416074752808,3267,688
"module irq_priority_resolver (
    input  logic [7:0] irq_pending,
    input  logic [7:0] irq_enable,
    output logic [2:0] irq_id,
    output logic       irq_valid
);

    logic [7:0] active_irq;
    assign active_irq = irq_pending & irq_enable;

    always_comb begin
        irq_id    = 3'd0;
        irq_valid = 1'b0;

        priority case (1'b1)
            active_irq[7]: begin irq_id = 3'd7; irq_valid = 1'b1; end
            active_irq[6]: begin irq_id = 3'd6; irq_valid = 1'b1; end
            active_irq[5]: begin irq_id = 3'd5; irq_valid = 1'b1; end
            active_irq[4]: begin irq_id = 3'd4; irq_valid = 1'b1; end
            active_irq[3]: begin irq_id = 3'd3; irq_valid = 1'b1; end
            active_irq[2]: begin irq_id = 3'd2; irq_valid = 1'b1; end
            active_irq[1]: begin irq_id = 3'd1; irq_valid = 1'b1; end
            active_irq[0]: begin irq_id = 3'd0; irq_valid = 1'b1; end
            default: irq_valid = 1'b0;
        endcase
    end

endmodule","module irq_priority_resolver_assertions (
    input logic clk,
    input logic rst_n,
    input logic [7:0] irq_pending,
    input logic [7:0] irq_enable,
    output logic [2:0] irq_id,
    output logic       irq_valid
);

    // Internal variable to hold the active IRQs
    logic [7:0] active_irq;
    assign active_irq = irq_pending & irq_enable;

    // Properties for each possible IRQ being serviced
    property p_irq_id_7;
        @(posedge clk) disable iff (!rst_n) (active_irq[7]) |-> (irq_id == 3'd7 && irq_valid);
    endproperty
    assert property (p_irq_id_7) else $error(""IRQ ID should be 7 when active_irq[7] is high"");

    property p_irq_id_6;
        @(posedge clk) disable iff (!rst_n) (active_irq[6]) |-> (irq_id == 3'd6 && irq_valid);
    endproperty
    assert property (p_irq_id_6) else $error(""IRQ ID should be 6 when active_irq[6] is high"");

    property p_irq_id_5;
        @(posedge clk) disable iff (!rst_n) (active_irq[5]) |-> (irq_id == 3'd5 && irq_valid);
    endproperty
    assert property (p_irq_id_5) else $error(""IRQ ID should be 5 when active_irq[5] is high"");

    property p_irq_id_4;
        @(posedge clk) disable iff (!rst_n) (active_irq[4]) |-> (irq_id == 3'd4 && irq_valid);
    endproperty
    assert property (p_irq_id_4) else $error(""IRQ ID should be 4 when active_irq[4] is high"");

    property p_irq_id_3;
        @(posedge clk) disable iff (!rst_n) (active_irq[3]) |-> (irq_id == 3'd3 && irq_valid);
    endproperty
    assert property (p_irq_id_3) else $error(""IRQ ID should be 3 when active_irq[3] is high"");

    property p_irq_id_2;
        @(posedge clk) disable iff (!rst_n) (active_irq[2]) |-> (irq_id == 3'd2 && irq_valid);
    endproperty
    assert property (p_irq_id_2) else $error(""IRQ ID should be 2 when active_irq[2] is high"");

    property p_irq_id_1;
        @(posedge clk) disable iff (!rst_n) (active_irq[1]) |-> (irq_id == 3'd1 && irq_valid);
    endproperty
    assert property (p_irq_id_1) else $error(""IRQ ID should be 1 when active_irq[1] is high"");

    property p_irq_id_0;
        @(posedge clk) disable iff (!rst_n) (active_irq[0]) |-> (irq_id == 3'd0 && irq_valid);
    endproperty
    assert property (p_irq_id_0) else $error(""IRQ ID should be 0 when active_irq[0] is high"");

    // Property for no IRQ being serviced when none are active
    property p_no_irq_when_none_active;
        @(posedge clk) disable iff (!rst_n) (!(|active_irq)) |-> (irq_id == 3'd0 && !irq_valid);
    endproperty
    assert property (p_no_irq_when_none_active) else $error(""IRQ ID should be 0 and valid should be false when no IRQs are active"");

endmodule",OK,18.83667588233948,3307,942
"module mem_burst_ctrl (
    input  logic [1:0] burst_type,
    output logic [3:0] burst_len,
    output logic       burst_wrap
);

    always_comb begin
        burst_len  = 4'd0;
        burst_wrap = 1'b0;

        unique case (burst_type)
            2'b00: burst_len = 4'd1;   // Fixed
            2'b01: burst_len = 4'd4;   // INCR4
            2'b10: burst_len = 4'd8;   // INCR8
            2'b11: begin               // WRAP
                burst_len  = 4'd4;
                burst_wrap = 1'b1;
            end
            default: ;
        endcase
    end

endmodule","module mem_burst_ctrl_assertions(
    input logic [1:0] burst_type,
    output logic [3:0] burst_len,
    output logic       burst_wrap
);

    property p_burst_len_fixed;
        @(posedge clk) (burst_type == 2'b00) |-> (burst_len == 4'd1);
    endproperty
    assert property (p_burst_len_fixed) else $error(""Error: burst_len not assigned correctly for fixed burst type"");

    property p_burst_len_incr4;
        @(posedge clk) (burst_type == 2'b01) |-> (burst_len == 4'd4);
    endproperty
    assert property (p_burst_len_incr4) else $error(""Error: burst_len not assigned correctly for INCR4 burst type"");

    property p_burst_len_incr8;
        @(posedge clk) (burst_type == 2'b10) |-> (burst_len == 4'd8);
    endproperty
    assert property (p_burst_len_incr8) else $error(""Error: burst_len not assigned correctly for INCR8 burst type"");

    property p_burst_wrap;
        @(posedge clk) (burst_type == 2'b11) |-> (burst_len == 4'd4 && burst_wrap == 1'b1);
    endproperty
    assert property (p_burst_wrap) else $error(""Error: burst_len and burst_wrap not assigned correctly for WRAP burst type"");

endmodule","** Error: prueba.sv(8): (vlog-2730) Undefined variable: 'clk'.
** Error (suppressible): prueba.sv(10): (vlog-1957) The sva directive is not sensitive to a clock. Unclocked directives are not supported.
** Error: prueba.sv(13): (vlog-2730) Undefined variable: 'clk'.
** Error (suppressible): prueba.sv(15): (vlog-1957) The sva directive is not sensitive to a clock. Unclocked directives are not supported.
** Error: prueba.sv(18): (vlog-2730) Undefined variable: 'clk'.
** Error (suppressible): prueba.sv(20): (vlog-1957) The sva directive is not sensitive to a clock. Unclocked directives are not supported.
** Error: prueba.sv(23): (vlog-2730) Undefined variable: 'clk'.
** Error (suppressible): prueba.sv(25): (vlog-1957) The sva directive is not sensitive to a clock. Unclocked directives are not supported.
** Error: prueba.sv(8): (vlog-2730) Undefined variable: 'clk'.",5.987592697143555,3123,393
"module gpu_exec_select (
    input  logic [15:0] opcode,
    output logic        use_alu,
    output logic        use_fpu,
    output logic        use_ldst,
    output logic        illegal
);

    always_comb begin
        use_alu  = 1'b0;
        use_fpu  = 1'b0;
        use_ldst = 1'b0;
        illegal  = 1'b0;

        casez (opcode)
            16'b0001_????_????_????: use_alu  = 1'b1;
            16'b0010_????_????_????: use_fpu  = 1'b1;
            16'b0100_????_????_????: use_ldst = 1'b1;
            default: illegal = 1'b1;
        endcase
    end

endmodule","module gpu_exec_select_assertions(
    input logic [15:0] opcode,
    output logic use_alu,
    output logic use_fpu,
    output logic use_ldst,
    output logic illegal
);

    property p_use_alu_assign;
        @(posedge clk) (opcode == 16'b0001_????_????_????) |-> (use_alu == 1'b1);
    endproperty
    assert property (p_use_alu_assign);

    property p_use_fpu_assign;
        @(posedge clk) (opcode == 16'b0010_????_????_????) |-> (use_fpu == 1'b1);
    endproperty
    assert property (p_use_fpu_assign);

    property p_use_ldst_assign;
        @(posedge clk) (opcode == 16'b0100_????_????_????) |-> (use_ldst == 1'b1);
    endproperty
    assert property (p_use_ldst_assign);

    property p_illegal_assign;
        @(posedge clk) (opcode != 16'b0001_????_????_???? && opcode != 16'b0010_????_????_???? && opcode != 16'b0100_????_????_????) |-> (illegal == 1'b1);
    endproperty
    assert property (p_illegal_assign);

endmodule","** Error: prueba.sv(10): (vlog-2730) Undefined variable: 'clk'.
** Error (suppressible): prueba.sv(12): (vlog-1957) The sva directive is not sensitive to a clock. Unclocked directives are not supported.
** Error: prueba.sv(15): (vlog-2730) Undefined variable: 'clk'.
** Error (suppressible): prueba.sv(17): (vlog-1957) The sva directive is not sensitive to a clock. Unclocked directives are not supported.
** Error: prueba.sv(20): (vlog-2730) Undefined variable: 'clk'.
** Error (suppressible): prueba.sv(22): (vlog-1957) The sva directive is not sensitive to a clock. Unclocked directives are not supported.
** Error: prueba.sv(25): (vlog-2730) Undefined variable: 'clk'.
** Error (suppressible): prueba.sv(27): (vlog-1957) The sva directive is not sensitive to a clock. Unclocked directives are not supported.
** Error: prueba.sv(10): (vlog-2730) Undefined variable: 'clk'.",7.051511287689209,3144,378
"module cpu_full_decoder (
    input  logic [31:0] instr,
    output logic        reg_write,
    output logic        mem_read,
    output logic        mem_write,
    output logic        branch,
    output logic        illegal
);

    logic [6:0] opcode;
    logic [2:0] funct3;
    logic [1:0] addr_mode;

    assign opcode    = instr[6:0];
    assign funct3    = instr[14:12];
    assign addr_mode = instr[21:20];

    always_comb begin
        reg_write = 1'b0;
        mem_read  = 1'b0;
        mem_write = 1'b0;
        branch    = 1'b0;
        illegal   = 1'b0;

        unique case (opcode)

            7'b0110011: begin // ALU register ops
                reg_write = 1'b1;
                unique case (funct3)
                    3'b000, 3'b111, 3'b110: ; // ADD/AND/OR
                    default: illegal = 1'b1;
                endcase
            end

            7'b0000011: begin // LOAD
                mem_read  = 1'b1;
                reg_write = 1'b1;
                unique case (funct3)
                    3'b010: begin // LW
                        case (addr_mode)
                            2'b00, 2'b01: ; // direct/indexed
                            2'b10: illegal = 1'b1;
                            default: illegal = 1'b1;
                        endcase
                    end
                    default: illegal = 1'b1;
                endcase
            end

            7'b0100011: begin // STORE
                mem_write = 1'b1;
                unique case (funct3)
                    3'b010: begin // SW
                        case (addr_mode)
                            2'b00: ;        // direct
                            2'b01: ;        // indexed
                            default: illegal = 1'b1;
                        endcase
                    end
                    default: illegal = 1'b1;
                endcase
            end

            7'b1100011: begin // BRANCH
                branch = 1'b1;
                unique case (funct3)
                    3'b000, 3'b001: ; // BEQ/BNE
                    default: illegal = 1'b1;
                endcase
            end

            default: illegal = 1'b1;
        endcase
    end

endmodule","module cpu_full_decoder_assertions (
    input logic [31:0] instr,
    output logic reg_write,
    output logic mem_read,
    output logic mem_write,
    output logic branch,
    output logic illegal
);

    logic [6:0] opcode;
    logic [2:0] funct3;
    logic [1:0] addr_mode;

    assign opcode = instr[6:0];
    assign funct3 = instr[14:12];
    assign addr_mode = instr[21:20];

    // Properties for functional behavior verification

    property p_reg_write_alu_op;
        @(posedge clk) (opcode == 7'b0110011) |-> (reg_write == 1'b1);
    endproperty
    assert property (p_reg_write_alu_op) else $error(""ALU operation failed to set reg_write"");

    property p_mem_read_load;
        @(posedge clk) (opcode == 7'b0000011 && funct3 == 3'b010) |-> (mem_read == 1'b1);
    endproperty
    assert property (p_mem_read_load) else $error(""LOAD operation failed to set mem_read"");

    property p_mem_write_store;
        @(posedge clk) (opcode == 7'b0100011 && funct3 == 3'b010) |-> (mem_write == 1'b1);
    endproperty
    assert property (p_mem_write_store) else $error(""STORE operation failed to set mem_write"");

    property p_branch_condition;
        @(posedge clk) (opcode == 7'b1100011) |-> (branch == 1'b1);
    endproperty
    assert property (p_branch_condition) else $error(""BRANCH operation failed to set branch"");

    property p_illegal_default;
        @(posedge clk) ((opcode != 7'b0110011 && opcode != 7'b0000011 && opcode != 7'b0100011 && opcode != 7'b1100011) || illegal == 1'b1);
    endproperty
    assert property (p_illegal_default) else $error(""Default case for illegal operation failed to set illegal"");

endmodule","** Error: prueba.sv(21): (vlog-2730) Undefined variable: 'clk'.
** Error (suppressible): prueba.sv(23): (vlog-1957) The sva directive is not sensitive to a clock. Unclocked directives are not supported.
** Error: prueba.sv(26): (vlog-2730) Undefined variable: 'clk'.
** Error (suppressible): prueba.sv(28): (vlog-1957) The sva directive is not sensitive to a clock. Unclocked directives are not supported.
** Error: prueba.sv(31): (vlog-2730) Undefined variable: 'clk'.
** Error (suppressible): prueba.sv(33): (vlog-1957) The sva directive is not sensitive to a clock. Unclocked directives are not supported.
** Error: prueba.sv(36): (vlog-2730) Undefined variable: 'clk'.
** Error (suppressible): prueba.sv(38): (vlog-1957) The sva directive is not sensitive to a clock. Unclocked directives are not supported.
** Error: prueba.sv(41): (vlog-2730) Undefined variable: 'clk'.
** Error (suppressible): prueba.sv(43): (vlog-1957) The sva directive is not sensitive to a clock. Unclocked directives are not supported.
** Error: prueba.sv(21): (vlog-2730) Undefined variable: 'clk'.",14.358917951583862,3590,602
"module packet_classifier (
    input  logic [31:0] hdr,
    output logic        fast_path,
    output logic        slow_path,
    output logic        drop
);

    logic [7:0] proto;
    logic [3:0] subtype;
    logic [2:0] qos;

    assign proto   = hdr[31:24];
    assign subtype = hdr[23:20];
    assign qos     = hdr[2:0];

    always_comb begin
        fast_path = 1'b0;
        slow_path = 1'b0;
        drop      = 1'b0;

        unique case (proto)
            8'h08: begin // IPv4
                case (subtype)
                    4'h0: begin // UDP
                        case (qos)
                            3'b000, 3'b001: fast_path = 1'b1;
                            3'b111: drop = 1'b1;
                            default: slow_path = 1'b1;
                        endcase
                    end

                    4'h1: begin // TCP
                        case (qos)
                            3'b000: fast_path = 1'b1;
                            default: slow_path = 1'b1;
                        endcase
                    end

                    default: slow_path = 1'b1;
                endcase
            end

            8'h86: begin // IPv6
                case (subtype)
                    4'h0, 4'h1: slow_path = 1'b1;
                    default: drop = 1'b1;
                endcase
            end

            default: drop = 1'b1;
        endcase
    end

endmodule","module packet_classifier_assertions(
    input logic [31:0] hdr,
    output logic fast_path,
    output logic slow_path,
    output logic drop
);

    // Extracted signals from the module
    logic [7:0] proto;
    logic [3:0] subtype;
    logic [2:0] qos;

    assign proto   = hdr[31:24];
    assign subtype = hdr[23:20];
    assign qos     = hdr[2:0];

    // Properties for fast_path, slow_path, and drop assignments

    property p_fast_path_assign;
        @(posedge clk) (proto == 8'h08 && subtype == 4'h0 && (qos == 3'b000 || qos == 3'b001)) |-> (fast_path == 1'b1);
    endproperty
    assert property (p_fast_path_assign) else $error(""fast_path assertion failed"");

    property p_slow_path_assign;
        @(posedge clk) (proto == 8'h08 && subtype == 4'h0 && qos != 3'b000 && qos != 3'b001 && qos != 3'b111) |-> (slow_path == 1'b1);
    endproperty
    assert property (p_slow_path_assign) else $error(""slow_path assertion failed"");

    property p_drop_assign;
        @(posedge clk) ((proto != 8'h08 && proto != 8'h86) || (proto == 8'h08 && subtype != 4'h0) || (proto == 8'h86 && subtype == 4'h0 && subtype != 4'h1)) |-> (drop == 1'b1);
    endproperty
    assert property (p_drop_assign) else $error(""drop assertion failed"");

endmodule","** Error: prueba.sv(20): (vlog-2730) Undefined variable: 'clk'.
** Error (suppressible): prueba.sv(22): (vlog-1957) The sva directive is not sensitive to a clock. Unclocked directives are not supported.
** Error: prueba.sv(25): (vlog-2730) Undefined variable: 'clk'.
** Error (suppressible): prueba.sv(27): (vlog-1957) The sva directive is not sensitive to a clock. Unclocked directives are not supported.
** Error: prueba.sv(30): (vlog-2730) Undefined variable: 'clk'.
** Error (suppressible): prueba.sv(32): (vlog-1957) The sva directive is not sensitive to a clock. Unclocked directives are not supported.
** Error: prueba.sv(20): (vlog-2730) Undefined variable: 'clk'.",20.998854398727417,3347,480
"module storage_cmd_proc (
    input  logic [7:0] cmd,
    input  logic [3:0] feature,
    input  logic [1:0] subop,
    output logic       exec,
    output logic       flush,
    output logic       error
);

    always_comb begin
        exec  = 1'b0;
        flush = 1'b0;
        error = 1'b0;

        unique case (cmd)
            8'h01: begin // READ
                case (feature)
                    4'h0, 4'h1: exec = 1'b1;
                    4'hF: begin
                        case (subop)
                            2'b00: exec = 1'b1;
                            default: error = 1'b1;
                        endcase
                    end
                    default: error = 1'b1;
                endcase
            end

            8'h02: begin // WRITE
                case (feature)
                    4'h0: exec = 1'b1;
                    4'hE: flush = 1'b1;
                    default: error = 1'b1;
                endcase
            end

            8'hFF: begin // FLUSH
                flush = 1'b1;
            end

            default: error = 1'b1;
        endcase
    end

endmodule","module storage_cmd_proc_assertions (
    input logic [7:0] cmd,
    input logic [3:0] feature,
    input logic [1:0] subop,
    output logic exec,
    output logic flush,
    output logic error
);

    always_comb begin
        exec  = 1'b0;
        flush = 1'b0;
        error = 1'b0;

        unique case (cmd)
            8'h01: begin // READ
                case (feature)
                    4'h0, 4'h1: exec = 1'b1;
                    4'hF: begin
                        case (subop)
                            2'b00: exec = 1'b1;
                            default: error = 1'b1;
                        endcase
                    end
                    default: error = 1'b1;
                endcase
            end

            8'h02: begin // WRITE
                case (feature)
                    4'h0: exec = 1'b1;
                    4'hE: flush = 1'b1;
                    default: error = 1'b1;
                endcase
            end

            8'hFF: begin // FLUSH
                flush = 1'b1;
            end

            default: error = 1'b1;
        endcase
    end

    property p_exec_read_feature0_or_1;
        @(posedge clk) (cmd == 8'h01 && (feature == 4'h0 || feature == 4'h1)) |-> ##1 exec == 1'b1;
    endproperty
    assert property (p_exec_read_feature0_or_1);

    property p_error_default_cmd;
        @(posedge clk) (cmd != 8'h01 && cmd != 8'h02 && cmd != 8'hFF) |-> ##1 error == 1'b1;
    endproperty
    assert property (p_error_default_cmd);

    property p_flush_ff_cmd;
        @(posedge clk) (cmd == 8'hFF) |-> ##1 flush == 1'b1;
    endproperty
    assert property (p_flush_ff_cmd);

endmodule","** Error: prueba.sv(46): (vlog-2730) Undefined variable: 'clk'.
** Error (suppressible): prueba.sv(48): (vlog-1957) The sva directive is not sensitive to a clock. Unclocked directives are not supported.
** Error: prueba.sv(51): (vlog-2730) Undefined variable: 'clk'.
** Error (suppressible): prueba.sv(53): (vlog-1957) The sva directive is not sensitive to a clock. Unclocked directives are not supported.
** Error: prueba.sv(56): (vlog-2730) Undefined variable: 'clk'.
** Error (suppressible): prueba.sv(58): (vlog-1957) The sva directive is not sensitive to a clock. Unclocked directives are not supported.
** Error: prueba.sv(46): (vlog-2730) Undefined variable: 'clk'.",8.352568864822388,3248,557
"module thermal_policy (
    input  logic [1:0] mode,
    input  logic [2:0] temp_level,
    output logic       throttle,
    output logic       shutdown
);

    always_comb begin
        throttle = 1'b0;
        shutdown = 1'b0;

        unique case (mode)
            2'b00: begin // Performance
                case (temp_level)
                    3'b000, 3'b001: ;
                    3'b010, 3'b011: throttle = 1'b1;
                    default: shutdown = 1'b1;
                endcase
            end

            2'b01: begin // Balanced
                case (temp_level)
                    3'b000: ;
                    3'b001, 3'b010: throttle = 1'b1;
                    default: shutdown = 1'b1;
                endcase
            end

            2'b10: begin // Power-save
                case (temp_level)
                    3'b000, 3'b001: throttle = 1'b1;
                    default: shutdown = 1'b1;
                endcase
            end

            default: shutdown = 1'b1;
        endcase
    end

endmodule","module thermal_policy_assertions(
    input logic [1:0] mode,
    input logic [2:0] temp_level,
    output logic throttle,
    output logic shutdown
);

    property p_throttle_perf;
        @(posedge clk) (mode == 2'b00 && (temp_level == 3'b000 || temp_level == 3'b001)) |-> (!throttle);
    endproperty
    assert property (p_throttle_perf) else $error(""Throttle not set for Performance mode and specific temperature levels"");

    property p_throttle_bal;
        @(posedge clk) (mode == 2'b01 && temp_level inside [3'b000, 3'b001, 3'b010]) |-> (throttle == 1'b1);
    endproperty
    assert property (p_throttle_bal) else $error(""Throttle not set for Balanced mode and specific temperature levels"");

    property p_shutdown_def;
        @(posedge clk) (mode != 2'b00 && mode != 2'b01 && mode != 2'b10) |-> (shutdown == 1'b1);
    endproperty
    assert property (p_shutdown_def) else $error(""Shutdown not set for default or unsupported modes"");

    property p_shutdown_ps;
        @(posedge clk) (mode == 2'b10 && temp_level inside [3'b000, 3'b001]) |-> (shutdown == 1'b1);
    endproperty
    assert property (p_shutdown_ps) else $error(""Shutdown not set for Power-save mode and specific temperature levels"");

endmodule","** Error: (vlog-13069) prueba.sv(14): near ""["": syntax error, unexpected '['.
** Error: (vlog-13069) prueba.sv(24): near ""["": syntax error, unexpected '['.",12.017324209213257,3240,423
"module interconnect_router (
    input  logic [3:0] master_id,
    input  logic [1:0] txn_type,
    input  logic [1:0] burst,
    output logic       route_fast,
    output logic       route_slow,
    output logic       reject
);

    always_comb begin
        route_fast = 1'b0;
        route_slow = 1'b0;
        reject     = 1'b0;

        unique case (master_id)
            4'h0, 4'h1: begin
                case (txn_type)
                    2'b00: route_fast = 1'b1; // read
                    2'b01: begin              // write
                        case (burst)
                            2'b00, 2'b01: route_fast = 1'b1;
                            default: route_slow = 1'b1;
                        endcase
                    end
                    default: reject = 1'b1;
                endcase
            end

            4'hF: begin
                case (txn_type)
                    2'b00: route_slow = 1'b1;
                    default: reject = 1'b1;
                endcase
            end

            default: reject = 1'b1;
        endcase
    end

endmodule","module interconnect_router_assertions(
    input logic [3:0] master_id,
    input logic [1:0] txn_type,
    input logic [1:0] burst,
    output logic route_fast,
    output logic route_slow,
    output logic reject
);

    property p_route_fast_assign;
        @(posedge clk) (master_id == 4'h0 || master_id == 4'h1 && txn_type == 2'b00) |-> (route_fast == 1'b1);
    endproperty
    assert property (p_route_fast_assign);

    property p_route_slow_assign;
        @(posedge clk) (master_id == 4'h0 || master_id == 4'h1 && txn_type == 2'b01 && (burst == 2'b00 || burst == 2'b01)) |-> (route_slow == 1'b1);
    endproperty
    assert property (p_route_slow_assign);

    property p_reject_assign;
        @(posedge clk) ((master_id != 4'h0 && master_id != 4'h1 && master_id != 4'hF) || (master_id == 4'h0 || master_id == 4'h1) && txn_type != 2'b00 && (txn_type != 2'b01 || burst != 2'b00 || burst != 2'b01)) |-> (reject == 1'b1);
    endproperty
    assert property (p_reject_assign);

endmodule","** Error: prueba.sv(11): (vlog-2730) Undefined variable: 'clk'.
** Error (suppressible): prueba.sv(13): (vlog-1957) The sva directive is not sensitive to a clock. Unclocked directives are not supported.
** Error: prueba.sv(16): (vlog-2730) Undefined variable: 'clk'.
** Error (suppressible): prueba.sv(18): (vlog-1957) The sva directive is not sensitive to a clock. Unclocked directives are not supported.
** Error: prueba.sv(21): (vlog-2730) Undefined variable: 'clk'.
** Error (suppressible): prueba.sv(23): (vlog-1957) The sva directive is not sensitive to a clock. Unclocked directives are not supported.
** Error: prueba.sv(11): (vlog-2730) Undefined variable: 'clk'.",6.90245795249939,3242,404
"module obi_txn_decoder (
    input  logic        req,
    input  logic        we,
    input  logic [1:0]  prot,
    input  logic [1:0]  burst,
    output logic        allow,
    output logic        fault
);

    // prot[1] = privileged
    // prot[0] = secure

    always_comb begin
        allow = 1'b0;
        fault = 1'b0;

        if (req) begin
            unique case (we)
                1'b0: begin // READ
                    case (prot)
                        2'b00, 2'b01: begin
                            case (burst)
                                2'b00, 2'b01: allow = 1'b1;
                                default: fault = 1'b1;
                            endcase
                        end
                        default: fault = 1'b1;
                    endcase
                end

                1'b1: begin // WRITE
                    case (prot)
                        2'b10: begin // privileged non-secure
                            case (burst)
                                2'b00: allow = 1'b1;
                                default: fault = 1'b1;
                            endcase
                        end
                        default: fault = 1'b1;
                    endcase
                end

                default: fault = 1'b1;
            endcase
        end
    end

endmodule","module obi_txn_decoder_properties (
    input logic req,
    input logic we,
    input logic [1:0] prot,
    input logic [1:0] burst,
    output logic allow,
    output logic fault
);

    always_comb begin
        if (req) begin
            unique case (we)
                1'b0: begin // READ
                    case (prot)
                        2'b00, 2'b01: begin
                            case (burst)
                                2'b00, 2'b01: allow = 1'b1;
                                default: fault = 1'b1;
                            endcase
                        end
                        default: fault = 1'b1;
                    endcase
                end
                1'b1: begin // WRITE
                    case (prot)
                        2'b10: begin // privileged non-secure
                            case (burst)
                                2'b00: allow = 1'b1;
                                default: fault = 1'b1;
                            endcase
                        end
                        default: fault = 1'b1;
                    endcase
                end
                default: fault = 1'b1;
            endcase
        end else begin
            allow = 1'b0;
            fault = 1'b0;
        end
    end

    property p_allow_read_prot00;
        @(posedge clk) (req && we == 1'b0 && prot == 2'b00) |-> ##[0:1] allow;
    endproperty
    assert property (p_allow_read_prot00);

    property p_allow_read_prot01;
        @(posedge clk) (req && we == 1'b0 && prot == 2'b01) |-> ##[0:1] allow;
    endproperty
    assert property (p_allow_read_prot01);

    property p_fault_invalid_burst_read;
        @(posedge clk) (req && we == 1'b0 && (prot == 2'b10 || prot == 2'b11)) |-> ##[0:1] fault;
    endproperty
    assert property (p_fault_invalid_burst_read);

    property p_allow_write_prot10_burst00;
        @(posedge clk) (req && we == 1'b1 && prot == 2'b10 && burst == 2'b00) |-> ##[0:1] allow;
    endproperty
    assert property (p_allow_write_prot10_burst00);

    property p_fault_invalid_prot_write;
        @(posedge clk) (req && we == 1'b1 && (prot == 2'b00 || prot == 2'b01 || prot == 2'b11)) |-> ##[0:1] fault;
    endproperty
    assert property (p_fault_invalid_prot_write);

endmodule","** Error: prueba.sv(44): (vlog-2730) Undefined variable: 'clk'.
** Error (suppressible): prueba.sv(46): (vlog-1957) The sva directive is not sensitive to a clock. Unclocked directives are not supported.
** Error: prueba.sv(49): (vlog-2730) Undefined variable: 'clk'.
** Error (suppressible): prueba.sv(51): (vlog-1957) The sva directive is not sensitive to a clock. Unclocked directives are not supported.
** Error: prueba.sv(54): (vlog-2730) Undefined variable: 'clk'.
** Error (suppressible): prueba.sv(56): (vlog-1957) The sva directive is not sensitive to a clock. Unclocked directives are not supported.
** Error: prueba.sv(59): (vlog-2730) Undefined variable: 'clk'.
** Error (suppressible): prueba.sv(61): (vlog-1957) The sva directive is not sensitive to a clock. Unclocked directives are not supported.
** Error: prueba.sv(64): (vlog-2730) Undefined variable: 'clk'.
** Error (suppressible): prueba.sv(66): (vlog-1957) The sva directive is not sensitive to a clock. Unclocked directives are not supported.
** Error: prueba.sv(44): (vlog-2730) Undefined variable: 'clk'.",10.56297492980957,3257,723
"module alert_handler_ctrl (
    input  logic [1:0] alert_class,
    input  logic [1:0] esc_state,
    output logic       irq,
    output logic       nmi,
    output logic       reset_req
);

    always_comb begin
        irq       = 1'b0;
        nmi       = 1'b0;
        reset_req = 1'b0;

        unique case (alert_class)
            2'b00: begin // Class A
                case (esc_state)
                    2'b00: irq = 1'b1;
                    2'b01: nmi = 1'b1;
                    default: reset_req = 1'b1;
                endcase
            end

            2'b01: begin // Class B
                case (esc_state)
                    2'b00, 2'b01: nmi = 1'b1;
                    default: reset_req = 1'b1;
                endcase
            end

            2'b10: begin // Class C
                case (esc_state)
                    2'b00: nmi = 1'b1;
                    default: reset_req = 1'b1;
                endcase
            end

            default: reset_req = 1'b1;
        endcase
    end

endmodule","module alert_handler_ctrl_properties (
    input logic [1:0] alert_class,
    input logic [1:0] esc_state,
    output logic irq,
    output logic nmi,
    output logic reset_req
);

    property p_irq_a;
        @(posedge clk) (alert_class == 2'b00) |-> ##1 (esc_state == 2'b00) |-> (irq == 1'b1);
    endproperty
    assert property (p_irq_a) else $error(""Property p_irq_a failed: irq not asserted for Class A and esc_state 00"");

    property p_nmi_a;
        @(posedge clk) (alert_class == 2'b00) |-> ##1 (esc_state == 2'b01) |-> (nmi == 1'b1);
    endproperty
    assert property (p_nmi_a) else $error(""Property p_nmi_a failed: nmi not asserted for Class A and esc_state 01"");

    property p_reset_req_a;
        @(posedge clk) (alert_class == 2'b00) |-> ##1 (esc_state != 2'b00 && esc_state != 2'b01) |-> (reset_req == 1'b1);
    endproperty
    assert property (p_reset_req_a) else $error(""Property p_reset_req_a failed: reset_req not asserted for Class A and invalid esc_state"");

    property p_nmi_b;
        @(posedge clk) (alert_class == 2'b01) |-> ##1 ((esc_state == 2'b00) || (esc_state == 2'b01)) |-> (nmi == 1'b1);
    endproperty
    assert property (p_nmi_b) else $error(""Property p_nmi_b failed: nmi not asserted for Class B and valid esc_states"");

    property p_reset_req_b;
        @(posedge clk) (alert_class == 2'b01) |-> ##1 ((esc_state != 2'b00) && (esc_state != 2'b01)) |-> (reset_req == 1'b1);
    endproperty
    assert property (p_reset_req_b) else $error(""Property p_reset_req_b failed: reset_req not asserted for Class B and invalid esc_state"");

    property p_nmi_c;
        @(posedge clk) (alert_class == 2'b10) |-> ##1 (esc_state == 2'b00) |-> (nmi == 1'b1);
    endproperty
    assert property (p_nmi_c) else $error(""Property p_nmi_c failed: nmi not asserted for Class C and esc_state 00"");

    property p_reset_req_c;
        @(posedge clk) (alert_class == 2'b10) |-> ##1 (esc_state != 2'b00) |-> (reset_req == 1'b1);
    endproperty
    assert property (p_reset_req_c) else $error(""Property p_reset_req_c failed: reset_req not asserted for Class C and invalid esc_state"");

    property p_default_reset_req;
        @(posedge clk) !(alert_class == 2'b00 || alert_class == 2'b01 || alert_class == 2'b10) |-> (reset_req == 1'b1);
    endproperty
    assert property (p_default_reset_req) else $error(""Property p_default_reset_req failed: reset_req not asserted for default class"");

endmodule","** Error: prueba.sv(10): (vlog-2730) Undefined variable: 'clk'.
** Error (suppressible): prueba.sv(12): (vlog-1957) The sva directive is not sensitive to a clock. Unclocked directives are not supported.
** Error: prueba.sv(15): (vlog-2730) Undefined variable: 'clk'.
** Error (suppressible): prueba.sv(17): (vlog-1957) The sva directive is not sensitive to a clock. Unclocked directives are not supported.
** Error: prueba.sv(20): (vlog-2730) Undefined variable: 'clk'.
** Error (suppressible): prueba.sv(22): (vlog-1957) The sva directive is not sensitive to a clock. Unclocked directives are not supported.
** Error: prueba.sv(25): (vlog-2730) Undefined variable: 'clk'.
** Error (suppressible): prueba.sv(27): (vlog-1957) The sva directive is not sensitive to a clock. Unclocked directives are not supported.
** Error: prueba.sv(30): (vlog-2730) Undefined variable: 'clk'.
** Error (suppressible): prueba.sv(32): (vlog-1957) The sva directive is not sensitive to a clock. Unclocked directives are not supported.
** Error: prueba.sv(35): (vlog-2730) Undefined variable: 'clk'.
** Error (suppressible): prueba.sv(37): (vlog-1957) The sva directive is not sensitive to a clock. Unclocked directives are not supported.
** Error: prueba.sv(40): (vlog-2730) Undefined variable: 'clk'.
** Error (suppressible): prueba.sv(42): (vlog-1957) The sva directive is not sensitive to a clock. Unclocked directives are not supported.
** Error: prueba.sv(45): (vlog-2730) Undefined variable: 'clk'.
** Error (suppressible): prueba.sv(47): (vlog-1957) The sva directive is not sensitive to a clock. Unclocked directives are not supported.
** Error: prueba.sv(10): (vlog-2730) Undefined variable: 'clk'.",12.76679825782776,3250,928
"module lifecycle_gate (
    input  logic [2:0] lc_state,
    input  logic [1:0] transition,
    output logic       allow,
    output logic       violation
);

    always_comb begin
        allow     = 1'b0;
        violation = 1'b0;

        unique case (lc_state)
            3'b000: begin // TEST_UNLOCKED
                case (transition)
                    2'b00, 2'b01: allow = 1'b1;
                    default: violation = 1'b1;
                endcase
            end

            3'b001: begin // DEV
                case (transition)
                    2'b01: allow = 1'b1;
                    default: violation = 1'b1;
                endcase
            end

            3'b010: begin // PROD
                case (transition)
                    2'b10: allow = 1'b1;
                    default: violation = 1'b1;
                endcase
            end

            3'b111: begin // RMA
                case (transition)
                    2'b11: allow = 1'b1;
                    default: violation = 1'b1;
                endcase
            end

            default: violation = 1'b1;
        endcase
    end

endmodule","module lifecycle_gate_assertions(
    input logic [2:0] lc_state,
    input logic [1:0] transition,
    output logic allow,
    output logic violation
);

    // Internal variables and functions can be inferred from the case statements.
    always_comb begin
        allow = 1'b0;
        violation = 1'b0;

        unique case (lc_state)
            3'b000: begin // TEST_UNLOCKED
                case (transition)
                    2'b00, 2'b01: allow = 1'b1;
                    default: violation = 1'b1;
                endcase
            end

            3'b001: begin // DEV
                case (transition)
                    2'b01: allow = 1'b1;
                    default: violation = 1'b1;
                endcase
            end

            3'b010: begin // PROD
                case (transition)
                    2'b10: allow = 1'b1;
                    default: violation = 1'b1;
                endcase
            end

            3'b111: begin // RMA
                case (transition)
                    2'b11: allow = 1'b1;
                    default: violation = 1'b1;
                endcase
            end

            default: violation = 1'b1;
        endcase
    end

    // Assertions to verify the behavior of 'allow' and 'violation' signals.
    property p_allow_when_valid_transition;
        @(posedge clk) (lc_state == 3'b000 && transition inside {2'b00, 2'b01}) |-> ##[0:1] allow == 1'b1;
    endproperty
    assert property (p_allow_when_valid_transition);

    property p_violation_when_invalid_transition;
        @(posedge clk) (lc_state != 3'b000 && transition inside {2'b00, 2'b01}) |-> ##[0:1] violation == 1'b1;
    endproperty
    assert property (p_violation_when_invalid_transition);

endmodule","** Error: prueba.sv(48): (vlog-2730) Undefined variable: 'clk'.
** Error (suppressible): prueba.sv(50): (vlog-1957) The sva directive is not sensitive to a clock. Unclocked directives are not supported.
** Error: prueba.sv(53): (vlog-2730) Undefined variable: 'clk'.
** Error (suppressible): prueba.sv(55): (vlog-1957) The sva directive is not sensitive to a clock. Unclocked directives are not supported.
** Error: prueba.sv(48): (vlog-2730) Undefined variable: 'clk'.",5.7791831493377686,3249,549
"module tl_addr_router (
    input  logic [31:0] addr,
    input  logic [2:0]  opcode,
    output logic        route_rom,
    output logic        route_ram,
    output logic        deny
);

    logic [3:0] region;
    assign region = addr[31:28];

    always_comb begin
        route_rom = 1'b0;
        route_ram = 1'b0;
        deny      = 1'b0;

        unique case (region)
            4'h0: begin // ROM
                case (opcode)
                    3'b000: route_rom = 1'b1; // read
                    default: deny = 1'b1;
                endcase
            end

            4'h1, 4'h2: begin // RAM
                case (opcode)
                    3'b000, 3'b001: route_ram = 1'b1;
                    default: deny = 1'b1;
                endcase
            end

            default: deny = 1'b1;
        endcase
    end

endmodule","module tl_addr_router_assertions(
    input logic [31:0] addr,
    input logic [2:0] opcode,
    output logic route_rom,
    output logic route_ram,
    output logic deny
);

logic [3:0] region;
assign region = addr[31:28];

property p_route_rom_read;
    @(posedge clk) (region == 4'h0 && opcode == 3'b000) |-> (route_rom == 1'b1);
endproperty
assert property (p_route_rom_read) else $error(""Failed: route_rom not asserted for ROM and read opcode"");

property p_deny_default;
    @(posedge clk) ((region != 4'h0 && region != 4'h1 && region != 4'h2) || (opcode == 3'b000 || opcode == 3'b001)) |-> (deny == 1'b1);
endproperty
assert property (p_deny_default) else $error(""Failed: deny not asserted for invalid region or opcode"");

property p_route_ram_valid;
    @(posedge clk) ((region == 4'h1 || region == 4'h2) && (opcode == 3'b000 || opcode == 3'b001)) |-> (route_ram == 1'b1);
endproperty
assert property (p_route_ram_valid) else $error(""Failed: route_ram not asserted for valid region and opcodes"");

endmodule","** Error: prueba.sv(13): (vlog-2730) Undefined variable: 'clk'.
** Error (suppressible): prueba.sv(15): (vlog-1957) The sva directive is not sensitive to a clock. Unclocked directives are not supported.
** Error: prueba.sv(18): (vlog-2730) Undefined variable: 'clk'.
** Error (suppressible): prueba.sv(20): (vlog-1957) The sva directive is not sensitive to a clock. Unclocked directives are not supported.
** Error: prueba.sv(23): (vlog-2730) Undefined variable: 'clk'.
** Error (suppressible): prueba.sv(25): (vlog-1957) The sva directive is not sensitive to a clock. Unclocked directives are not supported.
** Error: prueba.sv(13): (vlog-2730) Undefined variable: 'clk'.",6.925610065460205,3195,377
"module reg_access_ctrl (
    input  logic [7:0]  periph_id,
    input  logic [7:0]  offset,
    input  logic        we,
    output logic        rd_en,
    output logic        wr_en,
    output logic        err
);

    always_comb begin
        rd_en = 1'b0;
        wr_en = 1'b0;
        err   = 1'b0;

        unique case (periph_id)
            8'h10: begin // UART
                case (offset)
                    8'h00, 8'h04: begin
                        case (we)
                            1'b0: rd_en = 1'b1;
                            1'b1: wr_en = 1'b1;
                        endcase
                    end
                    default: err = 1'b1;
                endcase
            end

            8'h20: begin // GPIO
                case (offset)
                    8'h00: wr_en = we;
                    8'h04: rd_en = ~we;
                    default: err = 1'b1;
                endcase
            end

            default: err = 1'b1;
        endcase
    end

endmodule","module reg_access_ctrl_assertions(
    input logic [7:0] periph_id,
    input logic [7:0] offset,
    input logic we,
    output logic rd_en,
    output logic wr_en,
    output logic err
);

    property p_rd_en_uart;
        @(posedge clk) (periph_id == 8'h10 && offset == 8'h00) |-> ##1 (rd_en == 1'b1);
    endproperty
    assert property (p_rd_en_uart) else $error(""UART read error"");

    property p_wr_en_uart;
        @(posedge clk) (periph_id == 8'h10 && offset == 8'h04) |-> ##1 (wr_en == we);
    endproperty
    assert property (p_wr_en_uart) else $error(""UART write error"");

    property p_err_uart;
        @(posedge clk) ((periph_id != 8'h10 && offset != 8'h00 && offset != 8'h04) || (periph_id == 8'h10 && offset != 8'h00 && offset != 8'h04)) |-> ##1 (err == 1'b1);
    endproperty
    assert property (p_err_uart) else $error(""UART error handling error"");

    property p_rd_en_gpio;
        @(posedge clk) (periph_id == 8'h20 && offset == 8'h00) |-> ##1 (rd_en == ~we);
    endproperty
    assert property (p_rd_en_gpio) else $error(""GPIO read error"");

    property p_wr_en_gpio;
        @(posedge clk) (periph_id == 8'h20 && offset == 8'h04) |-> ##1 (wr_en == we);
    endproperty
    assert property (p_wr_en_gpio) else $error(""GPIO write error"");

    property p_err_default;
        @(posedge clk) ((periph_id != 8'h20 && periph_id != 8'h10) || (periph_id == 8'h20 && offset != 8'h00 && offset != 8'h04)) |-> ##1 (err == 1'b1);
    endproperty
    assert property (p_err_default) else $error(""Default error handling error"");

endmodule","** Error: prueba.sv(11): (vlog-2730) Undefined variable: 'clk'.
** Error (suppressible): prueba.sv(13): (vlog-1957) The sva directive is not sensitive to a clock. Unclocked directives are not supported.
** Error: prueba.sv(16): (vlog-2730) Undefined variable: 'clk'.
** Error (suppressible): prueba.sv(18): (vlog-1957) The sva directive is not sensitive to a clock. Unclocked directives are not supported.
** Error: prueba.sv(21): (vlog-2730) Undefined variable: 'clk'.
** Error (suppressible): prueba.sv(23): (vlog-1957) The sva directive is not sensitive to a clock. Unclocked directives are not supported.
** Error: prueba.sv(26): (vlog-2730) Undefined variable: 'clk'.
** Error (suppressible): prueba.sv(28): (vlog-1957) The sva directive is not sensitive to a clock. Unclocked directives are not supported.
** Error: prueba.sv(31): (vlog-2730) Undefined variable: 'clk'.
** Error (suppressible): prueba.sv(33): (vlog-1957) The sva directive is not sensitive to a clock. Unclocked directives are not supported.
** Error: prueba.sv(36): (vlog-2730) Undefined variable: 'clk'.
** Error (suppressible): prueba.sv(38): (vlog-1957) The sva directive is not sensitive to a clock. Unclocked directives are not supported.
** Error: prueba.sv(11): (vlog-2730) Undefined variable: 'clk'.",9.53571081161499,3225,617
"module obi_err_resp (
    input  logic [1:0] err_src,
    input  logic       priv,
    output logic [1:0] resp
);

    always_comb begin
        resp = 2'b00;

        unique case (err_src)
            2'b00: resp = 2'b00; // OK

            2'b01: begin // Decode error
                case (priv)
                    1'b1: resp = 2'b10;
                    1'b0: resp = 2'b11;
                endcase
            end

            2'b10: begin // Permission error
                case (priv)
                    1'b1: resp = 2'b11;
                    default: resp = 2'b10;
                endcase
            end

            default: resp = 2'b11;
        endcase
    end

endmodule","module obi_err_resp_assertions(
    input logic [1:0] err_src,
    input logic priv,
    output logic [1:0] resp
);

    always_comb begin
        unique case (err_src)
            2'b00: assert(resp == 2'b00); // OK

            2'b01: begin // Decode error
                case (priv)
                    1'b1: assert(resp == 2'b10);
                    1'b0: assert(resp == 2'b11);
                endcase
            end

            2'b10: begin // Permission error
                case (priv)
                    1'b1: assert(resp == 2'b11);
                    default: assert(resp == 2'b10);
                endcase
            end

            default: assert(resp == 2'b11);
        endcase
    end

endmodule",OK,7.697211503982544,3141,236
"module obi_addr_check (
    input  logic [31:0] addr,
    input  logic        we,
    input  logic        priv,
    output logic        grant,
    output logic        err
);

    logic [3:0] region;
    assign region = addr[31:28];

    always_comb begin
        grant = 1'b0;
        err   = 1'b0;

        unique case (region)
            4'h0: begin // Boot ROM
                case (we)
                    1'b0: grant = 1'b1; // read-only
                    default: err = 1'b1;
                endcase
            end

            4'h1: begin // Secure RAM
                case (priv)
                    1'b1: begin
                        case (we)
                            1'b0, 1'b1: grant = 1'b1;
                        endcase
                    end
                    default: err = 1'b1;
                endcase
            end

            4'h2: begin // MMIO
                case (we)
                    1'b0, 1'b1: grant = 1'b1;
                    default: err = 1'b1;
                endcase
            end

            default: err = 1'b1;
        endcase
    end

endmodule","module obi_addr_check_properties(
    input logic [31:0] addr,
    input logic we,
    input logic priv,
    output logic grant,
    output logic err);

    localparam BOOT_ROM = 4'h0;
    localparam SECURE_RAM = 4'h1;
    localparam MMIO = 4'h2;

    // Internal variable to capture the region
    logic [3:0] region;
    assign region = addr[31:28];

    property p_grant_boot_rom_read;
        @(posedge clk) (region == BOOT_ROM && we == 1'b0) |-> (grant == 1'b1);
    endproperty
    assert property (p_grant_boot_rom_read);

    property p_err_boot_rom_write;
        @(posedge clk) (region == BOOT_ROM && we == 1'b1) |-> (err == 1'b1);
    endproperty
    assert property (p_err_boot_rom_write);

    property p_grant_secure_ram;
        @(posedge clk) (region == SECURE_RAM && priv == 1'b1) |-> (grant == 1'b1);
    endproperty
    assert property (p_grant_secure_ram);

    property p_err_secure_ram_read;
        @(posedge clk) (region == SECURE_RAM && priv == 1'b1 && we == 1'b0) |-> (err == 1'b1);
    endproperty
    assert property (p_err_secure_ram_read);

    property p_grant_mmio;
        @(posedge clk) (region == MMIO) |-> (grant == 1'b1);
    endproperty
    assert property (p_grant_mmio);

    property p_err_default;
        @(posedge clk) (region != BOOT_ROM && region != SECURE_RAM && region != MMIO) |-> (err == 1'b1);
    endproperty
    assert property (p_err_default);

endmodule","** Error: prueba.sv(17): (vlog-2730) Undefined variable: 'clk'.
** Error (suppressible): prueba.sv(19): (vlog-1957) The sva directive is not sensitive to a clock. Unclocked directives are not supported.
** Error: prueba.sv(22): (vlog-2730) Undefined variable: 'clk'.
** Error (suppressible): prueba.sv(24): (vlog-1957) The sva directive is not sensitive to a clock. Unclocked directives are not supported.
** Error: prueba.sv(27): (vlog-2730) Undefined variable: 'clk'.
** Error (suppressible): prueba.sv(29): (vlog-1957) The sva directive is not sensitive to a clock. Unclocked directives are not supported.
** Error: prueba.sv(32): (vlog-2730) Undefined variable: 'clk'.
** Error (suppressible): prueba.sv(34): (vlog-1957) The sva directive is not sensitive to a clock. Unclocked directives are not supported.
** Error: prueba.sv(37): (vlog-2730) Undefined variable: 'clk'.
** Error (suppressible): prueba.sv(39): (vlog-1957) The sva directive is not sensitive to a clock. Unclocked directives are not supported.
** Error: prueba.sv(42): (vlog-2730) Undefined variable: 'clk'.
** Error (suppressible): prueba.sv(44): (vlog-1957) The sva directive is not sensitive to a clock. Unclocked directives are not supported.
** Error: prueba.sv(17): (vlog-2730) Undefined variable: 'clk'.",9.98792552947998,3241,517
"module rstmgr_policy (
    input  logic [2:0] reset_cause,
    input  logic [2:0] lc_state,
    output logic       cold_reset,
    output logic       warm_reset,
    output logic       escalate
);

    always_comb begin
        cold_reset = 1'b0;
        warm_reset = 1'b0;
        escalate   = 1'b0;

        unique case (reset_cause)
            3'b000: begin // Power-on
                case (lc_state)
                    3'b000, 3'b001: cold_reset = 1'b1;
                    default: escalate = 1'b1;
                endcase
            end

            3'b001: begin // Watchdog
                case (lc_state)
                    3'b001, 3'b010: warm_reset = 1'b1;
                    default: escalate = 1'b1;
                endcase
            end

            3'b010: begin // Security violation
                case (lc_state)
                    3'b010: warm_reset = 1'b1;
                    default: escalate = 1'b1;
                endcase
            end

            default: escalate = 1'b1;
        endcase
    end

endmodule","module rstmgr_policy_assertions(
    input logic [2:0] reset_cause,
    input logic [2:0] lc_state,
    output logic cold_reset,
    output logic warm_reset,
    output logic escalate
);

    property p_cold_reset;
        @(posedge clk) (reset_cause == 3'b000 && lc_state inside {3'b000, 3'b001}) |-> ##1 cold_reset;
    endproperty
    assert property (p_cold_reset);

    property p_warm_reset;
        @(posedge clk) (reset_cause == 3'b001 && lc_state inside {3'b001, 3'b010}) |-> ##1 warm_reset;
    endproperty
    assert property (p_warm_reset);

    property p_escalate;
        @(posedge clk) (reset_cause != 3'b000 && reset_cause != 3'b001 && reset_cause != 3'b010) |-> ##1 escalate;
    endproperty
    assert property (p_escalate);

endmodule","** Error: prueba.sv(10): (vlog-2730) Undefined variable: 'clk'.
** Error (suppressible): prueba.sv(12): (vlog-1957) The sva directive is not sensitive to a clock. Unclocked directives are not supported.
** Error: prueba.sv(15): (vlog-2730) Undefined variable: 'clk'.
** Error (suppressible): prueba.sv(17): (vlog-1957) The sva directive is not sensitive to a clock. Unclocked directives are not supported.
** Error: prueba.sv(20): (vlog-2730) Undefined variable: 'clk'.
** Error (suppressible): prueba.sv(22): (vlog-1957) The sva directive is not sensitive to a clock. Unclocked directives are not supported.
** Error: prueba.sv(10): (vlog-2730) Undefined variable: 'clk'.",6.6305365562438965,3252,292
"module tlul_access_filter (
    input  logic [2:0] opcode,
    input  logic [2:0] param,
    input  logic [2:0] size,
    output logic       allow,
    output logic       error
);

    always_comb begin
        allow = 1'b0;
        error = 1'b0;

        unique case (opcode)
            3'b000: begin // Get
                case (size)
                    3'b000, 3'b001, 3'b010: allow = 1'b1;
                    default: error = 1'b1;
                endcase
            end

            3'b001: begin // PutFull
                case (param)
                    3'b000: begin
                        case (size)
                            3'b001, 3'b010: allow = 1'b1;
                            default: error = 1'b1;
                        endcase
                    end
                    default: error = 1'b1;
                endcase
            end

            3'b010: begin // PutPartial
                case (param)
                    3'b001: allow = 1'b1;
                    default: error = 1'b1;
                endcase
            end

            default: error = 1'b1;
        endcase
    end

endmodule","module tlul_access_filter_assertions(
    input logic [2:0] opcode,
    input logic [2:0] param,
    input logic [2:0] size,
    output logic allow,
    output logic error
);

    property p_allow_get;
        @(posedge clk) (opcode == 3'b000 && allow == 1'b1) |-> ((size == 3'b000 || size == 3'b001 || size == 3'b010));
    endproperty
    assert property (p_allow_get) else $error(""Allow Get access condition not met"");

    property p_error_default;
        @(posedge clk) (opcode != 3'b000 && opcode != 3'b001 && opcode != 3'b010 && error == 1'b1) |-> (error == 1'b1);
    endproperty
    assert property (p_error_default) else $error(""Default case does not set error"");

    property p_allow_putfull;
        @(posedge clk) (opcode == 3'b001 && allow == 1'b1) |-> ((param == 3'b000 && (size == 3'b001 || size == 3'b010)) || error == 1'b1);
    endproperty
    assert property (p_allow_putfull) else $error(""Allow PutFull access condition not met"");

    property p_error_param;
        @(posedge clk) (opcode == 3'b001 && param != 3'b000 && allow == 1'b1) |-> (error == 1'b1);
    endproperty
    assert property (p_error_param) else $error(""Incorrect parameter sets allow but should set error"");

    property p_allow_putpartial;
        @(posedge clk) (opcode == 3'b010 && allow == 1'b1) |-> (param == 3'b001 || error == 1'b1);
    endproperty
    assert property (p_allow_putpartial) else $error(""Allow PutPartial access condition not met"");

endmodule","** Error: prueba.sv(10): (vlog-2730) Undefined variable: 'clk'.
** Error (suppressible): prueba.sv(12): (vlog-1957) The sva directive is not sensitive to a clock. Unclocked directives are not supported.
** Error: prueba.sv(15): (vlog-2730) Undefined variable: 'clk'.
** Error (suppressible): prueba.sv(17): (vlog-1957) The sva directive is not sensitive to a clock. Unclocked directives are not supported.
** Error: prueba.sv(20): (vlog-2730) Undefined variable: 'clk'.
** Error (suppressible): prueba.sv(22): (vlog-1957) The sva directive is not sensitive to a clock. Unclocked directives are not supported.
** Error: prueba.sv(25): (vlog-2730) Undefined variable: 'clk'.
** Error (suppressible): prueba.sv(27): (vlog-1957) The sva directive is not sensitive to a clock. Unclocked directives are not supported.
** Error: prueba.sv(30): (vlog-2730) Undefined variable: 'clk'.
** Error (suppressible): prueba.sv(32): (vlog-1957) The sva directive is not sensitive to a clock. Unclocked directives are not supported.
** Error: prueba.sv(10): (vlog-2730) Undefined variable: 'clk'.",12.961553573608398,3256,537
"module otp_ctrl_decode (
    input  logic [3:0] cmd,
    input  logic [1:0] part,
    input  logic       write_en,
    output logic       exec,
    output logic       fault
);

    always_comb begin
        exec  = 1'b0;
        fault = 1'b0;

        unique case (cmd)
            4'h1: begin // READ
                case (part)
                    2'b00, 2'b01: exec = 1'b1;
                    default: fault = 1'b1;
                endcase
            end

            4'h2: begin // WRITE
                case (write_en)
                    1'b1: begin
                        case (part)
                            2'b01: exec = 1'b1;
                            default: fault = 1'b1;
                        endcase
                    end
                    default: fault = 1'b1;
                endcase
            end

            4'hF: begin // LOCK
                case (part)
                    2'b10: exec = 1'b1;
                    default: fault = 1'b1;
                endcase
            end

            default: fault = 1'b1;
        endcase
    end

endmodule","module otp_ctrl_decode_assertions(
    input logic [3:0] cmd,
    input logic [1:0] part,
    input logic write_en,
    output logic exec,
    output logic fault
);

    property p_exec_read;
        @(posedge clk) (cmd == 4'h1 && (part == 2'b00 || part == 2'b01)) |-> ##1 (exec == 1'b1);
    endproperty
    assert property (p_exec_read) else $error(""Assertion failed: exec not set correctly for READ command with valid part"");

    property p_fault_read;
        @(posedge clk) (cmd == 4'h1 && !(part == 2'b00 || part == 2'b01)) |-> ##1 (fault == 1'b1);
    endproperty
    assert property (p_fault_read) else $error(""Assertion failed: fault not set for READ command with invalid part"");

    property p_exec_write;
        @(posedge clk) (cmd == 4'h2 && write_en == 1'b1 && part == 2'b01) |-> ##1 (exec == 1'b1);
    endproperty
    assert property (p_exec_write) else $error(""Assertion failed: exec not set correctly for WRITE command with valid part"");

    property p_fault_write;
        @(posedge clk) (cmd == 4'h2 && write_en == 1'b0 || cmd == 4'h2 && write_en == 1'b1 && part != 2'b01) |-> ##1 (fault == 1'b1);
    endproperty
    assert property (p_fault_write) else $error(""Assertion failed: fault not set for WRITE command with invalid part"");

    property p_exec_lock;
        @(posedge clk) (cmd == 4'hF && part == 2'b10) |-> ##1 (exec == 1'b1);
    endproperty
    assert property (p_exec_lock) else $error(""Assertion failed: exec not set correctly for LOCK command with valid part"");

    property p_fault_lock;
        @(posedge clk) (cmd == 4'hF && part != 2'b10) |-> ##1 (fault == 1'b1);
    endproperty
    assert property (p_fault_lock) else $error(""Assertion failed: fault not set for LOCK command with invalid part"");

endmodule","** Error: prueba.sv(10): (vlog-2730) Undefined variable: 'clk'.
** Error (suppressible): prueba.sv(12): (vlog-1957) The sva directive is not sensitive to a clock. Unclocked directives are not supported.
** Error: prueba.sv(15): (vlog-2730) Undefined variable: 'clk'.
** Error (suppressible): prueba.sv(17): (vlog-1957) The sva directive is not sensitive to a clock. Unclocked directives are not supported.
** Error: prueba.sv(20): (vlog-2730) Undefined variable: 'clk'.
** Error (suppressible): prueba.sv(22): (vlog-1957) The sva directive is not sensitive to a clock. Unclocked directives are not supported.
** Error: prueba.sv(25): (vlog-2730) Undefined variable: 'clk'.
** Error (suppressible): prueba.sv(27): (vlog-1957) The sva directive is not sensitive to a clock. Unclocked directives are not supported.
** Error: prueba.sv(30): (vlog-2730) Undefined variable: 'clk'.
** Error (suppressible): prueba.sv(32): (vlog-1957) The sva directive is not sensitive to a clock. Unclocked directives are not supported.
** Error: prueba.sv(35): (vlog-2730) Undefined variable: 'clk'.
** Error (suppressible): prueba.sv(37): (vlog-1957) The sva directive is not sensitive to a clock. Unclocked directives are not supported.
** Error: prueba.sv(10): (vlog-2730) Undefined variable: 'clk'.",10.749612092971802,3227,607
"module alert_aggregator (
    input  logic [3:0] src,
    input  logic [1:0] sev,
    output logic       irq,
    output logic       nmi,
    output logic       fatal
);

    always_comb begin
        irq   = 1'b0;
        nmi   = 1'b0;
        fatal = 1'b0;

        unique case (src)
            4'h0, 4'h1: begin
                case (sev)
                    2'b00: irq = 1'b1;
                    2'b01: nmi = 1'b1;
                    default: fatal = 1'b1;
                endcase
            end

            4'hF: begin
                case (sev)
                    2'b10, 2'b11: fatal = 1'b1;
                    default: nmi = 1'b1;
                endcase
            end

            default: fatal = 1'b1;
        endcase
    end

endmodule","module alert_aggregator_assertions(
    input logic [3:0] src,
    input logic [1:0] sev,
    output logic irq,
    output logic nmi,
    output logic fatal
);

    property p_irq_assign;
        @(posedge clk) (src == 4'h0 || src == 4'h1 && sev == 2'b00) |-> (irq == 1'b1);
    endproperty
    assert property (p_irq_assign) else $error(""Property p_irq_assign failed: irq is not assigned correctly based on src and sev"");

    property p_nmi_assign;
        @(posedge clk) (src == 4'h0 || src == 4'h1 && sev == 2'b01) |-> (nmi == 1'b1);
    endproperty
    assert property (p_nmi_assign) else $error(""Property p_nmi_assign failed: nmi is not assigned correctly based on src and sev"");

    property p_fatal_assign;
        @(posedge clk) ((src == 4'h0 || src == 4'h1 && (sev != 2'b00 && sev != 2'b01)) || (src == 4'hF && (sev == 2'b10 || sev == 2'b11))) |-> (fatal == 1'b1);
    endproperty
    assert property (p_fatal_assign) else $error(""Property p_fatal_assign failed: fatal is not assigned correctly based on src and sev"");

endmodule","** Error: prueba.sv(10): (vlog-2730) Undefined variable: 'clk'.
** Error (suppressible): prueba.sv(12): (vlog-1957) The sva directive is not sensitive to a clock. Unclocked directives are not supported.
** Error: prueba.sv(15): (vlog-2730) Undefined variable: 'clk'.
** Error (suppressible): prueba.sv(17): (vlog-1957) The sva directive is not sensitive to a clock. Unclocked directives are not supported.
** Error: prueba.sv(20): (vlog-2730) Undefined variable: 'clk'.
** Error (suppressible): prueba.sv(22): (vlog-1957) The sva directive is not sensitive to a clock. Unclocked directives are not supported.
** Error: prueba.sv(10): (vlog-2730) Undefined variable: 'clk'.",4.936111688613892,3169,391
"module obi_write_resp (
    input  logic [1:0] result,
    input  logic       priv,
    output logic [1:0] resp
);

    always_comb begin
        resp = 2'b00;

        unique case (result)
            2'b00: resp = 2'b00; // OK

            2'b01: begin // Decode error
                case (priv)
                    1'b1: resp = 2'b10;
                    default: resp = 2'b11;
                endcase
            end

            2'b10: begin // Access error
                case (priv)
                    1'b1: resp = 2'b11;
                    default: resp = 2'b10;
                endcase
            end

            default: resp = 2'b11;
        endcase
    end

endmodule","module obi_write_resp_assertions(
    input logic [1:0] result,
    input logic       priv,
    output logic [1:0] resp
);

    property p_resp_ok;
        @(posedge clk) (result == 2'b00) |-> (resp == 2'b00);
    endproperty
    assert property (p_resp_ok) else $error(""Assertion failed: resp should be 2'b00 when result is 2'b00"");

    property p_resp_decode_err;
        @(posedge clk) (result == 2'b01 && priv == 1'b1) |-> (resp == 2'b10);
    endproperty
    assert property (p_resp_decode_err) else $error(""Assertion failed: resp should be 2'b10 when result is 2'b01 and priv is 1'b1"");

    property p_resp_access_err;
        @(posedge clk) (result == 2'b10 && priv == 1'b1) |-> (resp == 2'b11);
    endproperty
    assert property (p_resp_access_err) else $error(""Assertion failed: resp should be 2'b11 when result is 2'b10 and priv is 1'b1"");

endmodule","** Error: prueba.sv(8): (vlog-2730) Undefined variable: 'clk'.
** Error (suppressible): prueba.sv(10): (vlog-1957) The sva directive is not sensitive to a clock. Unclocked directives are not supported.
** Error: prueba.sv(13): (vlog-2730) Undefined variable: 'clk'.
** Error (suppressible): prueba.sv(15): (vlog-1957) The sva directive is not sensitive to a clock. Unclocked directives are not supported.
** Error: prueba.sv(18): (vlog-2730) Undefined variable: 'clk'.
** Error (suppressible): prueba.sv(20): (vlog-1957) The sva directive is not sensitive to a clock. Unclocked directives are not supported.
** Error: prueba.sv(8): (vlog-2730) Undefined variable: 'clk'.",8.624266147613525,3134,333
"module debug_access_gate (
    input  logic dbg_req,
    input  logic [2:0] lc_state,
    input  logic       priv,
    output logic       dbg_grant,
    output logic       violation
);

    always_comb begin
        dbg_grant = 1'b0;
        violation = 1'b0;

        if (dbg_req) begin
            unique case (lc_state)
                3'b000: begin // TEST
                    case (priv)
                        1'b1: dbg_grant = 1'b1;
                        default: violation = 1'b1;
                    endcase
                end

                3'b001: begin // DEV
                    dbg_grant = 1'b1;
                end

                default: violation = 1'b1;
            endcase
        end
    end

endmodule","module debug_access_gate_assertions(
    input logic dbg_req,
    input logic [2:0] lc_state,
    input logic priv,
    output logic dbg_grant,
    output logic violation
);

    property p_dbg_grant_on_req_and_test;
        @(posedge clk) (dbg_req == 1 && lc_state == 3'b000) |-> ##1 (priv == 1'b1) |-> (dbg_grant == 1'b1);
    endproperty
    assert property (p_dbg_grant_on_req_and_test) else $error(""dbg_grant not granted when dbg_req is high and lc_state is TEST"");

    property p_violation_on_req_and_other_states;
        @(posedge clk) (dbg_req == 1 && !(lc_state == 3'b000 || lc_state == 3'b001)) |-> ##1 (violation == 1'b1);
    endproperty
    assert property (p_violation_on_req_and_other_states) else $error(""violation not asserted when dbg_req is high and lc_state is other than TEST or DEV"");

endmodule","** Error: prueba.sv(10): (vlog-2730) Undefined variable: 'clk'.
** Error (suppressible): prueba.sv(12): (vlog-1957) The sva directive is not sensitive to a clock. Unclocked directives are not supported.
** Error: prueba.sv(15): (vlog-2730) Undefined variable: 'clk'.
** Error (suppressible): prueba.sv(17): (vlog-1957) The sva directive is not sensitive to a clock. Unclocked directives are not supported.
** Error: prueba.sv(10): (vlog-2730) Undefined variable: 'clk'.",5.587073564529419,3130,306
"module tlul_access_ctrl (
    input  logic        tl_i_a_valid,
    input  logic [2:0]  tl_i_a_opcode,
    input  logic [2:0]  tl_i_a_param,
    input  logic [2:0]  tl_i_a_size,
    output logic        tl_o_d_error,
    output logic        tl_o_d_valid
);

    always_comb begin
        tl_o_d_valid = 1'b0;
        tl_o_d_error = 1'b0;

        if (tl_i_a_valid) begin
            tl_o_d_valid = 1'b1;

            unique case (tl_i_a_opcode)
                3'b000: begin // Get
                    case (tl_i_a_size)
                        3'b000, 3'b001, 3'b010: ;
                        default: tl_o_d_error = 1'b1;
                    endcase
                end

                3'b001: begin // PutFullData
                    case (tl_i_a_param)
                        3'b000: begin
                            case (tl_i_a_size)
                                3'b001, 3'b010: ;
                                default: tl_o_d_error = 1'b1;
                            endcase
                        end
                        default: tl_o_d_error = 1'b1;
                    endcase
                end

                3'b010: begin // PutPartialData
                    case (tl_i_a_param)
                        3'b001: ;
                        default: tl_o_d_error = 1'b1;
                    endcase
                end

                default: tl_o_d_error = 1'b1;
            endcase
        end
    end

endmodule","module tlul_access_ctrl_assertions(
    input logic        tl_i_a_valid,
    input logic [2:0]  tl_i_a_opcode,
    input logic [2:0]  tl_i_a_param,
    input logic [2:0]  tl_i_a_size,
    output logic        tl_o_d_error,
    output logic        tl_o_d_valid
);

    property p_tl_o_d_valid_get;
        @(posedge clk) (tl_i_a_valid && tl_i_a_opcode == 3'b000) |-> ##1 (tl_o_d_valid == 1'b1);
    endproperty
    assert property (p_tl_o_d_valid_get) else $error(""Error in tl_o_d_valid assignment for Get opcode"");

    property p_tl_o_d_valid_putfull;
        @(posedge clk) (tl_i_a_valid && tl_i_a_opcode == 3'b001) |-> ##1 (tl_o_d_valid == 1'b1);
    endproperty
    assert property (p_tl_o_d_valid_putfull) else $error(""Error in tl_o_d_valid assignment for PutFullData opcode"");

    property p_tl_o_d_valid_putpartial;
        @(posedge clk) (tl_i_a_valid && tl_i_a_opcode == 3'b010) |-> ##1 (tl_o_d_valid == 1'b1);
    endproperty
    assert property (p_tl_o_d_valid_putpartial) else $error(""Error in tl_o_d_valid assignment for PutPartialData opcode"");

    property p_tl_o_d_error_size;
        @(posedge clk) (tl_i_a_valid && tl_i_a_opcode == 3'b000 && (tl_i_a_size != 3'b000 && tl_i_a_size != 3'b001 && tl_i_a_size != 3'b010)) |-> ##1 (tl_o_d_error == 1'b1);
    endproperty
    assert property (p_tl_o_d_error_size) else $error(""Error in tl_o_d_error assignment for incorrect size with Get opcode"");

    property p_tl_o_d_error_putfull;
        @(posedge clk) (tl_i_a_valid && tl_i_a_opcode == 3'b001 && (tl_i_a_param != 3'b000 || (tl_i_a_size != 3'b001 && tl_i_a_size != 3'b010))) |-> ##1 (tl_o_d_error == 1'b1);
    endproperty
    assert property (p_tl_o_d_error_putfull) else $error(""Error in tl_o_d_error assignment for incorrect parameters with PutFullData opcode"");

    property p_tl_o_d_error_putpartial;
        @(posedge clk) (tl_i_a_valid && tl_i_a_opcode == 3'b010 && tl_i_a_param != 3'b001) |-> ##1 (tl_o_d_error == 1'b1);
    endproperty
    assert property (p_tl_o_d_error_putpartial) else $error(""Error in tl_o_d_error assignment for incorrect parameters with PutPartialData opcode"");

endmodule","** Error: prueba.sv(11): (vlog-2730) Undefined variable: 'clk'.
** Error (suppressible): prueba.sv(13): (vlog-1957) The sva directive is not sensitive to a clock. Unclocked directives are not supported.
** Error: prueba.sv(16): (vlog-2730) Undefined variable: 'clk'.
** Error (suppressible): prueba.sv(18): (vlog-1957) The sva directive is not sensitive to a clock. Unclocked directives are not supported.
** Error: prueba.sv(21): (vlog-2730) Undefined variable: 'clk'.
** Error (suppressible): prueba.sv(23): (vlog-1957) The sva directive is not sensitive to a clock. Unclocked directives are not supported.
** Error: prueba.sv(26): (vlog-2730) Undefined variable: 'clk'.
** Error (suppressible): prueba.sv(28): (vlog-1957) The sva directive is not sensitive to a clock. Unclocked directives are not supported.
** Error: prueba.sv(31): (vlog-2730) Undefined variable: 'clk'.
** Error (suppressible): prueba.sv(33): (vlog-1957) The sva directive is not sensitive to a clock. Unclocked directives are not supported.
** Error: prueba.sv(36): (vlog-2730) Undefined variable: 'clk'.
** Error (suppressible): prueba.sv(38): (vlog-1957) The sva directive is not sensitive to a clock. Unclocked directives are not supported.
** Error: prueba.sv(11): (vlog-2730) Undefined variable: 'clk'.",10.484171628952026,3389,893
"module tlul_addr_decode (
    input  logic        tl_i_a_valid,
    input  logic [31:0] tl_i_a_address,
    input  logic [2:0]  tl_i_a_opcode,
    output logic        tl_o_d_error,
    output logic        rom_sel,
    output logic        ram_sel,
    output logic        mmio_sel
);

    logic [3:0] addr_region;
    assign addr_region = tl_i_a_address[31:28];

    always_comb begin
        rom_sel      = 1'b0;
        ram_sel      = 1'b0;
        mmio_sel     = 1'b0;
        tl_o_d_error = 1'b0;

        if (tl_i_a_valid) begin
            unique case (addr_region)
                4'h0: begin // ROM
                    case (tl_i_a_opcode)
                        3'b000: rom_sel = 1'b1;
                        default: tl_o_d_error = 1'b1;
                    endcase
                end

                4'h1, 4'h2: begin // RAM
                    case (tl_i_a_opcode)
                        3'b000, 3'b001, 3'b010: ram_sel = 1'b1;
                        default: tl_o_d_error = 1'b1;
                    endcase
                end

                4'h4: begin // MMIO
                    mmio_sel = 1'b1;
                end

                default: tl_o_d_error = 1'b1;
            endcase
        end
    end

endmodule","module tlul_addr_decode_assertions (
    input logic clk,
    input logic rst_n,
    input logic tl_i_a_valid,
    input logic [31:0] tl_i_a_address,
    input logic [2:0] tl_i_a_opcode,
    output logic tl_o_d_error,
    output logic rom_sel,
    output logic ram_sel,
    output logic mmio_sel
);

logic [3:0] addr_region;
assign addr_region = tl_i_a_address[31:28];

property p_rom_sel_valid;
    @(posedge clk) (tl_i_a_valid && addr_region == 4'h0) |-> ##1 (tl_i_a_opcode == 3'b000) |-> (rom_sel == 1'b1);
endproperty
assert property (p_rom_sel_valid) else $error(""ROM selection error when address valid and in ROM region"");

property p_ram_sel_valid;
    @(posedge clk) (tl_i_a_valid && (addr_region == 4'h1 || addr_region == 4'h2)) |-> ##1 ((tl_i_a_opcode == 3'b000) || (tl_i_a_opcode == 3'b001) || (tl_i_a_opcode == 3'b010)) |-> (ram_sel == 1'b1);
endproperty
assert property (p_ram_sel_valid) else $error(""RAM selection error when address valid and in RAM region"");

property p_mmio_sel_valid;
    @(posedge clk) (tl_i_a_valid && addr_region == 4'h4) |-> ##1 (mmio_sel == 1'b1);
endproperty
assert property (p_mmio_sel_valid) else $error(""MMIO selection error when address valid and in MMIO region"");

property p_default_error;
    @(posedge clk) (!tl_i_a_valid || addr_region == 4'h3) |-> ##1 (tl_o_d_error == 1'b1);
endproperty
assert property (p_default_error) else $error(""Default error not asserted when address is invalid or in default region"");

endmodule",OK,10.535247802734377,3351,575
"module alert_handler_core (
    input  logic [1:0] alert_class_i,
    input  logic [1:0] esc_state_i,
    output logic       irq_o,
    output logic       nmi_o,
    output logic       reset_req_o
);

    always_comb begin
        irq_o       = 1'b0;
        nmi_o       = 1'b0;
        reset_req_o = 1'b0;

        unique case (alert_class_i)
            2'b00: begin // Class A
                case (esc_state_i)
                    2'b00: irq_o = 1'b1;
                    2'b01: nmi_o = 1'b1;
                    default: reset_req_o = 1'b1;
                endcase
            end

            2'b01: begin // Class B
                case (esc_state_i)
                    2'b00, 2'b01: nmi_o = 1'b1;
                    default: reset_req_o = 1'b1;
                endcase
            end

            default: reset_req_o = 1'b1;
        endcase
    end

endmodule","module alert_handler_core_assertions(
    input logic [1:0] alert_class_i,
    input logic [1:0] esc_state_i,
    output logic       irq_o,
    output logic       nmi_o,
    output logic       reset_req_o
);

    property p_irq_assign;
        @(posedge clk) (alert_class_i == 2'b00 && esc_state_i == 2'b00) |-> (irq_o == 1'b1);
    endproperty
    assert property (p_irq_assign) else $error(""Assertion failed: irq_o assignment incorrect for alert_class_i == 2'b00 and esc_state_i == 2'b00"");

    property p_nmi_assign;
        @(posedge clk) (alert_class_i == 2'b01 && esc_state_i == 2'b00 || alert_class_i == 2'b01 && esc_state_i == 2'b01) |-> (nmi_o == 1'b1);
    endproperty
    assert property (p_nmi_assign) else $error(""Assertion failed: nmi_o assignment incorrect for alert_class_i == 2'b01 and esc_state_i valid"");

    property p_reset_req_default;
        @(posedge clk) ((alert_class_i != 2'b00 && alert_class_i != 2'b01) || (alert_class_i == 2'b00 && esc_state_i != 2'b00 && esc_state_i != 2'b01)) |-> (reset_req_o == 1'b1);
    endproperty
    assert property (p_reset_req_default) else $error(""Assertion failed: reset_req_o assignment incorrect for default case"");

endmodule","** Error: prueba.sv(10): (vlog-2730) Undefined variable: 'clk'.
** Error (suppressible): prueba.sv(12): (vlog-1957) The sva directive is not sensitive to a clock. Unclocked directives are not supported.
** Error: prueba.sv(15): (vlog-2730) Undefined variable: 'clk'.
** Error (suppressible): prueba.sv(17): (vlog-1957) The sva directive is not sensitive to a clock. Unclocked directives are not supported.
** Error: prueba.sv(20): (vlog-2730) Undefined variable: 'clk'.
** Error (suppressible): prueba.sv(22): (vlog-1957) The sva directive is not sensitive to a clock. Unclocked directives are not supported.
** Error: prueba.sv(10): (vlog-2730) Undefined variable: 'clk'.",9.19401478767395,3225,466
"module lc_ctrl_perm_check (
    input  logic [2:0] lc_state_i,
    input  logic [1:0] lc_transition_i,
    output logic       allow_o,
    output logic       violation_o
);

    always_comb begin
        allow_o     = 1'b0;
        violation_o = 1'b0;

        unique case (lc_state_i)
            3'b000: begin // TEST_UNLOCKED
                case (lc_transition_i)
                    2'b00, 2'b01: allow_o = 1'b1;
                    default: violation_o = 1'b1;
                endcase
            end

            3'b001: begin // DEV
                case (lc_transition_i)
                    2'b01: allow_o = 1'b1;
                    default: violation_o = 1'b1;
                endcase
            end

            3'b010: begin // PROD
                case (lc_transition_i)
                    2'b10: allow_o = 1'b1;
                    default: violation_o = 1'b1;
                endcase
            end

            default: violation_o = 1'b1;
        endcase
    end

endmodule","module lc_ctrl_perm_check_assertions(
    input logic [2:0] lc_state_i,
    input logic [1:0] lc_transition_i,
    output logic allow_o,
    output logic violation_o
);

    // Internal variables and functions can be defined here if needed

    property p_allow_unconditional;
        @(posedge clk) (lc_state_i == 3'b000 && (lc_transition_i == 2'b00 || lc_transition_i == 2'b01)) |-> ##1 allow_o == 1'b1;
    endproperty
    assert property (p_allow_unconditional) else $error(""Allow condition not met for TEST_UNLOCKED state and specific transitions"");

    property p_violation_default;
        @(posedge clk) (lc_state_i != 3'b000 && lc_state_i != 3'b001 && lc_state_i != 3'b010) |-> ##1 violation_o == 1'b1;
    endproperty
    assert property (p_violation_default) else $error(""Default violation condition not met for all other states"");

    property p_allow_dev;
        @(posedge clk) (lc_state_i == 3'b001 && lc_transition_i == 2'b01) |-> ##1 allow_o == 1'b1;
    endproperty
    assert property (p_allow_dev) else $error(""Allow condition not met for DEV state and specific transition"");

    property p_violation_prod;
        @(posedge clk) (lc_state_i == 3'b010 && lc_transition_i != 2'b10) |-> ##1 violation_o == 1'b1;
    endproperty
    assert property (p_violation_prod) else $error(""Violation condition not met for PROD state and non-allowed transitions"");

endmodule","** Error: prueba.sv(11): (vlog-2730) Undefined variable: 'clk'.
** Error (suppressible): prueba.sv(13): (vlog-1957) The sva directive is not sensitive to a clock. Unclocked directives are not supported.
** Error: prueba.sv(16): (vlog-2730) Undefined variable: 'clk'.
** Error (suppressible): prueba.sv(18): (vlog-1957) The sva directive is not sensitive to a clock. Unclocked directives are not supported.
** Error: prueba.sv(21): (vlog-2730) Undefined variable: 'clk'.
** Error (suppressible): prueba.sv(23): (vlog-1957) The sva directive is not sensitive to a clock. Unclocked directives are not supported.
** Error: prueba.sv(26): (vlog-2730) Undefined variable: 'clk'.
** Error (suppressible): prueba.sv(28): (vlog-1957) The sva directive is not sensitive to a clock. Unclocked directives are not supported.
** Error: prueba.sv(11): (vlog-2730) Undefined variable: 'clk'.",5.982055425643921,3240,483
"module obi_host_resp_gen (
    input  logic [1:0] obi_result_i,
    input  logic       obi_priv_i,
    output logic [1:0] obi_resp_o
);

    always_comb begin
        obi_resp_o = 2'b00;

        unique case (obi_result_i)
            2'b00: obi_resp_o = 2'b00; // OK

            2'b01: begin // Decode error
                case (obi_priv_i)
                    1'b1: obi_resp_o = 2'b10;
                    default: obi_resp_o = 2'b11;
                endcase
            end

            2'b10: begin // Access error
                case (obi_priv_i)
                    1'b1: obi_resp_o = 2'b11;
                    default: obi_resp_o = 2'b10;
                endcase
            end

            default: obi_resp_o = 2'b11;
        endcase
    end

endmodule","module obi_host_resp_gen_assertions (
    input logic [1:0] obi_result_i,
    input logic       obi_priv_i,
    output logic [1:0] obi_resp_o
);

    // Internal variables and functions can be inferred from the case statement
    localparam OK = 2'b00;
    localparam DECODE_ERROR = 2'b01;
    localparam ACCESS_ERROR = 2'b10;
    localparam DEFAULT = 2'b11;

    property p_obi_resp_ok;
        @(posedge clk) (obi_result_i == OK) |-> (obi_resp_o == OK);
    endproperty
    assert property (p_obi_resp_ok) else $error(""obi_resp_o does not match obi_result_i when obi_result_i is 2'b00"");

    property p_obi_resp_decode_error;
        @(posedge clk) (obi_result_i == DECODE_ERROR && obi_priv_i == 1'b1) |-> (obi_resp_o == 2'b10);
    endproperty
    assert property (p_obi_resp_decode_error) else $error(""obi_resp_o does not match expected value when obi_result_i is 2'b01 and obi_priv_i is 1'b1"");

    property p_obi_resp_default_decode_error;
        @(posedge clk) (obi_result_i == DECODE_ERROR && obi_priv_i != 1'b1) |-> (obi_resp_o == 2'b11);
    endproperty
    assert property (p_obi_resp_default_decode_error) else $error(""obi_resp_o does not match expected value when obi_result_i is 2'b01 and obi_priv_i is not 1'b1"");

    property p_obi_resp_access_error;
        @(posedge clk) (obi_result_i == ACCESS_ERROR && obi_priv_i == 1'b1) |-> (obi_resp_o == 2'b11);
    endproperty
    assert property (p_obi_resp_access_error) else $error(""obi_resp_o does not match expected value when obi_result_i is 2'b10 and obi_priv_i is 1'b1"");

    property p_obi_resp_default_access_error;
        @(posedge clk) (obi_result_i == ACCESS_ERROR && obi_priv_i != 1'b1) |-> (obi_resp_o == 2'b10);
    endproperty
    assert property (p_obi_resp_default_access_error) else $error(""obi_resp_o does not match expected value when obi_result_i is 2'b10 and obi_priv_i is not 1'b1"");

endmodule","** Error: prueba.sv(14): (vlog-2730) Undefined variable: 'clk'.
** Error (suppressible): prueba.sv(16): (vlog-1957) The sva directive is not sensitive to a clock. Unclocked directives are not supported.
** Error: prueba.sv(19): (vlog-2730) Undefined variable: 'clk'.
** Error (suppressible): prueba.sv(21): (vlog-1957) The sva directive is not sensitive to a clock. Unclocked directives are not supported.
** Error: prueba.sv(24): (vlog-2730) Undefined variable: 'clk'.
** Error (suppressible): prueba.sv(26): (vlog-1957) The sva directive is not sensitive to a clock. Unclocked directives are not supported.
** Error: prueba.sv(29): (vlog-2730) Undefined variable: 'clk'.
** Error (suppressible): prueba.sv(31): (vlog-1957) The sva directive is not sensitive to a clock. Unclocked directives are not supported.
** Error: prueba.sv(34): (vlog-2730) Undefined variable: 'clk'.
** Error (suppressible): prueba.sv(36): (vlog-1957) The sva directive is not sensitive to a clock. Unclocked directives are not supported.
** Error: prueba.sv(14): (vlog-2730) Undefined variable: 'clk'.",11.81374478340149,3198,731
"module reg_if_write_filter (
    input  logic        we_i,
    input  logic [11:0] addr_i,
    output logic        wr_en_o,
    output logic        err_o
);

    logic [7:0] reg_offset;
    assign reg_offset = addr_i[11:4];

    always_comb begin
        wr_en_o = 1'b0;
        err_o   = 1'b0;

        if (we_i) begin
            unique case (reg_offset)
                8'h00, 8'h04: wr_en_o = 1'b1;
                8'h10: err_o = 1'b1; // read-only
                default: err_o = 1'b1;
            endcase
        end
    end

endmodule","module reg_if_write_filter_assertions(
    input logic we_i,
    input logic [11:0] addr_i,
    output logic wr_en_o,
    output logic err_o
);

    logic [7:0] reg_offset;
    assign reg_offset = addr_i[11:4];

    property p_wr_en_when_we;
        @(posedge clk) (we_i && (reg_offset == 8'h00 || reg_offset == 8'h04)) |-> (wr_en_o == 1'b1);
    endproperty
    assert property (p_wr_en_when_we) else $error(""Assertion failed: wr_en_o should be high when we_i is high and addr_i corresponds to writeable register offset."");

    property p_err_on_read_only;
        @(posedge clk) (we_i && reg_offset == 8'h10) |-> (err_o == 1'b1);
    endproperty
    assert property (p_err_on_read_only) else $error(""Assertion failed: err_o should be high when we_i is high and addr_i corresponds to read-only register offset."");

endmodule","** Error: prueba.sv(12): (vlog-2730) Undefined variable: 'clk'.
** Error (suppressible): prueba.sv(14): (vlog-1957) The sva directive is not sensitive to a clock. Unclocked directives are not supported.
** Error: prueba.sv(17): (vlog-2730) Undefined variable: 'clk'.
** Error (suppressible): prueba.sv(19): (vlog-1957) The sva directive is not sensitive to a clock. Unclocked directives are not supported.
** Error: prueba.sv(12): (vlog-2730) Undefined variable: 'clk'.",6.36738133430481,3127,309
"module tl_a_perm_check (
    input  logic        a_valid,
    input  logic [2:0]  a_opcode,
    input  logic [2:0]  a_param,
    input  logic [2:0]  a_size,
    output logic        deny
);

    always_comb begin
        deny = 1'b0;

        if (a_valid) begin
            unique case (a_opcode)
                3'b000: begin // Get
                    case (a_size)
                        3'b000, 3'b001, 3'b010: ;
                        default: deny = 1'b1;
                    endcase
                end

                3'b001: begin // PutFull
                    case (a_param)
                        3'b000: begin
                            case (a_size)
                                3'b001, 3'b010: ;
                                default: deny = 1'b1;
                            endcase
                        end
                        default: deny = 1'b1;
                    endcase
                end

                3'b010: begin // PutPartial
                    case (a_param)
                        3'b001: ;
                        default: deny = 1'b1;
                    endcase
                end

                default: deny = 1'b1;
            endcase
        end
    end

endmodule","module tl_a_perm_check_assertions(
    input logic a_valid,
    input logic [2:0] a_opcode,
    input logic [2:0] a_param,
    input logic [2:0] a_size,
    output logic deny
);

    property p_deny_get;
        @(posedge clk) (a_valid && a_opcode == 3'b000) |-> disable iff (!deny) ##1 ((a_size == 3'b000 || a_size == 3'b001 || a_size == 3'b010)) |-> (deny == 1'b0);
    endproperty
    assert property (p_deny_get) else $error(""Deny logic is incorrect for Get operation"");

    property p_deny_putfull;
        @(posedge clk) (a_valid && a_opcode == 3'b001) |-> disable iff (!deny) ##1 ((a_param == 3'b000) && (a_size == 3'b001 || a_size == 3'b010)) |-> (deny == 1'b0);
    endproperty
    assert property (p_deny_putfull) else $error(""Deny logic is incorrect for PutFull operation"");

    property p_deny_putpartial;
        @(posedge clk) (a_valid && a_opcode == 3'b010) |-> disable iff (!deny) ##1 ((a_param == 3'b001)) |-> (deny == 1'b0);
    endproperty
    assert property (p_deny_putpartial) else $error(""Deny logic is incorrect for PutPartial operation"");

endmodule","** Error: (vlog-13069) prueba.sv(10): near ""disable"": syntax error, unexpected disable.
** Error: (vlog-13069) prueba.sv(15): near ""disable"": syntax error, unexpected disable.
** Error: (vlog-13069) prueba.sv(20): near ""disable"": syntax error, unexpected disable.",8.988566875457764,3260,419
"module tl_d_resp_gen (
    input  logic        d_valid,
    input  logic [2:0]  d_opcode,
    input  logic        denied,
    output logic        d_error
);

    always_comb begin
        d_error = 1'b0;

        if (d_valid) begin
            unique case (d_opcode)
                3'b000, 3'b001: begin
                    case (denied)
                        1'b1: d_error = 1'b1;
                        default: ;
                    endcase
                end

                default: d_error = 1'b1;
            endcase
        end
    end

endmodule","module tl_d_resp_gen_assertions (
    input logic d_valid,
    input logic [2:0] d_opcode,
    input logic denied,
    output logic d_error
);

    property p_d_error_low_priority;
        @(posedge clk) disable iff (!rst_n) (d_valid && (d_opcode == 3'b000 || d_opcode == 3'b001)) |-> ((denied && !d_error) || (!denied && d_error));
    endproperty
    assert property (p_d_error_low_priority);

    property p_d_error_high_priority;
        @(posedge clk) disable iff (!rst_n) (d_valid && (d_opcode != 3'b000 && d_opcode != 3'b001)) |-> !denied |-> d_error;
    endproperty
    assert property (p_d_error_high_priority);

endmodule","** Error: prueba.sv(9): (vlog-2730) Undefined variable: 'rst_n'.
** Error: prueba.sv(9): (vlog-2730) Undefined variable: 'clk'.",5.2118096351623535,3086,246
"module axil_aw_decode (
    input  logic        awvalid,
    input  logic [31:0] awaddr,
    input  logic [2:0]  awprot,
    output logic        awready,
    output logic        awerror
);

    logic [3:0] region;
    assign region = awaddr[31:28];

    always_comb begin
        awready = 1'b0;
        awerror = 1'b0;

        if (awvalid) begin
            unique case (region)
                4'h0: begin // ROM
                    awerror = 1'b1;
                end

                4'h1: begin // RAM
                    case (awprot[1]) // privileged
                        1'b1: awready = 1'b1;
                        default: awerror = 1'b1;
                    endcase
                end

                4'h2: begin // MMIO
                    awready = 1'b1;
                end

                default: awerror = 1'b1;
            endcase
        end
    end

endmodule","module axil_aw_decode_assertions(
    input logic clk,
    input logic rst_n,
    input logic awvalid,
    input logic [31:0] awaddr,
    input logic [2:0] awprot,
    output logic awready,
    output logic awerror
);

logic [3:0] region;
assign region = awaddr[31:28];

always_comb begin
    if (awvalid) begin
        unique case (region)
            4'h0: awready = 1'b0;
            4'h1: awready = 1'b0;
            4'h2: awready = 1'b0;
            default: awready = 1'b0;
        endcase
    end else begin
        awready = 1'b0;
    end
end

always_comb begin
    if (awvalid) begin
        unique case (region)
            4'h0: awerror = 1'b1;
            4'h1: case (awprot[1]) // privileged
                1'b1: awready = 1'b1;
                default: awerror = 1'b1;
            endcase
            4'h2: awready = 1'b1;
            default: awerror = 1'b1;
        endcase
    end else begin
        awerror = 1'b0;
    end
end

property p_region_rom;
    @(posedge clk) (awvalid && region == 4'h0) |-> (!awready);
endproperty
assert property (p_region_rom);

property p_region_ram_privileged;
    @(posedge clk) (awvalid && region == 4'h1 && awprot[1] == 1'b1) |-> (awready && !awerror);
endproperty
assert property (p_region_ram_privileged);

property p_region_ram_non_privileged;
    @(posedge clk) (awvalid && region == 4'h1 && awprot[1] != 1'b1) |-> (!awready && awerror);
endproperty
assert property (p_region_ram_non_privileged);

property p_region_mmio;
    @(posedge clk) (awvalid && region == 4'h2) |-> (awready && !awerror);
endproperty
assert property (p_region_mmio);

property p_default_case;
    @(posedge clk) (!awvalid || region != 4'h0 && region != 4'h1 && region != 4'h2) |-> (!awready && awerror);
endproperty
assert property (p_default_case);

endmodule",OK,10.667874574661257,3181,658
"module axil_r_resp (
    input  logic        rvalid,
    input  logic [1:0]  rresp,
    input  logic        secure,
    output logic        fault
);

    always_comb begin
        fault = 1'b0;

        if (rvalid) begin
            unique case (rresp)
                2'b00: ; // OKAY
                2'b10: begin // SLVERR
                    case (secure)
                        1'b0: fault = 1'b1;
                        default: ;
                    endcase
                end
                default: fault = 1'b1;
            endcase
        end
    end

endmodule","module axil_r_resp_assertions (
    input logic rvalid,
    input logic [1:0] rresp,
    input logic secure,
    output logic fault
);

    property p_fault_okay;
        @(posedge clk) (!rvalid || rresp == 2'b00) |-> !fault;
    endproperty
    assert property (p_fault_okay) else $error(""Fault should not be asserted when rvalid is false or rresp is OKAY"");

    property p_fault_slverr_secure;
        @(posedge clk) (rvalid && rresp == 2'b10 && secure == 1'b0) |-> fault;
    endproperty
    assert property (p_fault_slverr_secure) else $error(""Fault should be asserted when rvalid is true, rresp is SLVERR, and secure is false"");

    property p_fault_default;
        @(posedge clk) (rvalid && (rresp != 2'b00 && rresp != 2'b10)) |-> fault;
    endproperty
    assert property (p_fault_default) else $error(""Fault should be asserted when rvalid is true and rresp is not OKAY or SLVERR"");

endmodule","** Error: prueba.sv(9): (vlog-2730) Undefined variable: 'clk'.
** Error (suppressible): prueba.sv(11): (vlog-1957) The sva directive is not sensitive to a clock. Unclocked directives are not supported.
** Error: prueba.sv(14): (vlog-2730) Undefined variable: 'clk'.
** Error (suppressible): prueba.sv(16): (vlog-1957) The sva directive is not sensitive to a clock. Unclocked directives are not supported.
** Error: prueba.sv(19): (vlog-2730) Undefined variable: 'clk'.
** Error (suppressible): prueba.sv(21): (vlog-1957) The sva directive is not sensitive to a clock. Unclocked directives are not supported.
** Error: prueba.sv(9): (vlog-2730) Undefined variable: 'clk'.",4.412581443786621,3078,308
"module wb_slave_decode (
    input  logic        wb_cyc_i,
    input  logic        wb_stb_i,
    input  logic        wb_we_i,
    input  logic [31:0] wb_adr_i,
    output logic        wb_ack_o,
    output logic        wb_err_o
);

    logic [3:0] region;
    assign region = wb_adr_i[31:28];

    always_comb begin
        wb_ack_o = 1'b0;
        wb_err_o = 1'b0;

        if (wb_cyc_i && wb_stb_i) begin
            unique case (region)
                4'h0: begin // ROM
                    case (wb_we_i)
                        1'b0: wb_ack_o = 1'b1;
                        default: wb_err_o = 1'b1;
                    endcase
                end

                4'h1: begin // RAM
                    wb_ack_o = 1'b1;
                end

                default: wb_err_o = 1'b1;
            endcase
        end
    end

endmodule","module wb_slave_decode_assertions(
    input logic clk, // Assuming a clock signal is present for sequential properties
    input logic rst_n, // Reset signal assumed to be in scope
    input logic wb_cyc_i,
    input logic wb_stb_i,
    input logic wb_we_i,
    input logic [31:0] wb_adr_i,
    output logic wb_ack_o,
    output logic wb_err_o
);

logic [3:0] region;
assign region = wb_adr_i[31:28];

// Internal function to check if the address is in a ROM region (region 0)
function automatic bit isROMAddress();
    return region == 4'h0;
endfunction

// Property for checking WB ACK when reading from ROM
property p_wb_ack_rom_read;
    @(posedge clk or negedge rst_n) disable iff (!rst_n) (wb_cyc_i && wb_stb_i && isROMAddress() && !wb_we_i) |-> ##1 (wb_ack_o == 1'b1);
endproperty
assert property (p_wb_ack_rom_read) else $error(""WB ACK not asserted for ROM read"");

// Property for checking WB ERR when writing to ROM or accessing unknown region
property p_wb_err_write_default;
    @(posedge clk or negedge rst_n) disable iff (!rst_n) (wb_cyc_i && wb_stb_i && isROMAddress() && wb_we_i) |-> ##1 (wb_err_o == 1'b1);
endproperty
assert property (p_wb_err_write_default) else $error(""WB ERR not asserted for write to ROM or default region"");

// Property for checking WB ACK when accessing RAM (region 1)
property p_wb_ack_ram;
    @(posedge clk or negedge rst_n) disable iff (!rst_n) (wb_cyc_i && wb_stb_i && region == 4'h1) |-> ##1 (wb_ack_o == 1'b1);
endproperty
assert property (p_wb_ack_ram) else $error(""WB ACK not asserted for RAM access"");

// Property for checking WB ERR when accessing unknown region
property p_wb_err_default;
    @(posedge clk or negedge rst_n) disable iff (!rst_n) (wb_cyc_i && wb_stb_i && !isROMAddress() && region != 4'h1) |-> ##1 (wb_err_o == 1'b1);
endproperty
assert property (p_wb_err_default) else $error(""WB ERR not asserted for unknown or default region"");

endmodule",OK,9.875797510147097,3224,680
"module wb_err_policy (
    input  logic [1:0] err_src,
    output logic       retry,
    output logic       fatal
);

    always_comb begin
        retry = 1'b0;
        fatal = 1'b0;

        unique case (err_src)
            2'b00: ;
            2'b01: retry = 1'b1;
            2'b10: fatal = 1'b1;
            default: fatal = 1'b1;
        endcase
    end

endmodule","module wb_err_policy_assertions(
    input logic [1:0] err_src,
    output logic retry,
    output logic fatal
);

    always_comb begin
        unique case (err_src)
            2'b00: assert(!retry && !fatal) else $error(""Unexpected retry or fatal when err_src is 2'b00"");
            2'b01: assert(retry) else $error(""Expected retry but did not get it when err_src is 2'b01"");
            2'b10: assert(fatal) else $error(""Expected fatal but did not get it when err_src is 2'b10"");
            default: assert(fatal) else $error(""Unexpected retry or fatal when err_src is out of valid range"");
        endcase
    end

endmodule",OK,3.9751064777374254,3051,204
"module litex_csr_filter (
    input  logic        csr_we,
    input  logic [13:0] csr_addr,
    output logic        csr_wr_en,
    output logic        csr_err
);

    logic [7:0] csr_sel;
    assign csr_sel = csr_addr[13:6];

    always_comb begin
        csr_wr_en = 1'b0;
        csr_err   = 1'b0;

        if (csr_we) begin
            unique case (csr_sel)
                8'h00, 8'h01: csr_wr_en = 1'b1;
                8'h10: csr_err = 1'b1; // RO CSR
                default: csr_err = 1'b1;
            endcase
        end
    end

endmodule","module litex_csr_filter_assertions(
    input logic csr_we,
    input logic [13:0] csr_addr,
    output logic csr_wr_en,
    output logic csr_err
);

    // Internal variable for CSR selection
    logic [7:0] csr_sel;
    assign csr_sel = csr_addr[13:6];

    // Property to verify csr_wr_en when specific conditions are met
    property p_csr_wr_en_when_we;
        @(posedge clk) (csr_we && (csr_sel == 8'h00 || csr_sel == 8'h01)) |-> ##1 (csr_wr_en == 1'b1);
    endproperty
    assert property (p_csr_wr_en_when_we) else $error(""Failed: csr_wr_en is not asserted when CSR write enable and specific address conditions are met."");

    // Property to verify csr_err for RO CSRs
    property p_csr_err_ro;
        @(posedge clk) (csr_we && csr_sel == 8'h10) |-> ##1 (csr_err == 1'b1);
    endproperty
    assert property (p_csr_err_ro) else $error(""Failed: csr_err is not asserted for read-only CSRs."");

endmodule","** Error: prueba.sv(14): (vlog-2730) Undefined variable: 'clk'.
** Error (suppressible): prueba.sv(16): (vlog-1957) The sva directive is not sensitive to a clock. Unclocked directives are not supported.
** Error: prueba.sv(20): (vlog-2730) Undefined variable: 'clk'.
** Error (suppressible): prueba.sv(22): (vlog-1957) The sva directive is not sensitive to a clock. Unclocked directives are not supported.
** Error: prueba.sv(14): (vlog-2730) Undefined variable: 'clk'.",7.0320885181427,3140,353
"module litex_bus_resp (
    input  logic valid,
    input  logic error,
    output logic ack,
    output logic err
);

    always_comb begin
        ack = 1'b0;
        err = 1'b0;

        if (valid) begin
            case (error)
                1'b0: ack = 1'b1;
                1'b1: err = 1'b1;
            endcase
        end
    end

endmodule","module litex_bus_resp_assertions(
    input logic valid,
    input logic error,
    output logic ack,
    output logic err
);

    property p_ack_assign;
        @(posedge clk) (valid == 1'b1 && error == 1'b0) |-> (ack == 1'b1);
    endproperty
    assert property (p_ack_assign);

    property p_err_assign;
        @(posedge clk) (valid == 1'b1 && error == 1'b1) |-> (err == 1'b1);
    endproperty
    assert property (p_err_assign);

endmodule","** Error: prueba.sv(9): (vlog-2730) Undefined variable: 'clk'.
** Error (suppressible): prueba.sv(11): (vlog-1957) The sva directive is not sensitive to a clock. Unclocked directives are not supported.
** Error: prueba.sv(14): (vlog-2730) Undefined variable: 'clk'.
** Error (suppressible): prueba.sv(16): (vlog-1957) The sva directive is not sensitive to a clock. Unclocked directives are not supported.
** Error: prueba.sv(9): (vlog-2730) Undefined variable: 'clk'.",3.9739503860473633,3033,168
"module piton_l2_coh_ctrl (
    input  logic [2:0] msg_type_i,
    input  logic [1:0] line_state_i,
    output logic       send_data_o,
    output logic       invalidate_o,
    output logic       nack_o
);

    // msg_type:
    // 000 = ReadShared
    // 001 = ReadExclusive
    // 010 = Upgrade
    // 011 = Writeback

    // line_state:
    // 00 = Invalid
    // 01 = Shared
    // 10 = Exclusive
    // 11 = Modified

    always_comb begin
        send_data_o   = 1'b0;
        invalidate_o = 1'b0;
        nack_o        = 1'b0;

        unique case (msg_type_i)
            3'b000: begin // ReadShared
                case (line_state_i)
                    2'b00: send_data_o = 1'b1;
                    2'b01, 2'b10, 2'b11: send_data_o = 1'b1;
                    default: nack_o = 1'b1;
                endcase
            end

            3'b001: begin // ReadExclusive
                case (line_state_i)
                    2'b00: send_data_o = 1'b1;
                    2'b01: begin
                        send_data_o   = 1'b1;
                        invalidate_o = 1'b1;
                    end
                    2'b10, 2'b11: send_data_o = 1'b1;
                    default: nack_o = 1'b1;
                endcase
            end

            3'b010: begin // Upgrade
                case (line_state_i)
                    2'b01: invalidate_o = 1'b1;
                    default: nack_o = 1'b1;
                endcase
            end

            3'b011: begin // Writeback
                case (line_state_i)
                    2'b10, 2'b11: ;
                    default: nack_o = 1'b1;
                endcase
            end

            default: nack_o = 1'b1;
        endcase
    end

endmodule","module piton_l2_coh_ctrl_assertions (
    input logic [2:0] msg_type_i,
    input logic [1:0] line_state_i,
    output logic send_data_o,
    output logic invalidate_o,
    output logic nack_o
);

    property p_send_data_readshared;
        @(posedge clk) (msg_type_i == 3'b000) && (line_state_i inside {2'b00, 2'b01, 2'b10, 2'b11}) |-> ##[0:1] send_data_o;
    endproperty
    assert property (p_send_data_readshared) else $error(""Assertion failed for ReadShared with line_state_i %b"", line_state_i);

    property p_invalidate_readexclusive;
        @(posedge clk) (msg_type_i == 3'b001) && (line_state_i inside {2'b00, 2'b01, 2'b10, 2'b11}) |-> ##[0:1] invalidate_o;
    endproperty
    assert property (p_invalidate_readexclusive) else $error(""Assertion failed for ReadExclusive with line_state_i %b"", line_state_i);

    property p_send_data_upgrade;
        @(posedge clk) (msg_type_i == 3'b010) && (line_state_i inside {2'b01}) |-> ##[0:1] invalidate_o;
    endproperty
    assert property (p_send_data_upgrade) else $error(""Assertion failed for Upgrade with line_state_i %b"", line_state_i);

    property p_nack_default;
        @(posedge clk) !(msg_type_i inside {3'b000, 3'b001, 3'b010, 3'b011}) |-> ##[0:1] nack_o;
    endproperty
    assert property (p_nack_default) else $error(""Assertion failed for default case with msg_type_i %b"", msg_type_i);

endmodule","** Error: prueba.sv(10): (vlog-2730) Undefined variable: 'clk'.
** Error (suppressible): prueba.sv(12): (vlog-1957) The sva directive is not sensitive to a clock. Unclocked directives are not supported.
** Error: prueba.sv(15): (vlog-2730) Undefined variable: 'clk'.
** Error (suppressible): prueba.sv(17): (vlog-1957) The sva directive is not sensitive to a clock. Unclocked directives are not supported.
** Error: prueba.sv(20): (vlog-2730) Undefined variable: 'clk'.
** Error (suppressible): prueba.sv(22): (vlog-1957) The sva directive is not sensitive to a clock. Unclocked directives are not supported.
** Error: prueba.sv(25): (vlog-2730) Undefined variable: 'clk'.
** Error (suppressible): prueba.sv(27): (vlog-1957) The sva directive is not sensitive to a clock. Unclocked directives are not supported.
** Error: prueba.sv(10): (vlog-2730) Undefined variable: 'clk'.",13.66222071647644,3517,549
"module piton_dir_state (
    input  logic [1:0] state_i,
    input  logic [2:0] event_i,
    output logic [1:0] state_o,
    output logic       error_o
);

    always_comb begin
        state_o = state_i;
        error_o = 1'b0;

        unique case (state_i)
            2'b00: begin // Invalid
                case (event_i)
                    3'b000: state_o = 2'b01; // ReadShared
                    3'b001: state_o = 2'b10; // ReadExclusive
                    default: error_o = 1'b1;
                endcase
            end

            2'b01: begin // Shared
                case (event_i)
                    3'b001: state_o = 2'b10;
                    3'b010: state_o = 2'b00; // Invalidate
                    default: ;
                endcase
            end

            2'b10: begin // Exclusive
                case (event_i)
                    3'b011: state_o = 2'b11; // Write
                    default: ;
                endcase
            end

            2'b11: begin // Modified
                case (event_i)
                    3'b100: state_o = 2'b00; // Writeback
                    default: ;
                endcase
            end

            default: error_o = 1'b1;
        endcase
    end

endmodule","module piton_dir_state_assertions (
    input logic [1:0] state_i,
    input logic [2:0] event_i,
    output logic [1:0] state_o,
    output logic       error_o
);

    // Internal variables and functions are inferred from the original code.
    localparam INVALID = 2'b00;
    localparam SHARED = 2'b01;
    localparam EXCLUSIVE = 2'b10;
    localparam MODIFIED = 2'b11;

    // Assertions for state transitions based on events.
    property p_invalid_event_error;
        @(posedge clk) (state_i == INVALID) |-> ##[1:2] ((event_i == 3'b000 || event_i == 3'b001) && state_o == INVALID + 1);
    endproperty
    assert property (p_invalid_event_error) else $error(""Invalid transition from INVALID state"");

    property p_shared_event_readexclusive;
        @(posedge clk) (state_i == SHARED) |-> ##[1:2] ((event_i == 3'b001) && state_o == EXCLUSIVE);
    endproperty
    assert property (p_shared_event_readexclusive) else $error(""Transition to EXCLUSIVE from SHARED failed"");

    property p_shared_event_invalidate;
        @(posedge clk) (state_i == SHARED) |-> ##[1:2] ((event_i == 3'b010) && state_o == INVALID);
    endproperty
    assert property (p_shared_event_invalidate) else $error(""Transition to INVALID from SHARED failed"");

    property p_exclusive_event_write;
        @(posedge clk) (state_i == EXCLUSIVE) |-> ##[1:2] ((event_i == 3'b011) && state_o == MODIFIED);
    endproperty
    assert property (p_exclusive_event_write) else $error(""Transition to MODIFIED from EXCLUSIVE failed"");

    property p_modified_event_writeback;
        @(posedge clk) (state_i == MODIFIED) |-> ##[1:2] ((event_i == 3'b100) && state_o == INVALID);
    endproperty
    assert property (p_modified_event_writeback) else $error(""Transition to INVALID from MODIFIED failed"");

endmodule","** Error: prueba.sv(16): (vlog-2730) Undefined variable: 'clk'.
** Error (suppressible): prueba.sv(18): (vlog-1957) The sva directive is not sensitive to a clock. Unclocked directives are not supported.
** Error: prueba.sv(21): (vlog-2730) Undefined variable: 'clk'.
** Error (suppressible): prueba.sv(23): (vlog-1957) The sva directive is not sensitive to a clock. Unclocked directives are not supported.
** Error: prueba.sv(26): (vlog-2730) Undefined variable: 'clk'.
** Error (suppressible): prueba.sv(28): (vlog-1957) The sva directive is not sensitive to a clock. Unclocked directives are not supported.
** Error: prueba.sv(31): (vlog-2730) Undefined variable: 'clk'.
** Error (suppressible): prueba.sv(33): (vlog-1957) The sva directive is not sensitive to a clock. Unclocked directives are not supported.
** Error: prueba.sv(36): (vlog-2730) Undefined variable: 'clk'.
** Error (suppressible): prueba.sv(38): (vlog-1957) The sva directive is not sensitive to a clock. Unclocked directives are not supported.
** Error: prueba.sv(16): (vlog-2730) Undefined variable: 'clk'.",21.51166796684265,3307,602
"module chisel_priority_mux (
    input  logic [3:0] sel_i,
    input  logic [7:0] in0_i,
    input  logic [7:0] in1_i,
    input  logic [7:0] in2_i,
    input  logic [7:0] in3_i,
    output logic [7:0] out_o
);

    always_comb begin
        out_o = 8'h00;

        case (1'b1)
            sel_i[0]: out_o = in0_i;
            sel_i[1]: out_o = in1_i;
            sel_i[2]: out_o = in2_i;
            sel_i[3]: out_o = in3_i;
            default: out_o = 8'h00;
        endcase
    end

endmodule","module chisel_priority_mux_assertions(
    input logic [3:0] sel_i,
    input logic [7:0] in0_i,
    input logic [7:0] in1_i,
    input logic [7:0] in2_i,
    input logic [7:0] in3_i,
    output logic [7:0] out_o
);

    property p_out_assigned;
        @(posedge clk) (sel_i[0]) |-> (out_o == in0_i);
    endproperty
    assert property (p_out_assigned) else $error(""out_o is not assigned correctly based on sel_i"");

    property p_out_not_assigned;
        @(posedge clk) (!sel_i[0] && !sel_i[1] && !sel_i[2] && !sel_i[3]) |-> (out_o == 8'h00);
    endproperty
    assert property (p_out_not_assigned) else $error(""out_o should not be assigned if sel_i is all zeros"");

endmodule","** Error: prueba.sv(11): (vlog-2730) Undefined variable: 'clk'.
** Error (suppressible): prueba.sv(13): (vlog-1957) The sva directive is not sensitive to a clock. Unclocked directives are not supported.
** Error: prueba.sv(16): (vlog-2730) Undefined variable: 'clk'.
** Error (suppressible): prueba.sv(18): (vlog-1957) The sva directive is not sensitive to a clock. Unclocked directives are not supported.
** Error: prueba.sv(11): (vlog-2730) Undefined variable: 'clk'.",6.36688494682312,3133,274
"module chisel_fsm_ctrl (
    input  logic [3:0] state_i,
    input  logic       fire_i,
    output logic       advance_o,
    output logic       stall_o
);

    always_comb begin
        advance_o = 1'b0;
        stall_o   = 1'b0;

        unique case (state_i)
            4'd0: begin
                case (fire_i)
                    1'b1: advance_o = 1'b1;
                    default: stall_o = 1'b1;
                endcase
            end

            4'd1, 4'd2: begin
                case (fire_i)
                    1'b1: advance_o = 1'b1;
                    default: ;
                endcase
            end

            4'd15: stall_o = 1'b1;

            default: stall_o = 1'b1;
        endcase
    end

endmodule","module chisel_fsm_ctrl_assertions(
    input logic [3:0] state_i,
    input logic       fire_i,
    output logic       advance_o,
    output logic       stall_o
);

    property p_advance_on_fire;
        @(posedge clk) (state_i == 4'd0 && fire_i == 1'b1) |-> (advance_o == 1'b1);
    endproperty
    assert property (p_advance_on_fire) else $error(""Advance not asserted on fire when state is 0"");

    property p_stall_default;
        @(posedge clk) (state_i != 4'd0 && state_i != 4'd1 && state_i != 4'd2 && state_i != 4'd15) |-> (stall_o == 1'b1);
    endproperty
    assert property (p_stall_default) else $error(""Stall not asserted for default states"");

    property p_advance_on_fire_state12;
        @(posedge clk) (state_i == 4'd1 || state_i == 4'd2) && fire_i == 1'b1 |-> (advance_o == 1'b1);
    endproperty
    assert property (p_advance_on_fire_state12) else $error(""Advance not asserted on fire when state is 1 or 2"");

    property p_stall_specific;
        @(posedge clk) ((state_i == 4'd0 && fire_i == 1'b1) || (state_i == 4'd1 || state_i == 4'd2)) |-> (stall_o == 1'b0);
    endproperty
    assert property (p_stall_specific) else $error(""Stall asserted when not expected for specific states"");

endmodule","** Error: prueba.sv(9): (vlog-2730) Undefined variable: 'clk'.
** Error (suppressible): prueba.sv(11): (vlog-1957) The sva directive is not sensitive to a clock. Unclocked directives are not supported.
** Error: prueba.sv(14): (vlog-2730) Undefined variable: 'clk'.
** Error (suppressible): prueba.sv(16): (vlog-1957) The sva directive is not sensitive to a clock. Unclocked directives are not supported.
** Error: prueba.sv(19): (vlog-2730) Undefined variable: 'clk'.
** Error (suppressible): prueba.sv(21): (vlog-1957) The sva directive is not sensitive to a clock. Unclocked directives are not supported.
** Error: prueba.sv(24): (vlog-2730) Undefined variable: 'clk'.
** Error (suppressible): prueba.sv(26): (vlog-1957) The sva directive is not sensitive to a clock. Unclocked directives are not supported.
** Error: prueba.sv(9): (vlog-2730) Undefined variable: 'clk'.",7.654611110687256,3158,457
"module axil_to_tlul_opcode (
    input  logic awvalid,
    input  logic arvalid,
    input  logic wvalid,
    output logic [2:0] tl_a_opcode_o,
    output logic       tl_a_valid_o
);

    always_comb begin
        tl_a_opcode_o = 3'b000;
        tl_a_valid_o  = 1'b0;

        unique case (1'b1)
            arvalid: begin
                tl_a_opcode_o = 3'b000; // Get
                tl_a_valid_o  = 1'b1;
            end

            awvalid && wvalid: begin
                tl_a_opcode_o = 3'b001; // PutFull
                tl_a_valid_o  = 1'b1;
            end

            default: ;
        endcase
    end

endmodule","module axil_to_tlul_opcode_properties (
    input logic awvalid,
    input logic arvalid,
    output logic [2:0] tl_a_opcode_o,
    output logic tl_a_valid_o
);

    property p_tl_a_opcode_get;
        @(posedge clk) (arvalid == 1'b1) |-> (tl_a_opcode_o == 3'b000 && tl_a_valid_o == 1'b1);
    endproperty
    assert property (p_tl_a_opcode_get);

    property p_tl_a_opcode_putfull;
        @(posedge clk) (awvalid == 1'b1 && wvalid == 1'b1) |-> (tl_a_opcode_o == 3'b001 && tl_a_valid_o == 1'b1);
    endproperty
    assert property (p_tl_a_opcode_putfull);

endmodule","** Error: prueba.sv(9): (vlog-2730) Undefined variable: 'clk'.
** Error (suppressible): prueba.sv(11): (vlog-1957) The sva directive is not sensitive to a clock. Unclocked directives are not supported.
** Error: prueba.sv(14): (vlog-2730) Undefined variable: 'wvalid'.
** Error: prueba.sv(14): (vlog-2730) Undefined variable: 'clk'.",5.7782933712005615,3146,246
"module tlul_to_obi_req (
    input  logic        tl_a_valid,
    input  logic [2:0]  tl_a_opcode,
    output logic        obi_req_o,
    output logic        obi_we_o
);

    always_comb begin
        obi_req_o = 1'b0;
        obi_we_o  = 1'b0;

        if (tl_a_valid) begin
            unique case (tl_a_opcode)
                3'b000: begin // Get
                    obi_req_o = 1'b1;
                    obi_we_o  = 1'b0;
                end

                3'b001, 3'b010: begin // Put
                    obi_req_o = 1'b1;
                    obi_we_o  = 1'b1;
                end

                default: ;
            endcase
        end
    end

endmodule","module tlul_to_obi_req_assertions(
    input logic tl_a_valid,
    input logic [2:0] tl_a_opcode,
    output logic obi_req_o,
    output logic obi_we_o
);

    property p_get_assign;
        @(posedge clk) (tl_a_valid && tl_a_opcode == 3'b000) |-> (obi_req_o == 1'b1 && obi_we_o == 1'b0);
    endproperty
    assert property (p_get_assign) else $error(""Get operation assertion failed"");

    property p_put_assign;
        @(posedge clk) (tl_a_valid && (tl_a_opcode == 3'b001 || tl_a_opcode == 3'b010)) |-> (obi_req_o == 1'b1 && obi_we_o == 1'b1);
    endproperty
    assert property (p_put_assign) else $error(""Put operation assertion failed"");

endmodule","** Error: prueba.sv(9): (vlog-2730) Undefined variable: 'clk'.
** Error (suppressible): prueba.sv(11): (vlog-1957) The sva directive is not sensitive to a clock. Unclocked directives are not supported.
** Error: prueba.sv(14): (vlog-2730) Undefined variable: 'clk'.
** Error (suppressible): prueba.sv(16): (vlog-1957) The sva directive is not sensitive to a clock. Unclocked directives are not supported.
** Error: prueba.sv(9): (vlog-2730) Undefined variable: 'clk'.",5.911041736602783,3159,268
"module obi_to_axil_resp (
    input  logic [1:0] obi_resp_i,
    output logic [1:0] axil_rresp_o,
    output logic [1:0] axil_bresp_o
);

    always_comb begin
        axil_rresp_o = 2'b00;
        axil_bresp_o = 2'b00;

        unique case (obi_resp_i)
            2'b00: begin
                axil_rresp_o = 2'b00;
                axil_bresp_o = 2'b00;
            end

            2'b10: begin
                axil_rresp_o = 2'b10;
                axil_bresp_o = 2'b10;
            end

            default: begin
                axil_rresp_o = 2'b11;
                axil_bresp_o = 2'b11;
            end
        endcase
    end

endmodule","module obi_to_axil_resp_assertions (
    input logic clk,
    input logic [1:0] obi_resp_i,
    output logic [1:0] axil_rresp_o,
    output logic [1:0] axil_bresp_o
);

    always_comb begin
        unique case (obi_resp_i)
            2'b00: begin
                assert(axil_rresp_o == 2'b00) else $error(""Error in axil_rresp_o assignment for obi_resp_i = 2'b00"");
                assert(axil_bresp_o == 2'b00) else $error(""Error in axil_bresp_o assignment for obi_resp_i = 2'b00"");
            end
            2'b10: begin
                assert(axil_rresp_o == 2'b10) else $error(""Error in axil_rresp_o assignment for obi_resp_i = 2'b10"");
                assert(axil_bresp_o == 2'b10) else $error(""Error in axil_bresp_o assignment for obi_resp_i = 2'b10"");
            end
            default: begin
                assert(axil_rresp_o == 2'b11) else $error(""Error in axil_rresp_o assignment for default case"");
                assert(axil_bresp_o == 2'b11) else $error(""Error in axil_bresp_o assignment for default case"");
            end
        endcase
    end

endmodule",OK,12.565252542495728,3176,406
"module piton_l2_arbiter (
    input  logic [3:0] req_i,           // per-core request valid
    input  logic [1:0] line_state_i [3:0], // MESI state per core
    input  logic [2:0] msg_type_i [3:0],   // message type per core
    output logic [3:0] grant_o,
    output logic [3:0] nack_o
);

    always_comb begin
        grant_o = 4'b0000;
        nack_o  = 4'b0000;

        for (int i=0; i<4; i++) begin
            if (req_i[i]) begin
                unique case (msg_type_i[i])
                    3'b000: begin // ReadShared
                        unique case (line_state_i[i])
                            2'b00: grant_o[i] = 1'b1;
                            2'b01, 2'b10: grant_o[i] = 1'b1;
                            default: nack_o[i] = 1'b1;
                        endcase
                    end

                    3'b001: begin // ReadExclusive
                        unique case (line_state_i[i])
                            2'b00: grant_o[i] = 1'b1;
                            2'b01: begin
                                grant_o[i] = 1'b1;
                                // invalidate other sharers
                                for (int j=0; j<4; j++) if (j!=i) nack_o[j] = 1'b1;
                            end
                            2'b10, 2'b11: grant_o[i] = 1'b1;
                            default: nack_o[i] = 1'b1;
                        endcase
                    end

                    3'b010: begin // Upgrade
                        unique case (line_state_i[i])
                            2'b01: grant_o[i] = 1'b1;
                            default: nack_o[i] = 1'b1;
                        endcase
                    end

                    default: nack_o[i] = 1'b1;
                endcase
            end
        end
    end

endmodule","module piton_l2_arbiter (
    input  logic [3:0] req_i,           // per-core request valid
    input  logic [1:0] line_state_i [3:0], // MESI state per core
    input  logic [2:0] msg_type_i [3:0],   // message type per core
    output logic [3:0] grant_o,
    output logic [3:0] nack_o
);

    property p_grant_readshared_state0;
        @(posedge clk) (req_i[0] && msg_type_i[0] == 3'b000) |-> ##1 (line_state_i[0] == 2'b00 || line_state_i[0] == 2'b01 || line_state_i[0] == 2'b10) |-> grant_o[0];
    endproperty
    assert property (p_grant_readshared_state0);

    property p_nack_others_readshared_state0;
        @(posedge clk) (req_i[0] && msg_type_i[0] == 3'b000) |-> ##1 ((line_state_i[0] != 2'b00 && line_state_i[0] != 2'b01 && line_state_i[0] != 2'b10) |-> nack_o[0]);
    endproperty
    assert property (p_nack_others_readshared_state0);

    property p_grant_readexclusive_state0;
        @(posedge clk) (req_i[0] && msg_type_i[0] == 3'b001) |-> ##1 (line_state_i[0] == 2'b00 || line_state_i[0] == 2'b01 || line_state_i[0] == 2'b10) |-> grant_o[0];
    endproperty
    assert property (p_grant_readexclusive_state0);

    property p_nack_others_readexclusive_state0;
        @(posedge clk) (req_i[0] && msg_type_i[0] == 3'b001) |-> ##1 ((line_state_i[0] != 2'b00 && line_state_i[0] != 2'b01 && line_state_i[0] != 2'b10) |-> nack_o[0]);
    endproperty
    assert property (p_nack_others_readexclusive_state0);

    property p_grant_upgrade_state0;
        @(posedge clk) (req_i[0] && msg_type_i[0] == 3'b010) |-> ##1 (line_state_i[0] == 2'b01) |-> grant_o[0];
    endproperty
    assert property (p_grant_upgrade_state0);

    property p_nack_others_upgrade_state0;
        @(posedge clk) (req_i[0] && msg_type_i[0] == 3'b010) |-> ##1 ((line_state_i[0] != 2'b01) |-> nack_o[0]);
    endproperty
    assert property (p_nack_others_upgrade_state0);

endmodule","** Error: (vlog-13069) prueba.sv(15): near ""|->"": syntax error, unexpected |-> .
** Error: (vlog-13069) prueba.sv(25): near ""|->"": syntax error, unexpected |-> .
** Error: (vlog-13069) prueba.sv(35): near ""|->"": syntax error, unexpected |-> .",10.660531044006348,3483,841
"module chisel_deep_fsm (
    input  logic [7:0] event_i,
    input  logic       ready_i,
    input  logic       valid_i,
    output logic       fire_o,
    output logic       stall_o
);

    logic [3:0] state;
    always_comb begin
        fire_o  = 1'b0;
        stall_o = 1'b0;

        unique case (state)
            4'd0: begin
                if (valid_i) begin
                    unique case (event_i[1:0])
                        2'b00: fire_o  = 1'b1;
                        2'b01: stall_o = 1'b1;
                        default: stall_o = 1'b1;
                    endcase
                end
            end

            4'd1: begin
                if (ready_i) begin
                    unique case (event_i[3:2])
                        2'b00: fire_o = 1'b1;
                        2'b01: stall_o = 1'b1;
                        default: stall_o = 1'b1;
                    endcase
                end
            end

            4'd2: begin
                unique case (event_i[5:4])
                    2'b00: fire_o = 1'b1;
                    2'b01: stall_o = 1'b1;
                    default: stall_o = 1'b1;
                endcase
            end

            4'd15: stall_o = 1'b1;

            default: stall_o = 1'b1;
        endcase
    end

endmodule","module chisel_deep_fsm_assertions(
    input logic [7:0] event_i,
    input logic ready_i,
    input logic valid_i,
    output logic fire_o,
    output logic stall_o
);

    // Internal state variable
    logic [3:0] state;

    // Property definitions
    property p_fire_on_valid_event_low;
        @(posedge clk) disable iff (!rst_n) 
        (state == 4'd0 && valid_i) |-> ((event_i[1:0] == 2'b00) -> fire_o);
    endproperty
    assert property (p_fire_on_valid_event_low) else $error(""Failed on state 0 with valid and event low"");

    property p_stall_on_invalid_event_low;
        @(posedge clk) disable iff (!rst_n) 
        (state == 4'd0 && valid_i) |-> ((event_i[1:0] != 2'b00) -> stall_o);
    endproperty
    assert property (p_stall_on_invalid_event_low) else $error(""Failed on state 0 with invalid event low"");

    property p_fire_on_ready_event_mid;
        @(posedge clk) disable iff (!rst_n) 
        (state == 4'd1 && ready_i) |-> ((event_i[3:2] == 2'b00) -> fire_o);
    endproperty
    assert property (p_fire_on_ready_event_mid) else $error(""Failed on state 1 with ready and event mid"");

    property p_stall_on_invalid_event_mid;
        @(posedge clk) disable iff (!rst_n) 
        (state == 4'd1 && ready_i) |-> ((event_i[3:2] != 2'b00) -> stall_o);
    endproperty
    assert property (p_stall_on_invalid_event_mid) else $error(""Failed on state 1 with invalid event mid"");

    property p_fire_on_valid_event_high;
        @(posedge clk) disable iff (!rst_n) 
        (state == 4'd2 && valid_i) |-> ((event_i[5:4] == 2'b00) -> fire_o);
    endproperty
    assert property (p_fire_on_valid_event_high) else $error(""Failed on state 2 with valid and event high"");

    property p_stall_on_invalid_event_high;
        @(posedge clk) disable iff (!rst_n) 
        (state == 4'd2 && valid_i) |-> ((event_i[5:4] != 2'b00) -> stall_o);
    endproperty
    assert property (p_stall_on_invalid_event_high) else $error(""Failed on state 2 with invalid event high"");

    property p_default_stall;
        @(posedge clk) disable iff (!rst_n) 
        ((state != 4'd0 && state != 4'd1 && state != 4'd2) || (state == 4'd15)) -> stall_o;
    endproperty
    assert property (p_default_stall) else $error(""Failed on default or state 15"");

endmodule","** Error: prueba.sv(14): (vlog-2730) Undefined variable: 'rst_n'.
** Error: prueba.sv(14): (vlog-2730) Undefined variable: 'clk'.",15.80015516281128,3331,821
"module axil_tl_obi_bridge (
    input  logic        awvalid_i,
    input  logic        arvalid_i,
    input  logic        wvalid_i,
    input  logic [31:0] awaddr_i,
    input  logic [2:0]  awprot_i,
    input  logic [2:0]  tl_opcode_i,
    input  logic [1:0]  obi_resp_i,
    output logic        tl_a_valid_o,
    output logic [2:0]  tl_a_opcode_o,
    output logic        obi_req_o,
    output logic        obi_we_o,
    output logic [1:0]  axil_rresp_o
);

    always_comb begin
        tl_a_valid_o   = 1'b0;
        tl_a_opcode_o  = 3'b000;
        obi_req_o      = 1'b0;
        obi_we_o       = 1'b0;
        axil_rresp_o   = 2'b00;

        // AXI ? TL
        unique case (1'b1)
            arvalid_i: begin
                tl_a_valid_o  = 1'b1;
                tl_a_opcode_o = 3'b000; // Get
            end

            awvalid_i && wvalid_i: begin
                tl_a_valid_o  = 1'b1;
                tl_a_opcode_o = 3'b001; // PutFull
            end

            default: ;
        endcase

        // TL ? OBI
        if (tl_a_valid_o) begin
            unique case (tl_a_opcode_o)
                3'b000: begin
                    obi_req_o = 1'b1;
                    obi_we_o  = 1'b0;
                end

                3'b001, 3'b010: begin
                    obi_req_o = 1'b1;
                    obi_we_o  = 1'b1;
                end

                default: ;
            endcase
        end

        // OBI ? AXI Response
        unique case (obi_resp_i)
            2'b00: axil_rresp_o = 2'b00; // OKAY
            2'b10: axil_rresp_o = 2'b10; // SLVERR
            default: axil_rresp_o = 2'b11; // DECERR
        endcase
    end

endmodule","module axil_tl_obi_bridge_assertions (
    input logic        awvalid_i,
    input logic        arvalid_i,
    input logic        wvalid_i,
    input logic [31:0] awaddr_i,
    input logic [2:0]  awprot_i,
    input logic [2:0]  tl_opcode_i,
    input logic [1:0]  obi_resp_i,
    output logic        tl_a_valid_o,
    output logic [2:0]  tl_a_opcode_o,
    output logic        obi_req_o,
    output logic        obi_we_o,
    output logic [1:0]  axil_rresp_o
);

    property p_tl_a_valid_assign;
        @(posedge clk) (arvalid_i || (awvalid_i && wvalid_i)) |-> ##[1:2] tl_a_valid_o == 1'b1;
    endproperty
    assert property (p_tl_a_valid_assign);

    property p_obi_req_assign;
        @(posedge clk) (arvalid_i || (awvalid_i && wvalid_i)) |-> ##[1:2] obi_req_o == 1'b1;
    endproperty
    assert property (p_obi_req_assign);

    property p_obi_we_assign;
        @(posedge clk) ((awvalid_i && wvalid_i) && tl_opcode_o == 3'b001) |-> ##[1:2] obi_we_o == 1'b1;
    endproperty
    assert property (p_obi_we_assign);

    property p_axil_rresp_assign;
        @(posedge clk) tl_a_valid_o |-> ##[1:2] case (obi_resp_i)
            2'b00: axil_rresp_o == 2'b00;
            2'b10: axil_rresp_o == 2'b10;
            default: axil_rresp_o == 2'b11;
        endcase;
    endproperty
    assert property (p_axil_rresp_assign);

endmodule","** Error: (vlog-13069) prueba.sv(32): near ""case"": syntax error, unexpected case.",23.205349922180176,3572,561
"module sec_lc_gate (
    input  logic sec_req_i,
    input  logic [2:0] lc_state_i,
    input  logic [1:0] access_type_i,
    output logic allow_o,
    output logic violation_o
);

    always_comb begin
        allow_o     = 1'b0;
        violation_o = 1'b0;

        if (sec_req_i) begin
            unique case (lc_state_i)
                3'b000: begin // TEST
                    unique case (access_type_i)
                        2'b00: allow_o = 1'b1;
                        2'b01: violation_o = 1'b1;
                        default: violation_o = 1'b1;
                    endcase
                end

                3'b001: begin // DEV
                    unique case (access_type_i)
                        2'b00, 2'b01: allow_o = 1'b1;
                        default: violation_o = 1'b1;
                    endcase
                end

                3'b010: begin // PROD
                    unique case (access_type_i)
                        2'b01: allow_o = 1'b1;
                        default: violation_o = 1'b1;
                    endcase
                end

                default: violation_o = 1'b1;
            endcase
        end
    end

endmodule","module sec_lc_gate_assertions(
    input logic sec_req_i,
    input logic [2:0] lc_state_i,
    input logic [1:0] access_type_i,
    output logic allow_o,
    output logic violation_o
);

    property p_allow_sec_test;
        @(posedge clk) (sec_req_i && lc_state_i == 3'b000) |-> (access_type_i == 2'b00) ##1 allow_o == 1'b1;
    endproperty
    assert property (p_allow_sec_test);

    property p_violation_sec_test;
        @(posedge clk) (sec_req_i && lc_state_i == 3'b000) |-> ##1 (access_type_i != 2'b00) ##1 violation_o == 1'b1;
    endproperty
    assert property (p_violation_sec_test);

    property p_allow_dev;
        @(posedge clk) (sec_req_i && lc_state_i == 3'b001) |-> ((access_type_i == 2'b00) || (access_type_i == 2'b01)) ##1 allow_o == 1'b1;
    endproperty
    assert property (p_allow_dev);

    property p_violation_dev;
        @(posedge clk) (sec_req_i && lc_state_i == 3'b001) |-> ((access_type_i != 2'b00) && (access_type_i != 2'b01)) ##1 violation_o == 1'b1;
    endproperty
    assert property (p_violation_dev);

    property p_allow_prod;
        @(posedge clk) (sec_req_i && lc_state_i == 3'b010) |-> (access_type_i == 2'b01) ##1 allow_o == 1'b1;
    endproperty
    assert property (p_allow_prod);

    property p_violation_prod;
        @(posedge clk) (sec_req_i && lc_state_i == 3'b010) |-> ##1 (access_type_i != 2'b01) ##1 violation_o == 1'b1;
    endproperty
    assert property (p_violation_prod);

    property p_default_violation;
        @(posedge clk) (!sec_req_i || lc_state_i == 3'b000 && access_type_i != 2'b00 || lc_state_i == 3'b001 && (access_type_i != 2'b00 && access_type_i != 2'b01) || lc_state_i == 3'b010 && access_type_i != 2'b01) |-> ##1 violation_o == 1'b1;
    endproperty
    assert property (p_default_violation);

endmodule","** Error: prueba.sv(10): (vlog-2730) Undefined variable: 'clk'.
** Error (suppressible): prueba.sv(12): (vlog-1957) The sva directive is not sensitive to a clock. Unclocked directives are not supported.
** Error: prueba.sv(15): (vlog-2730) Undefined variable: 'clk'.
** Error (suppressible): prueba.sv(17): (vlog-1957) The sva directive is not sensitive to a clock. Unclocked directives are not supported.
** Error: prueba.sv(20): (vlog-2730) Undefined variable: 'clk'.
** Error (suppressible): prueba.sv(22): (vlog-1957) The sva directive is not sensitive to a clock. Unclocked directives are not supported.
** Error: prueba.sv(25): (vlog-2730) Undefined variable: 'clk'.
** Error (suppressible): prueba.sv(27): (vlog-1957) The sva directive is not sensitive to a clock. Unclocked directives are not supported.
** Error: prueba.sv(30): (vlog-2730) Undefined variable: 'clk'.
** Error (suppressible): prueba.sv(32): (vlog-1957) The sva directive is not sensitive to a clock. Unclocked directives are not supported.
** Error: prueba.sv(35): (vlog-2730) Undefined variable: 'clk'.
** Error (suppressible): prueba.sv(37): (vlog-1957) The sva directive is not sensitive to a clock. Unclocked directives are not supported.
** Error: prueba.sv(40): (vlog-2730) Undefined variable: 'clk'.
** Error (suppressible): prueba.sv(42): (vlog-1957) The sva directive is not sensitive to a clock. Unclocked directives are not supported.
** Error: prueba.sv(10): (vlog-2730) Undefined variable: 'clk'.",21.415281772613525,3278,764
"module piton_l2_repl (
    input  logic [3:0] req_i,            // request from 4 cores
    input  logic [1:0] line_state_i [3:0], // MESI states per core
    input  logic [1:0] lru_i [3:0],     // LRU priority
    output logic [3:0] grant_o,
    output logic [3:0] evict_o,
    output logic [3:0] stall_o
);

    always_comb begin
        grant_o = 4'b0000;
        evict_o = 4'b0000;
        stall_o = 4'b0000;

        for (int i = 0; i < 4; i++) begin
            if (req_i[i]) begin
                unique case (line_state_i[i])
                    2'b00: grant_o[i] = 1'b1; // Invalid ? grant
                    2'b01: begin
                        unique case (lru_i[i])
                            2'b00: grant_o[i] = 1'b1;
                            2'b01: evict_o[i] = 1'b1;
                            default: stall_o[i] = 1'b1;
                        endcase
                    end
                    2'b10: begin
                        unique case (lru_i[i])
                            2'b00, 2'b01: grant_o[i] = 1'b1;
                            2'b10: evict_o[i] = 1'b1;
                            default: stall_o[i] = 1'b1;
                        endcase
                    end
                    2'b11: stall_o[i] = 1'b1;
                    default: stall_o[i] = 1'b1;
                endcase
            end
        end
    end
endmodule","module piton_l2_repl (
    input  logic [3:0] req_i,            // request from 4 cores
    input  logic [1:0] line_state_i [3:0], // MESI states per core
    input  logic [1:0] lru_i [3:0],     // LRU priority
    output logic [3:0] grant_o,
    output logic [3:0] evict_o,
    output logic [3:0] stall_o
);

    property p_grant_assign;
        @(posedge clk) for (int i = 0; i < 4; i++) (req_i[i] && line_state_i[i] == 2'b00) |-> (grant_o[i] == 1'b1);
    endproperty
    assert property (p_grant_assign);

    property p_evict_assign;
        @(posedge clk) for (int i = 0; i < 4; i++) (req_i[i] && line_state_i[i] == 2'b01 && lru_i[i] != 2'b10) |-> (evict_o[i] == 1'b1);
    endproperty
    assert property (p_evict_assign);

    property p_stall_default;
        @(posedge clk) for (int i = 0; i < 4; i++) ((req_i[i] && line_state_i[i] != 2'b00 && line_state_i[i] != 2'b01 && lru_i[i] != 2'b00 && lru_i[i] != 2'b01) || !req_i[i]) |-> (stall_o[i] == 1'b1);
    endproperty
    assert property (p_stall_default);

endmodule","** Error: (vlog-13069) prueba.sv(11): near ""for"": syntax error, unexpected for, expecting disable.
** Error: prueba.sv(11): (vlog-13205) Syntax error found in the scope following 'i'. Is there a missing '::'?",10.513937711715698,3393,467
"module chisel_event_dispatch (
    input  logic [7:0] evt_i,
    input  logic [3:0] fsm_state_i,
    output logic       fire_o,
    output logic       stall_o,
    output logic       error_o
);

    always_comb begin
        fire_o  = 1'b0;
        stall_o = 1'b0;
        error_o = 1'b0;

        unique case (fsm_state_i)
            4'd0: begin
                unique case (evt_i[1:0])
                    2'b00: fire_o = 1'b1;
                    2'b01: stall_o = 1'b1;
                    default: error_o = 1'b1;
                endcase
            end

            4'd1: begin
                unique case (evt_i[3:2])
                    2'b00: fire_o = 1'b1;
                    2'b01: stall_o = 1'b1;
                    default: error_o = 1'b1;
                endcase
            end

            4'd2: begin
                unique case (evt_i[5:4])
                    2'b00: fire_o = 1'b1;
                    2'b01: stall_o = 1'b1;
                    default: error_o = 1'b1;
                endcase
            end

            4'd3: begin
                unique case (evt_i[7:6])
                    2'b00: fire_o = 1'b1;
                    2'b01: stall_o = 1'b1;
                    default: error_o = 1'b1;
                endcase
            end

            default: error_o = 1'b1;
        endcase
    end
endmodule","module chisel_event_dispatch_assertions (
    input logic [7:0] evt_i,
    input logic [3:0] fsm_state_i,
    output logic fire_o,
    output logic stall_o,
    output logic error_o
);

    // Properties and Assertions for fire_o
    property p_fire_when_evt00;
        @(posedge clk) (fsm_state_i == 4'd0 && evt_i[1:0] == 2'b00) |-> (fire_o == 1'b1);
    endproperty
    assert property (p_fire_when_evt00) else $error(""Assertion failed: fire_o should be high when fsm_state_i is 4'd0 and evt_i[1:0] is 2'b00"");

    property p_stall_when_evt01;
        @(posedge clk) (fsm_state_i == 4'd0 && evt_i[1:0] == 2'b01) |-> (stall_o == 1'b1);
    endproperty
    assert property (p_stall_when_evt01) else $error(""Assertion failed: stall_o should be high when fsm_state_i is 4'd0 and evt_i[1:0] is 2'b01"");

    property p_error_on_default;
        @(posedge clk) (fsm_state_i == 4'd0 && !(evt_i[1:0] == 2'b00 || evt_i[1:0] == 2'b01)) |-> (error_o == 1'b1);
    endproperty
    assert property (p_error_on_default) else $error(""Assertion failed: error_o should be high when fsm_state_i is 4'd0 and evt_i[1:0] is not 2'b00 or 2'b01"");

    // Properties and Assertions for fire_o (continued)
    property p_fire_when_evt20;
        @(posedge clk) (fsm_state_i == 4'd2 && evt_i[5:4] == 2'b00) |-> (fire_o == 1'b1);
    endproperty
    assert property (p_fire_when_evt20) else $error(""Assertion failed: fire_o should be high when fsm_state_i is 4'd2 and evt_i[5:4] is 2'b00"");

    property p_stall_when_evt21;
        @(posedge clk) (fsm_state_i == 4'd2 && evt_i[5:4] == 2'b01) |-> (stall_o == 1'b1);
    endproperty
    assert property (p_stall_when_evt21) else $error(""Assertion failed: stall_o should be high when fsm_state_i is 4'd2 and evt_i[5:4] is 2'b01"");

    property p_error_on_default;
        @(posedge clk) (fsm_state_i == 4'd2 && !(evt_i[5:4] == 2'b00 || evt_i[5:4] == 2'b01)) |-> (error_o == 1'b1);
    endproperty
    assert property (p_error_on_default) else $error(""Assertion failed: error_o should be high when fsm_state_i is 4'd2 and evt_i[5:4] is not 2'b00 or 2'b01"");

    // Properties and Assertions for fire_o (continued)
    property p_fire_when_evt40;
        @(posedge clk) (fsm_state_i == 4'd4 && evt_i[7:6] == 2'b00) |-> (fire_o == 1'b1);
    endproperty
    assert property (p_fire_when_evt40) else $error(""Assertion failed: fire_o should be high when fsm_state_i is 4'd4 and evt_i[7:6] is 2'b00"");

    property p_stall_when_evt41;
        @(posedge clk) (fsm_state_i == 4'd4 && evt_i[7:6] == 2'b01) |-> (stall_o == 1'b1);
    endproperty
    assert property (p_stall_when_evt41) else $error(""Assertion failed: stall_o should be high when fsm_state_i is 4'd4 and evt_i[7:6] is 2'b01"");

    property p_error_on_default;
        @(posedge clk) (fsm_state_i == 4'd4 && !(evt_i[7:6] == 2'b00 || evt_i[7:6] == 2'b01)) |-> (error_o == 1'b1);
    endproperty
    assert property (p_error_on_default) else $error(""Assertion failed: error_o should be high when fsm_state_i is 4'd4 and evt_i[7:6] is not 2'b00 or 2'b01"");

endmodule","** Error: prueba.sv(36): (vlog-13282) 'p_error_on_default' already declared in this scope.
** Error: prueba.sv(52): (vlog-13282) 'p_error_on_default' already declared in this scope.",17.399893283843994,3377,1313
"module multi_proto_arbiter (
    input  logic tl_valid_i,
    input  logic axi_awvalid_i,
    input  logic axi_arvalid_i,
    input  logic obi_req_i,
    input  logic [2:0] tl_opcode_i,
    input  logic [1:0] obi_resp_i,
    output logic grant_o,
    output logic deny_o,
    output logic error_o
);

    always_comb begin
        grant_o = 1'b0;
        deny_o  = 1'b0;
        error_o = 1'b0;

        unique case (1'b1)
            tl_valid_i: begin
                unique case (tl_opcode_i)
                    3'b000: grant_o = 1'b1; // Get
                    3'b001, 3'b010: grant_o = 1'b1; // Put
                    default: deny_o = 1'b1;
                endcase
            end

            axi_awvalid_i || axi_arvalid_i: begin
                grant_o = 1'b1;
            end

            obi_req_i: begin
                unique case (obi_resp_i)
                    2'b00: grant_o = 1'b1;
                    2'b10: deny_o = 1'b1;
                    default: error_o = 1'b1;
                endcase
            end

            default: error_o = 1'b1;
        endcase
    end
endmodule","module multi_proto_arbiter_assertions (
    input logic tl_valid_i,
    input logic axi_awvalid_i,
    input logic axi_arvalid_i,
    input logic obi_req_i,
    input logic [2:0] tl_opcode_i,
    input logic [1:0] obi_resp_i,
    output logic grant_o,
    output logic deny_o,
    output logic error_o
);

    property p_grant_tl;
        @(posedge clk) (tl_valid_i && tl_opcode_i == 3'b000) |-> (grant_o == 1'b1);
    endproperty
    assert property (p_grant_tl) else $error(""Failed: grant_o should be 1 when tl_valid_i and tl_opcode_i is 3'b000"");

    property p_grant_axi;
        @(posedge clk) (axi_awvalid_i || axi_arvalid_i) |-> (grant_o == 1'b1);
    endproperty
    assert property (p_grant_axi) else $error(""Failed: grant_o should be 1 when axi_awvalid_i or axi_arvalid_i is high"");

    property p_deny_obi;
        @(posedge clk) (obi_req_i && obi_resp_i == 2'b10) |-> (deny_o == 1'b1);
    endproperty
    assert property (p_deny_obi) else $error(""Failed: deny_o should be 1 when obi_req_i and obi_resp_i is 2'b10"");

    property p_error_default;
        @(posedge clk) (!tl_valid_i && !(axi_awvalid_i || axi_arvalid_i) && !obi_req_i) |-> (error_o == 1'b1);
    endproperty
    assert property (p_error_default) else $error(""Failed: error_o should be 1 when no valid inputs are asserted"");

endmodule","** Error: prueba.sv(14): (vlog-2730) Undefined variable: 'clk'.
** Error (suppressible): prueba.sv(16): (vlog-1957) The sva directive is not sensitive to a clock. Unclocked directives are not supported.
** Error: prueba.sv(19): (vlog-2730) Undefined variable: 'clk'.
** Error (suppressible): prueba.sv(21): (vlog-1957) The sva directive is not sensitive to a clock. Unclocked directives are not supported.
** Error: prueba.sv(24): (vlog-2730) Undefined variable: 'clk'.
** Error (suppressible): prueba.sv(26): (vlog-1957) The sva directive is not sensitive to a clock. Unclocked directives are not supported.
** Error: prueba.sv(29): (vlog-2730) Undefined variable: 'clk'.
** Error (suppressible): prueba.sv(31): (vlog-1957) The sva directive is not sensitive to a clock. Unclocked directives are not supported.
** Error: prueba.sv(14): (vlog-2730) Undefined variable: 'clk'.",23.15259385108948,3309,508
"module sec_lc_multi_gate (
    input  logic sec_req_i,
    input  logic [2:0] lc_state_i,
    input  logic [1:0] access_type_i,
    input  logic priv_i,
    output logic allow_o,
    output logic violation_o
);

    always_comb begin
        allow_o     = 1'b0;
        violation_o = 1'b0;

        if (sec_req_i) begin
            unique case (lc_state_i)
                3'b000: begin
                    unique case (access_type_i)
                        2'b00: begin
                            unique case (priv_i)
                                1'b1: allow_o = 1'b1;
                                default: violation_o = 1'b1;
                            endcase
                        end
                        2'b01: violation_o = 1'b1;
                        default: violation_o = 1'b1;
                    endcase
                end

                3'b001: begin
                    unique case (access_type_i)
                        2'b00, 2'b01: begin
                            unique case (priv_i)
                                1'b1: allow_o = 1'b1;
                                default: violation_o = 1'b1;
                            endcase
                        end
                        default: violation_o = 1'b1;
                    endcase
                end

                3'b010: begin
                    unique case (access_type_i)
                        2'b01: begin
                            unique case (priv_i)
                                1'b1: allow_o = 1'b1;
                                default: violation_o = 1'b1;
                            endcase
                        end
                        default: violation_o = 1'b1;
                    endcase
                end

                default: violation_o = 1'b1;
            endcase
        end
    end
endmodule","module sec_lc_multi_gate_assertions (
    input logic sec_req_i,
    input logic [2:0] lc_state_i,
    input logic [1:0] access_type_i,
    input logic priv_i,
    output logic allow_o,
    output logic violation_o
);

    property p_allow_when_sec_req;
        @(posedge clk) (sec_req_i == 1'b1) |-> ((lc_state_i == 3'b000 && access_type_i == 2'b00 && priv_i == 1'b1) ||
                                               (lc_state_i == 3'b001 && (access_type_i == 2'b00 || access_type_i == 2'b01) && priv_i == 1'b1) ||
                                               (lc_state_i == 3'b010 && access_type_i == 2'b01 && priv_i == 1'b1) ||
                                               lc_state_i == 3'b000 && access_type_i == 2'b00 && priv_i != 1'b1) |-> (allow_o == 1'b1);
    endproperty
    assert property (p_allow_when_sec_req) else $error(""Assertion failed: allow_o is not set correctly when sec_req_i is high"");

    property p_violation_otherwise;
        @(posedge clk) (sec_req_i == 1'b1 && !((lc_state_i == 3'b000 && access_type_i == 2'b00 && priv_i == 1'b1) ||
                                                (lc_state_i == 3'b001 && (access_type_i == 2'b00 || access_type_i == 2'b01) && priv_i == 1'b1) ||
                                                (lc_state_i == 3'b010 && access_type_i == 2'b01 && priv_i == 1'b1))) |-> (violation_o == 1'b1);
    endproperty
    assert property (p_violation_otherwise) else $error(""Assertion failed: violation_o is not set correctly when sec_req_i is high and conditions are not met"");

endmodule","** Error: prueba.sv(11): (vlog-2730) Undefined variable: 'clk'.
** Error (suppressible): prueba.sv(16): (vlog-1957) The sva directive is not sensitive to a clock. Unclocked directives are not supported.
** Error: prueba.sv(19): (vlog-2730) Undefined variable: 'clk'.
** Error (suppressible): prueba.sv(23): (vlog-1957) The sva directive is not sensitive to a clock. Unclocked directives are not supported.
** Error: prueba.sv(11): (vlog-2730) Undefined variable: 'clk'.",17.45450735092163,3395,580
"module multi_core_cache_arb (
    input  logic [3:0] req_i,
    input  logic [1:0] line_state_i [3:0],
    input  logic [2:0] msg_type_i [3:0],
    input  logic priv_i [3:0],
    output logic [3:0] grant_o,
    output logic [3:0] nack_o
);

    always_comb begin
        grant_o = 4'b0000;
        nack_o  = 4'b0000;

        for (int i=0; i<4; i++) begin
            if (req_i[i]) begin
                unique case (line_state_i[i])
                    2'b00: begin
                        unique case (msg_type_i[i])
                            3'b000: begin
                                unique case (priv_i[i])
                                    1'b1: grant_o[i] = 1'b1;
                                    default: nack_o[i] = 1'b1;
                                endcase
                            end
                            3'b001: grant_o[i] = 1'b1;
                            default: nack_o[i] = 1'b1;
                        endcase
                    end
                    2'b01: begin
                        unique case (msg_type_i[i])
                            3'b010: grant_o[i] = 1'b1;
                            default: nack_o[i] = 1'b1;
                        endcase
                    end
                    2'b10, 2'b11: nack_o[i] = 1'b1;
                    default: nack_o[i] = 1'b1;
                endcase
            end
        end
    end
endmodule","module multi_core_cache_arb_assertions(
    input logic [3:0] req_i,
    input logic [1:0] line_state_i [3:0],
    input logic [2:0] msg_type_i [3:0],
    input logic priv_i [3:0],
    output logic [3:0] grant_o,
    output logic [3:0] nack_o
);

    // Internal variables and functions can be defined here if needed

    property p_grant_on_req;
        @(posedge clk) for (int i=0; i<4; i++) 
            (req_i[i]) |-> ##1 ($rose(grant_o[i]) == (line_state_i[i] == 2'b00 && msg_type_i[i] == 3'b000 && priv_i[i] == 1'b1));
    endproperty
    assert property (p_grant_on_req) else $error(""Grant assertion failed"");

    property p_nack_on_default;
        @(posedge clk) for (int i=0; i<4; i++) 
            ((line_state_i[i] != 2'b00 || msg_type_i[i] == 3'b001) && line_state_i[i] != 2'b01 && (line_state_i[i] != 2'b10 || line_state_i[i] != 2'b11)) |-> ##1 ($rose(nack_o[i]));
    endproperty
    assert property (p_nack_on_default) else $error(""Nack assertion failed"");

endmodule","** Error: (vlog-13069) prueba.sv(13): near ""for"": syntax error, unexpected for, expecting disable.
** Error: prueba.sv(13): (vlog-13205) Syntax error found in the scope following 'i'. Is there a missing '::'?",10.921770811080933,3364,418
"module piton_l2_evict_ctrl (
    input  logic [3:0] req_i,
    input  logic [1:0] line_state_i [3:0],
    input  logic [1:0] lru_i [3:0],
    input  logic priv_i [3:0],
    output logic [3:0] grant_o,
    output logic [3:0] evict_o,
    output logic [3:0] stall_o
);

    always_comb begin
        grant_o = 4'b0000;
        evict_o = 4'b0000;
        stall_o = 4'b0000;

        for (int i = 0; i < 4; i++) begin
            if (req_i[i]) begin
                unique case (line_state_i[i])
                    2'b00: begin
                        unique case (priv_i[i])
                            1'b1: grant_o[i] = 1'b1;
                            default: stall_o[i] = 1'b1;
                        endcase
                    end
                    2'b01: begin
                        unique case (lru_i[i])
                            2'b00: grant_o[i] = 1'b1;
                            2'b01: evict_o[i] = 1'b1;
                            default: stall_o[i] = 1'b1;
                        endcase
                    end
                    2'b10: begin
                        unique case (lru_i[i])
                            2'b00, 2'b01: grant_o[i] = 1'b1;
                            2'b10: evict_o[i] = 1'b1;
                            default: stall_o[i] = 1'b1;
                        endcase
                    end
                    2'b11: stall_o[i] = 1'b1;
                    default: stall_o[i] = 1'b1;
                endcase
            end
        end
    end
endmodule","module piton_l2_evict_ctrl (
    input  logic [3:0] req_i,
    input  logic [1:0] line_state_i [3:0],
    input  logic [1:0] lru_i [3:0],
    input  logic priv_i [3:0],
    output logic [3:0] grant_o,
    output logic [3:0] evict_o,
    output logic [3:0] stall_o
);

    always_comb begin
        grant_o = 4'b0000;
        evict_o = 4'b0000;
        stall_o = 4'b0000;

        for (int i = 0; i < 4; i++) begin
            if (req_i[i]) begin
                unique case (line_state_i[i])
                    2'b00: begin
                        unique case (priv_i[i])
                            1'b1: grant_o[i] = 1'b1;
                            default: stall_o[i] = 1'b1;
                        endcase
                    end
                    2'b01: begin
                        unique case (lru_i[i])
                            2'b00: grant_o[i] = 1'b1;
                            2'b01: evict_o[i] = 1'b1;
                            default: stall_o[i] = 1'b1;
                        endcase
                    end
                    2'b10: begin
                        unique case (lru_i[i])
                            2'b00, 2'b01: grant_o[i] = 1'b1;
                            2'b10: evict_o[i] = 1'b1;
                            default: stall_o[i] = 1'b1;
                        endcase
                    end
                    2'b11: stall_o[i] = 1'b1;
                    default: stall_o[i] = 1'b1;
                endcase
            end
        end
    end
endmodule

module piton_l2_evict_ctrl_assertions (
    input logic [3:0] req_i,
    input logic [1:0] line_state_i [3:0],
    input logic [1:0] lru_i [3:0],
    input logic priv_i [3:0],
    output logic [3:0] grant_o,
    output logic [3:0] evict_o,
    output logic [3:0] stall_o
);

    property p_grant_when_req;
        @(posedge clk) disable iff (!rst_n) (req_i[i] && line_state_i[i] == 2'b00 && priv_i[i] == 1'b1) |-> ##1 grant_o[i] == 1'b1;
    endproperty
    assert property (p_grant_when_req) else $error(""Grant not asserted when req and line_state are met"");

    property p_evict_when_req;
        @(posedge clk) disable iff (!rst_n) (req_i[i] && line_state_i[i] == 2'b01 && lru_i[i] == 2'b01) |-> ##1 evict_o[i] == 1'b1;
    endproperty
    assert property (p_evict_when_req) else $error(""Evict not asserted when req and LRU are met"");

    property p_stall_otherwise;
        @(posedge clk) disable iff (!rst_n) (req_i[i] && !(line_state_i[i] == 2'b00 && priv_i[i] == 1'b1 || line_state_i[i] == 2'b01 && lru_i[i] == 2'b00 || line_state_i[i] == 2'b10 && (lru_i[i] == 2'b00 || lru_i[i] == 2'b01))) |-> ##1 stall_o[i] == 1'b1;
    endproperty
    assert property (p_stall_otherwise) else $error(""Stall not asserted for other conditions"");

endmodule","** Error: prueba.sv(58): (vlog-2730) Undefined variable: 'i'.
** Error: prueba.sv(58): (vlog-2730) Undefined variable: 'rst_n'.
** Error: prueba.sv(58): (vlog-2730) Undefined variable: 'clk'.",15.508222103118896,3429,1063
"module tl_axi_obi_bridge (
    input  logic tl_valid_i,
    input  logic [2:0] tl_opcode_i,
    input  logic axi_awvalid_i,
    input  logic axi_arvalid_i,
    input  logic [1:0] obi_resp_i,
    input  logic priv_i,
    output logic tl_a_valid_o,
    output logic [2:0] tl_a_opcode_o,
    output logic obi_req_o,
    output logic obi_we_o,
    output logic [1:0] axi_rresp_o
);

    always_comb begin
        tl_a_valid_o  = 1'b0;
        tl_a_opcode_o = 3'b000;
        obi_req_o     = 1'b0;
        obi_we_o      = 1'b0;
        axi_rresp_o   = 2'b00;

        // TL ? OBI
        if (tl_valid_i) begin
            unique case (tl_opcode_i)
                3'b000: begin
                    tl_a_valid_o  = 1'b1;
                    tl_a_opcode_o = 3'b000; // Get
                    obi_req_o     = 1'b1;
                    obi_we_o      = 1'b0;
                end
                3'b001, 3'b010: begin
                    tl_a_valid_o  = 1'b1;
                    tl_a_opcode_o = tl_opcode_i;
                    obi_req_o     = 1'b1;
                    obi_we_o      = 1'b1;
                end
                default: axi_rresp_o = 2'b11; // DECERR
            endcase
        end

        // AXI ? TL mapping
        unique case (1'b1)
            axi_arvalid_i: begin
                tl_a_valid_o  = 1'b1;
                tl_a_opcode_o = 3'b000; // Get
            end
            axi_awvalid_i: begin
                tl_a_valid_o  = 1'b1;
                tl_a_opcode_o = 3'b001; // PutFull
            end
        endcase

        // OBI ? AXI Response
        unique case (obi_resp_i)
            2'b00: axi_rresp_o = 2'b00; // OKAY
            2'b10: axi_rresp_o = 2'b10; // SLVERR
            default: axi_rresp_o = 2'b11; // DECERR
        endcase

        // Privilege enforcement
        if (!priv_i) begin
            axi_rresp_o = 2'b10;
            tl_a_valid_o = 1'b0;
            obi_req_o    = 1'b0;
        end
    end
endmodule","module tl_axi_obi_bridge_assertions (
    input logic tl_valid_i,
    input logic [2:0] tl_opcode_i,
    input logic axi_awvalid_i,
    input logic axi_arvalid_i,
    input logic [1:0] obi_resp_i,
    input logic priv_i,
    output logic tl_a_valid_o,
    output logic [2:0] tl_a_opcode_o,
    output logic obi_req_o,
    output logic obi_we_o,
    output logic [1:0] axi_rresp_o
);

    property p_tl_obi_get;
        @(posedge clk) (tl_valid_i && tl_opcode_i == 3'b000) |-> (tl_a_valid_o == 1'b1) && (tl_a_opcode_o == 3'b000) && (obi_req_o == 1'b1) && (obi_we_o == 1'b0);
    endproperty
    assert property (p_tl_obi_get) else $error(""TL OBI Get operation failed"");

    property p_tl_obi_put;
        @(posedge clk) (tl_valid_i && (tl_opcode_i == 3'b001 || tl_opcode_i == 3'b010)) |-> (tl_a_valid_o == 1'b1) && (tl_a_opcode_o == tl_opcode_i) && (obi_req_o == 1'b1) && (obi_we_o == 1'b1);
    endproperty
    assert property (p_tl_obi_put) else $error(""TL OBI Put operation failed"");

    property p_axi_tl_get;
        @(posedge clk) (axi_arvalid_i) |-> (tl_a_valid_o == 1'b1) && (tl_a_opcode_o == 3'b000);
    endproperty
    assert property (p_axi_tl_get) else $error(""AXI to TL Get operation failed"");

    property p_axi_tl_put;
        @(posedge clk) (axi_awvalid_i) |-> (tl_a_valid_o == 1'b1) && (tl_a_opcode_o == 3'b001);
    endproperty
    assert property (p_axi_tl_put) else $error(""AXI to TL Put operation failed"");

    property p_obi_axi_resp;
        @(posedge clk) ((tl_valid_i && tl_opcode_i != 3'b000) || axi_arvalid_i || axi_awvalid_i) |-> ##1 (axi_rresp_o == 2'b00 && obi_resp_i == 2'b00) || (axi_rresp_o == 2'b10 && obi_resp_i == 2'b10);
    endproperty
    assert property (p_obi_axi_resp) else $error(""OBI to AXI response mapping failed"");

    property p_privilege_enforcement;
        @(posedge clk) (!priv_i && ((tl_valid_i && tl_opcode_i != 3'b000) || axi_arvalid_i || axi_awvalid_i)) |-> (tl_a_valid_o == 1'b0) && (obi_req_o == 1'b0);
    endproperty
    assert property (p_privilege_enforcement) else $error(""Privilege enforcement failed"");

endmodule","** Error: prueba.sv(16): (vlog-2730) Undefined variable: 'clk'.
** Error (suppressible): prueba.sv(18): (vlog-1957) The sva directive is not sensitive to a clock. Unclocked directives are not supported.
** Error: prueba.sv(21): (vlog-2730) Undefined variable: 'clk'.
** Error (suppressible): prueba.sv(23): (vlog-1957) The sva directive is not sensitive to a clock. Unclocked directives are not supported.
** Error: prueba.sv(26): (vlog-2730) Undefined variable: 'clk'.
** Error (suppressible): prueba.sv(28): (vlog-1957) The sva directive is not sensitive to a clock. Unclocked directives are not supported.
** Error: prueba.sv(31): (vlog-2730) Undefined variable: 'clk'.
** Error (suppressible): prueba.sv(33): (vlog-1957) The sva directive is not sensitive to a clock. Unclocked directives are not supported.
** Error: prueba.sv(36): (vlog-2730) Undefined variable: 'clk'.
** Error (suppressible): prueba.sv(38): (vlog-1957) The sva directive is not sensitive to a clock. Unclocked directives are not supported.
** Error: prueba.sv(41): (vlog-2730) Undefined variable: 'clk'.
** Error (suppressible): prueba.sv(43): (vlog-1957) The sva directive is not sensitive to a clock. Unclocked directives are not supported.
** Error: prueba.sv(16): (vlog-2730) Undefined variable: 'clk'.",23.19908571243286,3678,885
"module multi_core_bus_arb (
    input  logic [3:0] req_i,
    input  logic [1:0] line_state_i [3:0],
    input  logic [2:0] msg_type_i [3:0],
    input  logic priv_i [3:0],
    output logic [3:0] grant_o,
    output logic [3:0] nack_o
);

    always_comb begin
        grant_o = 4'b0000;
        nack_o  = 4'b0000;

        for (int i=0; i<4; i++) begin
            if (req_i[i]) begin
                unique case (line_state_i[i])
                    2'b00: begin
                        unique case (msg_type_i[i])
                            3'b000: begin
                                unique case (priv_i[i])
                                    1'b1: grant_o[i] = 1'b1;
                                    default: nack_o[i] = 1'b1;
                                endcase
                            end
                            3'b001: grant_o[i] = 1'b1;
                            default: nack_o[i] = 1'b1;
                        endcase
                    end
                    2'b01: begin
                        unique case (msg_type_i[i])
                            3'b010: grant_o[i] = 1'b1;
                            default: nack_o[i] = 1'b1;
                        endcase
                    end
                    2'b10, 2'b11: nack_o[i] = 1'b1;
                    default: nack_o[i] = 1'b1;
                endcase
            end
        end
    end
endmodule","module multi_core_bus_arb_assertions (
    input logic [3:0] req_i,
    input logic [1:0] line_state_i [3:0],
    input logic [2:0] msg_type_i [3:0],
    input logic priv_i [3:0],
    output logic [3:0] grant_o,
    output logic [3:0] nack_o
);

    property p_grant_if_req;
        @(posedge clk) forall (i -> (req_i[i] == 1)) ((line_state_i[i] == 2'b00 && msg_type_i[i] == 3'b000 && priv_i[i] == 1'b1) |-> grant_o[i]);
    endproperty
    assert property (p_grant_if_req);

    property p_nack_if_not_priv;
        @(posedge clk) forall (i -> (req_i[i] == 1)) ((line_state_i[i] != 2'b00 && line_state_i[i] != 2'b01 && line_state_i[i] != 2'b10 && line_state_i[i] != 2'b11) |-> nack_o[i]);
    endproperty
    assert property (p_nack_if_not_priv);

endmodule","** Error: (vlog-13069) prueba.sv(11): near ""("": syntax error, unexpected '(', expecting ""SystemVerilog keyword 'endproperty'"".
** Error: (vlog-13069) prueba.sv(16): near ""("": syntax error, unexpected '(', expecting ""SystemVerilog keyword 'endproperty'"".",17.853204250335693,3364,354
"module sec_lc_gate_4lvl (
    input  logic sec_req_i,
    input  logic [2:0] lc_state_i,
    input  logic [1:0] access_type_i,
    input  logic priv_i,
    output logic allow_o,
    output logic violation_o
);

    always_comb begin
        allow_o     = 1'b0;
        violation_o = 1'b0;

        if (sec_req_i) begin
            unique case (lc_state_i)
                3'b000: begin
                    unique case (access_type_i)
                        2'b00: begin
                            unique case (priv_i)
                                1'b1: allow_o = 1'b1;
                                default: violation_o = 1'b1;
                            endcase
                        end
                        2'b01: violation_o = 1'b1;
                        default: violation_o = 1'b1;
                    endcase
                end

                3'b001: begin
                    unique case (access_type_i)
                        2'b00, 2'b01: begin
                            unique case (priv_i)
                                1'b1: allow_o = 1'b1;
                                default: violation_o = 1'b1;
                            endcase
                        end
                        default: violation_o = 1'b1;
                    endcase
                end

                3'b010: begin
                    unique case (access_type_i)
                        2'b01: begin
                            unique case (priv_i)
                                1'b1: allow_o = 1'b1;
                                default: violation_o = 1'b1;
                            endcase
                        end
                        default: violation_o = 1'b1;
                    endcase
                end

                default: violation_o = 1'b1;
            endcase
        end
    end
endmodule","module sec_lc_gate_4lvl_assertions(
    input logic sec_req_i,
    input logic [2:0] lc_state_i,
    input logic [1:0] access_type_i,
    input logic priv_i,
    output logic allow_o,
    output logic violation_o
);

    property p_allow_when_sec_req;
        @(posedge clk) (sec_req_i == 1) |-> ##[1:2] (lc_state_i == 3'b000 && access_type_i == 2'b00 && priv_i == 1'b1) |-> (allow_o == 1'b1);
    endproperty
    assert property (p_allow_when_sec_req) else $error(""Error: allow_o is not asserted when sec_req_i is high and conditions are met."");

    property p_violation_otherwise;
        @(posedge clk) (sec_req_i == 1) |-> ##[1:2] !(lc_state_i == 3'b000 && access_type_i == 2'b00 && priv_i == 1'b1) |-> (violation_o == 1'b1);
    endproperty
    assert property (p_violation_otherwise) else $error(""Error: violation_o is not asserted when sec_req_i is high and conditions are not met."");

endmodule","** Error: prueba.sv(11): (vlog-2730) Undefined variable: 'clk'.
** Error (suppressible): prueba.sv(13): (vlog-1957) The sva directive is not sensitive to a clock. Unclocked directives are not supported.
** Error: prueba.sv(16): (vlog-2730) Undefined variable: 'clk'.
** Error (suppressible): prueba.sv(18): (vlog-1957) The sva directive is not sensitive to a clock. Unclocked directives are not supported.
** Error: prueba.sv(11): (vlog-2730) Undefined variable: 'clk'.",9.01366901397705,3396,354
"module chisel_priority_mux_nested (
    input  logic [3:0] sel_i,
    input  logic [7:0] in0_i,
    input  logic [7:0] in1_i,
    input  logic [7:0] in2_i,
    input  logic [7:0] in3_i,
    input  logic event_i,
    output logic [7:0] out_o
);

    always_comb begin
        out_o = 8'h00;

        case (1'b1)
            sel_i[0]: begin
                unique case (event_i)
                    1'b1: out_o = in0_i;
                    default: out_o = 8'hFF;
                endcase
            end
            sel_i[1]: begin
                unique case (event_i)
                    1'b1: out_o = in1_i;
                    default: out_o = 8'hFF;
                endcase
            end
            sel_i[2]: begin
                unique case (event_i)
                    1'b1: out_o = in2_i;
                    default: out_o = 8'hFF;
                endcase
            end
            sel_i[3]: begin
                unique case (event_i)
                    1'b1: out_o = in3_i;
                    default: out_o = 8'hFF;
                endcase
            end
            default: out_o = 8'h00;
        endcase
    end
endmodule","module chisel_priority_mux_nested_assertions (
    input logic [3:0] sel_i,
    input logic [7:0] in0_i,
    input logic [7:0] in1_i,
    input logic [7:0] in2_i,
    input logic [7:0] in3_i,
    input logic event_i,
    output logic [7:0] out_o
);

    always_comb begin
        out_o = 8'h00;

        case (1'b1)
            sel_i[0]: begin
                unique case (event_i)
                    1'b1: out_o = in0_i;
                    default: out_o = 8'hFF;
                endcase
            end
            sel_i[1]: begin
                unique case (event_i)
                    1'b1: out_o = in1_i;
                    default: out_o = 8'hFF;
                endcase
            end
            sel_i[2]: begin
                unique case (event_i)
                    1'b1: out_o = in2_i;
                    default: out_o = 8'hFF;
                endcase
            end
            sel_i[3]: begin
                unique case (event_i)
                    1'b1: out_o = in3_i;
                    default: out_o = 8'hFF;
                endcase
            end
            default: out_o = 8'h00;
        endcase
    end

    // Assertions to verify the behavior of out_o based on sel_i and event_i

    property p_out_in0_high_priority;
        @(posedge clk) (sel_i == 4'b0001 && event_i == 1'b1) |-> (out_o == in0_i);
    endproperty
    assert property (p_out_in0_high_priority) else $error(""Assertion failed: out_o should be in0_i when sel_i is 4'b0001 and event_i is 1'b1"");

    property p_out_other_low_priority;
        @(posedge clk) (sel_i != 4'b0001 && event_i == 1'b1) |-> (out_o == 8'hFF);
    endproperty
    assert property (p_out_other_low_priority) else $error(""Assertion failed: out_o should be 8'hFF when sel_i is not 4'b0001 and event_i is 1'b1"");

    property p_out_default;
        @(posedge clk) (sel_i == 4'b0000 || event_i == 1'b0) |-> (out_o == 8'h00);
    endproperty
    assert property (p_out_default) else $error(""Assertion failed: out_o should be 8'h00 when sel_i is 4'b0000 or event_i is 1'b0"");

endmodule","** Error: prueba.sv(46): (vlog-2730) Undefined variable: 'clk'.
** Error (suppressible): prueba.sv(48): (vlog-1957) The sva directive is not sensitive to a clock. Unclocked directives are not supported.
** Error: prueba.sv(51): (vlog-2730) Undefined variable: 'clk'.
** Error (suppressible): prueba.sv(53): (vlog-1957) The sva directive is not sensitive to a clock. Unclocked directives are not supported.
** Error: prueba.sv(56): (vlog-2730) Undefined variable: 'clk'.
** Error (suppressible): prueba.sv(58): (vlog-1957) The sva directive is not sensitive to a clock. Unclocked directives are not supported.
** Error: prueba.sv(46): (vlog-2730) Undefined variable: 'clk'.",13.04278016090393,3295,760
"module piton_l2_coh_evict (
    input  logic [3:0] req_i,
    input  logic [1:0] line_state_i [3:0],
    input  logic [1:0] lru_i [3:0],
    input  logic [2:0] msg_type_i [3:0],
    output logic [3:0] grant_o,
    output logic [3:0] evict_o,
    output logic [3:0] nack_o
);

    always_comb begin
        grant_o = 4'b0000;
        evict_o = 4'b0000;
        nack_o  = 4'b0000;

        for (int i = 0; i < 4; i++) begin
            if (req_i[i]) begin
                unique case (line_state_i[i])
                    2'b00: begin
                        unique case (msg_type_i[i])
                            3'b000: grant_o[i] = 1'b1;
                            3'b001: begin
                                unique case (lru_i[i])
                                    2'b00: grant_o[i] = 1'b1;
                                    2'b01: evict_o[i] = 1'b1;
                                    default: nack_o[i] = 1'b1;
                                endcase
                            end
                            default: nack_o[i] = 1'b1;
                        endcase
                    end
                    2'b01: begin
                        unique case (msg_type_i[i])
                            3'b010: grant_o[i] = 1'b1;
                            default: nack_o[i] = 1'b1;
                        endcase
                    end
                    2'b10, 2'b11: nack_o[i] = 1'b1;
                    default: nack_o[i] = 1'b1;
                endcase
            end
        end
    end
endmodule","module piton_l2_coh_evict_assertions(
    input logic [3:0] req_i,
    input logic [1:0] line_state_i [3:0],
    input logic [1:0] lru_i [3:0],
    input logic [2:0] msg_type_i [3:0],
    output logic [3:0] grant_o,
    output logic [3:0] evict_o,
    output logic [3:0] nack_o
);

    property p_grant_assign;
        @(posedge clk) forall (i)(req_i[i]) |-> ##1 (line_state_i[i] == 2'b00 && msg_type_i[i] == 3'b000) |-> grant_o[i] == 1'b1;
    endproperty
    assert property (p_grant_assign);

    property p_evict_assign;
        @(posedge clk) forall (i)(req_i[i]) |-> ##1 (line_state_i[i] == 2'b00 && msg_type_i[i] == 3'b001 && lru_i[i] != 2'b00) |-> evict_o[i] == 1'b1;
    endproperty
    assert property (p_evict_assign);

    property p_nack_default;
        @(posedge clk) forall (i)(req_i[i]) |-> ##1 ((line_state_i[i] != 2'b00 && line_state_i[i] != 2'b01) || msg_type_i[i] == 3'b010) |-> nack_o[i] == 1'b1;
    endproperty
    assert property (p_nack_default);

endmodule","** Error: (vlog-13069) prueba.sv(12): near ""("": syntax error, unexpected '(', expecting ""SystemVerilog keyword 'endproperty'"".
** Error: (vlog-13069) prueba.sv(17): near ""("": syntax error, unexpected '(', expecting ""SystemVerilog keyword 'endproperty'"".
** Error: (vlog-13069) prueba.sv(22): near ""("": syntax error, unexpected '(', expecting ""SystemVerilog keyword 'endproperty'"".",14.08159041404724,3429,464
"module tl_axi_obi_bridge_sec (
    input  logic tl_valid_i,
    input  logic [2:0] tl_opcode_i,
    input  logic axi_awvalid_i,
    input  logic axi_arvalid_i,
    input  logic [1:0] obi_resp_i,
    input  logic priv_i,
    output logic tl_a_valid_o,
    output logic [2:0] tl_a_opcode_o,
    output logic obi_req_o,
    output logic obi_we_o,
    output logic [1:0] axi_rresp_o
);

    always_comb begin
        tl_a_valid_o  = 1'b0;
        tl_a_opcode_o = 3'b000;
        obi_req_o     = 1'b0;
        obi_we_o      = 1'b0;
        axi_rresp_o   = 2'b00;

        if (tl_valid_i) begin
            unique case (tl_opcode_i)
                3'b000: begin
                    tl_a_valid_o  = 1'b1;
                    tl_a_opcode_o = 3'b000; // Get
                    obi_req_o     = 1'b1;
                    obi_we_o      = 1'b0;
                end
                3'b001, 3'b010: begin
                    tl_a_valid_o  = 1'b1;
                    tl_a_opcode_o = tl_opcode_i;
                    obi_req_o     = 1'b1;
                    obi_we_o      = 1'b1;
                end
                default: axi_rresp_o = 2'b11;
            endcase
        end

        unique case (1'b1)
            axi_arvalid_i: begin
                tl_a_valid_o  = 1'b1;
                tl_a_opcode_o = 3'b000;
            end
            axi_awvalid_i: begin
                tl_a_valid_o  = 1'b1;
                tl_a_opcode_o = 3'b001;
            end
        endcase

        unique case (obi_resp_i)
            2'b00: axi_rresp_o = 2'b00;
            2'b10: axi_rresp_o = 2'b10;
            default: axi_rresp_o = 2'b11;
        endcase

        if (!priv_i) begin
            axi_rresp_o = 2'b10;
            tl_a_valid_o = 1'b0;
            obi_req_o    = 1'b0;
        end
    end
endmodule","module tl_axi_obi_bridge_sec_assertions(
    input logic tl_valid_i,
    input logic [2:0] tl_opcode_i,
    input logic axi_awvalid_i,
    input logic axi_arvalid_i,
    input logic [1:0] obi_resp_i,
    input logic priv_i,
    output logic tl_a_valid_o,
    output logic [2:0] tl_a_opcode_o,
    output logic obi_req_o,
    output logic obi_we_o,
    output logic [1:0] axi_rresp_o
);

    property p_tl_a_valid_get;
        @(posedge clk) (tl_valid_i && tl_opcode_i == 3'b000) |-> (tl_a_valid_o == 1'b1 && tl_a_opcode_o == 3'b000 && obi_req_o == 1'b1 && obi_we_o == 1'b0);
    endproperty
    assert property (p_tl_a_valid_get) else $error(""Failed: tl_a_valid_o, tl_a_opcode_o, obi_req_o, obi_we_o for GET operation"");

    property p_tl_a_valid_write;
        @(posedge clk) (tl_valid_i && (tl_opcode_i == 3'b001 || tl_opcode_i == 3'b010)) |-> (tl_a_valid_o == 1'b1 && tl_a_opcode_o == tl_opcode_i && obi_req_o == 1'b1 && obi_we_o == 1'b1);
    endproperty
    assert property (p_tl_a_valid_write) else $error(""Failed: tl_a_valid_o, tl_a_opcode_o, obi_req_o, obi_we_o for WRITE operations"");

    property p_tl_a_valid_other;
        @(posedge clk) (tl_valid_i && !(tl_opcode_i == 3'b000 || (tl_opcode_i >= 3'b001 && tl_opcode_i <= 3'b010))) |-> (tl_a_valid_o == 1'b0);
    endproperty
    assert property (p_tl_a_valid_other) else $error(""Failed: tl_a_valid_o for other operations"");

    property p_axi_ar_valid;
        @(posedge clk) axi_arvalid_i |-> (tl_a_valid_o == 1'b1 && tl_a_opcode_o == 3'b000);
    endproperty
    assert property (p_axi_ar_valid) else $error(""Failed: tl_a_valid_o, tl_a_opcode_o for ARVALID"");

    property p_axi_aw_valid;
        @(posedge clk) axi_awvalid_i |-> (tl_a_valid_o == 1'b1 && tl_a_opcode_o == 3'b001);
    endproperty
    assert property (p_axi_aw_valid) else $error(""Failed: tl_a_valid_o, tl_a_opcode_o for AWVALID"");

    property p_obi_resp_default;
        @(posedge clk) obi_resp_i == 2'b11 |-> (axi_rresp_o == 2'b11);
    endproperty
    assert property (p_obi_resp_default) else $error(""Failed: axi_rresp_o for default response"");

    property p_obi_resp_ok;
        @(posedge clk) obi_resp_i == 2'b00 |-> (axi_rresp_o == 2'b00);
    endproperty
    assert property (p_obi_resp_ok) else $error(""Failed: axi_rresp_o for OK response"");

    property p_obi_resp_err;
        @(posedge clk) obi_resp_i == 2'b10 |-> (axi_rresp_o == 2'b10);
    endproperty
    assert property (p_obi_resp_err) else $error(""Failed: axi_rresp_o for ERROR response"");

    property p_no_priv;
        @(posedge clk) priv_i |-> (tl_a_valid_o == 1'b0 && obi_req_o == 1'b0);
    endproperty
    assert property (p_no_priv) else $error(""Failed: tl_a_valid_o, obi_req_o when priviledge is high"");

endmodule","** Error: prueba.sv(16): (vlog-2730) Undefined variable: 'clk'.
** Error (suppressible): prueba.sv(18): (vlog-1957) The sva directive is not sensitive to a clock. Unclocked directives are not supported.
** Error: prueba.sv(21): (vlog-2730) Undefined variable: 'clk'.
** Error (suppressible): prueba.sv(23): (vlog-1957) The sva directive is not sensitive to a clock. Unclocked directives are not supported.
** Error: prueba.sv(26): (vlog-2730) Undefined variable: 'clk'.
** Error (suppressible): prueba.sv(28): (vlog-1957) The sva directive is not sensitive to a clock. Unclocked directives are not supported.
** Error: prueba.sv(31): (vlog-2730) Undefined variable: 'clk'.
** Error (suppressible): prueba.sv(33): (vlog-1957) The sva directive is not sensitive to a clock. Unclocked directives are not supported.
** Error: prueba.sv(36): (vlog-2730) Undefined variable: 'clk'.
** Error (suppressible): prueba.sv(38): (vlog-1957) The sva directive is not sensitive to a clock. Unclocked directives are not supported.
** Error: prueba.sv(41): (vlog-2730) Undefined variable: 'clk'.
** Error (suppressible): prueba.sv(43): (vlog-1957) The sva directive is not sensitive to a clock. Unclocked directives are not supported.
** Error: prueba.sv(46): (vlog-2730) Undefined variable: 'clk'.
** Error (suppressible): prueba.sv(48): (vlog-1957) The sva directive is not sensitive to a clock. Unclocked directives are not supported.
** Error: prueba.sv(51): (vlog-2730) Undefined variable: 'clk'.
** Error (suppressible): prueba.sv(53): (vlog-1957) The sva directive is not sensitive to a clock. Unclocked directives are not supported.
** Error: prueba.sv(56): (vlog-2730) Undefined variable: 'clk'.
** Error (suppressible): prueba.sv(58): (vlog-1957) The sva directive is not sensitive to a clock. Unclocked directives are not supported.
** Error: prueba.sv(16): (vlog-2730) Undefined variable: 'clk'.",24.51602482795716,3632,1159
"module chisel_priority_fsm (
    input  logic [7:0] evt_i,
    input  logic [3:0] state_i,
    output logic fire_o,
    output logic stall_o,
    output logic error_o
);

    always_comb begin
        fire_o  = 1'b0;
        stall_o = 1'b0;
        error_o = 1'b0;

        unique case (state_i)
            4'd0: unique case (evt_i[1:0])
                      2'b00: fire_o = 1'b1;
                      2'b01: stall_o = 1'b1;
                      default: error_o = 1'b1;
                  endcase
            4'd1: unique case (evt_i[3:2])
                      2'b00: fire_o = 1'b1;
                      2'b01: stall_o = 1'b1;
                      default: error_o = 1'b1;
                  endcase
            4'd2: unique case (evt_i[5:4])
                      2'b00: fire_o = 1'b1;
                      2'b01: stall_o = 1'b1;
                      default: error_o = 1'b1;
                  endcase
            4'd3: unique case (evt_i[7:6])
                      2'b00: fire_o = 1'b1;
                      2'b01: stall_o = 1'b1;
                      default: error_o = 1'b1;
                  endcase
            default: error_o = 1'b1;
        endcase
    end
endmodule","module chisel_priority_fsm_assertions (
    input  logic [7:0] evt_i,
    input  logic [3:0] state_i,
    output logic fire_o,
    output logic stall_o,
    output logic error_o
);

    property p_fire_when_state0;
        @(posedge clk) (state_i == 4'd0 && evt_i[1:0] == 2'b00) |-> (fire_o == 1'b1);
    endproperty
    assert property (p_fire_when_state0) else $error(""Assertion failed: fire_o should be high when state is 0 and evt_i[1:0] is 00"");

    property p_stall_when_state0;
        @(posedge clk) (state_i == 4'd0 && evt_i[1:0] == 2'b01) |-> (stall_o == 1'b1);
    endproperty
    assert property (p_stall_when_state0) else $error(""Assertion failed: stall_o should be high when state is 0 and evt_i[1:0] is 01"");

    property p_error_default;
        @(posedge clk) ((state_i == 4'd0 && (evt_i[1:0] != 2'b00 && evt_i[1:0] != 2'b01)) ||
                         (state_i == 4'd1 && (evt_i[3:2] != 2'b00 && evt_i[3:2] != 2'b01)) ||
                         (state_i == 4'd2 && (evt_i[5:4] != 2'b00 && evt_i[5:4] != 2'b01)) ||
                         (state_i == 4'd3 && (evt_i[7:6] != 2'b00 && evt_i[7:6] != 2'b01))) |-> (error_o == 1'b1);
    endproperty
    assert property (p_error_default) else $error(""Assertion failed: error_o should be high when the event is not recognized by any state"");

endmodule","** Error: prueba.sv(10): (vlog-2730) Undefined variable: 'clk'.
** Error (suppressible): prueba.sv(12): (vlog-1957) The sva directive is not sensitive to a clock. Unclocked directives are not supported.
** Error: prueba.sv(15): (vlog-2730) Undefined variable: 'clk'.
** Error (suppressible): prueba.sv(17): (vlog-1957) The sva directive is not sensitive to a clock. Unclocked directives are not supported.
** Error: prueba.sv(20): (vlog-2730) Undefined variable: 'clk'.
** Error (suppressible): prueba.sv(25): (vlog-1957) The sva directive is not sensitive to a clock. Unclocked directives are not supported.
** Error: prueba.sv(10): (vlog-2730) Undefined variable: 'clk'.",18.319917678833008,3341,550
"module sec_lc_gate_nested (
    input  logic sec_req_i,
    input  logic [2:0] lc_state_i,
    input  logic [1:0] access_type_i,
    input  logic priv_i,
    input  logic alert_i,
    output logic allow_o,
    output logic violation_o
);

    always_comb begin
        allow_o     = 1'b0;
        violation_o = 1'b0;

        if (sec_req_i) begin
            unique case (lc_state_i)
                3'b000: unique case (access_type_i)
                            2'b00: unique case (priv_i)
                                        1'b1: unique case (alert_i)
                                                    1'b0: allow_o = 1'b1;
                                                    default: violation_o = 1'b1;
                                                endcase
                                        default: violation_o = 1'b1;
                                    endcase
                            2'b01: violation_o = 1'b1;
                            default: violation_o = 1'b1;
                        endcase
                3'b001: unique case (access_type_i)
                            2'b00, 2'b01: unique case (priv_i)
                                              1'b1: allow_o = 1'b1;
                                              default: violation_o = 1'b1;
                                          endcase
                            default: violation_o = 1'b1;
                        endcase
                3'b010: unique case (access_type_i)
                            2'b01: unique case (priv_i)
                                      1'b1: allow_o = 1'b1;
                                      default: violation_o = 1'b1;
                                  endcase
                            default: violation_o = 1'b1;
                        endcase
                default: violation_o = 1'b1;
            endcase
        end
    end
endmodule","module sec_lc_gate_nested_assertions (
    input logic sec_req_i,
    input logic [2:0] lc_state_i,
    input logic [1:0] access_type_i,
    input logic priv_i,
    input logic alert_i,
    output logic allow_o,
    output logic violation_o
);

    property p_allow_when_sec_req;
        @(posedge clk) sec_req_i |-> (lc_state_i == 3'b000 && access_type_i == 2'b00 && priv_i == 1'b1 && alert_i == 1'b0) |-> allow_o;
    endproperty
    assert property (p_allow_when_sec_req);

    property p_violation_when_alert;
        @(posedge clk) sec_req_i |-> (lc_state_i == 3'b000 && access_type_i == 2'b00 && priv_i == 1'b1 && alert_i == 1'b1) |-> violation_o;
    endproperty
    assert property (p_violation_when_alert);

    property p_allow_when_lc_state_001;
        @(posedge clk) sec_req_i && lc_state_i == 3'b001 |-> access_type_i inside [2'b00, 2'b01] && priv_i == 1'b1 |-> allow_o;
    endproperty
    assert property (p_allow_when_lc_state_001);

    property p_violation_otherwise;
        @(posedge clk) sec_req_i |-> !(lc_state_i == 3'b000 && access_type_i == 2'b00 && priv_i == 1'b1 && alert_i == 1'b0) && !(lc_state_i == 3'b001 && access_type_i inside [2'b00, 2'b01] && priv_i == 1'b1) |-> violation_o;
    endproperty
    assert property (p_violation_otherwise);

endmodule","** Error: (vlog-13069) prueba.sv(22): near ""["": syntax error, unexpected '['.
** Error: (vlog-13069) prueba.sv(27): near ""["": syntax error, unexpected '['.",18.54229736328125,3397,544
"module multi_core_bus_ctrl (
    input  logic [3:0] req_i,
    input  logic [1:0] line_state_i [3:0],
    input  logic [2:0] msg_type_i [3:0],
    input  logic priv_i [3:0],
    output logic [3:0] grant_o,
    output logic [3:0] nack_o
);

    always_comb begin
        grant_o = 4'b0000;
        nack_o  = 4'b0000;

        for (int i=0; i<4; i++) begin
            if (req_i[i]) begin
                unique case (line_state_i[i])
                    2'b00: unique case (msg_type_i[i])
                                3'b000: unique case (priv_i[i])
                                            1'b1: grant_o[i] = 1'b1;
                                            default: nack_o[i] = 1'b1;
                                        endcase
                                3'b001: grant_o[i] = 1'b1;
                                default: nack_o[i] = 1'b1;
                            endcase
                    2'b01: unique case (msg_type_i[i])
                                3'b010: grant_o[i] = 1'b1;
                                default: nack_o[i] = 1'b1;
                            endcase
                    2'b10, 2'b11: nack_o[i] = 1'b1;
                    default: nack_o[i] = 1'b1;
                endcase
            end
        end
    end
endmodule","module multi_core_bus_ctrl_assertions (
    input logic [3:0] req_i,
    input logic [1:0] line_state_i [3:0],
    input logic [2:0] msg_type_i [3:0],
    input logic priv_i [3:0],
    output logic [3:0] grant_o,
    output logic [3:0] nack_o
);

    // Generate assertions for each possible assignment in the case statement
    property p_grant_assign;
        @(posedge clk) (req_i[i] && line_state_i[i] == 2'b00 && msg_type_i[i] == 3'b000 && priv_i[i] == 1'b1) |-> ##1 grant_o[i] == 1'b1;
    endproperty
    assert property (p_grant_assign);

    property p_nack_default;
        @(posedge clk) (req_i[i] && !(line_state_i[i] == 2'b00 && msg_type_i[i] == 3'b000 && priv_i[i] == 1'b1)) |-> ##1 nack_o[i] == 1'b1;
    endproperty
    assert property (p_nack_default);

    // Similarly, generate properties for other cases
    property p_grant_msg_type_001;
        @(posedge clk) (req_i[i] && line_state_i[i] == 2'b00 && msg_type_i[i] == 3'b001) |-> ##1 grant_o[i] == 1'b1;
    endproperty
    assert property (p_grant_msg_type_001);

    property p_nack_other_msg_types;
        @(posedge clk) (req_i[i] && line_state_i[i] == 2'b00 && !(msg_type_i[i] == 3'b001)) |-> ##1 nack_o[i] == 1'b1;
    endproperty
    assert property (p_nack_other_msg_types);

    // Continue generating properties for other cases as needed

endmodule","** Error: prueba.sv(12): (vlog-2730) Undefined variable: 'i'.
** Error: prueba.sv(12): (vlog-2730) Undefined variable: 'clk'.
** Error (suppressible): prueba.sv(14): (vlog-1957) The sva directive is not sensitive to a clock. Unclocked directives are not supported.
** Error: prueba.sv(17): (vlog-2730) Undefined variable: 'i'.
** Error: prueba.sv(17): (vlog-2730) Undefined variable: 'clk'.
** Error (suppressible): prueba.sv(19): (vlog-1957) The sva directive is not sensitive to a clock. Unclocked directives are not supported.
** Error: prueba.sv(23): (vlog-2730) Undefined variable: 'i'.
** Error: prueba.sv(23): (vlog-2730) Undefined variable: 'clk'.
** Error (suppressible): prueba.sv(25): (vlog-1957) The sva directive is not sensitive to a clock. Unclocked directives are not supported.
** Error: prueba.sv(28): (vlog-2730) Undefined variable: 'i'.
** Error: prueba.sv(28): (vlog-2730) Undefined variable: 'clk'.
** Error (suppressible): prueba.sv(30): (vlog-1957) The sva directive is not sensitive to a clock. Unclocked directives are not supported.
** Error: prueba.sv(12): (vlog-2730) Undefined variable: 'i'.
** Error: prueba.sv(12): (vlog-2730) Undefined variable: 'clk'.",17.622748136520386,3346,564
"module piton_l2_evict_coh (
    input  logic [3:0] req_i,
    input  logic [1:0] line_state_i [3:0],
    input  logic [1:0] lru_i [3:0],
    input  logic [2:0] msg_type_i [3:0],
    input  logic priv_i [3:0],
    output logic [3:0] grant_o,
    output logic [3:0] evict_o,
    output logic [3:0] nack_o
);

    always_comb begin
        grant_o = 4'b0000;
        evict_o = 4'b0000;
        nack_o  = 4'b0000;

        for (int i = 0; i < 4; i++) begin
            if (req_i[i]) begin
                unique case (line_state_i[i])
                    2'b00: unique case (msg_type_i[i])
                                3'b000: unique case (priv_i[i])
                                            1'b1: grant_o[i] = 1'b1;
                                            default: nack_o[i] = 1'b1;
                                        endcase
                                3'b001: evict_o[i] = 1'b1;
                                default: nack_o[i] = 1'b1;
                            endcase
                    2'b01: unique case (lru_i[i])
                                2'b00: grant_o[i] = 1'b1;
                                2'b01: evict_o[i] = 1'b1;
                                default: nack_o[i] = 1'b1;
                            endcase
                    2'b10, 2'b11: nack_o[i] = 1'b1;
                    default: nack_o[i] = 1'b1;
                endcase
            end
        end
    end
endmodule","module piton_l2_evict_coh_assertions (
    input logic [3:0] req_i,
    input logic [1:0] line_state_i [3:0],
    input logic [1:0] lru_i [3:0],
    input logic [2:0] msg_type_i [3:0],
    input logic priv_i [3:0],
    output logic [3:0] grant_o,
    output logic [3:0] evict_o,
    output logic [3:0] nack_o
);

    property p_grant_assign;
        @(posedge clk) for (int i = 0; i < 4; i++) if (req_i[i]) begin
            ((line_state_i[i] == 2'b00 && msg_type_i[i] == 3'b000 && priv_i[i] == 1'b1) |-> grant_o[i] == 1'b1) and
            ((line_state_i[i] == 2'b00 && msg_type_i[i] == 3'b001) |-> evict_o[i] == 1'b1) and
            ((line_state_i[i] == 2'b01 && lru_i[i] == 2'b00) |-> grant_o[i] == 1'b1) and
            ((line_state_i[i] == 2'b01 && lru_i[i] == 2'b01) |-> evict_o[i] == 1'b1) and
            ((line_state_i[i] == 2'b10 || line_state_i[i] == 2'b11) |-> nack_o[i] == 1'b1);
        endendproperty
        assert property (p_grant_assign) else $error(""Grant assignment error"");

    property p_evict_assign;
        @(posedge clk) for (int i = 0; i < 4; i++) if (req_i[i]) begin
            ((line_state_i[i] == 2'b00 && msg_type_i[i] == 3'b000 && priv_i[i] == 1'b1) |-> grant_o[i] == 1'b1) and
            ((line_state_i[i] == 2'b00 && msg_type_i[i] == 3'b001) |-> evict_o[i] == 1'b1) and
            ((line_state_i[i] == 2'b01 && lru_i[i] == 2'b00) |-> grant_o[i] == 1'b1) and
            ((line_state_i[i] == 2'b01 && lru_i[i] == 2'b01) |-> evict_o[i] == 1'b1) and
            ((line_state_i[i] == 2'b10 || line_state_i[i] == 2'b11) |-> nack_o[i] == 1'b1);
        endendproperty
        assert property (p_evict_assign) else $error(""Evict assignment error"");

    property p_nack_assign;
        @(posedge clk) for (int i = 0; i < 4; i++) if (req_i[i]) begin
            ((line_state_i[i] == 2'b00 && msg_type_i[i] == 3'b000 && priv_i[i] == 1'b1) |-> grant_o[i] == 1'b1) and
            ((line_state_i[i] == 2'b00 && msg_type_i[i] == 3'b001) |-> evict_o[i] == 1'b1) and
            ((line_state_i[i] == 2'b01 && lru_i[i] == 2'b00) |-> grant_o[i] == 1'b1) and
            ((line_state_i[i] == 2'b01 && lru_i[i] == 2'b01) |-> evict_o[i] == 1'b1) and
            ((line_state_i[i] == 2'b10 || line_state_i[i] == 2'b11) |-> nack_o[i] == 1'b1);
        endendproperty
        assert property (p_nack_assign) else $error(""Nack assignment error"");

endmodule","** Error: (vlog-13069) prueba.sv(13): near ""for"": syntax error, unexpected for, expecting disable.
** Error: prueba.sv(13): (vlog-13205) Syntax error found in the scope following 'i'. Is there a missing '::'?",18.07330751419068,3421,1161
"module axi_tl_obi_sec (
    input  logic axi_awvalid_i,
    input  logic axi_arvalid_i,
    input  logic tl_valid_i,
    input  logic [2:0] tl_opcode_i,
    input  logic [1:0] obi_resp_i,
    input  logic priv_i,
    output logic tl_a_valid_o,
    output logic [2:0] tl_a_opcode_o,
    output logic obi_req_o,
    output logic obi_we_o,
    output logic [1:0] axi_rresp_o
);

    always_comb begin
        tl_a_valid_o  = 1'b0;
        tl_a_opcode_o = 3'b000;
        obi_req_o     = 1'b0;
        obi_we_o      = 1'b0;
        axi_rresp_o   = 2'b00;

        // TL ? OBI mapping
        if (tl_valid_i) begin
            unique case (tl_opcode_i)
                3'b000: begin
                    tl_a_valid_o  = 1'b1;
                    tl_a_opcode_o = 3'b000; // Get
                    obi_req_o     = 1'b1;
                    obi_we_o      = 1'b0;
                end
                3'b001, 3'b010: begin
                    tl_a_valid_o  = 1'b1;
                    tl_a_opcode_o = tl_opcode_i;
                    obi_req_o     = 1'b1;
                    obi_we_o      = 1'b1;
                end
                default: axi_rresp_o = 2'b11;
            endcase
        end

        // AXI ? TL mapping
        unique case (1'b1)
            axi_arvalid_i: begin
                tl_a_valid_o  = 1'b1;
                tl_a_opcode_o = 3'b000;
            end
            axi_awvalid_i: begin
                tl_a_valid_o  = 1'b1;
                tl_a_opcode_o = 3'b001;
            end
        endcase

        // OBI ? AXI response
        unique case (obi_r_","module axi_tl_obi_sec_properties(
    input logic axi_awvalid_i,
    input logic axi_arvalid_i,
    input logic tl_valid_i,
    input logic [2:0] tl_opcode_i,
    input logic [1:0] obi_resp_i,
    input logic priv_i,
    output logic tl_a_valid_o,
    output logic [2:0] tl_a_opcode_o,
    output logic obi_req_o,
    output logic obi_we_o,
    output logic [1:0] axi_rresp_o
);

    property p_tl_obi_mapping;
        @(posedge clk) (tl_valid_i) |-> ##[1:2] tl_a_valid_o == 1'b1 && tl_a_opcode_o != 3'b000 && obi_req_o == 1'b1;
    endproperty
    assert property (p_tl_obi_mapping);

    property p_axi_tl_mapping;
        @(posedge clk) (axi_arvalid_i || axi_awvalid_i) |-> ##[1:2] tl_a_valid_o == 1'b1 && tl_a_opcode_o != 3'b000 && obi_req_o == 1'b1;
    endproperty
    assert property (p_axi_tl_mapping);

    property p_obi_axi_response;
        @(posedge clk) (tl_valid_i && tl_a_valid_o && obi_req_o) |-> ##[1:2] axi_rresp_o != 2'b00;
    endproperty
    assert property (p_obi_axi_response);

endmodule","** Error: prueba.sv(16): (vlog-2730) Undefined variable: 'clk'.
** Error (suppressible): prueba.sv(18): (vlog-1957) The sva directive is not sensitive to a clock. Unclocked directives are not supported.
** Error: prueba.sv(21): (vlog-2730) Undefined variable: 'clk'.
** Error (suppressible): prueba.sv(23): (vlog-1957) The sva directive is not sensitive to a clock. Unclocked directives are not supported.
** Error: prueba.sv(26): (vlog-2730) Undefined variable: 'clk'.
** Error (suppressible): prueba.sv(28): (vlog-1957) The sva directive is not sensitive to a clock. Unclocked directives are not supported.
** Error: prueba.sv(16): (vlog-2730) Undefined variable: 'clk'.",17.987743854522705,3520,438
"module chisel_event_fsm (
    input  logic [7:0] evt_i,
    input  logic [3:0] state_i,
    output logic fire_o,
    output logic stall_o,
    output logic error_o
);

    always_comb begin
        fire_o  = 1'b0;
        stall_o = 1'b0;
        error_o = 1'b0;

        unique case (state_i)
            4'd0: unique case (evt_i[1:0])
                      2'b00: fire_o = 1'b1;
                      2'b01: stall_o = 1'b1;
                      default: error_o = 1'b1;
                  endcase
            4'd1: unique case (evt_i[3:2])
                      2'b00: fire_o = 1'b1;
                      2'b01: stall_o = 1'b1;
                      default: error_o = 1'b1;
                  endcase
            4'd2: unique case (evt_i[5:4])
                      2'b00: fire_o = 1'b1;
                      2'b01: stall_o = 1'b1;
                      default: error_o = 1'b1;
                  endcase
            4'd3: unique case (evt_i[7:6])
                      2'b00: fire_o = 1'b1;
                      2'b01: stall_o = 1'b1;
                      default: error_o = 1'b1;
                  endcase
            default: error_o = 1'b1;
        endcase
    end
endmodule","module chisel_event_fsm_assertions (
    input logic [7:0] evt_i,
    input logic [3:0] state_i,
    output logic fire_o,
    output logic stall_o,
    output logic error_o
);

    always_comb begin
        fire_o  = 1'b0;
        stall_o = 1'b0;
        error_o = 1'b0;

        unique case (state_i)
            4'd0: unique case (evt_i[1:0])
                      2'b00: fire_o = 1'b1;
                      2'b01: stall_o = 1'b1;
                      default: error_o = 1'b1;
                  endcase
            4'd1: unique case (evt_i[3:2])
                      2'b00: fire_o = 1'b1;
                      2'b01: stall_o = 1'b1;
                      default: error_o = 1'b1;
                  endcase
            4'd2: unique case (evt_i[5:4])
                      2'b00: fire_o = 1'b1;
                      2'b01: stall_o = 1'b1;
                      default: error_o = 1'b1;
                  endcase
            4'd3: unique case (evt_i[7:6])
                      2'b00: fire_o = 1'b1;
                      2'b01: stall_o = 1'b1;
                      default: error_o = 1'b1;
                  endcase
            default: error_o = 1'b1;
        endcase
    end

    // Assertions to verify the functional behavior of fire_o, stall_o, and error_o based on state_i and evt_i

    property p_fire_on_state0_evt00;
        @(posedge clk) (state_i == 4'd0 && evt_i[1:0] == 2'b00) |-> ##1 fire_o;
    endproperty
    assert property (p_fire_on_state0_evt00);

    property p_stall_on_state0_evt01;
        @(posedge clk) (state_i == 4'd0 && evt_i[1:0] == 2'b01) |-> ##1 stall_o;
    endproperty
    assert property (p_stall_on_state0_evt01);

    property p_error_on_default_states;
        @(posedge clk) ((state_i != 4'd0 && state_i != 4'd1 && state_i != 4'd2 && state_i != 4'd3) || (evt_i[1:0] == 2'b00 || evt_i[1:0] == 2'b01)) |-> ##1 error_o;
    endproperty
    assert property (p_error_on_default_states);

endmodule","** Error: prueba.sv(42): (vlog-2730) Undefined variable: 'clk'.
** Error (suppressible): prueba.sv(44): (vlog-1957) The sva directive is not sensitive to a clock. Unclocked directives are not supported.
** Error: prueba.sv(47): (vlog-2730) Undefined variable: 'clk'.
** Error (suppressible): prueba.sv(49): (vlog-1957) The sva directive is not sensitive to a clock. Unclocked directives are not supported.
** Error: prueba.sv(52): (vlog-2730) Undefined variable: 'clk'.
** Error (suppressible): prueba.sv(54): (vlog-1957) The sva directive is not sensitive to a clock. Unclocked directives are not supported.
** Error: prueba.sv(42): (vlog-2730) Undefined variable: 'clk'.",15.697970151901243,3341,757
"module sec_lc_multi_lvl (
    input  logic sec_req_i,
    input  logic [2:0] lc_state_i,
    input  logic [1:0] access_type_i,
    input  logic priv_i,
    input  logic alert_i,
    output logic allow_o,
    output logic violation_o
);

    always_comb begin
        allow_o     = 1'b0;
        violation_o = 1'b0;

        if (sec_req_i) begin
            unique case (lc_state_i)
                3'b000: unique case (access_type_i)
                            2'b00: unique case (priv_i)
                                        1'b1: unique case (alert_i)
                                                    1'b0: allow_o = 1'b1;
                                                    default: violation_o = 1'b1;
                                                endcase
                                        default: violation_o = 1'b1;
                                    endcase
                            2'b01: violation_o = 1'b1;
                            default: violation_o = 1'b1;
                        endcase
                3'b001: unique case (access_type_i)
                            2'b00, 2'b01: unique case (priv_i)
                                              1'b1: allow_o = 1'b1;
                                              default: violation_o = 1'b1;
                                          endcase
                            default: violation_o = 1'b1;
                        endcase
                3'b010: unique case (access_type_i)
                            2'b01: unique case (priv_i)
                                      1'b1: allow_o = 1'b1;
                                      default: violation_o = 1'b1;
                                  endcase
                            default: violation_o = 1'b1;
                        endcase
                default: violation_o = 1'b1;
            endcase
        end
    end
endmodule","module sec_lc_multi_lvl_assertions (
    input logic sec_req_i,
    input logic [2:0] lc_state_i,
    input logic [1:0] access_type_i,
    input logic priv_i,
    input logic alert_i,
    output logic allow_o,
    output logic violation_o
);

    property p_allow_when_sec_req;
        @(posedge clk) (sec_req_i == 1'b1) |-> ##[0:2] ((lc_state_i == 3'b000 && access_type_i == 2'b00 && priv_i == 1'b1 && alert_i == 1'b0) ||
                                                        (lc_state_i == 3'b001 && (access_type_i == 2'b00 || access_type_i == 2'b01) && priv_i == 1'b1) ||
                                                        (lc_state_i == 3'b010 && access_type_i == 2'b01 && priv_i == 1'b1) ||
                                                        lc_state_i == 3'b000 && access_type_i == 2'b00 && priv_i != 1'b1 ||
                                                        lc_state_i == 3'b001 && (access_type_i != 2'b00 && access_type_i != 2'b01) && priv_i != 1'b1 ||
                                                        lc_state_i == 3'b010 && access_type_i != 2'b01 && priv_i != 1'b1) |-> (allow_o == 1'b1));
    endproperty
    assert property (p_allow_when_sec_req) else $error(""Allow_o is not asserted correctly when sec_req_i is high and conditions are met."");

    property p_violation_otherwise;
        @(posedge clk) (sec_req_i == 1'b0 || lc_state_i != 3'b000 && lc_state_i != 3'b001 && lc_state_i != 3'b010) |-> ##[0:2] (violation_o == 1'b1);
    endproperty
    assert property (p_violation_otherwise) else $error(""Violation_o is not asserted correctly when sec_req_i is low or lc_state_i is not one of the specified values."");

endmodule","** Error: (vlog-13069) prueba.sv(17): near "")"": syntax error, unexpected ')', expecting ""SystemVerilog keyword 'endproperty'"".",20.887841939926147,3397,616
"module multi_core_bus_arb (
    input  logic [3:0] req_i,
    input  logic [1:0] line_state_i [3:0],
    input  logic [2:0] msg_type_i [3:0],
    input  logic priv_i [3:0],
    output logic [3:0] grant_o,
    output logic [3:0] nack_o
);

    always_comb begin
        grant_o = 4'b0000;
        nack_o  = 4'b0000;

        for (int i=0; i<4; i++) begin
            if (req_i[i]) begin
                unique case (line_state_i[i])
                    2'b00: unique case (msg_type_i[i])
                                3'b000: unique case (priv_i[i])
                                            1'b1: grant_o[i] = 1'b1;
                                            default: nack_o[i] = 1'b1;
                                        endcase
                                3'b001: grant_o[i] = 1'b1;
                                default: nack_o[i] = 1'b1;
                            endcase
                    2'b01: unique case (msg_type_i[i])
                                3'b010: grant_o[i] = 1'b1;
                                default: nack_o[i] = 1'b1;
                            endcase
                    2'b10, 2'b11: nack_o[i] = 1'b1;
                    default: nack_o[i] = 1'b1;
                endcase
            end
        end
    end
endmodule","module multi_core_bus_arb (
    input  logic [3:0] req_i,
    input  logic [1:0] line_state_i [3:0],
    input  logic [2:0] msg_type_i [3:0],
    input  logic priv_i [3:0],
    output logic [3:0] grant_o,
    output logic [3:0] nack_o
);

    // Internal variables and functions can be defined here if needed

    property p_grant_assign;
        @(posedge clk) for (int i=0; i<4; i++) 
            ((req_i[i] && line_state_i[i] == 2'b00 && msg_type_i[i] == 3'b000 && priv_i[i] == 1'b1) ||
             (req_i[i] && line_state_i[i] == 2'b00 && msg_type_i[i] == 3'b001) ||
             (req_i[i] && line_state_i[i] == 2'b01 && msg_type_i[i] == 3'b010) ||
             (req_i[i] && line_state_i[i] == 2'b10) ||
             (req_i[i] && line_state_i[i] == 2'b11)) |-> ##1 (grant_o[i] == 1'b1);
    endproperty
    assert property (p_grant_assign) else $error(""Grant assignment error"");

    property p_nack_assign;
        @(posedge clk) for (int i=0; i<4; i++) 
            ((req_i[i] && line_state_i[i] == 2'b00 && msg_type_i[i] == 3'b000 && priv_i[i] != 1'b1) ||
             (req_i[i] && line_state_i[i] == 2'b00 && msg_type_i[i] == 3'b001 && !(line_state_i[i] == 2'b00 && msg_type_i[i] == 3'b000)) ||
             (req_i[i] && line_state_i[i] == 2'b01 && msg_type_i[i] != 3'b010) ||
             (req_i[i] && !(line_state_i[i] == 2'b00 && msg_type_i[i] == 3'b000 && priv_i[i] == 1'b1) && !(line_state_i[i] == 2'b00 && msg_type_i[i] == 3'b001) && !(line_state_i[i] == 2'b01 && msg_type_i[i] == 3'b010) && !(line_state_i[i] == 2'b10) && !(line_state_i[i] == 2'b11)) ||
             (req_i[i] && line_state_i[i] != 2'b00 && line_state_i[i] != 2'b01 && line_state_i[i] != 2'b10 && line_state_i[i] != 2'b11)) |-> ##1 (nack_o[i] == 1'b1);
    endproperty
    assert property (p_nack_assign) else $error(""Nack assignment error"");

endmodule","** Error: (vlog-13069) prueba.sv(13): near ""for"": syntax error, unexpected for, expecting disable.
** Error: prueba.sv(13): (vlog-13205) Syntax error found in the scope following 'i'. Is there a missing '::'?",19.862786531448364,3346,893
"module piton_l2_coh_evict_arb (
    input  logic [3:0] req_i,
    input  logic [1:0] line_state_i [3:0],
    input  logic [1:0] lru_i [3:0],
    input  logic [2:0] msg_type_i [3:0],
    input  logic priv_i [3:0],
    output logic [3:0] grant_o,
    output logic [3:0] evict_o,
    output logic [3:0] nack_o
);

    always_comb begin
        grant_o = 4'b0000;
        evict_o = 4'b0000;
        nack_o  = 4'b0000;

        for (int i = 0; i < 4; i++) begin
            if (req_i[i]) begin
                unique case (line_state_i[i])
                    2'b00: unique case (msg_type_i[i])
                                3'b000: unique case (priv_i[i])
                                            1'b1: grant_o[i] = 1'b1;
                                            default: nack_o[i] = 1'b1;
                                        endcase
                                3'b001: evict_o[i] = 1'b1;
                                default: nack_o[i] = 1'b1;
                            endcase
                    2'b01: unique case (lru_i[i])
                                2'b00: grant_o[i] = 1'b1;
                                2'b01: evict_o[i] = 1'b1;
                                default: nack_o[i] = 1'b1;
                            endcase
                    2'b10, 2'b11: nack_o[i] = 1'b1;
                    default: nack_o[i] = 1'b1;
                endcase
            end
        end
    end
endmodule","module piton_l2_coh_evict_arb_properties (
    input logic [3:0] req_i,
    input logic [1:0] line_state_i [3:0],
    input logic [1:0] lru_i [3:0],
    input logic [2:0] msg_type_i [3:0],
    input logic priv_i [3:0],
    output logic [3:0] grant_o,
    output logic [3:0] evict_o,
    output logic [3:0] nack_o
);

    property p_grant_from_req;
        @(posedge clk) forall(i : int)(i >= 0 && i < 4) 
            (req_i[i]) |-> ##1 (grant_o[i] == ((line_state_i[i] == 2'b00 && msg_type_i[i] == 3'b000 && priv_i[i] == 1'b1) ? 1'b1 : 
                                    (line_state_i[i] == 2'b01 && lru_i[i] == 2'b00 ? 1'b1 : 
                                    (line_state_i[i] == 2'b01 && lru_i[i] == 2'b01 ? 1'b0 : 1'bx))));
    endproperty
    assert property (p_grant_from_req);

    property p_evict_from_req;
        @(posedge clk) forall(i : int)(i >= 0 && i < 4) 
            (req_i[i] && line_state_i[i] == 2'b01) |-> ##1 (evict_o[i] == ((lru_i[i] == 2'b00 || lru_i[i] == 2'b01) ? 1'b1 : 1'bx));
    endproperty
    assert property (p_evict_from_req);

    property p_nack_from_req;
        @(posedge clk) forall(i : int)(i >= 0 && i < 4) 
            (req_i[i] && !(line_state_i[i] == 2'b00 && msg_type_i[i] == 3'b000 && priv_i[i] == 1'b1) && !(line_state_i[i] == 2'b01 && (lru_i[i] == 2'b00 || lru_i[i] == 2'b01))) |-> ##1 (nack_o[i] == 1'b1);
    endproperty
    assert property (p_nack_from_req);

endmodule","** Error: (vlog-13069) prueba.sv(13): near "":"": syntax error, unexpected ':', expecting ')'.
** Error: (vlog-13069) prueba.sv(21): near "":"": syntax error, unexpected ':', expecting ')'.
** Error: (vlog-13069) prueba.sv(27): near "":"": syntax error, unexpected ':', expecting ')'.",18.941551208496094,3423,687
"module tl_axi_obi_bridge_err (
    input  logic tl_valid_i,
    input  logic [2:0] tl_opcode_i,
    input  logic axi_awvalid_i,
    input  logic axi_arvalid_i,
    input  logic [1:0] obi_resp_i,
    input  logic priv_i,
    output logic tl_a_valid_o,
    output logic [2:0] tl_a_opcode_o,
    output logic obi_req_o,
    output logic obi_we_o,
    output logic [1:0] axi_rresp_o
);

    always_comb begin
        tl_a_valid_o  = 1'b0;
        tl_a_opcode_o = 3'b000;
        obi_req_o     = 1'b0;
        obi_we_o      = 1'b0;
        axi_rresp_o   = 2'b00;

        // TL ? OBI mapping
        if (tl_valid_i) begin
            unique case (tl_opcode_i)
                3'b000: begin
                    tl_a_valid_o  = 1'b1;
                    tl_a_opcode_o = 3'b000; // Get
                    obi_req_o     = 1'b1;
                    obi_we_o      = 1'b0;
                end
                3'b001, 3'b010: begin
                    tl_a_valid_o  = 1'b1;
                    tl_a_opcode_o = tl_opcode_i;
                    obi_req_o     = 1'b1;
                    obi_we_o      = 1'b1;
                end
                default: axi_rresp_o = 2'b11; // DECERR
            endcase
        end

        // AXI ? TL mapping
        unique case (1'b1)
            axi_arvalid_i: begin
                tl_a_valid_o  = 1'b1;
                tl_a_opcode_o = 3'b000;
            end
            axi_awvalid_i: begin
                tl_a_valid_o  = 1'b1;
                tl_a_opcode_o = 3'b001;
            end
        endcase

        // OBI ? AXI Response
        unique case (obi_resp_i)
            2'b00: axi_rresp_o = 2'b00;
            2'b10: axi_rresp_o = 2'b10;
            default: axi_rresp_o = 2'b11;
        endcase

        // Privilege enforcement
        if (!priv_i) begin
            tl_a_valid_o = 1'b0;
            obi_req_o    = 1'b0;
            axi_rresp_o  = 2'b10;
        end
    end
endmodule","module tl_axi_obi_bridge_err_assertions(
    input logic tl_valid_i,
    input logic [2:0] tl_opcode_i,
    input logic axi_awvalid_i,
    input logic axi_arvalid_i,
    input logic [1:0] obi_resp_i,
    input logic priv_i,
    output logic tl_a_valid_o,
    output logic [2:0] tl_a_opcode_o,
    output logic obi_req_o,
    output logic obi_we_o,
    output logic [1:0] axi_rresp_o
);

    // Internal variables and functions can be derived from the provided code.

    property p_tl_a_valid_assign;
        @(posedge clk) (tl_valid_i && tl_opcode_i == 3'b000) |-> (tl_a_valid_o == 1'b1);
    endproperty
    assert property (p_tl_a_valid_assign) else $error(""Assertion failed: TL A valid assignment error"");

    property p_obi_req_assign;
        @(posedge clk) (tl_valid_i && tl_opcode_i == 3'b000) |-> (obi_req_o == 1'b1);
    endproperty
    assert property (p_obi_req_assign) else $error(""Assertion failed: OBI request assignment error"");

    property p_tl_a_opcode_assign;
        @(posedge clk) (tl_valid_i && tl_opcode_i == 3'b000) |-> (tl_a_opcode_o == 3'b000);
    endproperty
    assert property (p_tl_a_opcode_assign) else $error(""Assertion failed: TL A opcode assignment error"");

    // Similar properties for axi_arvalid_i, axi_awvalid_i, obi_resp_i, and priv_i can be defined.

endmodule","** Error: prueba.sv(18): (vlog-2730) Undefined variable: 'clk'.
** Error (suppressible): prueba.sv(20): (vlog-1957) The sva directive is not sensitive to a clock. Unclocked directives are not supported.
** Error: prueba.sv(23): (vlog-2730) Undefined variable: 'clk'.
** Error (suppressible): prueba.sv(25): (vlog-1957) The sva directive is not sensitive to a clock. Unclocked directives are not supported.
** Error: prueba.sv(28): (vlog-2730) Undefined variable: 'clk'.
** Error (suppressible): prueba.sv(30): (vlog-1957) The sva directive is not sensitive to a clock. Unclocked directives are not supported.
** Error: prueba.sv(18): (vlog-2730) Undefined variable: 'clk'.",18.45293664932251,3667,486
"module chisel_event_fsm_prio (
    input  logic [7:0] evt_i,
    input  logic [3:0] state_i,
    output logic fire_o,
    output logic stall_o,
    output logic error_o
);

    always_comb begin
        fire_o  = 1'b0;
        stall_o = 1'b0;
        error_o = 1'b0;

        unique case (state_i)
            4'd0: unique case (evt_i[1:0])
                      2'b00: fire_o = 1'b1;
                      2'b01: stall_o = 1'b1;
                      default: error_o = 1'b1;
                  endcase
            4'd1: unique case (evt_i[3:2])
                      2'b00: fire_o = 1'b1;
                      2'b01: stall_o = 1'b1;
                      default: error_o = 1'b1;
                  endcase
            4'd2: unique case (evt_i[5:4])
                      2'b00: fire_o = 1'b1;
                      2'b01: stall_o = 1'b1;
                      default: error_o = 1'b1;
                  endcase
            4'd3: unique case (evt_i[7:6])
                      2'b00: fire_o = 1'b1;
                      2'b01: stall_o = 1'b1;
                      default: error_o = 1'b1;
                  endcase
            default: error_o = 1'b1;
        endcase
    end
endmodule","module chisel_event_fsm_prio_assertions (
    input logic [7:0] evt_i,
    input logic [3:0] state_i,
    output logic fire_o,
    output logic stall_o,
    output logic error_o
);

    property p_fire_on_event;
        @(posedge clk) 
        (state_i == 4'd0 && evt_i[1:0] == 2'b00) |-> ##1 fire_o;
    endproperty
    assert property (p_fire_on_event);

    property p_stall_on_event;
        @(posedge clk) 
        (state_i == 4'd0 && evt_i[1:0] == 2'b01) |-> ##1 stall_o;
    endproperty
    assert property (p_stall_on_event);

    property p_error_on_default;
        @(posedge clk) 
        ((state_i != 4'd0 && state_i != 4'd1 && state_i != 4'd2 && state_i != 4'd3) || 
         (state_i == 4'd0 && evt_i[1:0] != 2'b00 && evt_i[1:0] != 2'b01)) |-> ##1 error_o;
    endproperty
    assert property (p_error_on_default);

    property p_fire_on_event_state1;
        @(posedge clk) 
        (state_i == 4'd1 && evt_i[3:2] == 2'b00) |-> ##1 fire_o;
    endproperty
    assert property (p_fire_on_event_state1);

    property p_stall_on_event_state1;
        @(posedge clk) 
        (state_i == 4'd1 && evt_i[3:2] == 2'b01) |-> ##1 stall_o;
    endproperty
    assert property (p_stall_on_event_state1);

    property p_error_on_default_state1;
        @(posedge clk) 
        ((state_i != 4'd0 && state_i != 4'd1 && state_i != 4'd2 && state_i != 4'd3) || 
         (state_i == 4'd1 && evt_i[3:2] != 2'b00 && evt_i[3:2] != 2'b01)) |-> ##1 error_o;
    endproperty
    assert property (p_error_on_default_state1);

    property p_fire_on_event_state2;
        @(posedge clk) 
        (state_i == 4'd2 && evt_i[5:4] == 2'b00) |-> ##1 fire_o;
    endproperty
    assert property (p_fire_on_event_state2);

    property p_stall_on_event_state2;
        @(posedge clk) 
        (state_i == 4'd2 && evt_i[5:4] == 2'b01) |-> ##1 stall_o;
    endproperty
    assert property (p_stall_on_event_state2);

    property p_error_on_default_state2;
        @(posedge clk) 
        ((state_i != 4'd0 && state_i != 4'd1 && state_i != 4'd2 && state_i != 4'd3) || 
         (state_i == 4'd2 && evt_i[5:4] != 2'b00 && evt_i[5:4] != 2'b01)) |-> ##1 error_o;
    endproperty
    assert property (p_error_on_default_state2);

    property p_fire_on_event_state3;
        @(posedge clk) 
        (state_i == 4'd3 && evt_i[7:6] == 2'b00) |-> ##1 fire_o;
    endproperty
    assert property (p_fire_on_event_state3);

    property p_stall_on_event_state3;
        @(posedge clk) 
        (state_i == 4'd3 && evt_i[7:6] == 2'b01) |-> ##1 stall_o;
    endproperty
    assert property (p_stall_on_event_state3);

    property p_error_on_default_state3;
        @(posedge clk) 
        ((state_i != 4'd0 && state_i != 4'd1 && state_i != 4'd2 && state_i != 4'd3) || 
         (state_i == 4'd3 && evt_i[7:6] != 2'b00 && evt_i[7:6] != 2'b01)) |-> ##1 error_o;
    endproperty
    assert property (p_error_on_default_state3);

endmodule","** Error: prueba.sv(10): (vlog-2730) Undefined variable: 'clk'.
** Error (suppressible): prueba.sv(13): (vlog-1957) The sva directive is not sensitive to a clock. Unclocked directives are not supported.
** Error: prueba.sv(16): (vlog-2730) Undefined variable: 'clk'.
** Error (suppressible): prueba.sv(19): (vlog-1957) The sva directive is not sensitive to a clock. Unclocked directives are not supported.
** Error: prueba.sv(22): (vlog-2730) Undefined variable: 'clk'.
** Error (suppressible): prueba.sv(26): (vlog-1957) The sva directive is not sensitive to a clock. Unclocked directives are not supported.
** Error: prueba.sv(29): (vlog-2730) Undefined variable: 'clk'.
** Error (suppressible): prueba.sv(32): (vlog-1957) The sva directive is not sensitive to a clock. Unclocked directives are not supported.
** Error: prueba.sv(35): (vlog-2730) Undefined variable: 'clk'.
** Error (suppressible): prueba.sv(38): (vlog-1957) The sva directive is not sensitive to a clock. Unclocked directives are not supported.
** Error: prueba.sv(41): (vlog-2730) Undefined variable: 'clk'.
** Error (suppressible): prueba.sv(45): (vlog-1957) The sva directive is not sensitive to a clock. Unclocked directives are not supported.
** Error: prueba.sv(48): (vlog-2730) Undefined variable: 'clk'.
** Error (suppressible): prueba.sv(51): (vlog-1957) The sva directive is not sensitive to a clock. Unclocked directives are not supported.
** Error: prueba.sv(54): (vlog-2730) Undefined variable: 'clk'.
** Error (suppressible): prueba.sv(57): (vlog-1957) The sva directive is not sensitive to a clock. Unclocked directives are not supported.
** Error: prueba.sv(60): (vlog-2730) Undefined variable: 'clk'.
** Error (suppressible): prueba.sv(64): (vlog-1957) The sva directive is not sensitive to a clock. Unclocked directives are not supported.
** Error: prueba.sv(67): (vlog-2730) Undefined variable: 'clk'.
** Error (suppressible): prueba.sv(70): (vlog-1957) The sva directive is not sensitive to a clock. Unclocked directives are not supported.
** Error: prueba.sv(73): (vlog-2730) Undefined variable: 'clk'.
** Error (suppressible): prueba.sv(76): (vlog-1957) The sva directive is not sensitive to a clock. Unclocked directives are not supported.
** Error: prueba.sv(79): (vlog-2730) Undefined variable: 'clk'.
** Error (suppressible): prueba.sv(83): (vlog-1957) The sva directive is not sensitive to a clock. Unclocked directives are not supported.
** Error: prueba.sv(10): (vlog-2730) Undefined variable: 'clk'.",30.40569949150085,3344,1265
"module sec_lc_gate_lvl (
    input  logic sec_req_i,
    input  logic [2:0] lc_state_i,
    input  logic [1:0] access_type_i,
    input  logic priv_i,
    input  logic alert_i,
    output logic allow_o,
    output logic violation_o
);

    always_comb begin
        allow_o     = 1'b0;
        violation_o = 1'b0;

        if (sec_req_i) begin
            unique case (lc_state_i)
                3'b000: unique case (access_type_i)
                            2'b00: unique case (priv_i)
                                        1'b1: unique case (alert_i)
                                                    1'b0: allow_o = 1'b1;
                                                    default: violation_o = 1'b1;
                                                endcase
                                        default: violation_o = 1'b1;
                                    endcase
                            2'b01: violation_o = 1'b1;
                            default: violation_o = 1'b1;
                        endcase
                3'b001: unique case (access_type_i)
                            2'b00, 2'b01: unique case (priv_i)
                                              1'b1: allow_o = 1'b1;
                                              default: violation_o = 1'b1;
                                          endcase
                            default: violation_o = 1'b1;
                        endcase
                3'b010: unique case (access_type_i)
                            2'b01: unique case (priv_i)
                                      1'b1: allow_o = 1'b1;
                                      default: violation_o = 1'b1;
                                  endcase
                            default: violation_o = 1'b1;
                        endcase
                default: violation_o = 1'b1;
            endcase
        end
    end
endmodule","module sec_lc_gate_lvl_assertions(
    input logic sec_req_i,
    input logic [2:0] lc_state_i,
    input logic [1:0] access_type_i,
    input logic priv_i,
    input logic alert_i,
    output logic allow_o,
    output logic violation_o
);

    property p_allow_when_sec_req;
        @(posedge clk) sec_req_i |-> (allow_o == 1'b1 || violation_o == 1'b1);
    endproperty
    assert property (p_allow_when_sec_req) else $error(""Allow or Violation not correctly assigned when sec_req_i is asserted"");

    property p_violation_when_alert;
        @(posedge clk) sec_req_i && lc_state_i == 3'b010 && access_type_i == 2'b01 && priv_i == 1'b1 |-> (violation_o == 1'b1);
    endproperty
    assert property (p_violation_when_alert) else $error(""Violation not correctly assigned when lc_state_i is 3'b010, access_type_i is 2'b01, and priv_i is 1'b1"");

    property p_default_behavior;
        @(posedge clk) !sec_req_i |-> (allow_o == 1'b0 && violation_o == 1'b0);
    endproperty
    assert property (p_default_behavior) else $error(""Default behavior not correctly handled when sec_req_i is not asserted"");

endmodule","** Error: prueba.sv(12): (vlog-2730) Undefined variable: 'clk'.
** Error (suppressible): prueba.sv(14): (vlog-1957) The sva directive is not sensitive to a clock. Unclocked directives are not supported.
** Error: prueba.sv(17): (vlog-2730) Undefined variable: 'clk'.
** Error (suppressible): prueba.sv(19): (vlog-1957) The sva directive is not sensitive to a clock. Unclocked directives are not supported.
** Error: prueba.sv(22): (vlog-2730) Undefined variable: 'clk'.
** Error (suppressible): prueba.sv(24): (vlog-1957) The sva directive is not sensitive to a clock. Unclocked directives are not supported.
** Error: prueba.sv(12): (vlog-2730) Undefined variable: 'clk'.",19.62152075767517,3397,407
"module multi_core_bus_ctrl_lvl (
    input  logic [3:0] req_i,
    input  logic [1:0] line_state_i [3:0],
    input  logic [2:0] msg_type_i [3:0],
    input  logic priv_i [3:0],
    output logic [3:0] grant_o,
    output logic [3:0] nack_o
);

    always_comb begin
        grant_o = 4'b0000;
        nack_o  = 4'b0000;

        for (int i=0; i<4; i++) begin
            if (req_i[i]) begin
                unique case (line_state_i[i])
                    2'b00: unique case (msg_type_i[i])
                                3'b000: unique case (priv_i[i])
                                            1'b1: grant_o[i] = 1'b1;
                                            default: nack_o[i] = 1'b1;
                                        endcase
                                3'b001: grant_o[i] = 1'b1;
                                default: nack_o[i] = 1'b1;
                            endcase
                    2'b01: unique case (msg_type_i[i])
                                3'b010: grant_o[i] = 1'b1;
                                default: nack_o[i] = 1'b1;
                            endcase
                    2'b10, 2'b11: nack_o[i] = 1'b1;
                    default: nack_o[i] = 1'b1;
                endcase
            end
        end
    end
endmodule","module multi_core_bus_ctrl_lvl_assertions(
    input logic [3:0] req_i,
    input logic [1:0] line_state_i [3:0],
    input logic [2:0] msg_type_i [3:0],
    input logic priv_i [3:0],
    output logic [3:0] grant_o,
    output logic [3:0] nack_o
);

    property p_grant_when_req;
        @(posedge clk) for (int i=0; i<4; i++) if (req_i[i]) 
            case (line_state_i[i])
                2'b00: case (msg_type_i[i])
                            3'b000: case (priv_i[i])
                                        1'b1: assert(grant_o[i] == 1'b1);
                                        default: assert(nack_o[i] == 1'b1);
                                    endcase
                            3'b001: assert(grant_o[i] == 1'b1);
                            default: assert(nack_o[i] == 1'b1);
                        endcase
                2'b01: case (msg_type_i[i])
                            3'b010: assert(grant_o[i] == 1'b1);
                            default: assert(nack_o[i] == 1'b1);
                        endcase
                2'b10, 2'b11: assert(nack_o[i] == 1'b1);
                default: assert(nack_o[i] == 1'b1);
            endcase;
    endproperty
    assert property (p_grant_when_req) else $error(""Assertion failed at req_i or line_state_i/msg_type_i/priv_i mismatch"");

endmodule","** Error: (vlog-13069) prueba.sv(11): near ""for"": syntax error, unexpected for, expecting disable.
** Error: prueba.sv(11): (vlog-13205) Syntax error found in the scope following 'i'. Is there a missing '::'?",8.589118242263794,3348,467
"module piton_l2_evict_coh_priv (
    input  logic [3:0] req_i,
    input  logic [1:0] line_state_i [3:0],
    input  logic [1:0] lru_i [3:0],
    input  logic [2:0] msg_type_i [3:0],
    input  logic priv_i [3:0],
    output logic [3:0] grant_o,
    output logic [3:0] evict_o,
    output logic [3:0] nack_o
);

    always_comb begin
        grant_o = 4'b0000;
        evict_o = 4'b0000;
        nack_o  = 4'b0000;

        for (int i = 0; i < 4; i++) begin
            if (req_i[i]) begin
                unique case (line_state_i[i])
                    2'b00: unique case (msg_type_i[i])
                                3'b000: unique case (priv_i[i])
                                            1'b1: grant_o[i] = 1'b1;
                                            default: nack_o[i] = 1'b1;
                                        endcase
                                3'b001: evict_o[i] = 1'b1;
                                default: nack_o[i] = 1'b1;
                            endcase
                    2'b01: unique case (lru_i[i])
                                2'b00: grant_o[i] = 1'b1;
                                2'b01: evict_o[i] = 1'b1;
                                default: nack_o[i] = 1'b1;
                            endcase
                    2'b10, 2'b11: nack_o[i] = 1'b1;
                    default: nack_o[i] = 1'b1;
                endcase
            end
        end
    end
endmodule","module piton_l2_evict_coh_priv_assertions(
    input logic [3:0] req_i,
    input logic [1:0] line_state_i [3:0],
    input logic [1:0] lru_i [3:0],
    input logic [2:0] msg_type_i [3:0],
    input logic priv_i [3:0],
    output logic [3:0] grant_o,
    output logic [3:0] evict_o,
    output logic [3:0] nack_o
);

    // Assert properties for grant_o signal
    property p_grant_from_req;
        @(posedge clk) 
        foreach (req_i[i]) (req_i[i] && line_state_i[i] == 2'b00 && msg_type_i[i] == 3'b000 && priv_i[i] == 1'b1) |-> ##1 grant_o[i] == 1'b1;
    endproperty
    assert property (p_grant_from_req);

    property p_nack_from_default;
        @(posedge clk) 
        foreach (req_i[i]) (req_i[i] && !(line_state_i[i] == 2'b00 && msg_type_i[i] == 3'b000 && priv_i[i] == 1'b1) && !(line_state_i[i] == 2'b01 && lru_i[i] == 2'b00 && lru_i[i] == 2'b01)) |-> ##1 nack_o[i] == 1'b1;
    endproperty
    assert property (p_nack_from_default);

    // Assert properties for evict_o signal
    property p_evict_from_msg_type;
        @(posedge clk) 
        foreach (req_i[i]) (req_i[i] && line_state_i[i] == 2'b00 && msg_type_i[i] == 3'b001) |-> ##1 evict_o[i] == 1'b1;
    endproperty
    assert property (p_evict_from_msg_type);

    // Assert properties for nack_o signal
    property p_nack_from_line_state;
        @(posedge clk) 
        foreach (req_i[i]) (req_i[i] && !(line_state_i[i] == 2'b00 && msg_type_i[i] == 3'b000 && priv_i[i] == 1'b1) && !(line_state_i[i] == 2'b01 && lru_i[i] == 2'b00 && lru_i[i] == 2'b01)) |-> ##1 nack_o[i] == 1'b1;
    endproperty
    assert property (p_nack_from_line_state);

endmodule","** Error: (vlog-13069) prueba.sv(15): near ""foreach"": syntax error, unexpected ""SystemVerilog keyword 'foreach'"", expecting disable.
** Error: (vlog-13069) prueba.sv(21): near ""foreach"": syntax error, unexpected ""SystemVerilog keyword 'foreach'"", expecting disable.
** Error: (vlog-13069) prueba.sv(28): near ""foreach"": syntax error, unexpected ""SystemVerilog keyword 'foreach'"", expecting disable.
** Error: (vlog-13069) prueba.sv(35): near ""foreach"": syntax error, unexpected ""SystemVerilog keyword 'foreach'"", expecting disable.",10.624874114990234,3423,759
"module tl_axi_obi_sec (
    input  logic tl_valid_i,
    input  logic [2:0] tl_opcode_i,
    input  logic axi_awvalid_i,
    input  logic axi_arvalid_i,
    input  logic [1:0] obi_resp_i,
    input  logic priv_i,
    output logic tl_a_valid_o,
    output logic [2:0] tl_a_opcode_o,
    output logic obi_req_o,
    output logic obi_we_o,
    output logic [1:0] axi_rresp_o
);

    always_comb begin
        tl_a_valid_o  = 1'b0;
        tl_a_opcode_o = 3'b000;
        obi_req_o     = 1'b0;
        obi_we_o      = 1'b0;
        axi_rresp_o   = 2'b00;

        if (tl_valid_i) begin
            unique case (tl_opcode_i)
                3'b000: begin
                    tl_a_valid_o  = 1'b1;
                    tl_a_opcode_o = 3'b000;
                    obi_req_o     = 1'b1;
                    obi_we_o      = 1'b0;
                end
                3'b001, 3'b010: begin
                    tl_a_valid_o  = 1'b1;
                    tl_a_opcode_o = tl_opcode_i;
                    obi_req_o     = 1'b1;
                    obi_we_o      = 1'b1;
                end
                default: axi_rresp_o = 2'b11;
            endcase
        end

        unique case (1'b1)
            axi_arvalid_i: begin
                tl_a_valid_o  = 1'b1;
                tl_a_opcode_o = 3'b000;
            end
            axi_awvalid_i: begin
                tl_a_valid_o  = 1'b1;
                tl_a_opcode_o = 3'b001;
            end
        endcase

        unique case (obi_resp_i)
            2'b00: axi_rresp_o = 2'b00;
            2'b10: axi_rresp_o = 2'b10;
            default: axi_rresp_o = 2'b11;
        endcase

        if (!priv_i) begin
            tl_a_valid_o = 1'b0;
            obi_req_o    = 1'b0;
            axi_rresp_o  = 2'b10;
        end
    end
endmodule","module tl_axi_obi_sec_assertions(
    input logic tl_valid_i,
    input logic [2:0] tl_opcode_i,
    input logic axi_awvalid_i,
    input logic axi_arvalid_i,
    input logic [1:0] obi_resp_i,
    input logic priv_i,
    output logic tl_a_valid_o,
    output logic [2:0] tl_a_opcode_o,
    output logic obi_req_o,
    output logic obi_we_o,
    output logic [1:0] axi_rresp_o
);

    property p_tl_a_valid_assign;
        @(posedge clk) (tl_valid_i) |-> ##1 tl_a_valid_o == 1'b1;
    endproperty
    assert property (p_tl_a_valid_assign);

    property p_tl_a_opcode_assign;
        @(posedge clk) (tl_valid_i && tl_opcode_i inside {3'b000, 3'b001, 3'b010}) |-> ##1 tl_a_opcode_o == tl_opcode_i;
    endproperty
    assert property (p_tl_a_opcode_assign);

    property p_obi_req_assign;
        @(posedge clk) (tl_valid_i && tl_opcode_i inside {3'b000, 3'b001, 3'b010}) |-> ##1 obi_req_o == 1'b1;
    endproperty
    assert property (p_obi_req_assign);

    property p_obi_we_assign;
        @(posedge clk) (tl_valid_i && tl_opcode_i inside {3'b001, 3'b010}) |-> ##1 obi_we_o == 1'b1;
    endproperty
    assert property (p_obi_we_assign);

    property p_axi_rresp_assign;
        @(posedge clk) (tl_valid_i && tl_opcode_i == 3'b000) |-> ##1 axi_rresp_o == 2'b00;
    endproperty
    assert property (p_axi_rresp_assign);

    property p_default_axi_rresp_assign;
        @(posedge clk) (!tl_valid_i && !(axi_arvalid_i || axi_awvalid_i) && obi_resp_i != 2'b00 && obi_resp_i != 2'b10) |-> ##1 axi_rresp_o == 2'b11;
    endproperty
    assert property (p_default_axi_rresp_assign);

    property p_tl_a_valid_override;
        @(posedge clk) (axi_arvalid_i || axi_awvalid_i) |-> ##1 tl_a_valid_o == 1'b1;
    endproperty
    assert property (p_tl_a_valid_override);

    property p_no_priv_overrides;
        @(posedge clk) (!priv_i) |-> ##1 (tl_a_valid_o == 1'b0 && obi_req_o == 1'b0 && axi_rresp_o == 2'b10);
    endproperty
    assert property (p_no_priv_overrides);

endmodule","** Error: prueba.sv(16): (vlog-2730) Undefined variable: 'clk'.
** Error (suppressible): prueba.sv(18): (vlog-1957) The sva directive is not sensitive to a clock. Unclocked directives are not supported.
** Error: prueba.sv(21): (vlog-2730) Undefined variable: 'clk'.
** Error (suppressible): prueba.sv(23): (vlog-1957) The sva directive is not sensitive to a clock. Unclocked directives are not supported.
** Error: prueba.sv(26): (vlog-2730) Undefined variable: 'clk'.
** Error (suppressible): prueba.sv(28): (vlog-1957) The sva directive is not sensitive to a clock. Unclocked directives are not supported.
** Error: prueba.sv(31): (vlog-2730) Undefined variable: 'clk'.
** Error (suppressible): prueba.sv(33): (vlog-1957) The sva directive is not sensitive to a clock. Unclocked directives are not supported.
** Error: prueba.sv(36): (vlog-2730) Undefined variable: 'clk'.
** Error (suppressible): prueba.sv(38): (vlog-1957) The sva directive is not sensitive to a clock. Unclocked directives are not supported.
** Error: prueba.sv(41): (vlog-2730) Undefined variable: 'clk'.
** Error (suppressible): prueba.sv(43): (vlog-1957) The sva directive is not sensitive to a clock. Unclocked directives are not supported.
** Error: prueba.sv(46): (vlog-2730) Undefined variable: 'clk'.
** Error (suppressible): prueba.sv(48): (vlog-1957) The sva directive is not sensitive to a clock. Unclocked directives are not supported.
** Error: prueba.sv(51): (vlog-2730) Undefined variable: 'clk'.
** Error (suppressible): prueba.sv(53): (vlog-1957) The sva directive is not sensitive to a clock. Unclocked directives are not supported.
** Error: prueba.sv(16): (vlog-2730) Undefined variable: 'clk'.",21.37025547027588,3629,845
"module chisel_event_fsm_alert (
    input  logic [7:0] evt_i,
    input  logic [3:0] state_i,
    input  logic alert_i,
    output logic fire_o,
    output logic stall_o,
    output logic error_o
);

    always_comb begin
        fire_o  = 1'b0;
        stall_o = 1'b0;
        error_o = 1'b0;

        unique case (state_i)
            4'd0: unique case (evt_i[1:0])
                      2'b00: fire_o = alert_i ? 1'b0 : 1'b1;
                      2'b01: stall_o = 1'b1;
                      default: error_o = 1'b1;
                  endcase
            4'd1: unique case (evt_i[3:2])
                      2'b00: fire_o = alert_i ? 1'b0 : 1'b1;
                      2'b01: stall_o = 1'b1;
                      default: error_o = 1'b1;
                  endcase
            4'd2: unique case (evt_i[5:4])
                      2'b00: fire_o = alert_i ? 1'b0 : 1'b1;
                      2'b01: stall_o = 1'b1;
                      default: error_o = 1'b1;
                  endcase
            4'd3: unique case (evt_i[7:6])
                      2'b00: fire_o = alert_i ? 1'b0 : 1'b1;
                      2'b01: stall_o = 1'b1;
                      default: error_o = 1'b1;
                  endcase
            default: error_o = 1'b1;
        endcase
    end
endmodule","module chisel_event_fsm_alert_properties(
    input logic [7:0] evt_i,
    input logic [3:0] state_i,
    input logic alert_i,
    output logic fire_o,
    output logic stall_o,
    output logic error_o
);

    property p_fire_when_alert;
        @(posedge clk) disable iff (!rst_n) 
        (state_i == 4'd0 && evt_i[1:0] == 2'b00 && alert_i) |-> (fire_o == 1'b0);
    endproperty
    assert property (p_fire_when_alert);

    property p_fire_not_alert;
        @(posedge clk) disable iff (!rst_n) 
        (state_i == 4'd0 && evt_i[1:0] == 2'b00 && !alert_i) |-> (fire_o == 1'b1);
    endproperty
    assert property (p_fire_not_alert);

    property p_stall_when_event;
        @(posedge clk) disable iff (!rst_n) 
        (state_i == 4'd1 && evt_i[3:2] == 2'b01) |-> (stall_o == 1'b1);
    endproperty
    assert property (p_stall_when_event);

    property p_error_on_default;
        @(posedge clk) disable iff (!rst_n) 
        ((state_i != 4'd0 && state_i != 4'd1 && state_i != 4'd2 && state_i != 4'd3) || 
         (state_i == 4'd0 && evt_i[1:0] != 2'b00 && evt_i[1:0] != 2'b01) || 
         (state_i == 4'd1 && evt_i[3:2] != 2'b00 && evt_i[3:2] != 2'b01) || 
         (state_i == 4'd2 && evt_i[5:4] != 2'b00 && evt_i[5:4] != 2'b01) || 
         (state_i == 4'd3 && evt_i[7:6] != 2'b00 && evt_i[7:6] != 2'b01)) |-> (error_o == 1'b1);
    endproperty
    assert property (p_error_on_default);

endmodule","** Error: prueba.sv(11): (vlog-2730) Undefined variable: 'rst_n'.
** Error: prueba.sv(11): (vlog-2730) Undefined variable: 'clk'.",19.63206195831299,3392,639
"module sec_lc_gate_alert (
    input  logic sec_req_i,
    input  logic [2:0] lc_state_i,
    input  logic [1:0] access_type_i,
    input  logic priv_i,
    input  logic alert_i,
    output logic allow_o,
    output logic violation_o
);

    always_comb begin
        allow_o     = 1'b0;
        violation_o = 1'b0;

        if (sec_req_i) begin
            unique case (lc_state_i)
                3'b000: unique case (access_type_i)
                            2'b00: unique case (priv_i)
                                        1'b1: allow_o = alert_i ? 1'b0 : 1'b1;
                                        default: violation_o = 1'b1;
                                    endcase
                            2'b01: violation_o = 1'b1;
                            default: violation_o = 1'b1;
                        endcase
                3'b001: unique case (access_type_i)
                            2'b00, 2'b01: unique case (priv_i)
                                              1'b1: allow_o = alert_i ? 1'b0 : 1'b1;
                                              default: violation_o = 1'b1;
                                          endcase
                            default: violation_o = 1'b1;
                        endcase
                3'b010: unique case (access_type_i)
                            2'b01: unique case (priv_i)
                                      1'b1: allow_o = alert_i ? 1'b0 : 1'b1;
                                      default: violation_o = 1'b1;
                                  endcase
                            default: violation_o = 1'b1;
                        endcase
                default: violation_o = 1'b1;
            endcase
        end
    end
endmodule","module sec_lc_gate_alert_properties(
    input logic sec_req_i,
    input logic [2:0] lc_state_i,
    input logic [1:0] access_type_i,
    input logic priv_i,
    input logic alert_i,
    output logic allow_o,
    output logic violation_o
);

    property p_allow_if_priv;
        @(posedge clk) sec_req_i |-> (lc_state_i == 3'b000 && access_type_i == 2'b00 && priv_i |-> allow_o == alert_i ? 1'b0 : 1'b1);
    endproperty
    assert property (p_allow_if_priv) else $error(""Allow condition not met for privileged user in state 3'b000 and access type 2'b00"");

    property p_violation_if_not_priv;
        @(posedge clk) sec_req_i |-> (lc_state_i == 3'b000 && access_type_i == 2'b00 && priv_i === 1'bx || allow_o == 1'bx -> violation_o);
    endproperty
    assert property (p_violation_if_not_priv) else $error(""Violation condition not met for non-privileged user in state 3'b000 and access type 2'b00"");

    property p_allow_if_access;
        @(posedge clk) sec_req_i |-> (lc_state_i == 3'b001 && access_type_i inside [2'b00:2'b01] && priv_i === 1'bx -> violation_o);
    endproperty
    assert property (p_allow_if_access) else $error(""Allow condition not met for any access type in state 3'b001"");

    property p_violation_if_no_access;
        @(posedge clk) sec_req_i |-> (lc_state_i == 3'b001 && !(access_type_i inside [2'b00:2'b01]) -> violation_o);
    endproperty
    assert property (p_violation_if_no_access) else $error(""Violation condition not met for no valid access type in state 3'b001"");

    property p_allow_if_priv_access;
        @(posedge clk) sec_req_i |-> (lc_state_i == 3'b010 && access_type_i inside [2'b01:2'b01] && priv_i |-> allow_o == alert_i ? 1'b0 : 1'b1);
    endproperty
    assert property (p_allow_if_priv_access) else $error(""Allow condition not met for privileged user in state 3'b010 and access type 2'b01"");

    property p_violation_default;
        @(posedge clk) sec_req_i |-> (lc_state_i != 3'b000 && lc_state_i != 3'b001 && lc_state_i != 3'b010 -> violation_o);
    endproperty
    assert property (p_violation_default) else $error(""Violation condition not met for default or other states"");

endmodule","** Error: (vlog-13069) prueba.sv(22): near ""["": syntax error, unexpected '['.
** Error: (vlog-13069) prueba.sv(27): near ""["": syntax error, unexpected '['.
** Error: (vlog-13069) prueba.sv(32): near ""["": syntax error, unexpected '['.",14.310322761535645,3395,820
"module multi_core_bus_arb_alert (
    input  logic [3:0] req_i,
    input  logic [1:0] line_state_i [3:0],
    input  logic [2:0] msg_type_i [3:0],
    input  logic priv_i [3:0],
    input  logic alert_i,
    output logic [3:0] grant_o,
    output logic [3:0] nack_o
);

    always_comb begin
        grant_o = 4'b0000;
        nack_o  = 4'b0000;

        for (int i=0; i<4; i++) begin
            if (req_i[i]) begin
                unique case (line_state_i[i])
                    2'b00: unique case (msg_type_i[i])
                                3'b000: unique case (priv_i[i])
                                            1'b1: grant_o[i] = alert_i ? 1'b0 : 1'b1;
                                            default: nack_o[i] = 1'b1;
                                        endcase
                                3'b001: grant_o[i] = alert_i ? 1'b0 : 1'b1;
                                default: nack_o[i] = 1'b1;
                            endcase
                    2'b01: unique case (msg_type_i[i])
                                3'b010: grant_o[i] = alert_i ? 1'b0 : 1'b1;
                                default: nack_o[i] = 1'b1;
                            endcase
                    2'b10, 2'b11: nack_o[i] = 1'b1;
                    default: nack_o[i] = 1'b1;
                endcase
            end
        end
    end
endmodule","module multi_core_bus_arb_alert (
    input  logic [3:0] req_i,
    input  logic [1:0] line_state_i [3:0],
    input  logic [2:0] msg_type_i [3:0],
    input  logic priv_i [3:0],
    input  logic alert_i,
    output logic [3:0] grant_o,
    output logic [3:0] nack_o
);

    always_comb begin
        grant_o = 4'b0000;
        nack_o  = 4'b0000;

        for (int i=0; i<4; i++) begin
            if (req_i[i]) begin
                unique case (line_state_i[i])
                    2'b00: unique case (msg_type_i[i])
                                3'b000: unique case (priv_i[i])
                                            1'b1: grant_o[i] = alert_i ? 1'b0 : 1'b1;
                                            default: nack_o[i] = 1'b1;
                                        endcase
                                3'b001: grant_o[i] = alert_i ? 1'b0 : 1'b1;
                                default: nack_o[i] = 1'b1;
                            endcase
                    2'b01: unique case (msg_type_i[i])
                                3'b010: grant_o[i] = alert_i ? 1'b0 : 1'b1;
                                default: nack_o[i] = 1'b1;
                            endcase
                    2'b10, 2'b11: nack_o[i] = 1'b1;
                    default: nack_o[i] = 1'b1;
                endcase
            end
        end
    end
endmodule

module multi_core_bus_arb_alert_assertions (
    input logic [3:0] req_i,
    input logic [1:0] line_state_i [3:0],
    input logic [2:0] msg_type_i [3:0],
    input logic priv_i [3:0],
    input logic alert_i,
    output logic [3:0] grant_o,
    output logic [3:0] nack_o
);

    property p_grant_when_req;
        @(posedge clk) disable iff (!rst_n) 
        (req_i != 4'b0000) |-> ##1 ($countones(grant_o) == $countones({req_i & ({line_state_i[0], line_state_i[1], line_state_i[2], line_state_i[3]})}));
    endproperty
    assert property (p_grant_when_req) else $error(""Grant assignment does not match request conditions"");

    property p_nack_when_not_granted;
        @(posedge clk) disable iff (!rst_n) 
        ((line_state_i[0] == 2'b10 || line_state_i[0] == 2'b11) && msg_type_i[0] != 3'b000 && priv_i[0] != 1'b1) |-> ##1 (nack_o[0] == 1'b1);
    endproperty
    assert property (p_nack_when_not_granted) else $error(""Nack assignment does not match non-grant conditions for line state and message type"");

endmodule","** Error: prueba.sv(49): (vlog-2730) Undefined variable: 'rst_n'.
** Error: prueba.sv(49): (vlog-2730) Undefined variable: 'clk'.",18.960936069488525,3387,885
"module piton_l2_repl_priv (
    input  logic [3:0] req_i,
    input  logic [1:0] line_state_i [3:0],
    input  logic [1:0] lru_i [3:0],
    input  logic priv_i [3:0],
    output logic [3:0] grant_o,
    output logic [3:0] evict_o,
    output logic [3:0] stall_o
);

    always_comb begin
        grant_o = 4'b0000;
        evict_o = 4'b0000;
        stall_o = 4'b0000;

        for (int i = 0; i < 4; i++) begin
            if (req_i[i]) begin
                unique case (line_state_i[i])
                    2'b00: grant_o[i] = priv_i[i];
                    2'b01: unique case (lru_i[i])
                                2'b00: grant_o[i] = 1'b1;
                                2'b01: evict_o[i] = 1'b1;
                                default: stall_o[i] = 1'b1;
                            endcase
                    2'b10: evict_o[i] = 1'b1;
                    2'b11: stall_o[i] = 1'b1;
                    default: stall_o[i] = 1'b1;
                endcase
            end
        end
    end
endmodule","module piton_l2_repl_priv_assertions (
    input logic [3:0] req_i,
    input logic [1:0] line_state_i [3:0],
    input logic [1:0] lru_i [3:0],
    input logic priv_i [3:0],
    output logic [3:0] grant_o,
    output logic [3:0] evict_o,
    output logic [3:0] stall_o
);

    property p_grant_assign;
        @(posedge clk) for (int i = 0; i < 4; i++) if (req_i[i]) begin
            case (line_state_i[i])
                2'b00: assert(grant_o[i] == priv_i[i]);
                2'b01: unique case (lru_i[i])
                            2'b00: assert(grant_o[i] == 1'b1);
                            2'b01: assert(evict_o[i] == 1'b1);
                            default: assert(stall_o[i] == 1'b1);
                        endcase
                2'b10: assert(evict_o[i] == 1'b1);
                2'b11: assert(stall_o[i] == 1'b1);
                default: assert(stall_o[i] == 1'b1);
            endcase
        end
    endproperty
    assert property (p_grant_assign) else $error(""Grant assignment failed"");

endmodule","** Error: (vlog-13069) prueba.sv(12): near ""for"": syntax error, unexpected for, expecting disable.
** Error: prueba.sv(12): (vlog-13205) Syntax error found in the scope following 'i'. Is there a missing '::'?",10.448009967803957,3306,389
"module axi_tl_bridge_fsm (
    input  logic axi_awvalid_i,
    input  logic axi_arvalid_i,
    input  logic tl_ready_i,
    input  logic [2:0] tl_opcode_i,
    output logic tl_valid_o,
    output logic [2:0] tl_a_opcode_o,
    output logic error_o
);

    always_comb begin
        tl_valid_o = 1'b0;
        tl_a_opcode_o = 3'b000;
        error_o = 1'b0;

        if (axi_awvalid_i) begin
            tl_valid_o = tl_ready_i;
            tl_a_opcode_o = 3'b001;
        end else if (axi_arvalid_i) begin
            tl_valid_o = tl_ready_i;
            tl_a_opcode_o = 3'b000;
        end else begin
            error_o = 1'b1;
        end
    end
endmodule","module axi_tl_bridge_fsm_assertions (
    input logic axi_awvalid_i,
    input logic axi_arvalid_i,
    input logic tl_ready_i,
    input logic [2:0] tl_opcode_i,
    output logic tl_valid_o,
    output logic [2:0] tl_a_opcode_o,
    output logic error_o
);

    property p_tl_awvalid_assign;
        @(posedge clk) (axi_awvalid_i == 1'b1 && tl_ready_i == 1'b1) |-> (tl_valid_o == 1'b1 && tl_a_opcode_o == 3'b001);
    endproperty
    assert property (p_tl_awvalid_assign) else $error(""axi_awvalid_i to tl_valid_o assignment failed"");

    property p_tl_arvalid_assign;
        @(posedge clk) (axi_arvalid_i == 1'b1 && tl_ready_i == 1'b1) |-> (tl_valid_o == 1'b1 && tl_a_opcode_o == 3'b000);
    endproperty
    assert property (p_tl_arvalid_assign) else $error(""axi_arvalid_i to tl_valid_o assignment failed"");

    property p_tl_default_assign;
        @(posedge clk) ((axi_awvalid_i == 1'b0 && axi_arvalid_i == 1'b0) || (tl_ready_i == 1'b0)) |-> (error_o == 1'b1);
    endproperty
    assert property (p_tl_default_assign) else $error(""Default case for tl_valid_o and tl_a_opcode_o assignment failed"");

endmodule","** Error: prueba.sv(12): (vlog-2730) Undefined variable: 'clk'.
** Error (suppressible): prueba.sv(14): (vlog-1957) The sva directive is not sensitive to a clock. Unclocked directives are not supported.
** Error: prueba.sv(17): (vlog-2730) Undefined variable: 'clk'.
** Error (suppressible): prueba.sv(19): (vlog-1957) The sva directive is not sensitive to a clock. Unclocked directives are not supported.
** Error: prueba.sv(22): (vlog-2730) Undefined variable: 'clk'.
** Error (suppressible): prueba.sv(24): (vlog-1957) The sva directive is not sensitive to a clock. Unclocked directives are not supported.
** Error: prueba.sv(12): (vlog-2730) Undefined variable: 'clk'.",8.032522439956665,3178,449
"module multi_core_cache_arb_lvl (
    input  logic [3:0] req_i,
    input  logic [1:0] line_state_i [3:0],
    input  logic [2:0] msg_type_i [3:0],
    input  logic priv_i [3:0],
    output logic [3:0] grant_o,
    output logic [3:0] nack_o
);

    always_comb begin
        grant_o = 4'b0000;
        nack_o  = 4'b0000;

        for (int i=0; i<4; i++) begin
            if (req_i[i]) begin
                unique case (line_state_i[i])
                    2'b00: unique case (msg_type_i[i])
                                3'b000: unique case (priv_i[i])
                                            1'b1: grant_o[i] = 1'b1;
                                            default: nack_o[i] = 1'b1;
                                        endcase
                                default: nack_o[i] = 1'b1;
                            endcase
                    2'b01: nack_o[i] = 1'b0;
                    2'b10,2'b11: nack_o[i] = 1'b1;
                    default: nack_o[i] = 1'b1;
                endcase
            end
        end
    end
endmodule","module multi_core_cache_arb_lvl_assertions(
    input logic [3:0] req_i,
    input logic [1:0] line_state_i [3:0],
    input logic [2:0] msg_type_i [3:0],
    input logic priv_i [3:0],
    output logic [3:0] grant_o,
    output logic [3:0] nack_o
);

    // Properties to verify the behavior of grant_o and nack_o based on req_i, line_state_i, msg_type_i, and priv_i

    property p_grant_if_req;
        @(posedge clk) for (int i=0; i<4; i++) 
            if (req_i[i]) (line_state_i[i] == 2'b00 && msg_type_i[i] == 3'b000 && priv_i[i] == 1'b1) |-> ##1 grant_o[i] == 1'b1;
    endproperty
    assert property (p_grant_if_req);

    property p_nack_default;
        @(posedge clk) for (int i=0; i<4; i++) 
            if (req_i[i]) (line_state_i[i] != 2'b00 || msg_type_i[i] != 3'b000 || priv_i[i] != 1'b1) |-> ##1 nack_o[i] == 1'b1;
    endproperty
    assert property (p_nack_default);

endmodule","** Error: (vlog-13069) prueba.sv(13): near ""for"": syntax error, unexpected for, expecting disable.
** Error: prueba.sv(13): (vlog-13205) Syntax error found in the scope following 'i'. Is there a missing '::'?",7.287702322006226,3284,404
"module chisel_prio_mux_masked (
    input  logic [3:0] sel_i,
    input  logic [7:0] in0_i, in1_i, in2_i, in3_i,
    input  logic mask_i,
    output logic [7:0] out_o
);

    always_comb begin
        out_o = 8'h00;

        case (1'b1)
            sel_i[0]: out_o = mask_i ? 8'h00 : in0_i;
            sel_i[1]: out_o = mask_i ? 8'h00 : in1_i;
            sel_i[2]: out_o = mask_i ? 8'h00 : in2_i;
            sel_i[3]: out_o = mask_i ? 8'h00 : in3_i;
            default: out_o = 8'h00;
        endcase
    end
endmodule","module chisel_prio_mux_masked_properties(
    input logic [3:0] sel_i,
    input logic [7:0] in0_i, in1_i, in2_i, in3_i,
    input logic mask_i,
    output logic [7:0] out_o
);

    always_comb begin
        if (sel_i[0]) assert(out_o == (mask_i ? 8'h00 : in0_i));
        else if (sel_i[1]) assert(out_o == (mask_i ? 8'h00 : in1_i));
        else if (sel_i[2]) assert(out_o == (mask_i ? 8'h00 : in2_i));
        else if (sel_i[3]) assert(out_o == (mask_i ? 8'h00 : in3_i));
        else assert(out_o == 8'h00);
    end

endmodule",OK,10.827945470809937,3158,250
"module sec_lc_gate_priv_mask (
    input  logic sec_req_i,
    input  logic [2:0] lc_state_i,
    input  logic [1:0] access_type_i,
    input  logic priv_i,
    input  logic mask_i,
    output logic allow_o,
    output logic violation_o
);

    always_comb begin
        allow_o = 1'b0;
        violation_o = 1'b0;

        if (sec_req_i) begin
            unique case (lc_state_i)
                3'b000: allow_o = (access_type_i==2'b00 && priv_i && !mask_i);
                3'b001: allow_o = ((access_type_i==2'b00 || access_type_i==2'b01) && priv_i && !mask_i);
                3'b010: allow_o = (access_type_i==2'b01 && priv_i && !mask_i);
                default: violation_o = 1'b1;
            endcase
        end
    end
endmodule","module sec_lc_gate_priv_mask_assertions (
    input logic sec_req_i,
    input logic [2:0] lc_state_i,
    input logic [1:0] access_type_i,
    input logic priv_i,
    input logic mask_i,
    output logic allow_o,
    output logic violation_o
);

    property p_allow_o_assign;
        @(posedge clk) (sec_req_i && lc_state_i == 3'b000) |-> (allow_o == (access_type_i==2'b00 && priv_i && !mask_i));
    endproperty
    assert property (p_allow_o_assign);

    property p_allow_o_assign_2;
        @(posedge clk) (sec_req_i && lc_state_i == 3'b001) |-> (allow_o == ((access_type_i==2'b00 || access_type_i==2'b01) && priv_i && !mask_i));
    endproperty
    assert property (p_allow_o_assign_2);

    property p_allow_o_assign_3;
        @(posedge clk) (sec_req_i && lc_state_i == 3'b010) |-> (allow_o == (access_type_i==2'b01 && priv_i && !mask_i));
    endproperty
    assert property (p_allow_o_assign_3);

    property p_violation_o_assign;
        @(posedge clk) (!sec_req_i || lc_state_i != 3'b000 && lc_state_i != 3'b001 && lc_state_i != 3'b010) |-> (violation_o == 1'b1);
    endproperty
    assert property (p_violation_o_assign);

endmodule","** Error: prueba.sv(12): (vlog-2730) Undefined variable: 'clk'.
** Error (suppressible): prueba.sv(14): (vlog-1957) The sva directive is not sensitive to a clock. Unclocked directives are not supported.
** Error: prueba.sv(17): (vlog-2730) Undefined variable: 'clk'.
** Error (suppressible): prueba.sv(19): (vlog-1957) The sva directive is not sensitive to a clock. Unclocked directives are not supported.
** Error: prueba.sv(22): (vlog-2730) Undefined variable: 'clk'.
** Error (suppressible): prueba.sv(24): (vlog-1957) The sva directive is not sensitive to a clock. Unclocked directives are not supported.
** Error: prueba.sv(27): (vlog-2730) Undefined variable: 'clk'.
** Error (suppressible): prueba.sv(29): (vlog-1957) The sva directive is not sensitive to a clock. Unclocked directives are not supported.
** Error: prueba.sv(12): (vlog-2730) Undefined variable: 'clk'.",8.14401388168335,3201,479
