original_code,generated_code,iverilog_output,time(s),prompt_tkns,output_tkns
"// Power Management Controller (PMC)
// Implements: State machine, Clock gating, Voltage scaling, Interrupt handling
// Protocol: Simple power management with sleep, deep-sleep, active, and performance modes
// Constraints: No if/else, no loops, only case statements

module pmc (
    input  logic        clk,           // System clock
    input  logic        rst_n,         // Active-low asynchronous reset
    input  logic        wake_req,      // Wake request from peripheral
    input  logic [1:0]  perf_req,      // Performance level request: 0=low, 1=medium, 2=high, 3=ultra
    input  logic [2:0]  sleep_timeout, // Timeout cycles for sleep entry
    input  logic [1:0]  ext_status,    // External power status (e.g., PMIC ready)

    output logic        clk_cpu_en,    // CPU clock enable
    output logic        clk_periph_en, // Peripheral clock enable
    output logic [1:0]  vdd_level,     // Voltage scaling: 0=0.8V, 1=1.0V, 2=1.2V, 3=1.35V
    output logic        sleep_ack,     // Acknowledge sleep entry
    output logic        wake_ack,      // Acknowledge wakeup
    output logic [1:0]  pmc_status,    // Status output: 0=active, 1=sleep, 2=deep-sleep, 3=performance
    output logic        power_good     // Indicates power rails stable
);

    // State encoding
    typedef enum logic [1:0] {
        ACTIVE      = 2'b00,
        SLEEP       = 2'b01,
        DEEP_SLEEP  = 2'b10,
        PERFORMANCE = 2'b11
    } state_t;

    state_t current_state, next_state;

    // Counters and registers
    logic [2:0]  sleep_cnt;       // Sleep entry counter
    logic [1:0]  vdd_req;         // Requested voltage level
    logic        wake_pending;     // Wake request pending
    logic        clk_switching;    // Clock switching in progress
    logic [1:0]  perf_level;       // Current performance level

    // -----------------------------------------------------------------
    // Block 1: Synchronous State Register (Sequential)
    // -----------------------------------------------------------------
    always_ff @(posedge clk or negedge rst_n) begin
        case (rst_n)
            1'b0: current_state <= ACTIVE;
            1'b1: current_state <= next_state;
            default: current_state <= ACTIVE;
        endcase
    end

    // -----------------------------------------------------------------
    // Block 2: Next State Logic (Combinational)
    // Uses nested case statements for state transitions
    // -----------------------------------------------------------------
    always_comb begin
        next_state = current_state;  // Default to stay in current state

        case (current_state)
            ACTIVE: begin
                case (wake_pending)
                    1'b0: begin
                        case (sleep_timeout)
                            3'b000: next_state = SLEEP;      // Timeout expired
                            default: next_state = ACTIVE;     // No timeout, stay active
                        endcase
                    end
                    1'b1: next_state = ACTIVE;  // Wake pending during active
                endcase

                // Performance mode request override
                case (perf_req)
                    2'b11: next_state = PERFORMANCE;
                    default: ;  // Keep previously computed state
                endcase
            end

            SLEEP: begin
                case ({wake_req, wake_pending})
                    2'b00: begin
                        case (sleep_timeout[2])  // Extended sleep check
                            1'b1: next_state = DEEP_SLEEP;
                            default: next_state = SLEEP;
                        endcase
                    end
                    default: next_state = ACTIVE;  // Wake requested
                endcase
            end

            DEEP_SLEEP: begin
                case (wake_req)
                    1'b1: next_state = ACTIVE;
                    default: next_state = DEEP_SLEEP;
                endcase
            end

            PERFORMANCE: begin
                case (perf_req)
                    2'b00: next_state = ACTIVE;
                    2'b01, 2'b10, 2'b11: next_state = PERFORMANCE;
                    default: next_state = ACTIVE;
                endcase
            end

            default: next_state = ACTIVE;
        endcase
    end

    // -----------------------------------------------------------------
    // Block 3: Output and Control Logic (Combinational)
    // Generates all output signals based on current state and inputs
    // -----------------------------------------------------------------
    always_comb begin
        // Default values to avoid latches
        clk_cpu_en     = 1'b0;
        clk_periph_en  = 1'b0;
        vdd_level      = 2'b00;
        sleep_ack      = 1'b0;
        wake_ack       = 1'b0;
        pmc_status     = 2'b00;
        power_good     = 1'b0;
        vdd_req        = 2'b00;

        case (current_state)
            ACTIVE: begin
                clk_cpu_en    = 1'b1;
                clk_periph_en = 1'b1;
                vdd_req       = 2'b01;  // 1.0V
                pmc_status    = 2'b00;
                sleep_ack     = 1'b0;
                wake_ack      = 1'b0;

                case (ext_status)
                    2'b11: power_good = 1'b1;  // External PMIC ready
                    default: power_good = 1'b0;
                endcase

                // Voltage adjustment based on performance request
                case (perf_req)
                    2'b11: vdd_req = 2'b11;  // 1.35V for ultra
                    2'b10: vdd_req = 2'b10;  // 1.2V for high
                    default: vdd_req = 2'b01; // 1.0V for normal
                endcase
            end

            SLEEP: begin
                clk_cpu_en    = 1'b0;
                clk_periph_en = 1'b1;   // Keep peripherals awake for wake detection
                vdd_req       = 2'b00;  // 0.8V
                pmc_status    = 2'b01;
                sleep_ack     = 1'b1;
                wake_ack      = 1'b0;

                case (ext_status[1])
                    1'b1: power_good = 1'b1;
                    default: power_good = 1'b0;
                endcase
            end

            DEEP_SLEEP: begin
                clk_cpu_en    = 1'b0;
                clk_periph_en = 1'b0;
                vdd_req       = 2'b00;  // 0.8V
                pmc_status    = 2'b10;
                sleep_ack     = 1'b1;
                wake_ack      = 1'b0;
                power_good    = 1'b1;   // Power maintained in deep sleep
            end

            PERFORMANCE: begin
                clk_cpu_en    = 1'b1;
                clk_periph_en = 1'b1;
                pmc_status    = 2'b11;
                sleep_ack     = 1'b0;
                wake_ack      = 1'b0;
                power_good    = 1'b1;

                case (perf_level)
                    2'b11: vdd_req = 2'b11;  // Ultra: 1.35V
                    2'b10: vdd_req = 2'b10;  // High: 1.2V
                    2'b01: vdd_req = 2'b01;  // Medium: 1.0V
                    default: vdd_req = 2'b00; // Low: 0.8V
                endcase
            end

            default: ;
        endcase

        // Final voltage assignment (simulate PMIC settling time)
        case (clk_switching)
            1'b1: vdd_level = vdd_req;  // Apply new voltage after switching
            default: vdd_level = 2'b00;
        endcase
    end

    // -----------------------------------------------------------------
    // Block 4: Auxiliary Sequential Logic (Wake/Performance Management)
    // Handles wake pending and performance level tracking
    // -----------------------------------------------------------------
    always_ff @(posedge clk or negedge rst_n) begin
        // Reset handling using case on rst_n
        case (rst_n)
            1'b0: begin
                wake_pending <= 1'b0;
                clk_switching <= 1'b0;
                perf_level <= 2'b00;
                sleep_cnt <= 3'b000;
            end
            1'b1: begin
                // Wake pending management
                case ({wake_req, wake_ack})
                    2'b10: wake_pending <= 1'b1;
                    2'b01: wake_pending <= 1'b0;
                    default: wake_pending <= wake_pending;
                endcase

                // Clock switching flag
                case (current_state)
                    ACTIVE: begin
                        case (perf_req)
                            2'b11: clk_switching <= 1'b1;
                            default: clk_switching <= 1'b0;
                        endcase
                    end
                    default: clk_switching <= 1'b0;
                endcase

                // Performance level tracking
                case (current_state)
                    PERFORMANCE: begin
                        case (perf_req)
                            2'b00: perf_level <= 2'b00;
                            2'b01: perf_level <= 2'b01;
                            2'b10: perf_level <= 2'b10;
                            2'b11: perf_level <= 2'b11;
                            default: perf_level <= perf_level;
                        endcase
                    end
                    default: perf_level <= 2'b00;
                endcase

                // Sleep counter (increment in sleep states)
                case (current_state)
                    SLEEP: begin
                        case (sleep_cnt)
                            3'b111: sleep_cnt <= 3'b111;
                            default: sleep_cnt <= sleep_cnt + 1'b1;
                        endcase
                    end
                    default: sleep_cnt <= 3'b000;
                endcase
            end
            default: begin
                wake_pending <= 1'b0;
                clk_switching <= 1'b0;
                perf_level <= 2'b00;
                sleep_cnt <= 3'b000;
            end
        endcase
    end

endmodule","module pmc_asserts  (input logic clk, input logic rst_n, input logic wake_req, input logic [1:0] perf_req, input logic [2:0] sleep_timeout, input logic [1:0] ext_status,
input logic clk_cpu_en, input logic clk_periph_en, input logic [1:0] vdd_level, input logic sleep_ack, input logic wake_ack, input logic [1:0] pmc_status, input logic power_good);

    typedef enum logic [1:0] {
        ACTIVE      = 2'b00,
        SLEEP       = 2'b01,
        DEEP_SLEEP  = 2'b10,
        PERFORMANCE = 2'b11
    } state_t;

    state_t current_state, next_state;

        logic [2:0]  sleep_cnt;           logic [1:0]  vdd_req;             logic        wake_pending;         logic        clk_switching;        logic [1:0]  perf_level;

    

    fabpcmopfpcdkejdoecohhbaafaidehh: assert property (@(sleep_timeout, wake_pending) wake_pending == 1'b0 && sleep_timeout == 3'b000 |-> next_state == SLEEP) else $error(""Error in immediate assert fabpcmopfpcdkejdoecohhbaafaidehh"");
acobolkfpbnckobdpokhfblgchobhoaf: assert property (@(wake_pending) wake_pending == 1'b0 |-> next_state == ACTIVE) else $error(""Error in immediate assert acobolkfpbnckobdpokhfblgchobhoaf"");
gmpfecokcfmgkbojakgllookokkanhbi: assert property (@(perf_req) perf_req == 2'b11 |-> next_state == PERFORMANCE) else $error(""Error in immediate assert gmpfecokcfmgkbojakgllookokkanhbi"");
moipbgelflbakcinbpfkpclffgeokdke: assert property (@(perf_req, wake_pending) wake_pending == 1'b1 || perf_req == 2'b01 || perf_req == 2'b10 |-> next_state == ACTIVE) else $error(""Error in immediate assert moipbgelflbakcinbpfkpclffgeokdke"");
fljgefkjaeagkcfkpaijlllnlaeimiao: assert property (@(wake_req, sleep_timeout) wake_req == 1'b0 && sleep_timeout[2] == 1'b1 |-> next_state == DEEP_SLEEP) else $error(""Error in immediate assert fljgefkjaeagkcfkpaijlllnlaeimiao"");
gdlcmoimcnepkgeiaejlgbjeldegjpld: assert property (@(perf_req, wake_req) wake_req == 1'b0 || perf_req == 2'b00 |-> next_state == SLEEP) else $error(""Error in immediate assert gdlcmoimcnepkgeiaejlgbjeldegjpld"");
fipbdpapgabdkiobaklekhfoglpiahhp: assert property (@(wake_req) wake_req == 1'b1 |-> next_state == ACTIVE) else $error(""Error in immediate assert fipbdpapgabdkiobaklekhfoglpiahhp"");
fhgeapmlkpcfknpkpmldohjjcbnelfej: assert property (@(perf_req) perf_req == 2'b00 || perf_req == 2'b01 || perf_req == 2'b10 |-> next_state == ACTIVE) else $error(""Error in immediate assert fhgeapmlkpcfknpkpmldohjjcbnelfej"");

idbefdndgimlkjiaonioichhpbaogoml: assert property (@(ext_status, perf_req, current_state) current_state == ACTIVE && ext_status[1:0] == 2'b11 && perf_req == 2'b11 |-> clk_cpu_en == 1'b1) else $error(""Error in immediate assert idbefdndgimlkjiaonioichhpbaogoml"");
pohcefcgognpknpebloogknhkafnmggl: assert property (@(ext_status, perf_req, current_state) current_state == ACTIVE && ext_status[1:0] == 2'b11 && perf_req == 2'b11 |-> clk_periph_en == 1'b1) else $error(""Error in immediate assert pohcefcgognpknpebloogknhkafnmggl"");
heiemgaihhgkkcappfingnkoehbgpegk: assert property (@(clk_switching) clk_switching == 1'b1 |-> vdd_level == vdd_req) else $error(""Error in immediate assert heiemgaihhgkkcappfingnkoehbgpegk"");
dokhgfbipcefkfkcodahiefphegclfpe: assert property (@(perf_level, current_state) current_state == PERFORMANCE && perf_level[1:0] == 2'b11 |-> pmc_status == 2'b11) else $error(""Error in immediate assert dokhgfbipcefkfkcodahiefphegclfpe"");
jehgfagmgaankpflbgebkapelaipkapk: assert property (@(ext_status) ext_status[1:0] == 2'b11 |-> power_good == 1'b1) else $error(""Error in immediate assert jehgfagmgaankpflbgebkapelaipkapk"");
nncokkplaoaeknbiplbjnlmfodlgidni: assert property (@(perf_level, current_state) current_state == PERFORMANCE && perf_level[1:0] == 2'b11 |-> vdd_req == 2'b11) else $error(""Error in immediate assert nncokkplaoaeknbiplbjnlmfodlgidni"");
dmcmcapkfigiklekojciddhloijloiam: assert property (@(ext_status, current_state) current_state == SLEEP || current_state == DEEP_SLEEP && ext_status[1:0] == 2'b11 |-> clk_cpu_en == 1'b0) else $error(""Error in immediate assert dmcmcapkfigiklekojciddhloijloiam"");
ijiomkgkebdgkabcoagfgcnkdmcgkoem: assert property (@(ext_status, current_state) (current_state == SLEEP || current_state == DEEP_SLEEP) && ext_status[1:0] == 2'b11 |-> clk_periph_en == 1'b1) else $error(""Error in immediate assert ijiomkgkebdgkabcoagfgcnkdmcgkoem"");
fljbicjepnpkkgmdanlddpmpgopdcojp: assert property (@(ext_status, current_state) (current_state == SLEEP || current_state == DEEP_SLEEP) && ext_status[1:0] == 2'b11 |-> vdd_req == 2'b00) else $error(""Error in immediate assert fljbicjepnpkkgmdanlddpmpgopdcojp"");
gadogbepeodgkbnkpacdkefnaknoeici: assert property (@(ext_status, current_state) (current_state == SLEEP || current_state == DEEP_SLEEP) && ext_status[1:0] == 2'b11 |-> pmc_status == 2'b01) else $error(""Error in immediate assert gadogbepeodgkbnkpacdkefnaknoeici"");


    property pbhngemipoehkpkapffkknbagnedhifo;
	@(negedge rst_n) current_state == ACTIVE;
endproperty
assert property (pbhngemipoehkpkapffkknbagnedhifo) else $error(""Error in asynchronous reset pbhngemipoehkpkapffkknbagnedhifo"");

property pdnmajcibnpdkgldocbhmekoeninmeoi;
	@(negedge rst_n) current_state == next_state;
endproperty
assert property (pdnmajcibnpdkgldocbhmekoeninmeoi) else $error(""Error in asynchronous reset pdnmajcibnpdkgldocbhmekoeninmeoi"");

property imbmdegfhhlpkanjoiibdpibbacpjkhl;
    @(posedge clk) disable iff(!rst_n) (wake_req == 1 && wake_ack == 0) |=> (wake_pending == 1);
endproperty
assert property (imbmdegfhhlpkanjoiibdpibbacpjkhl);

property hldpddgkgclkkdelomcifkcdnbhnhflc;
    @(posedge clk) disable iff(!rst_n) (wake_req == 0 && wake_ack == 1) |=> (wake_pending == 0);
endproperty
assert property (hldpddgkgclkkdelomcifkcdnbhnhflc);

property npoabecaabokkhniodnglllkfbnpcjii;
    @(posedge clk) disable iff(!rst_n) (current_state == ACTIVE && perf_req == 11) |=> (clk_switching == 1);
endproperty
assert property (npoabecaabokkhniodnglllkfbnpcjii);

property anohkholbebmkmkmpfpepfjjdpnjacfc;
    @(posedge clk) disable iff(!rst_n) (current_state == PERFORMANCE && perf_req == 00) |=> (perf_level == 00);
endproperty
assert property (anohkholbebmkmkmpfpepfjjdpnjacfc);

property fdkpimijjkbokkaeopefpdccnonhehnj;
    @(posedge clk) disable iff(!rst_n) (current_state == PERFORMANCE && perf_req == 01) |=> (perf_level == 01);
endproperty
assert property (fdkpimijjkbokkaeopefpdccnonhehnj);

property gicclgognmgdknidaflkpopbefknajpl;
    @(posedge clk) disable iff(!rst_n) (current_state == PERFORMANCE && perf_req == 10) |=> (perf_level == 10);
endproperty
assert property (gicclgognmgdknidaflkpopbefknajpl);

property kopidbhenjhfkbodadonfkjfgceakigo;
    @(posedge clk) disable iff(!rst_n) (current_state == PERFORMANCE && perf_req == 11) |=> (perf_level == 11);
endproperty
assert property (kopidbhenjhfkbodadonfkjfgceakigo);

property ilgikkjnfnkfkhdnoancilacbkmjejpp;
    @(posedge clk) disable iff(!rst_n) (current_state == SLEEP && sleep_cnt == 7) |=> (sleep_cnt == 7);
endproperty
assert property (ilgikkjnfnkfkhdnoancilacbkmjejpp);


endmodule",OK,56.46983504295349,4776,2250
"module mealy_door_lock (
    input  logic clk,
    input  logic rst_n,
    input  logic [1:0] code_input,
    input  logic enter_btn,
    output logic unlock,
    output logic error
);

    // State encoding
    typedef enum logic [1:0] {
        IDLE,       // Waiting for first digit
        DIGIT1,     // First digit entered
        DIGIT2      // Second digit entered
    } state_t;

    state_t current_state, next_state;

    // Sequential block: state update
    always_ff @(posedge clk or negedge rst_n) begin
        case (rst_n)
            1'b0: current_state <= IDLE;
            1'b1: current_state <= next_state;
        endcase
    end

    // Combinational block: next state logic
    always_comb begin
        next_state = current_state;

        case (current_state)
            IDLE: begin
                case (enter_btn)
                    1'b1: next_state = DIGIT1;
                endcase
            end

            DIGIT1: begin
                case (enter_btn)
                    1'b1: next_state = DIGIT2;
                endcase
            end

            DIGIT2: begin
                case (enter_btn)
                    1'b1: next_state = IDLE;  // Reset after attempt
                endcase
            end
        endcase
    end

    // Combinational block: Mealy outputs
    always_comb begin
        unlock = 1'b0;
        error = 1'b0;

        case (current_state)
            DIGIT2: begin
                case (enter_btn)
                    1'b1: begin
                        // Correct code is 2'b10 (binary 2)
                        case (code_input == 2'b10)
                            1'b1: unlock = 1'b1;   // Mealy: unlock on correct code
                            1'b0: error = 1'b1;    // Mealy: error on wrong code
                        endcase
                    end
                endcase
            end

            default: begin
                unlock = 1'b0;
                error = 1'b0;
            end
        endcase
    end

endmodule","module mealy_door_lock_asserts  (input logic clk,
input logic rst_n,
input logic [1:0] code_input,
input logic enter_btn,
input logic unlock,
input logic error);

    typedef enum logic [1:0] {
        IDLE,               DIGIT1,             DIGIT2          } state_t;

    state_t current_state, next_state;

    

    ighkakmfomickpimpbppjmfacdnaklke: assert property (@(enter_btn, current_state) (current_state == IDLE && enter_btn) |-> next_state == DIGIT1) else $error(""Error in immediate assert ighkakmfomickpimpbppjmfacdnaklke"");
cgidjdbgkcjpkmgaomdcalhlkaoafnif: assert property (@(enter_btn, current_state) (current_state == DIGIT1 && enter_btn) |-> next_state == DIGIT2) else $error(""Error in immediate assert cgidjdbgkcjpkmgaomdcalhlkaoafnif"");
lmhedajmfnblkfogbmkfgiklkopcnbed: assert property (@(enter_btn, current_state) (current_state == DIGIT2 && enter_btn) |-> next_state == IDLE) else $error(""Error in immediate assert lmhedajmfnblkfogbmkfgiklkopcnbed"");

ljfhjggmppkjkgbpbmaakdmaaclkmpgl: assert property (@(code_input, enter_btn, current_state) current_state == DIGIT2 && enter_btn == 1'b1 && code_input == 2'b10 |-> unlock == 1'b1) else $error(""Error in immediate assert ljfhjggmppkjkgbpbmaakdmaaclkmpgl"");
lgkjhanodgilknnhadlfdmmghbambccj: assert property (@(code_input, enter_btn, current_state) current_state == DIGIT2 && enter_btn == 1'b1 && code_input != 2'b10 |-> error == 1'b1) else $error(""Error in immediate assert lgkjhanodgilknnhadlfdmmghbambccj"");


    property bknadfjdgbkmkgflabbmeajbciobbhlo;
	@(negedge rst_n) current_state == IDLE;
endproperty
assert property (bknadfjdgbkmkgflabbmeajbciobbhlo) else $error(""Error in asynchronous reset bknadfjdgbkmkgflabbmeajbciobbhlo"");

property emhofhpckldmkjbhomkchlmeagdkekdh;
	@(negedge rst_n) current_state == next_state;
endproperty
assert property (emhofhpckldmkjbhomkchlmeagdkekdh) else $error(""Error in asynchronous reset emhofhpckldmkjbhomkchlmeagdkekdh"");

property dfenkhkgcokbkiaoadnpopogphabkpmh;
    @(posedge clk) disable iff(!rst_n) (code_input == 2'd0 && enter_btn == 1'b1 && current_state == IDLE) |=> (next_state == DIGIT1);
endproperty
assert property (dfenkhkgcokbkiaoadnpopogphabkpmh);

property baggeagpnpkbkjneoofeajfabdmpnmpm;
    @(posedge clk) disable iff(!rst_n) (code_input == 2'd1 && enter_btn == 1'b1 && current_state == IDLE) |=> (next_state == DIGIT2);
endproperty
assert property (baggeagpnpkbkjneoofeajfabdmpnmpm);

property jcdefbnbgcgkkfilpokdbpimffmjmcep;
    @(posedge clk) disable iff(!rst_n) (current_state == DIGIT1 || current_state == DIGIT2) |=> (next_state == IDLE);
endproperty
assert property (jcdefbnbgcgkkfilpokdbpimffmjmcep);

property ilpbijmdnegekphgojbbkdnjdpcflmdf;
    @(posedge clk) disable iff(!rst_n) (code_input == 2'd0 && enter_btn == 1'b1 && current_state == IDLE) |=> (unlock == FUNCTION(code_input));
endproperty
assert property (ilpbijmdnegekphgojbbkdnjdpcflmdf);

property bpigdkneebbjkeedapinpbdiclieemoc;
    @(posedge clk) disable iff(!rst_n) (code_input == 2'd1 && enter_btn == 1'b1 && current_state == IDLE) |=> (unlock == FUNCTION(code_input));
endproperty
assert property (bpigdkneebbjkeedapinpbdiclieemoc);

property lekphhkbcnhokjkaajehpbnioinhfbgg;
    @(posedge clk) disable iff(!rst_n) ((code_input != 2'd0 || code_input != 2'd1) && enter_btn == 1'b1 && current_state == IDLE) |=> (error == FUNCTION(code_input));
endproperty
assert property (lekphhkbcnhokjkaajehpbnioinhfbgg);


endmodule",OK,21.26409602165222,1985,878
"module debouncer_mealy (
    input logic clk,
    input logic rst_n,
    input logic noisy_in,
    input logic [15:0] debounce_time,
    output logic debounced_out
);

typedef enum logic [1:0] {STABLE0, COUNT0, STABLE1, COUNT1} state_t;
state_t state, next_state;
logic [15:0] counter, next_counter;

// Sequential logic
always_ff @(posedge clk or negedge rst_n) begin
    case (rst_n)
        1'b0: begin
            state <= STABLE0;
            counter <= 16'b0;
        end
        1'b1: begin
            state <= next_state;
            counter <= next_counter;
        end
    endcase
end

// Combinational logic
always_comb begin
    // Default assignments
    next_state = state;
    next_counter = counter;
    debounced_out = 1'b0;

    // Counter update logic
    case (state == COUNT0 || state == COUNT1)
        1'b1: next_counter = counter + 1;
        1'b0: next_counter = 16'b0;
    endcase

    case (state)
        STABLE0: begin
            debounced_out = 1'b0;
            case (noisy_in)
                1'b1: next_state = COUNT0;
            endcase
        end

        COUNT0: begin
            debounced_out = 1'b0;

            case (!noisy_in)
                1'b1: next_state = STABLE0;  // Glitch, go back
            endcase

            case (counter == (debounce_time - 1))
                1'b1: begin
                    next_state = STABLE1;
                    debounced_out = 1'b1;  // Mealy: output high immediately
                end
            endcase
        end

        STABLE1: begin
            debounced_out = 1'b1;
            case (!noisy_in)
                1'b1: next_state = COUNT1;
            endcase
        end

        COUNT1: begin
            debounced_out = 1'b1;

            case (noisy_in)
                1'b1: next_state = STABLE1;  // Glitch, go back
            endcase

            case (counter == (debounce_time - 1))
                1'b1: begin
                    next_state = STABLE0;
                    debounced_out = 1'b0;  // Mealy: output low immediately
                end
            endcase
        end
    endcase
end

endmodule","module debouncer_mealy_asserts  (input logic clk,
input logic rst_n,
input logic noisy_in,
input logic [15:0] debounce_time,
input logic debounced_out);

    typedef enum logic [1:0] {STABLE0, COUNT0, STABLE1, COUNT1} state_t;
state_t state, next_state;
logic [15:0] counter, next_counter;

    

    jehjhlgacfmekdknoehnbbgamhjpiaec: assert property (@(state) (state == COUNT0 || state == COUNT1) && 1'b1 |-> counter = counter + 1) else $error(""Error in immediate assert jehjhlgacfmekdknoehnbbgamhjpiaec"");
ccnkcapmnmddkjdbaibgcmpjfiffhpbb: assert property (@(state) (state == COUNT0 || state == COUNT1) && 1'b0 |-> counter = 16'b0) else $error(""Error in immediate assert ccnkcapmnmddkjdbaibgcmpjfiffhpbb"");
jplifnldfciekihppbnjndojkhmjjopg: assert property (@(state, noisy_in) (state == STABLE0) && noisy_in == 1'b1 |-> next_state = COUNT0) else $error(""Error in immediate assert jplifnldfciekihppbnjndojkhmjjopg"");
ojefbgdegobpkadepledfbhodpkfnfdo: assert property (@(state, noisy_in) (state == COUNT0) && !noisy_in == 1'b1 |-> next_state = STABLE0) else $error(""Error in immediate assert ojefbgdegobpkadepledfbhodpkfnfdo"");
foldkphpennokeffpfoeobjfghebblnf: assert property (@(state, counter, debounce_time) (state == COUNT0) && counter == debounce_time - 1 |-> next_state = STABLE1) else $error(""Error in immediate assert foldkphpennokeffpfoeobjfghebblnf"");
amccgbljjhbmkahfpldmeinbifoolpkm: assert property (@(state, noisy_in) (state == STABLE1) && !noisy_in == 1'b1 |-> next_state = COUNT1) else $error(""Error in immediate assert amccgbljjhbmkahfpldmeinbifoolpkm"");
ojeikkjgnadhkdfgpgckcppfeefgabph: assert property (@(state, noisy_in) (state == COUNT1) && noisy_in == 1'b1 |-> next_state = STABLE1) else $error(""Error in immediate assert ojeikkjgnadhkdfgpgckcppfeefgabph"");
ijlpkeboaokakbocamneboknkgfgpane: assert property (@(state, counter, debounce_time) (state == COUNT1) && counter == debounce_time - 1 |-> next_state = STABLE0) else $error(""Error in immediate assert ijlpkeboaokakbocamneboknkgfgpane"");
mdkajigkmffnkokepgbilbeclkjpmodf: assert property (@(state) (state == STABLE0 || state == COUNT0) |-> debounced_out == 1'b0) else $error(""Error in immediate assert mdkajigkmffnkokepgbilbeclkjpmodf"");
mndidobkpepfkdfcalfhlbocijdnedgk: assert property (@(state) (state == STABLE1 || state == COUNT1) |-> debounced_out == 1'b1) else $error(""Error in immediate assert mndidobkpepfkdfcalfhlbocijdnedgk"");


    property hghpcimljlpikcikojjgiofmcnejjcnn;
    @(posedge clk) disable iff(!rst_n) (state == STABLE0 && noisy_in == 1'b0) |=> (debounced_out == $past(debounced_out));
endproperty
assert property (hghpcimljlpikcikojjgiofmcnejjcnn);

property dkafboncekljkgbpojppbpegcibaibod;
    @(posedge clk) disable iff(!rst_n) (state == COUNT0 && counter == debounce_time) |=> (debounced_out == 1'b0);
endproperty
assert property (dkafboncekljkgbpojppbpegcibaibod);

property hglgnanfocgbkgnnpfjdengkhglidkap;
    @(posedge clk) disable iff(!rst_n) (state == STABLE1 && noisy_in == 1'b1) |=> (debounced_out == $past(debounced_out));
endproperty
assert property (hglgnanfocgbkgnnpfjdengkhglidkap);

property gbhkgdcohcngkooaocabdmgeghaeoijg;
    @(posedge clk) disable iff(!rst_n) (state == COUNT1 && counter == debounce_time) |=> (debounced_out == 1'b1);
endproperty
assert property (gbhkgdcohcngkooaocabdmgeghaeoijg);

property ahnnhjemhfgkkeicoiooadljomblngka;
    @(posedge clk) disable iff(!rst_n) (state == STABLE0 && noisy_in == 1'b0) |=> (next_state == STABLE0);
endproperty
assert property (ahnnhjemhfgkkeicoiooadljomblngka);

property oihgdafmmpipkojkadgjhmialdjedgpd;
    @(posedge clk) disable iff(!rst_n) (state == COUNT0 && counter < debounce_time) |=> (next_state == COUNT0);
endproperty
assert property (oihgdafmmpipkojkadgjhmialdjedgpd);

property oimpffkbfndhkikfalpfacfeoaiibion;
    @(posedge clk) disable iff(!rst_n) (state == STABLE0 && noisy_in == 1'b1) |=> (next_state == COUNT1);
endproperty
assert property (oimpffkbfndhkikfalpfacfeoaiibion);

property eofmekbhefgokbcjblkpigiodehcckjh;
    @(posedge clk) disable iff(!rst_n) (state == STABLE1 && noisy_in == 1'b1) |=> (next_state == STABLE1);
endproperty
assert property (eofmekbhefgokbcjblkpigiodehcckjh);

property jibegpcjdkegkijkanmbaebmnbfjmbcn;
    @(posedge clk) disable iff(!rst_n) (state == COUNT1 && counter < debounce_time) |=> (next_state == COUNT1);
endproperty
assert property (jibegpcjdkegkijkanmbaebmnbfjmbcn);

property olpjjnkcnedekgakpdhlodacjlacphhp;
    @(posedge clk) disable iff(!rst_n) (state == STABLE1 && noisy_in == 1'b0) |=> (next_state == COUNT0);
endproperty
assert property (olpjjnkcnedekgakpdhlodacjlacphhp);

property jfacgnpnplkikhmjbemafpceflkcfckh;
    @(posedge clk) disable iff(!rst_n) (state == COUNT0 || (next_state == COUNT0 && counter < debounce_time)) |=> (next_counter == counter + 1'b1);
endproperty
assert property (jfacgnpnplkikhmjbemafpceflkcfckh);

property mbmkkiomeelpkcnjpkljpkmcfppabgfe;
    @(posedge clk) disable iff(!rst_n) (state == COUNT1 || (next_state == COUNT1 && counter < debounce_time)) |=> (next_counter == counter + 1'b1);
endproperty
assert property (mbmkkiomeelpkcnjpkljpkmcfppabgfe);

property edpiablkmcmbkofnbmfaonhemmohkklg;
    @(posedge clk) disable iff(!rst_n) (state == STABLE0 || (next_state == STABLE0 && counter >= debounce_time)) |=> (next_counter == 16'b0);
endproperty
assert property (edpiablkmcmbkofnbmfaonhemmohkklg);

property kkimnnajnngnkjeaajlfjcbhpkmanaij;
    @(posedge clk) disable iff(!rst_n) (state == STABLE1 || (next_state == STABLE1 && counter >= debounce_time)) |=> (next_counter == 16'b0);
endproperty
assert property (kkimnnajnngnkjeaajlfjcbhpkmanaij);


endmodule","** Error: (vlog-13069) prueba.sv(13): near ""="": syntax error, unexpected '=', expecting ++ or --.
** Error: (vlog-13069) prueba.sv(14): near ""="": syntax error, unexpected '=', expecting ++ or --.
** Error: (vlog-13069) prueba.sv(15): near ""="": syntax error, unexpected '=', expecting ++ or --.
** Error: (vlog-13069) prueba.sv(16): near ""="": syntax error, unexpected '=', expecting ++ or --.
** Error: (vlog-13069) prueba.sv(17): near ""="": syntax error, unexpected '=', expecting ++ or --.
** Error: (vlog-13069) prueba.sv(18): near ""="": syntax error, unexpected '=', expecting ++ or --.
** Error: (vlog-13069) prueba.sv(19): near ""="": syntax error, unexpected '=', expecting ++ or --.
** Error: (vlog-13069) prueba.sv(20): near ""="": syntax error, unexpected '=', expecting ++ or --.",29.104095220565796,1614,1206
"// AHB-Lite Slave Controller with Burst Support
// Implements: IDLE, SETUP, ACCESS states with burst (SINGLE, INCR, WRAP4)
// No if/else statements - only case statements for all control and data paths
// Total lines: ~140

module ahb_slave_burst_ctrl (
    // Clock and Reset
    input  logic        HCLK,
    input  logic        HRESETn,

    // AHB-Lite Interface
    input  logic        HSEL,           // Slave select
    input  logic [31:0] HADDR,
    input  logic        HWRITE,
    input  logic [ 2:0] HSIZE,
    input  logic [ 2:0] HBURST,
    input  logic [ 1:0] HTRANS,
    input  logic [31:0] HWDATA,
    output logic [31:0] HRDATA,
    output logic        HREADY,         // Slave ready
    output logic [ 1:0] HRESP,          // Response (0=OKAY, 1=ERROR)

    // Internal memory interface (simulated RAM)
    input  logic [31:0] mem_read_data,
    output logic [31:0] mem_write_data,
    output logic [31:0] mem_address,
    output logic        mem_write_en,
    output logic        mem_read_en
);

    // State encoding
    typedef enum logic [1:0] {
        IDLE    = 2'b00,
        SETUP   = 2'b01,
        ACCESS  = 2'b10
    } state_t;

    state_t current_state, next_state;

    // Burst control registers
    logic [31:0] base_addr;
    logic [31:0] current_addr;
    logic [ 2:0] burst_type;
    logic [ 2:0] burst_size;
    logic [ 1:0] burst_count;
    logic [ 1:0] burst_index;
    logic        burst_active;
    logic        last_beat;
    logic        write_pending;

    // Internal signals
    logic [31:0] next_addr_calc;
    logic        addr_align_error;
    logic        hready_next;
    logic [ 1:0] hresp_next;
    logic [31:0] mem_addr_next;
    logic        mem_we_next;
    logic        mem_re_next;
    logic [31:0] mem_wdata_next;

    // -----------------------------------------------------------------
    // Block 1: Sequential State Register (case-only)
    // -----------------------------------------------------------------
    always_ff @(posedge HCLK or negedge HRESETn) begin
        case (HRESETn)
            1'b0: current_state <= IDLE;
            default: current_state <= next_state;
        endcase
    end

    // -----------------------------------------------------------------
    // Block 2: Sequential Burst Control Registers (case-only)
    // -----------------------------------------------------------------
    always_ff @(posedge HCLK or negedge HRESETn) begin
        case (HRESETn)
            1'b0: begin
                base_addr     <= 32'd0;
                current_addr  <= 32'd0;
                burst_type    <= 3'd0;
                burst_size    <= 3'd0;
                burst_count   <= 2'd0;
                burst_index   <= 2'd0;
                burst_active  <= 1'b0;
                last_beat     <= 1'b0;
                write_pending <= 1'b0;
            end
            default: begin
                case (next_state)
                    IDLE: begin
                        case ({HSEL, HTRANS[1]})
                            2'b11: begin
                                base_addr    <= HADDR;
                                current_addr <= HADDR;
                                burst_type   <= HBURST;
                                burst_size   <= HSIZE;
                                burst_index  <= 2'd0;
                                write_pending <= HWRITE;

                                // Calculate burst active and count using nested case
                                case (HBURST)
                                    3'b000: begin
                                        burst_active <= 1'b0;
                                        burst_count <= 2'd0;
                                    end
                                    3'b001, 3'b010, 3'b011: begin
                                        burst_active <= 1'b1;
                                        // Calculate burst count for WRAP4 and INCR4
                                        case (HBURST)
                                            3'b010, 3'b001, 3'b011: burst_count <= 2'd3;
                                            default: burst_count <= 2'd0;
                                        endcase
                                    end
                                    default: begin
                                        burst_active <= 1'b0;
                                        burst_count <= 2'd0;
                                    end
                                endcase
                            end
                            default: begin
                                burst_active <= 1'b0;
                                write_pending <= 1'b0;
                                // Preserve other registers
                                base_addr    <= base_addr;
                                current_addr <= current_addr;
                                burst_type   <= burst_type;
                                burst_size   <= burst_size;
                                burst_count  <= burst_count;
                                burst_index  <= burst_index;
                                last_beat    <= last_beat;
                            end
                        endcase
                    end

                    SETUP: begin
                        case (HREADY)
                            1'b1: begin
                                current_addr <= next_addr_calc;
                                case (burst_active)
                                    1'b1: begin
                                        burst_index <= burst_index + 2'd1;
                                        case (burst_index == burst_count)
                                            1'b1: last_beat <= 1'b1;
                                            default: last_beat <= 1'b0;
                                        endcase
                                    end
                                    default: last_beat <= 1'b1;
                                endcase
                                // Preserve other registers during SETUP
                                base_addr    <= base_addr;
                                burst_type   <= burst_type;
                                burst_size   <= burst_size;
                                burst_count  <= burst_count;
                                burst_active <= burst_active;
                                write_pending <= write_pending;
                            end
                            default: begin
                                // Hold all values when HREADY is low
                                base_addr    <= base_addr;
                                current_addr <= current_addr;
                                burst_type   <= burst_type;
                                burst_size   <= burst_size;
                                burst_count  <= burst_count;
                                burst_index  <= burst_index;
                                burst_active <= burst_active;
                                last_beat    <= last_beat;
                                write_pending <= write_pending;
                            end
                        endcase
                    end

                    ACCESS: begin
                        // Maintain all values during ACCESS
                        base_addr    <= base_addr;
                        current_addr <= current_addr;
                        burst_type   <= burst_type;
                        burst_size   <= burst_size;
                        burst_count  <= burst_count;
                        burst_index  <= burst_index;
                        burst_active <= burst_active;
                        last_beat    <= last_beat;
                        write_pending <= write_pending;
                    end

                    default: begin
                        // Default hold
                        base_addr    <= base_addr;
                        current_addr <= current_addr;
                        burst_type   <= burst_type;
                        burst_size   <= burst_size;
                        burst_count  <= burst_count;
                        burst_index  <= burst_index;
                        burst_active <= burst_active;
                        last_beat    <= last_beat;
                        write_pending <= write_pending;
                    end
                endcase
            end
        endcase
    end

    // -----------------------------------------------------------------
    // Block 3: Combinational Next State Logic (case-only)
    // -----------------------------------------------------------------
    always_comb begin
        next_state = current_state;

        case (current_state)
            IDLE: begin
                case ({HSEL, HTRANS[1]})
                    2'b11: next_state = SETUP;   // Valid non-IDLE transfer
                    default: next_state = IDLE;
                endcase
            end

            SETUP: begin
                case (HREADY)
                    1'b1: next_state = ACCESS;
                    default: next_state = SETUP;
                endcase
            end

            ACCESS: begin
                case ({HREADY, last_beat})
                    2'b11: next_state = IDLE;      // Done with burst
                    2'b10: next_state = SETUP;     // More beats in burst
                    default: next_state = ACCESS;
                endcase
            end
        endcase
    end

    // -----------------------------------------------------------------
    // Block 4: Combinational Output & Address Calculation (case-only)
    // -----------------------------------------------------------------
    always_comb begin
        // Default values
        hready_next     = 1'b1;
        hresp_next      = 2'b00;
        mem_addr_next   = current_addr;
        mem_we_next     = 1'b0;
        mem_re_next     = 1'b0;
        mem_wdata_next  = HWDATA;
        next_addr_calc  = current_addr;
        addr_align_error = 1'b0;

        // Address alignment check based on HSIZE
        case (burst_size)
            3'b000: addr_align_error = |current_addr[1:0];  // Byte
            3'b001: addr_align_error = current_addr[0];     // Halfword
            3'b010: addr_align_error = |current_addr[1:0];  // Word
            default: addr_align_error = 1'b0;
        endcase

        // Next address calculation based on burst type
        case (burst_type)
            3'b000: begin  // SINGLE
                next_addr_calc = current_addr + (32'd1 << burst_size);
            end

            3'b001, 3'b011: begin  // INCR4, INCR (treated as INCR4 for simplicity)
                next_addr_calc = current_addr + (32'd1 << burst_size);
            end

            3'b010: begin  // WRAP4
                case (burst_size)
                    3'b010: begin  // Word wrapping
                        case (burst_index)
                            2'd0: next_addr_calc = {current_addr[31:4], current_addr[3:0] + 4'd4};
                            2'd1: next_addr_calc = {current_addr[31:4], current_addr[3:0] + 4'd8};
                            2'd2: next_addr_calc = {current_addr[31:4], current_addr[3:0] + 4'd12};
                            default: next_addr_calc = {current_addr[31:4], 4'd0};
                        endcase
                    end
                    default: next_addr_calc = current_addr + (32'd1 << burst_size);
                endcase
            end

            default: begin
                next_addr_calc = current_addr;
            end
        endcase

        // Main output control based on state and burst conditions
        case (current_state)
            IDLE: begin
                case ({HSEL, HTRANS[1]})
                    2'b11: begin
                        hready_next = 1'b0;  // Wait state for first access
                        case (HWRITE)
                            1'b1: mem_we_next = 1'b1;
                            1'b0: mem_re_next = 1'b1;
                        endcase
                    end
                    default: begin
                        hready_next = 1'b1;
                    end
                endcase
            end

            SETUP: begin
                case (addr_align_error)
                    1'b1: begin
                        hresp_next = 2'b01;  // ERROR response
                        hready_next = 1'b1;
                    end
                    default: begin
                        case (write_pending)
                            1'b1: mem_we_next = 1'b1;
                            1'b0: mem_re_next = 1'b1;
                        endcase
                        hready_next = 1'b0;  // Stall until memory ready
                    end
                endcase
            end

            ACCESS: begin
                case (HREADY)
                    1'b1: begin
                        hready_next = 1'b1;
                        hresp_next = 2'b00;  // OKAY response
                        // Prepare for next burst beat if needed
                        case (last_beat)
                            1'b0: begin
                                case (write_pending)
                                    1'b1: mem_we_next = 1'b1;
                                    1'b0: mem_re_next = 1'b1;
                                endcase
                            end
                        endcase
                    end
                    default: begin
                        hready_next = 1'b0;
                    end
                endcase
            end
        endcase

        // Error override for misaligned access
        case (addr_align_error)
            1'b1: begin
                case (current_state)
                    SETUP: begin
                        mem_we_next = 1'b0;
                        mem_re_next = 1'b0;
                    end
                endcase
            end
        endcase
    end

    // Connect outputs
    assign HREADY   = hready_next;
    assign HRESP    = hresp_next;
    assign HRDATA   = mem_read_data;
    assign mem_address = mem_addr_next;
    assign mem_write_en = mem_we_next;
    assign mem_read_en  = mem_re_next;
    assign mem_write_data = mem_wdata_next;

endmodule","module ahb_slave_burst_ctrl_asserts  (input logic HCLK,
input logic HRESETn,
input logic HSEL, input logic [31:0] HADDR,
input logic HWRITE,
input logic [ 2:0] HSIZE,
input logic [ 2:0] HBURST,
input logic [ 1:0] HTRANS,
input logic [31:0] HWDATA,
input logic [31:0] HRDATA,
input logic HREADY, input logic [ 1:0] HRESP,
input logic [31:0] mem_read_data,
input logic [31:0] mem_write_data,
input logic [31:0] mem_address,
input logic mem_write_en,
input logic mem_read_en);

    typedef enum logic [1:0] {
        IDLE    = 2'b00,
        SETUP   = 2'b01,
        ACCESS  = 2'b10
    } state_t;

    state_t current_state, next_state;

        logic [31:0] base_addr;
    logic [31:0] current_addr;
    logic [ 2:0] burst_type;
    logic [ 2:0] burst_size;
    logic [ 1:0] burst_count;
    logic [ 1:0] burst_index;
    logic        burst_active;
    logic        last_beat;
    logic        write_pending;

        logic [31:0] next_addr_calc;
    logic        addr_align_error;
    logic        hready_next;
    logic [ 1:0] hresp_next;
    logic [31:0] mem_addr_next;
    logic        mem_we_next;
    logic        mem_re_next;
    logic [31:0] mem_wdata_next;

                

                

                

                

        assign HREADY   = hready_next;
    assign HRESP    = hresp_next;
    assign HRDATA   = mem_read_data;
    assign mem_address = mem_addr_next;
    assign mem_write_en = mem_we_next;
    assign mem_read_en  = mem_re_next;
    assign mem_write_data = mem_wdata_next;

    

    heihpiiacdmpkpcnbgncdpcccfnlmpgo: assert property (@(HREADY, current_state) current_state == IDLE && HREADY |-> next_state == SETUP) else $error(""Error in immediate assert heihpiiacdmpkpcnbgncdpcccfnlmpgo"");
djflpmaiflkeknehokncncekfeecegbh: assert property (@(HREADY, current_state) current_state == SETUP && !HREADY |-> next_state == ACCESS) else $error(""Error in immediate assert djflpmaiflkeknehokncncekfeecegbh"");
gbibnjmaebblkpppoibbhljcahbipaph: assert property (@(HREADY, last_beat, current_state) current_state == ACCESS && HREADY && last_beat |-> next_state == IDLE) else $error(""Error in immediate assert gbibnjmaebblkpppoibbhljcahbipaph"");
ienghkjlpelfkglnaopcmnlgpoboakpi: assert property (@(HREADY, last_beat, current_state) current_state == ACCESS && !HREADY && last_beat |-> next_state == SETUP) else $error(""Error in immediate assert ienghkjlpelfkglnaopcmnlgpoboakpi"");
nfkhpdfkjlgmkmpnbhhgfhdkhaigaemd: assert property (@(HREADY, last_beat, current_state) current_state == ACCESS && HREADY && !last_beat |-> next_state == ACCESS) else $error(""Error in immediate assert nfkhpdfkjlgmkmpnbhhgfhdkhaigaemd"");

lggfkfainomnklpcpdmpmekndjbmpdjb: assert property (@(HTRANS, HSEL) HSEL==1'b1 && HTRANS[1]==1'b1 |-> hready_next == 1'b0) else $error(""Error in immediate assert lggfkfainomnklpcpdmpmekndjbmpdjb"");
cgdbhbhcdlcbkkhgaldbdifcdegepgdd: assert property (@(HWRITE, HTRANS, HSEL) HSEL==1'b1 && HTRANS[1]==1'b1 && HWRITE==1'b1 |-> mem_we_next == 1'b1) else $error(""Error in immediate assert cgdbhbhcdlcbkkhgaldbdifcdegepgdd"");
nflkpfmjcpojkajhphmeodcockgdacdm: assert property (@(current_state, HTRANS, HSEL) (HSEL!=1'b1 || HTRANS[1]!=1'b1) && current_state==IDLE |-> hready_next == 1'b1) else $error(""Error in immediate assert nflkpfmjcpojkajhphmeodcockgdacdm"");
giafeimnjknckcdlalbfkfbcehphckke: assert property (@(addr_align_error, current_state) addr_align_error==1'b1 && current_state==SETUP |-> hresp_next == 2'b01) else $error(""Error in immediate assert giafeimnjknckcdlalbfkfbcehphckke"");
odegbgobokegkefjofknhgbbjjoabhcl: assert property (@(HREADY, addr_align_error, current_state) addr_align_error!=1'b1 && (current_state==SETUP || current_state==ACCESS) && HREADY==1'b1 |-> hready_next == 1'b1) else $error(""Error in immediate assert odegbgobokegkefjofknhgbbjjoabhcl"");
kaockiecdfmikkjfacpgoaemknnndcoo: assert property (@(last_beat, HREADY, write_pending, current_state) write_pending==1'b1 && (current_state==SETUP || current_state==ACCESS) && last_beat!=1'b1 && HREADY==1'b1 |-> mem_we_next == 1'b1) else $error(""Error in immediate assert kaockiecdfmikkjfacpgoaemknnndcoo"");


    property lmdncgabdahbklooapahhhbgdmdfhobl;
	@(negedge HRESETn) current_state == IDLE;
endproperty
assert property (lmdncgabdahbklooapahhhbgdmdfhobl) else $error(""Error in asynchronous reset lmdncgabdahbklooapahhhbgdmdfhobl"");

property fedkbgclghgjklinogmpnfleelkkfmgk;
    @(posedge HCLK) disable iff(!HRESETn) (current_state == IDLE && HSEL && !HWRITE && HBURST == 2'b01 && HSIZE <= 2'b10) |=> (next_state == SETUP);
endproperty
assert property (fedkbgclghgjklinogmpnfleelkkfmgk);

property dhodabmidccbkfpabdbdpfgbpmbpmhbd;
    @(posedge HCLK) disable iff(!HRESETn) (current_state == IDLE && HSEL && HWRITE && HBURST == 2'b01 && HSIZE <= 2'b10) |=> (next_state == ACCESS);
endproperty
assert property (dhodabmidccbkfpabdbdpfgbpmbpmhbd);

property nbiflpaegnefkccloegenfnhpacmficl;
    @(posedge HCLK) disable iff(!HRESETn) (current_state == SETUP || (current_state == ACCESS && !last_beat)) |=> (hready_next == 1'b1);
endproperty
assert property (nbiflpaegnefkccloegenfnhpacmficl);

property hdnecbaiaablkigfapphkkgnipnogand;
    @(posedge HCLK) disable iff(!HRESETn) (current_state == ACCESS && last_beat) |=> (hready_next == next_state_next[t+2] == IDLE);
endproperty
assert property (hdnecbaiaablkigfapphkkgnipnogand);

property fefkpanlfagakdpnppjbpemmhnekimcm;
    @(posedge HCLK) disable iff(!HRESETn) (addr_align_error || (current_state == SETUP && !HREADY)) |=> (hresp_next == 2'b10);
endproperty
assert property (fefkpanlfagakdpnppjbpemmhnekimcm);

property makhlemmnmpmkpjhaiaagnambhfeaohm;
    @(posedge HCLK) disable iff(!HRESETn) (current_state == ACCESS && last_beat) |=> (hresp_next == 2'b00);
endproperty
assert property (makhlemmnmpmkpjhaiaagnambhfeaohm);

property ooojejjkgcnakikaokdjogffinhmdloi;
    @(posedge HCLK) disable iff(!HRESETn) (current_state == SETUP || (current_state == ACCESS && !last_beat)) |=> (mem_addr_next == next_addr_calc);
endproperty
assert property (ooojejjkgcnakikaokdjogffinhmdloi);

property hdjghnoeappkkdnbocnlhafhhjipmepi;
    @(posedge HCLK) disable iff(!HRESETn) (current_state == ACCESS && last_beat) |=> (mem_we_next == HWRITE);
endproperty
assert property (hdjghnoeappkkdnbocnlhafhhjipmepi);

property ennclfilojelkjheaahcoagicioehnmp;
    @(posedge HCLK) disable iff(!HRESETn) (current_state == ACCESS && !last_beat) |=> (mem_re_next == !HWRITE);
endproperty
assert property (ennclfilojelkjheaahcoagicioehnmp);

property jfmnpjaollgpkmnnbmppimcidalgpiek;
    @(posedge HCLK) disable iff(!HRESETn) (current_state == SETUP || (current_state == ACCESS && !last_beat)) |=> (mem_wdata_next == HWDATA);
endproperty
assert property (jfmnpjaollgpkmnnbmppimcidalgpiek);

property hdakeebhlbbnkjhmbedipmildjnnlaod;
	@(negedge HRESETn) base_addr == 32'd0;
endproperty
assert property (hdakeebhlbbnkjhmbedipmildjnnlaod) else $error(""Error in asynchronous reset hdakeebhlbbnkjhmbedipmildjnnlaod"");

property mpgghkamanlkkpcaaeajlcningikmble;
	@(negedge HRESETn) current_addr == 32'd0;
endproperty
assert property (mpgghkamanlkkpcaaeajlcningikmble) else $error(""Error in asynchronous reset mpgghkamanlkkpcaaeajlcningikmble"");

property imdikbmnbhackndjaiiniajdkbleenod;
	@(negedge HRESETn) burst_type == 3'd0;
endproperty
assert property (imdikbmnbhackndjaiiniajdkbleenod) else $error(""Error in asynchronous reset imdikbmnbhackndjaiiniajdkbleenod"");

property ncfapnbnbcmfkbldaoobmjnlgblljmfa;
	@(negedge HRESETn) burst_size == 3'd0;
endproperty
assert property (ncfapnbnbcmfkbldaoobmjnlgblljmfa) else $error(""Error in asynchronous reset ncfapnbnbcmfkbldaoobmjnlgblljmfa"");

property apndbglkddodknmbaafmlapcdbkjmmdj;
	@(negedge HRESETn) burst_count == 2'd0;
endproperty
assert property (apndbglkddodknmbaafmlapcdbkjmmdj) else $error(""Error in asynchronous reset apndbglkddodknmbaafmlapcdbkjmmdj"");

property akglhehealchkckpbpoilcejkbmldnbp;
	@(negedge HRESETn) burst_index == 2'd0;
endproperty
assert property (akglhehealchkckpbpoilcejkbmldnbp) else $error(""Error in asynchronous reset akglhehealchkckpbpoilcejkbmldnbp"");

property pnoddjkkocgfkhhdonhdoipiomkcihdo;
	@(negedge HRESETn) burst_active == 1'b0;
endproperty
assert property (pnoddjkkocgfkhhdonhdoipiomkcihdo) else $error(""Error in asynchronous reset pnoddjkkocgfkhhdonhdoipiomkcihdo"");

property mepbapnaelibklkgbjlgcnibobbphbfm;
	@(negedge HRESETn) last_beat == 1'b0;
endproperty
assert property (mepbapnaelibklkgbjlgcnibobbphbfm) else $error(""Error in asynchronous reset mepbapnaelibklkgbjlgcnibobbphbfm"");

property fmcmddcjkglmkioaappgnlhlkggefdki;
	@(negedge HRESETn) write_pending == 1'b0;
endproperty
assert property (fmcmddcjkglmkioaappgnlhlkggefdki) else $error(""Error in asynchronous reset fmcmddcjkglmkioaappgnlhlkggefdki"");

property pflbbdhddgfkkedipllacjofjbkmenoc;
    @(posedge HCLK) disable iff(!HRESETn) (HSEL == 1'b1 && HTRANS[1] == 1'b1) |=> (base_addr == HADDR);
endproperty
assert property (pflbbdhddgfkkedipllacjofjbkmenoc);

property gmbndhcnjkhiklmfbdjkgpcfemgladld;
    @(posedge HCLK) disable iff(!HRESETn) (HSEL == 1'b1 && HTRANS[1] == 1'b1) |=> (current_addr == HADDR);
endproperty
assert property (gmbndhcnjkhiklmfbdjkgpcfemgladld);

property hfnioenhlpogknjhommldlnnpcfcbioa;
    @(posedge HCLK) disable iff(!HRESETn) (HSEL == 1'b1 && HTRANS[1] == 1'b1) |=> (burst_type == HBURST);
endproperty
assert property (hfnioenhlpogknjhommldlnnpcfcbioa);

property ogbmmnibjfalkmgppdjljhaoahpffchd;
    @(posedge HCLK) disable iff(!HRESETn) (HSEL == 1'b1 && HTRANS[1] == 1'b1) |=> (burst_size == HSIZE);
endproperty
assert property (ogbmmnibjfalkmgppdjljhaoahpffchd);

property acakhbpbhdcpkppholdghlnnapnoeooa;
    @(posedge HCLK) disable iff(!HRESETn) (HSEL == 1'b1 && HTRANS[1] == 1'b1) |=> (burst_index == 2'd0);
endproperty
assert property (acakhbpbhdcpkppholdghlnnapnoeooa);

property eamopecmnbpgkgiiomacigajnmlenebh;
    @(posedge HCLK) disable iff(!HRESETn) (HSEL == 1'b1 && HTRANS[1] == 1'b1) |=> (write_pending == HWRITE);
endproperty
assert property (eamopecmnbpgkgiiomacigajnmlenebh);

property hoogeceimokpkbngakhoglokcmcknlkg;
    @(posedge HCLK) disable iff(!HRESETn) (HSEL == 1'b1 && HTRANS[1] == 1'b1) |=> (burst_active == (case HBURST of 3'b000: 1'b0, default: 1'b1 endcase));
endproperty
assert property (hoogeceimokpkbngakhoglokcmcknlkg);

property hpcaegpmaopbkllophchjjlhdjdmjpee;
    @(posedge HCLK) disable iff(!HRESETn) (HSEL == 1'b1 && HTRANS[1] == 1'b1) |=> (burst_count == (case HBURST of 3'b000, 3'b001, 3'b010, 3'b011: 2'd3, default: 2'd0 endcase));
endproperty
assert property (hpcaegpmaopbkllophchjjlhdjdmjpee);

property ameoimagniniklmhofakedfmebjdlkcm;
    @(posedge HCLK) disable iff(!HRESETn) (HREADY == 1'b1) |=> (current_addr == next_addr_calc);
endproperty
assert property (ameoimagniniklmhofakedfmebjdlkcm);

property hfcnkhcbgjdckhkdadpikjlbffddimej;
    @(posedge HCLK) disable iff(!HRESETn) (HREADY == 1'b1) |=> (last_beat = (case burst_active of 1'b0: 1'b1, default: (case burst_index of (burst_count - 2'd1) == 2'd0: 1'b1, default: 1'b0 endcase) endcase));
endproperty
assert property (hfcnkhcbgjdckhkdadpikjlbffddimej);

property damfhgdkofpmkcjbbnecnihiegdefloe;
    @(posedge HCLK) disable iff(!HRESETn) (HREADY == 1'b1) |=> (base_addr = base_addr);
endproperty
assert property (damfhgdkofpmkcjbbnecnihiegdefloe);

property mflcmbfbfoeikbkgoigmfdnfkbhnmbpj;
    @(posedge HCLK) disable iff(!HRESETn) (HREADY == 1'b1) |=> (burst_type = burst_type);
endproperty
assert property (mflcmbfbfoeikbkgoigmfdnfkbhnmbpj);

property doffddcofldbkdjkpleidbjlaeadhlij;
    @(posedge HCLK) disable iff(!HRESETn) (HREADY == 1'b1) |=> (burst_size = burst_size);
endproperty
assert property (doffddcofldbkdjkpleidbjlaeadhlij);

property decabbfhgagbkmoepejbogbbceenfbcc;
    @(posedge HCLK) disable iff(!HRESETn) (HREADY == 1'b1) |=> (burst_count = burst_count);
endproperty
assert property (decabbfhgagbkmoepejbogbbceenfbcc);

property dlbflidamjcckpcfbgkicigpkgfldanf;
    @(posedge HCLK) disable iff(!HRESETn) (HREADY == 1'b1) |=> (burst_index = (case burst_active of 1'b0: burst_index, default: (burst_index + 2'd1) endcase));
endproperty
assert property (dlbflidamjcckpcfbgkicigpkgfldanf);

property cfimedoflmllkffipmcaaplldiklobhc;
    @(posedge HCLK) disable iff(!HRESETn) (HREADY == 1'b1) |=> (burst_active = (case HBURST of 3'b000: 1'b0, default: 1'b1 endcase));
endproperty
assert property (cfimedoflmllkffipmcaaplldiklobhc);

property mcijfdnbjdlekaheaodhdofldabfaebi;
    @(posedge HCLK) disable iff(!HRESETn) (HREADY == 1'b1) |=> (write_pending = (case HSEL of 1'b0: write_pending, default: HWRITE endcase));
endproperty
assert property (mcijfdnbjdlekaheaodhdofldabfaebi);

property ikojaejnfehckjnbohlenjalkohjnedn;
    @(posedge HCLK) disable iff(!HRESETn) (HREADY == 1'b0) |=> (base_addr = base_addr);
endproperty
assert property (ikojaejnfehckjnbohlenjalkohjnedn);

property nhdjgpffcinakklladfchanellcohmmg;
    @(posedge HCLK) disable iff(!HRESETn) (HREADY == 1'b0) |=> (current_addr = current_addr);
endproperty
assert property (nhdjgpffcinakklladfchanellcohmmg);

property meplolhanncfklinofbfhanbenlajjmc;
    @(posedge HCLK) disable iff(!HRESETn) (HREADY == 1'b0) |=> (burst_type = burst_type);
endproperty
assert property (meplolhanncfklinofbfhanbenlajjmc);

property ikkjeklfbamckfhipldlgmbmjnpijhil;
    @(posedge HCLK) disable iff(!HRESETn) (HREADY == 1'b0) |=> (burst_size = burst_size);
endproperty
assert property (ikkjeklfbamckfhipldlgmbmjnpijhil);

property pcefcdghfkafkajapnamcmbbpgnmjkfc;
    @(posedge HCLK) disable iff(!HRESETn) (HREADY == 1'b0) |=> (burst_count = burst_count);
endproperty
assert property (pcefcdghfkafkajapnamcmbbpgnmjkfc);

property ioahgbfnnehdkbikaikhpffibghknblm;
    @(posedge HCLK) disable iff(!HRESETn) (HREADY == 1'b0) |=> (burst_index = burst_index);
endproperty
assert property (ioahgbfnnehdkbikaikhpffibghknblm);

property oanpdmampkpakgaibjmciigpekilnfbg;
    @(posedge HCLK) disable iff(!HRESETn) (HREADY == 1'b0) |=> (burst_active = burst_active);
endproperty
assert property (oanpdmampkpakgaibjmciigpekilnfbg);

property jiphlkkmblmokdklbagdeikabcpcfimc;
    @(posedge HCLK) disable iff(!HRESETn) (HREADY == 1'b0) |=> (last_beat = last_beat);
endproperty
assert property (jiphlkkmblmokdklbagdeikabcpcfimc);

property mjhehkoolifhkgcfaoollfnhfjiknifp;
    @(posedge HCLK) disable iff(!HRESETn) (HREADY == 1'b0) |=> (write_pending = write_pending);
endproperty
assert property (mjhehkoolifhkgcfaoollfnhfjiknifp);


endmodule","** Error: (vlog-13069) prueba.sv(207): near ""case"": syntax error, unexpected case.
** Error: (vlog-13069) prueba.sv(212): near ""case"": syntax error, unexpected case.
** Error: (vlog-13069) prueba.sv(222): near ""case"": syntax error, unexpected case.
** Error: (vlog-13069) prueba.sv(247): near ""case"": syntax error, unexpected case.
** Error: (vlog-13069) prueba.sv(252): near ""case"": syntax error, unexpected case.
** Error: (vlog-13069) prueba.sv(257): near ""case"": syntax error, unexpected case.",88.47658848762512,6699,3547
"//------------------------------------------------------------------------------
// Multi-Port Memory Arbiter with Write Priority
//
// A memory controller that arbitrates between 4 requesters (0-3) for a
// single memory bank. Features:
// - Write operations have absolute priority over reads
// - Round-robin arbitration among writers, and among readers when no writes
// - Sequential logic for state, combinational logic for grant/selection
// - No if/else statements - only case/casez/case inside
// - No loops
//------------------------------------------------------------------------------

module memory_arbiter (
    input  logic        clk,
    input  logic        rst_n,

    // Requester 0 interface
    input  logic        req0_wr,        // Write request
    input  logic        req0_rd,        // Read request
    input  logic [31:0] req0_addr,
    input  logic [31:0] req0_wdata,
    output logic        grant0_wr,      // Write grant
    output logic        grant0_rd,      // Read grant
    output logic [31:0] resp0_rdata,

    // Requester 1 interface
    input  logic        req1_wr,
    input  logic        req1_rd,
    input  logic [31:0] req1_addr,
    input  logic [31:0] req1_wdata,
    output logic        grant1_wr,
    output logic        grant1_rd,
    output logic [31:0] resp1_rdata,

    // Requester 2 interface
    input  logic        req2_wr,
    input  logic        req2_rd,
    input  logic [31:0] req2_addr,
    input  logic [31:0] req2_wdata,
    output logic        grant2_wr,
    output logic        grant2_rd,
    output logic [31:0] resp2_rdata,

    // Requester 3 interface
    input  logic        req3_wr,
    input  logic        req3_rd,
    input  logic [31:0] req3_addr,
    input  logic [31:0] req3_wdata,
    output logic        grant3_wr,
    output logic        grant3_rd,
    output logic [31:0] resp3_rdata,

    // Memory interface (single-ported)
    output logic        mem_wr_en,
    output logic [31:0] mem_addr,
    output logic [31:0] mem_wdata,
    input  logic [31:0] mem_rdata
);

    //--------------------------------------------------------------------------
    // Internal signals
    //--------------------------------------------------------------------------
    typedef enum logic [3:0] {  // Use 4 bits for 9 states (0-8)
        STATE_IDLE    = 4'b0000,
        STATE_WRITE0  = 4'b0001,
        STATE_WRITE1  = 4'b0010,
        STATE_WRITE2  = 4'b0011,
        STATE_WRITE3  = 4'b0100,
        STATE_READ0   = 4'b0101,
        STATE_READ1   = 4'b0110,
        STATE_READ2   = 4'b0111,
        STATE_READ3   = 4'b1000
    } state_t;

    state_t curr_state, next_state;

    // Arbitration priority tracking
    logic [1:0] last_wr_served;    // Last writer served (for round-robin)
    logic [1:0] last_rd_served;    // Last reader served (for round-robin)

    // Combined request vectors
    logic [3:0] wr_req_vec;         // Write requests from all requesters
    logic [3:0] rd_req_vec;         // Read requests from all requesters

    // Selected requester ID and operation
    logic [1:0] selected_id;
    logic       selected_is_write;

    // Grant signals (combinatorial)
    logic [3:0] grant_wr_vec;
    logic [3:0] grant_rd_vec;
    logic [31:0] rdata_vec [3:0];   // Read data per requester

    //--------------------------------------------------------------------------
    // Block 1: COMBINATIONAL - Build request vectors and priority selection
    // Uses case statements to implement priority encoder with round-robin
    //--------------------------------------------------------------------------
    always_comb begin
        // Build request vectors
        wr_req_vec = {req3_wr, req2_wr, req1_wr, req0_wr};
        rd_req_vec = {req3_rd, req2_rd, req1_rd, req0_rd};

        // Default assignments
        selected_id = 2'b00;
        selected_is_write = 1'b0;

        // Priority arbitration: Write requests have absolute priority
        // Use casez to find highest priority pending write with round-robin
        casez ({wr_req_vec, last_wr_served})
            // Round-robin starting point based on last_wr_served
            6'b???1_00: begin selected_id = 2'b00; selected_is_write = 1'b1; end  // req0_wr
            6'b??1?_01: begin selected_id = 2'b01; selected_is_write = 1'b1; end  // req1_wr
            6'b?1??_10: begin selected_id = 2'b10; selected_is_write = 1'b1; end  // req2_wr
            6'b1???_11: begin selected_id = 2'b11; selected_is_write = 1'b1; end  // req3_wr
            // Wrap-around cases (if starting point has no request)
            6'b???1_11: begin selected_id = 2'b00; selected_is_write = 1'b1; end
            6'b??1?_00: begin selected_id = 2'b01; selected_is_write = 1'b1; end
            6'b?1??_01: begin selected_id = 2'b10; selected_is_write = 1'b1; end
            6'b1???_10: begin selected_id = 2'b11; selected_is_write = 1'b1; end
            default: begin
                // No writes - handle reads with round-robin
                casez ({rd_req_vec, last_rd_served})
                    6'b???1_00: begin selected_id = 2'b00; selected_is_write = 1'b0; end
                    6'b??1?_01: begin selected_id = 2'b01; selected_is_write = 1'b0; end
                    6'b?1??_10: begin selected_id = 2'b10; selected_is_write = 1'b0; end
                    6'b1???_11: begin selected_id = 2'b11; selected_is_write = 1'b0; end
                    6'b???1_11: begin selected_id = 2'b00; selected_is_write = 1'b0; end
                    6'b??1?_00: begin selected_id = 2'b01; selected_is_write = 1'b0; end
                    6'b?1??_01: begin selected_id = 2'b10; selected_is_write = 1'b0; end
                    6'b1???_10: begin selected_id = 2'b11; selected_is_write = 1'b0; end
                    default: begin
                        selected_id = 2'b00;
                        selected_is_write = 1'b0;
                    end
                endcase
            end
        endcase
    end

    //--------------------------------------------------------------------------
    // Block 2: COMBINATIONAL - Generate per-requester grant signals and data
    // Uses case statements to decode selected_id into individual grants
    //--------------------------------------------------------------------------
    always_comb begin
        // Default: all grants deasserted
        grant_wr_vec = 4'b0000;
        grant_rd_vec = 4'b0000;

        // Set read data for each requester based on memory output
        rdata_vec[0] = mem_rdata;
        rdata_vec[1] = mem_rdata;
        rdata_vec[2] = mem_rdata;
        rdata_vec[3] = mem_rdata;

        // Decode selected requester and operation type
        case ({selected_is_write, selected_id})
            {1'b1, 2'b00}: grant_wr_vec[0] = 1'b1;
            {1'b1, 2'b01}: grant_wr_vec[1] = 1'b1;
            {1'b1, 2'b10}: grant_wr_vec[2] = 1'b1;
            {1'b1, 2'b11}: grant_wr_vec[3] = 1'b1;
            {1'b0, 2'b00}: grant_rd_vec[0] = 1'b1;
            {1'b0, 2'b01}: grant_rd_vec[1] = 1'b1;
            {1'b0, 2'b10}: grant_rd_vec[2] = 1'b1;
            {1'b0, 2'b11}: grant_rd_vec[3] = 1'b1;
            default: begin
                grant_wr_vec = 4'b0000;
                grant_rd_vec = 4'b0000;
            end
        endcase

        // Memory control signals based on selected operation
        case (selected_is_write)
            1'b1: begin
                mem_wr_en = 1'b1;
                // Select write data based on requester
                case (selected_id)
                    2'b00: mem_wdata = req0_wdata;
                    2'b01: mem_wdata = req1_wdata;
                    2'b10: mem_wdata = req2_wdata;
                    2'b11: mem_wdata = req3_wdata;
                    default: mem_wdata = 32'b0;
                endcase
                // Select address based on requester
                case (selected_id)
                    2'b00: mem_addr = req0_addr;
                    2'b01: mem_addr = req1_addr;
                    2'b10: mem_addr = req2_addr;
                    2'b11: mem_addr = req3_addr;
                    default: mem_addr = 32'b0;
                endcase
            end
            1'b0: begin
                mem_wr_en = 1'b0;
                mem_wdata = 32'b0;
                // Select address based on requester
                case (selected_id)
                    2'b00: mem_addr = req0_addr;
                    2'b01: mem_addr = req1_addr;
                    2'b10: mem_addr = req2_addr;
                    2'b11: mem_addr = req3_addr;
                    default: mem_addr = 32'b0;
                endcase
            end
            default: begin
                mem_wr_en = 1'b0;
                mem_addr = 32'b0;
                mem_wdata = 32'b0;
            end
        endcase
    end

    //--------------------------------------------------------------------------
    // Block 3: COMBINATIONAL - Next state logic for FSM
    // Uses case statements to determine next state based on current state and
    // the selected operation from the arbitration logic
    //--------------------------------------------------------------------------
    always_comb begin
        next_state = curr_state;

        case (curr_state)
            STATE_IDLE: begin
                case ({selected_is_write, |wr_req_vec, |rd_req_vec})
                    3'b1_1_x: begin  // Write exists
                        case (selected_id)
                            2'b00: next_state = STATE_WRITE0;
                            2'b01: next_state = STATE_WRITE1;
                            2'b10: next_state = STATE_WRITE2;
                            2'b11: next_state = STATE_WRITE3;
                            default: next_state = STATE_IDLE;
                        endcase
                    end
                    3'b0_0_1: begin  // Only reads exist
                        case (selected_id)
                            2'b00: next_state = STATE_READ0;
                            2'b01: next_state = STATE_READ1;
                            2'b10: next_state = STATE_READ2;
                            2'b11: next_state = STATE_READ3;
                            default: next_state = STATE_IDLE;
                        endcase
                    end
                    default: next_state = STATE_IDLE;
                endcase
            end

            STATE_WRITE0: next_state = STATE_IDLE;
            STATE_WRITE1: next_state = STATE_IDLE;
            STATE_WRITE2: next_state = STATE_IDLE;
            STATE_WRITE3: next_state = STATE_IDLE;

            STATE_READ0:  next_state = STATE_IDLE;
            STATE_READ1:  next_state = STATE_IDLE;
            STATE_READ2:  next_state = STATE_IDLE;
            STATE_READ3:  next_state = STATE_IDLE;

            default: next_state = STATE_IDLE;
        endcase
    end

    //--------------------------------------------------------------------------
    // Block 4: SEQUENTIAL - State register and priority tracking
    // Updates FSM state and maintains last-served IDs for round-robin
    //--------------------------------------------------------------------------
    always_ff @(posedge clk or negedge rst_n) begin
        case (rst_n)
            1'b0: begin
                curr_state <= STATE_IDLE;
                last_wr_served <= 2'b00;
                last_rd_served <= 2'b00;
            end
            1'b1: begin
                curr_state <= next_state;

                // Update priority tracking based on completed operation
                case (curr_state)
                    STATE_WRITE0: last_wr_served <= 2'b00;
                    STATE_WRITE1: last_wr_served <= 2'b01;
                    STATE_WRITE2: last_wr_served <= 2'b10;
                    STATE_WRITE3: last_wr_served <= 2'b11;
                    STATE_READ0:  last_rd_served <= 2'b00;
                    STATE_READ1:  last_rd_served <= 2'b01;
                    STATE_READ2:  last_rd_served <= 2'b10;
                    STATE_READ3:  last_rd_served <= 2'b11;
                    default: begin
                        // No change on idle or other states
                        last_wr_served <= last_wr_served;
                        last_rd_served <= last_rd_served;
                    end
                endcase
            end
            default: begin
                curr_state <= STATE_IDLE;
                last_wr_served <= 2'b00;
                last_rd_served <= 2'b00;
            end
        endcase
    end

    //--------------------------------------------------------------------------
    // Output assignments (connect grant vectors to module ports)
    //--------------------------------------------------------------------------
    assign grant0_wr = grant_wr_vec[0];
    assign grant1_wr = grant_wr_vec[1];
    assign grant2_wr = grant_wr_vec[2];
    assign grant3_wr = grant_wr_vec[3];

    assign grant0_rd = grant_rd_vec[0];
    assign grant1_rd = grant_rd_vec[1];
    assign grant2_rd = grant_rd_vec[2];
    assign grant3_rd = grant_rd_vec[3];

    assign resp0_rdata = rdata_vec[0];
    assign resp1_rdata = rdata_vec[1];
    assign resp2_rdata = rdata_vec[2];
    assign resp3_rdata = rdata_vec[3];

endmodule","module memory_arbiter_asserts  (input logic clk,
input logic rst_n,
input logic req0_wr, input logic req0_rd, input logic [31:0] req0_addr,
input logic [31:0] req0_wdata,
input logic grant0_wr, input logic grant0_rd, input logic [31:0] resp0_rdata,
input logic req1_wr,
input logic req1_rd,
input logic [31:0] req1_addr,
input logic [31:0] req1_wdata,
input logic grant1_wr,
input logic grant1_rd,
input logic [31:0] resp1_rdata,
input logic req2_wr,
input logic req2_rd,
input logic [31:0] req2_addr,
input logic [31:0] req2_wdata,
input logic grant2_wr,
input logic grant2_rd,
input logic [31:0] resp2_rdata,
input logic req3_wr,
input logic req3_rd,
input logic [31:0] req3_addr,
input logic [31:0] req3_wdata,
input logic grant3_wr,
input logic grant3_rd,
input logic [31:0] resp3_rdata,
input logic mem_wr_en,
input logic [31:0] mem_addr,
input logic [31:0] mem_wdata,
input logic [31:0] mem_rdata);

    typedef enum logic [3:0] {          STATE_IDLE    = 4'b0000,
        STATE_WRITE0  = 4'b0001,
        STATE_WRITE1  = 4'b0010,
        STATE_WRITE2  = 4'b0011,
        STATE_WRITE3  = 4'b0100,
        STATE_READ0   = 4'b0101,
        STATE_READ1   = 4'b0110,
        STATE_READ2   = 4'b0111,
        STATE_READ3   = 4'b1000
    } state_t;

    state_t curr_state, next_state;

        logic [1:0] last_wr_served;        logic [1:0] last_rd_served;    
        logic [3:0] wr_req_vec;             logic [3:0] rd_req_vec;         
        logic [1:0] selected_id;
    logic       selected_is_write;

        logic [3:0] grant_wr_vec;
    logic [3:0] grant_rd_vec;
    logic [31:0] rdata_vec [3:0];   
                    

                    

                        

                    

                assign grant0_wr = grant_wr_vec[0];
    assign grant1_wr = grant_wr_vec[1];
    assign grant2_wr = grant_wr_vec[2];
    assign grant3_wr = grant_wr_vec[3];

    assign grant0_rd = grant_rd_vec[0];
    assign grant1_rd = grant_rd_vec[1];
    assign grant2_rd = grant_rd_vec[2];
    assign grant3_rd = grant_rd_vec[3];

    assign resp0_rdata = rdata_vec[0];
    assign resp1_rdata = rdata_vec[1];
    assign resp2_rdata = rdata_vec[2];
    assign resp3_rdata = rdata_vec[3];

    

    

ebcpjpjbdgdgklegoanmeiohhmkppoap: assert property (@(selected_id, selected_is_write) selected_is_write == 1'b1 && selected_id == 2'b00 |-> grant0_wr == 1'b1) else $error(""Error in immediate assert ebcpjpjbdgdgklegoanmeiohhmkppoap"");
lkbamnjdbmogkbfappbnelmalknaaani: assert property (@(selected_id, selected_is_write) selected_is_write == 1'b1 && selected_id == 2'b01 |-> grant1_wr == 1'b1) else $error(""Error in immediate assert lkbamnjdbmogkbfappbnelmalknaaani"");
hlkllnbdmlppkppnogpegdigmlkfbneg: assert property (@(selected_id, selected_is_write) selected_is_write == 1'b1 && selected_id == 2'b10 |-> grant2_wr == 1'b1) else $error(""Error in immediate assert hlkllnbdmlppkppnogpegdigmlkfbneg"");
nncghlaapdnfknhppbejpkcjhemhkbbb: assert property (@(selected_id, selected_is_write) selected_is_write == 1'b1 && selected_id == 2'b11 |-> grant3_wr == 1'b1) else $error(""Error in immediate assert nncghlaapdnfknhppbejpkcjhemhkbbb"");
gkfndcahhegfkjhgbkcagpiemcahkkjg: assert property (@(selected_id, selected_is_write) selected_is_write == 1'b0 && selected_id == 2'b00 |-> grant0_rd == 1'b1) else $error(""Error in immediate assert gkfndcahhegfkjhgbkcagpiemcahkkjg"");
dilglmagaoackfjhpcidijbmkgannnni: assert property (@(selected_id, selected_is_write) selected_is_write == 1'b0 && selected_id == 2'b01 |-> grant1_rd == 1'b1) else $error(""Error in immediate assert dilglmagaoackfjhpcidijbmkgannnni"");
klgbilcacehikhecbmohhgcfkehnonoh: assert property (@(selected_id, selected_is_write) selected_is_write == 1'b0 && selected_id == 2'b10 |-> grant2_rd == 1'b1) else $error(""Error in immediate assert klgbilcacehikhecbmohhgcfkehnonoh"");
dkcfialgijhokbejbmniiebejedgilgk: assert property (@(selected_id, selected_is_write) selected_is_write == 1'b0 && selected_id == 2'b11 |-> grant3_rd == 1'b1) else $error(""Error in immediate assert dkcfialgijhokbejbmniiebejedgilgk"");
cjkjhlajgphmkeckahihggbkjbejfidp: assert property (@(selected_is_write) selected_is_write == 1'b1 |-> mem_wr_en == 1'b1) else $error(""Error in immediate assert cjkjhlajgphmkeckahihggbkjbejfidp"");
nbhmemkbbandklbfbmflagdemekjafpd: assert property (@(selected_id, selected_is_write, req0_wdata) selected_is_write == 1'b1 && selected_id == 2'b00 |-> mem_wdata == req0_wdata) else $error(""Error in immediate assert nbhmemkbbandklbfbmflagdemekjafpd"");
jegmaddabmceklggpjpcfbjglnnmciil: assert property (@(selected_id, selected_is_write, req0_addr) selected_is_write == 1'b1 && selected_id == 2'b00 |-> mem_addr == req0_addr) else $error(""Error in immediate assert jegmaddabmceklggpjpcfbjglnnmciil"");




    property fiaehjkhnenokpdopojaffloplighonj;
	@(negedge rst_n) curr_state == STATE_IDLE;
endproperty
assert property (fiaehjkhnenokpdopojaffloplighonj) else $error(""Error in asynchronous reset fiaehjkhnenokpdopojaffloplighonj"");

property imkinldicllekhkdojdcpjeaklobhodl;
	@(negedge rst_n) last_wr_served == 2'b00;
endproperty
assert property (imkinldicllekhkdojdcpjeaklobhodl) else $error(""Error in asynchronous reset imkinldicllekhkdojdcpjeaklobhodl"");

property fihfmpbfmohfknfdomfbdlfpkbdpbnaa;
	@(negedge rst_n) last_rd_served == 2'b00;
endproperty
assert property (fihfmpbfmohfknfdomfbdlfpkbdpbnaa) else $error(""Error in asynchronous reset fihfmpbfmohfknfdomfbdlfpkbdpbnaa"");

property ijobbpanfknfkppapnjfjbhpidnbdblk;
    @(posedge clk) disable iff(!rst_n) (curr_state == STATE_WRITE0) |=> (curr_state == next_state);
endproperty
assert property (ijobbpanfknfkppapnjfjbhpidnbdblk);

property nkkpggopkpbpkmelpnkfhdcikjibknge;
    @(posedge clk) disable iff(!rst_n) (curr_state == STATE_WRITE0) |=> (last_wr_served == 2'b00);
endproperty
assert property (nkkpggopkpbpkmelpnkfhdcikjibknge);

property bbgpfemmngfhkibcbbdfofnbdckpgckm;
    @(posedge clk) disable iff(!rst_n) (curr_state == STATE_WRITE1) |=> (curr_state == next_state);
endproperty
assert property (bbgpfemmngfhkibcbbdfofnbdckpgckm);

property cejikiihadjckkakbnncddgiinonpgok;
    @(posedge clk) disable iff(!rst_n) (curr_state == STATE_WRITE1) |=> (last_wr_served == 2'b01);
endproperty
assert property (cejikiihadjckkakbnncddgiinonpgok);

property dbajcdaldpadkjlcafbfpekmkjhcdejm;
    @(posedge clk) disable iff(!rst_n) (curr_state == STATE_WRITE2) |=> (curr_state == next_state);
endproperty
assert property (dbajcdaldpadkjlcafbfpekmkjhcdejm);

property mnoojfpdlkpckpfiamapeagdfknnncnl;
    @(posedge clk) disable iff(!rst_n) (curr_state == STATE_WRITE2) |=> (last_wr_served == 2'b10);
endproperty
assert property (mnoojfpdlkpckpfiamapeagdfknnncnl);

property dgmpikdlefmpkkbaoegdhffgnjfclihl;
    @(posedge clk) disable iff(!rst_n) (curr_state == STATE_WRITE3) |=> (curr_state == next_state);
endproperty
assert property (dgmpikdlefmpkkbaoegdhffgnjfclihl);

property fnencbplnlfokagoafooahojhlennbjc;
    @(posedge clk) disable iff(!rst_n) (curr_state == STATE_WRITE3) |=> (last_wr_served == 2'b11);
endproperty
assert property (fnencbplnlfokagoafooahojhlennbjc);

property fffcloacdbackmfnppjdhnbjefdfnmff;
    @(posedge clk) disable iff(!rst_n) (curr_state == STATE_READ0) |=> (curr_state == next_state);
endproperty
assert property (fffcloacdbackmfnppjdhnbjefdfnmff);

property ickdppamoiiaklinpbpbidgbjnlbdiob;
    @(posedge clk) disable iff(!rst_n) (curr_state == STATE_READ0) |=> (last_rd_served == 2'b00);
endproperty
assert property (ickdppamoiiaklinpbpbidgbjnlbdiob);

property ilbfmhpljanjkgbcbmfkacjbkamdkapn;
    @(posedge clk) disable iff(!rst_n) (curr_state == STATE_READ1) |=> (curr_state == next_state);
endproperty
assert property (ilbfmhpljanjkgbcbmfkacjbkamdkapn);

property nbnolokelgegklfhafjjdnmmecjkhhee;
    @(posedge clk) disable iff(!rst_n) (curr_state == STATE_READ1) |=> (last_rd_served == 2'b01);
endproperty
assert property (nbnolokelgegklfhafjjdnmmecjkhhee);

property hljhjofdekackklaoolokhgfjfofokom;
    @(posedge clk) disable iff(!rst_n) (curr_state == STATE_READ2) |=> (curr_state == next_state);
endproperty
assert property (hljhjofdekackklaoolokhgfjfofokom);

property alggielmponhknjobhibagigcbjhjola;
    @(posedge clk) disable iff(!rst_n) (curr_state == STATE_READ2) |=> (last_rd_served == 2'b10);
endproperty
assert property (alggielmponhknjobhibagigcbjhjola);

property afcgdlmepfpokfjgocihdkicihgpefni;
    @(posedge clk) disable iff(!rst_n) (curr_state == STATE_READ3) |=> (curr_state == next_state);
endproperty
assert property (afcgdlmepfpokfjgocihdkicihgpefni);

property jdkbahnfelobkociakmgmmcnlijbdmpo;
    @(posedge clk) disable iff(!rst_n) (curr_state == STATE_READ3) |=> (last_rd_served == 2'b11);
endproperty
assert property (jdkbahnfelobkociakmgmmcnlijbdmpo);

property nopofccmmkodkiiioeohfpkdpbibfano;
	@(negedge rst_n) curr_state == next_state;
endproperty
assert property (nopofccmmkodkiiioeohfpkdpbibfano) else $error(""Error in asynchronous reset nopofccmmkodkiiioeohfpkdpbibfano"");

property dklkobikkafckanlaejikahpdjjppeep;
	@(negedge rst_n) last_wr_served == last_wr_served;
endproperty
assert property (dklkobikkafckanlaejikahpdjjppeep) else $error(""Error in asynchronous reset dklkobikkafckanlaejikahpdjjppeep"");

property aejohgfodcblkjifofjbnkmjgijnbfbm;
	@(negedge rst_n) last_rd_served == last_rd_served;
endproperty
assert property (aejohgfodcblkjifofjbnkmjgijnbfbm) else $error(""Error in asynchronous reset aejohgfodcblkjifofjbnkmjgijnbfbm"");


endmodule",OK,77.68100714683533,7851,3103
"module edge_detector_mealy (
    input logic clk,
    input logic rst_n,
    input logic din,
    output logic rising_edge
);

typedef enum logic {IDLE, HIGH} state_t;
state_t state, next_state;

// State register
always_ff @(posedge clk or negedge rst_n) begin
    case (rst_n)
        1'b0: state <= IDLE;
        1'b1: state <= next_state;
    endcase
end

// Next state and output logic (Mealy)
always_comb begin
    next_state = state;
    rising_edge = 1'b0;

    case (state)
        IDLE: begin
            case (din)
                1'b1: begin
                    next_state = HIGH;
                    rising_edge = 1'b1;  // Mealy: output depends on input
                end
            endcase
        end

        HIGH: begin
            case (din)
                1'b0: next_state = IDLE;
            endcase
        end
    endcase
end

endmodule","module edge_detector_mealy_asserts  (input logic clk,
input logic rst_n,
input logic din,
input logic rising_edge);

    typedef enum logic {IDLE, HIGH} state_t;
state_t state, next_state;

    

    ihhhgbjdagckkiobadnlepmlopgjmlpg: assert property (@(state, din) din == 1'b1 && state == IDLE |-> next_state == HIGH) else $error(""Error in immediate assert ihhhgbjdagckkiobadnlepmlopgjmlpg"");
dngpkiajhhojkcecbendcfembbgcgiii: assert property (@(state, din) din == 1'b1 && state == IDLE |-> rising_edge == 1'b1) else $error(""Error in immediate assert dngpkiajhhojkcecbendcfembbgcgiii"");
dlkdddnibbejkgedbopelehfdepbkiae: assert property (@(state, din) din == 1'b0 && state == HIGH |-> next_state == IDLE) else $error(""Error in immediate assert dlkdddnibbejkgedbopelehfdepbkiae"");


    property cmdphfjnhhgikibnanjmagkpmdccmohl;
    @(posedge clk) disable iff(!rst_n) ((state == IDLE) && din) |=> (state == HIGH);
endproperty
assert property (cmdphfjnhhgikibnanjmagkpmdccmohl);

property akihccmldcnkkaggpkbogdiocknfgamg;
    @(posedge clk) disable iff(!rst_n) ((state == HIGH) && !din) |=> (state == IDLE);
endproperty
assert property (akihccmldcnkkaggpkbogdiocknfgamg);

property gkblfomdfhemkipgaelimgcgiahkhmga;
    @(posedge clk) disable iff(!rst_n) ((state == IDLE) && din) |=> (rising_edge == ~$past(rising_edge) && $past(rising_edge) == 0);
endproperty
assert property (gkblfomdfhemkipgaelimgcgiahkhmga);

property aniaablojfpfknaganmgpminelnabajn;
    @(posedge clk) disable iff(!rst_n) ((state == HIGH) && !din && rising_edge==0) |=> (rising_edge == ~$past(rising_edge) && $past(rising_edge) == 1);
endproperty
assert property (aniaablojfpfknaganmgpminelnabajn);


endmodule",OK,9.717037200927734,1199,396
"module axi2apb_bridge (
    input  logic        clk,
    input  logic        rst_n,

    // AXI4-Lite Slave Interface
    input  logic [31:0] s_axi_awaddr,
    input  logic [2:0]  s_axi_awprot,
    input  logic        s_axi_awvalid,
    output logic        s_axi_awready,

    input  logic [31:0] s_axi_wdata,
    input  logic [3:0]  s_axi_wstrb,
    input  logic        s_axi_wvalid,
    output logic        s_axi_wready,

    output logic [1:0]  s_axi_bresp,
    output logic        s_axi_bvalid,
    input  logic        s_axi_bready,

    input  logic [31:0] s_axi_araddr,
    input  logic [2:0]  s_axi_arprot,
    input  logic        s_axi_arvalid,
    output logic        s_axi_arready,

    output logic [31:0] s_axi_rdata,
    output logic [1:0]  s_axi_rresp,
    output logic        s_axi_rvalid,
    input  logic        s_axi_rready,

    // APB Master Interface
    output logic [31:0] m_apb_paddr,
    output logic        m_apb_psel,
    output logic        m_apb_penable,
    output logic        m_apb_pwrite,
    output logic [31:0] m_apb_pwdata,
    input  logic [31:0] m_apb_prdata,
    input  logic        m_apb_pready,
    input  logic        m_apb_pslverr
);

	// State encoding
    typedef enum logic [1:0] {
        IDLE,
        SETUP,
        ACCESS,
        RESPONSE
    } state_t;

    // Signal declarations
    state_t current_state, next_state;
    logic [31:0] addr_reg;
    logic write_reg;
    logic is_write, is_read;
    logic aw_hsk, w_hsk, ar_hsk;

    // Block 1: State Machine Sequential Logic
    always_ff @(posedge clk or negedge rst_n) begin
        case (rst_n)
            1'b0: current_state <= IDLE;
            1'b1: current_state <= next_state;
        endcase
    end

    // Block 2: Address and Control Register
    always_ff @(posedge clk or negedge rst_n) begin
        case (rst_n)
            1'b0: begin
                addr_reg <= 32'b0;
                write_reg <= 1'b0;
            end
            1'b1: begin
                case (current_state)
                    IDLE: begin
                        case ({s_axi_awvalid, s_axi_arvalid})
                            2'b10, 2'b11: begin
                                addr_reg <= s_axi_awaddr;
                                write_reg <= 1'b1;
                            end
                            2'b01: begin
                                addr_reg <= s_axi_araddr;
                                write_reg <= 1'b0;
                            end
                            default: begin
                                addr_reg <= addr_reg;
                                write_reg <= write_reg;
                            end
                        endcase
                    end
                    default: begin
                        addr_reg <= addr_reg;
                        write_reg <= write_reg;
                    end
                endcase
            end
        endcase
    end

    // Block 3: Combinational Logic (All case statements, no assign)
    always_comb begin
        // Default values
        next_state = current_state;
        is_write = 1'b0;
        is_read = 1'b0;
        aw_hsk = 1'b0;
        w_hsk = 1'b0;
        ar_hsk = 1'b0;

        // Calculate handshake signals using case
        case ({s_axi_awvalid, s_axi_awready})
            2'b11: aw_hsk = 1'b1;
            default: aw_hsk = 1'b0;
        endcase

        case ({s_axi_wvalid, s_axi_wready})
            2'b11: w_hsk = 1'b1;
            default: w_hsk = 1'b0;
        endcase

        case ({s_axi_arvalid, s_axi_arready})
            2'b11: ar_hsk = 1'b1;
            default: ar_hsk = 1'b0;
        endcase

        // Calculate is_write and is_read
        case ({s_axi_awvalid, current_state == ACCESS})
            2'b10, 2'b11, 2'b01: is_write = 1'b1;
            default: is_write = 1'b0;
        endcase

        case ({s_axi_arvalid, current_state == ACCESS})
            2'b10, 2'b11, 2'b01: is_read = 1'b1;
            default: is_read = 1'b0;
        endcase

        // State transition logic
        case (current_state)
            IDLE: begin
                case ({s_axi_awvalid, s_axi_arvalid})
                    2'b10, 2'b11: next_state = SETUP;
                    2'b01:        next_state = SETUP;
                    default:      next_state = IDLE;
                endcase
            end

            SETUP: begin
                case (m_apb_pready)
                    1'b1: next_state = ACCESS;
                    default: next_state = SETUP;
                endcase
            end

            ACCESS: begin
                case (m_apb_pready)
                    1'b1: next_state = RESPONSE;
                    default: next_state = ACCESS;
                endcase
            end

            RESPONSE: begin
                case ({is_write && s_axi_bready, is_read && s_axi_rready})
                    2'b10, 2'b11, 2'b01: next_state = IDLE;
                    default: next_state = RESPONSE;
                endcase
            end
        endcase
    end

    // Block 4: APB Control Logic
    always_comb begin
        m_apb_paddr = 32'b0;
        m_apb_psel = 1'b0;
        m_apb_penable = 1'b0;
        m_apb_pwrite = 1'b0;
        m_apb_pwdata = 32'b0;

        case (current_state)
            SETUP, ACCESS: begin
                m_apb_psel = 1'b1;
                m_apb_paddr = addr_reg;
                m_apb_pwrite = write_reg;
                m_apb_pwdata = s_axi_wdata;
                case (current_state)
                    ACCESS: m_apb_penable = 1'b1;
                    default: m_apb_penable = 1'b0;
                endcase
            end
        endcase
    end

    // Block 5: AXI Handshake Logic
    always_comb begin
        s_axi_awready = 1'b0;
        s_axi_wready  = 1'b0;
        s_axi_arready = 1'b0;
        s_axi_bvalid  = 1'b0;
        s_axi_rvalid  = 1'b0;
        s_axi_bresp   = 2'b00;
        s_axi_rresp   = 2'b00;
        s_axi_rdata   = 32'b0;

        case (current_state)
            IDLE: begin
                s_axi_awready = 1'b1;
                s_axi_wready  = 1'b1;
                s_axi_arready = 1'b1;
            end

            RESPONSE: begin
                case (is_write)
                    1'b1: begin
                        s_axi_bvalid = 1'b1;
                        case (m_apb_pslverr)
                            1'b1: s_axi_bresp = 2'b10;
                            default: s_axi_bresp = 2'b00;
                        endcase
                    end
                    1'b0: begin
                        s_axi_rvalid = 1'b1;
                        s_axi_rdata  = m_apb_prdata;
                        case (m_apb_pslverr)
                            1'b1: s_axi_rresp = 2'b10;
                            default: s_axi_rresp = 2'b00;
                        endcase
                    end
                endcase
            end
        endcase
    end

endmodule","module axi2apb_bridge_asserts  (input logic clk,
input logic rst_n,
input logic [31:0] s_axi_awaddr,
input logic [2:0] s_axi_awprot,
input logic s_axi_awvalid,
input logic s_axi_awready,
input logic [31:0] s_axi_wdata,
input logic [3:0] s_axi_wstrb,
input logic s_axi_wvalid,
input logic s_axi_wready,
input logic [1:0] s_axi_bresp,
input logic s_axi_bvalid,
input logic s_axi_bready,
input logic [31:0] s_axi_araddr,
input logic [2:0] s_axi_arprot,
input logic s_axi_arvalid,
input logic s_axi_arready,
input logic [31:0] s_axi_rdata,
input logic [1:0] s_axi_rresp,
input logic s_axi_rvalid,
input logic s_axi_rready,
input logic [31:0] m_apb_paddr,
input logic m_apb_psel,
input logic m_apb_penable,
input logic m_apb_pwrite,
input logic [31:0] m_apb_pwdata,
input logic [31:0] m_apb_prdata,
input logic m_apb_pready,
input logic m_apb_pslverr);

    typedef enum logic [1:0] {
        IDLE,
        SETUP,
        ACCESS,
        RESPONSE
    } state_t;

        state_t current_state, next_state;
    logic [31:0] addr_reg;
    logic write_reg;
    logic is_write, is_read;
    logic aw_hsk, w_hsk, ar_hsk;

    

    picccmaomacdkkgopecgfpbnacdgblak: assert property (@(aw_hsk, s_axi_awvalid, current_state) aw_hsk || (current_state == ACCESS && s_axi_awvalid) |-> is_write == 1'b1) else $error(""Error in immediate assert picccmaomacdkkgopecgfpbnacdgblak"");
lnohhkfhhbfnkkblbljacmbakolflkgg: assert property (@(ar_hsk, s_axi_arvalid, current_state) ar_hsk || (current_state == ACCESS && s_axi_arvalid) |-> is_read == 1'b1) else $error(""Error in immediate assert lnohhkfhhbfnkkblbljacmbakolflkgg"");
mfjngfdlhgcnkhdgpdocfcobhdfmmoka: assert property (@(ar_hsk, s_axi_arvalid, aw_hsk, current_state, s_axi_awvalid) current_state == IDLE && ((s_axi_awvalid && aw_hsk) || (s_axi_arvalid && ar_hsk)) |-> next_state == SETUP) else $error(""Error in immediate assert mfjngfdlhgcnkhdgpdocfcobhdfmmoka"");
ifanaepkocackifdadklfdigbkalgiic: assert property (@(m_apb_pready, current_state) current_state == SETUP && m_apb_pready |-> next_state == ACCESS) else $error(""Error in immediate assert ifanaepkocackifdadklfdigbkalgiic"");
bpjogidlfkbkknlhoolbmmmiepgnkbbn: assert property (@(m_apb_pready, current_state) current_state == ACCESS && m_apb_pready |-> next_state == RESPONSE) else $error(""Error in immediate assert bpjogidlfkbkknlhoolbmmmiepgnkbbn"");
nnllljelgjefkghkagjcpdpdjbnkhcip: assert property (@(is_write, is_read, s_axi_rready, s_axi_bready, current_state) current_state == RESPONSE && ((is_write && s_axi_bready) || (is_read && s_axi_rready)) |-> next_state == IDLE) else $error(""Error in immediate assert nnllljelgjefkghkagjcpdpdjbnkhcip"");

hlldmoafpmpgkhggpchblheljoenckfb: assert property (@(current_state) current_state == SETUP || current_state == ACCESS |-> m_apb_psel == 1'b1) else $error(""Error in immediate assert hlldmoafpmpgkhggpchblheljoenckfb"");
mpffnobhagbjkoagonnehcdkmkgmlabb: assert property (@(s_axi_awvalid, current_state) (current_state == SETUP && s_axi_awvalid) || current_state == ACCESS |-> m_apb_penable == 1'b1) else $error(""Error in immediate assert mpffnobhagbjkoagonnehcdkmkgmlabb"");
omaclmchpbbckiidohmgjlanfbjjekkb: assert property (@(s_axi_awvalid, current_state) current_state == SETUP && s_axi_awvalid |-> m_apb_pwrite == write_reg) else $error(""Error in immediate assert omaclmchpbbckiidohmgjlanfbjjekkb"");
pbhihjjkgcedkdmmaaikafdmkbmcjkph: assert property (@(s_axi_awvalid, current_state, s_axi_wdata) current_state == SETUP && s_axi_awvalid |-> m_apb_pwdata == s_axi_wdata) else $error(""Error in immediate assert pbhihjjkgcedkdmmaaikafdmkbmcjkph"");
ljkdbegmoombkdckplebipcpkgnejnmk: assert property (@(s_axi_awvalid, current_state) current_state == SETUP && s_axi_awvalid |-> m_apb_paddr == addr_reg) else $error(""Error in immediate assert ljkdbegmoombkdckplebipcpkgnejnmk"");

hgmmmhbincinkahjplipkicnalndkdkc: assert property (@(current_state) current_state == IDLE |-> s_axi_awready == 1'b1) else $error(""Error in immediate assert hgmmmhbincinkahjplipkicnalndkdkc"");
ikfobpbikcdmkeneahlcilnpbeglafak: assert property (@(current_state) current_state == IDLE |-> s_axi_wready == 1'b1) else $error(""Error in immediate assert ikfobpbikcdmkeneahlcilnpbeglafak"");
bgkefnhceinakghaonglbmapifdmpdfp: assert property (@(current_state) current_state == IDLE |-> s_axi_arready == 1'b1) else $error(""Error in immediate assert bgkefnhceinakghaonglbmapifdmpdfp"");
lpbbednccnomkhmfpkplhfffaggpconk: assert property (@(is_write, current_state) current_state == RESPONSE && is_write == 1'b1 |-> s_axi_bvalid == 1'b1) else $error(""Error in immediate assert lpbbednccnomkhmfpkplhfffaggpconk"");
efoldlempnkokmfbphdmmlccdcpfalcj: assert property (@(is_write, current_state) current_state == RESPONSE && is_write == 1'b1 |-> case (m_apb_pslverr)) else $error(""Error in immediate assert efoldlempnkokmfbphdmmlccdcpfalcj"");
enfoebhefkdjkphkoepmigohcicepepk: assert property (@(is_write, current_state) current_state == RESPONSE && is_write == 1'b0 |-> s_axi_rvalid == 1'b1) else $error(""Error in immediate assert enfoebhefkdjkphkoepmigohcicepepk"");
hnmkmgajlbkbkcphacigmjbdohblgcml: assert property (@(is_write, current_state, m_apb_prdata) current_state == RESPONSE && is_write == 1'b0 |-> s_axi_rdata = m_apb_prdata) else $error(""Error in immediate assert hnmkmgajlbkbkcphacigmjbdohblgcml"");
mpfjkbdpnjcnklkhomnpdobgidgighoe: assert property (@(is_write, current_state) current_state == RESPONSE && is_write == 1'b0 |-> case (m_apb_pslverr)) else $error(""Error in immediate assert mpfjkbdpnjcnklkhomnpdobgidgighoe"");


    property fbgpiejplfanklieaifepocpdlhnpgne;
    @(posedge clk) disable iff(!rst_n) (current_state == IDLE && (s_axi_awvalid || s_axi_arvalid)) |=> (next_state == SETUP);
endproperty
assert property (fbgpiejplfanklieaifepocpdlhnpgne);

property gbmjanffhbookgpdbgageejepikbmhjk;
    @(posedge clk) disable iff(!rst_n) (current_state == SETUP && aw_hsk && w_hsk && ar_hsk) |=> (next_state == ACCESS);
endproperty
assert property (gbmjanffhbookgpdbgageejepikbmhjk);

property fpekgamkahpekcadagelhibnfdbokhaa;
    @(posedge clk) disable iff(!rst_n) (current_state == ACCESS && s_axi_bready && s_axi_rready && m_apb_pready) |=> (next_state == RESPONSE);
endproperty
assert property (fpekgamkahpekcadagelhibnfdbokhaa);

property kjkcnboiahnjkpjhacgpepegfbfeajdp;
    @(posedge clk) disable iff(!rst_n) (current_state == RESPONSE && (s_axi_awvalid || s_axi_arvalid)) |=> (next_state == SETUP);
endproperty
assert property (kjkcnboiahnjkpjhacgpepegfbfeajdp);

property cdpjibianlllklldpbnmofcngpclidjh;
	@(negedge rst_n) addr_reg == 32'b0;
endproperty
assert property (cdpjibianlllklldpbnmofcngpclidjh) else $error(""Error in asynchronous reset cdpjibianlllklldpbnmofcngpclidjh"");

property dkbpoilpconeknmbbmfjolgifhbadabl;
	@(negedge rst_n) write_reg == 1'b0;
endproperty
assert property (dkbpoilpconeknmbbmfjolgifhbadabl) else $error(""Error in asynchronous reset dkbpoilpconeknmbbmfjolgifhbadabl"");

property pllhaoaoabkmkfeiofhnmgcblkllnnih;
    @(posedge clk) disable iff(!rst_n) ((s_axi_awvalid | s_axi_arvalid)) |=> (addr_reg == {s_axi_awaddr, s_axi_araddr}[31:0]);
endproperty
assert property (pllhaoaoabkmkfeiofhnmgcblkllnnih);

property fogfepnjodkgkbpjpcjocoecgbiehnml;
    @(posedge clk) disable iff(!rst_n) ((s_axi_awvalid | s_axi_arvalid)) |=> (write_reg == {s_axi_awvalid, s_axi_arvalid}[0]);
endproperty
assert property (fogfepnjodkgkbpjpcjocoecgbiehnml);


endmodule","** Error: (vlog-13069) prueba.sv(63): near "")"": syntax error, unexpected ')'.
** Error: (vlog-13069) prueba.sv(65): near ""="": syntax error, unexpected '=', expecting ++ or --.
** Error: (vlog-13069) prueba.sv(66): near "")"": syntax error, unexpected ')'.",55.585689067840576,6398,2276
"module crc32_engine (
    input  logic        clk,
    input  logic        rst_n,
    input  logic        data_valid,
    input  logic [31:0] data_in,
    input  logic        crc_init,
    output logic [31:0] crc_out,
    output logic        crc_valid
);

    // Polynomial: 0x04C11DB7 (Ethernet/PCIe)
    localparam CRC_POLY = 32'h04C11DB7;

    // Block 1: CRC Register (Case-only Sequential)
    logic [31:0] crc_reg;
    logic [31:0] crc_next;

    always_ff @(posedge clk or negedge rst_n) begin
        case (rst_n)
            1'b0: crc_reg <= 32'hFFFFFFFF;
            1'b1: begin
                case ({crc_init, data_valid})
                    2'b10, 2'b11: crc_reg <= 32'hFFFFFFFF;  // Init takes priority
                    2'b01:        crc_reg <= crc_next;
                    default:      crc_reg <= crc_reg;
                endcase
            end
        endcase
    end

    // Block 2: Parallel CRC Computation (Combinational)
    always_comb begin
        logic [31:0] data_xor;
        data_xor = data_in ^ crc_reg;

        // Parallel CRC calculation using case for each bit
        // Bit 0
        case (1'b1)
            1'b1: crc_next[0] = data_xor[31] ^ data_xor[29] ^ data_xor[28] ^ data_xor[26] ^
                                 data_xor[25] ^ data_xor[22] ^ data_xor[21] ^ data_xor[20] ^
                                 data_xor[19] ^ data_xor[18] ^ data_xor[17] ^ data_xor[16] ^
                                 data_xor[14] ^ data_xor[13] ^ data_xor[12] ^ data_xor[11] ^
                                 data_xor[9]  ^ data_xor[8]  ^ data_xor[7]  ^ data_xor[5]  ^
                                 data_xor[4]  ^ data_xor[3]  ^ data_xor[0];
        endcase

        // Bit 1
        case (1'b1)
            1'b1: crc_next[1] = data_xor[30] ^ data_xor[28] ^ data_xor[27] ^ data_xor[25] ^
                                 data_xor[24] ^ data_xor[21] ^ data_xor[20] ^ data_xor[19] ^
                                 data_xor[18] ^ data_xor[17] ^ data_xor[16] ^ data_xor[15] ^
                                 data_xor[13] ^ data_xor[12] ^ data_xor[11] ^ data_xor[10] ^
                                 data_xor[8]  ^ data_xor[7]  ^ data_xor[6]  ^ data_xor[4]  ^
                                 data_xor[3]  ^ data_xor[2]  ^ data_xor[1];
        endcase

        // Bit 31
        case (1'b1)
            1'b1: crc_next[31] = data_xor[28] ^ data_xor[27] ^ data_xor[26] ^ data_xor[25] ^
                                 data_xor[24] ^ data_xor[23] ^ data_xor[22] ^ data_xor[21] ^
                                 data_xor[20] ^ data_xor[19] ^ data_xor[18] ^ data_xor[17] ^
                                 data_xor[16] ^ data_xor[15] ^ data_xor[14] ^ data_xor[13] ^
                                 data_xor[12] ^ data_xor[11] ^ data_xor[10] ^ data_xor[9]  ^
                                 data_xor[8]  ^ data_xor[7]  ^ data_xor[6]  ^ data_xor[5]  ^
                                 data_xor[4]  ^ data_xor[3]  ^ data_xor[2]  ^ data_xor[1];
        endcase
    end

    // Block 3: Output Control (Case-only Combinational)
    always_comb begin
        case (data_valid)
            1'b1: begin
                crc_out = ~crc_reg;
                crc_valid = 1'b1;
            end
            default: begin
                crc_out = 32'b0;
                crc_valid = 1'b0;
            end
        endcase
    end

    // Block 4: Error Detection (Case-only Combinational)
    logic [31:0] expected_crc;
    logic crc_error;

    always_comb begin
        expected_crc = 32'hDEBB20E3;
        case (crc_out != expected_crc && crc_valid)
            1'b1: crc_error = 1'b1;
            default: crc_error = 1'b0;
        endcase
    end

endmodule","module crc32_engine_asserts  (input logic clk,
input logic rst_n,
input logic data_valid,
input logic [31:0] data_in,
input logic crc_init,
input logic [31:0] crc_out,
input logic crc_valid);

    localparam CRC_POLY = 32'h04C11DB7;

        logic [31:0] crc_reg;
    logic [31:0] crc_next;

    

        

        

        logic [31:0] expected_crc;
    logic crc_error;

    

    

lpddlnmjifgkkcifajlfmbkoniaaafpe: assert property (@(crc_error, data_valid) data_valid == 1'b1 && crc_error == 1'b0 |-> crc_next == expected_crc) else $error(""Error in immediate assert lpddlnmjifgkkcifajlfmbkoniaaafpe"");
ohdkhaeihdmekcnkbcedlmnhaieeajlh: assert property (@(crc_error, data_valid) data_valid == 1'b1 && crc_error == 1'b0 |-> crc_out == ~crc_reg) else $error(""Error in immediate assert ohdkhaeihdmekcnkbcedlmnhaieeajlh"");
bgdihcmjpdcpklbdogpplgbobkkonjla: assert property (@(crc_error, data_valid) data_valid == 1'b1 && crc_error == 1'b0 |-> crc_valid == 1'b1) else $error(""Error in immediate assert bgdihcmjpdcpklbdogpplgbobkkonjla"");




    property mjcnhihkebhckgfianojfagncepgglnk;
	@(negedge rst_n) crc_reg == 32'hFFFFFFFF;
endproperty
assert property (mjcnhihkebhckgfianojfagncepgglnk) else $error(""Error in asynchronous reset mjcnhihkebhckgfianojfagncepgglnk"");

property lgabofnacknpkelkpggdgfpnglknlgif;
    @(posedge clk) disable iff(!rst_n) ({crc_init, data_valid} == 2'b10) |=> (crc_reg == 32'hFFFFFFFF);
endproperty
assert property (lgabofnacknpkelkpggdgfpnglknlgif);

property nkfiifbiaepdkomlpehghnkeaciblkgn;
    @(posedge clk) disable iff(!rst_n) ({crc_init, data_valid} == 2'b11) |=> (crc_reg == 32'hFFFFFFFF);
endproperty
assert property (nkfiifbiaepdkomlpehghnkeaciblkgn);

property pbemiegjpgpikbadalfpiieaifojibco;
    @(posedge clk) disable iff(!rst_n) ({crc_init, data_valid} == 2'b00) |=> (crc_reg == $past(crc_reg));
endproperty
assert property (pbemiegjpgpikbadalfpiieaifojibco);


endmodule",OK,41.579827308654785,3537,1714
"// DDR3 Memory Controller Command Scheduler
// Uses ONLY case statements - no if/else, no loops
// Manages command priority, bank state machine, and timing constraints

module ddr3_cmd_scheduler (
    input  logic        clk,
    input  logic        rst_n,

    // Command interface from controller
    input  logic [2:0]  cmd_type,      // 0:ACT, 1:RD, 2:WR, 3:PRE, 4:REF, 5:ZQ
    input  logic [2:0]  bank_addr,
    input  logic [14:0] row_addr,
    input  logic        cmd_valid,
    output logic        cmd_ready,

    // Command output to PHY
    output logic [2:0]  phy_cmd_type,
    output logic [2:0]  phy_bank_addr,
    output logic [14:0] phy_row_addr,
    output logic        phy_cmd_valid,
    input  logic        phy_cmd_accept,

    // Bank status
    input  logic [7:0]  bank_active_row [7:0],  // Current open row per bank
    input  logic [7:0]  bank_state      [7:0],  // 0:idle, 1:active, 2:precharging
    input  logic [7:0]  bank_timer      [7:0]   // Timing constraint counters
);

    //=========================================================================
    // Local parameters
    //=========================================================================
    localparam CMD_ACT = 3'd0;
    localparam CMD_RD  = 3'd1;
    localparam CMD_WR  = 3'd2;
    localparam CMD_PRE = 3'd3;
    localparam CMD_REF = 3'd4;
    localparam CMD_ZQ  = 3'd5;

    localparam BANK_IDLE       = 3'd0;
    localparam BANK_ACTIVE     = 3'd1;
    localparam BANK_PRECHARGING = 3'd2;

    localparam SCHED_IDLE      = 2'd0;
    localparam SCHED_CHECK     = 2'd1;
    localparam SCHED_ISSUE     = 2'd2;
    localparam SCHED_WAIT      = 2'd3;

    //=========================================================================
    // Internal signals
    //=========================================================================
    logic [1:0]  sched_state;
    logic [2:0]  selected_bank;
    logic [2:0]  pending_cmd_type;
    logic [2:0]  pending_bank;
    logic [14:0] pending_row;
    logic        pending_valid;

    logic [2:0]  arbitration_result;
    logic        bank_match;
    logic        row_match;
    logic        bank_ready;
    logic [7:0]  bank_active_row_local;
    logic [7:0]  bank_state_local;
    logic [7:0]  bank_timer_local;

    //=========================================================================
    // Block 1: Combinational - Command Arbitration
    // Selects highest priority command from pending queue
    // Uses case statement for priority encoding
    //=========================================================================
    always_comb begin
        // Default values
        arbitration_result = 3'd0;

        // Priority encoder using nested case statements
        // Priority: REF > ZQ > ACT > PRE > WR > RD
        case (cmd_valid)
            1'b1: begin
                case (cmd_type)
                    CMD_REF: arbitration_result = CMD_REF;
                    CMD_ZQ:  arbitration_result = CMD_ZQ;
                    CMD_ACT: arbitration_result = CMD_ACT;
                    CMD_PRE: arbitration_result = CMD_PRE;
                    CMD_WR:  arbitration_result = CMD_WR;
                    CMD_RD:  arbitration_result = CMD_RD;
                    default: arbitration_result = CMD_RD;
                endcase
            end
            default: arbitration_result = 3'b111;  // No command
        endcase
    end

    //=========================================================================
    // Block 2: Combinational - Bank Status Evaluation
    // Determines if selected bank can accept the command
    // Uses case statements for bank state and timing checks
    //=========================================================================
    always_comb begin
        // Extract bank-specific signals
        case (pending_bank)
            3'd0: begin
                bank_active_row_local = bank_active_row[0];
                bank_state_local = bank_state[0];
                bank_timer_local = bank_timer[0];
            end
            3'd1: begin
                bank_active_row_local = bank_active_row[1];
                bank_state_local = bank_state[1];
                bank_timer_local = bank_timer[1];
            end
            3'd2: begin
                bank_active_row_local = bank_active_row[2];
                bank_state_local = bank_state[2];
                bank_timer_local = bank_timer[2];
            end
            3'd3: begin
                bank_active_row_local = bank_active_row[3];
                bank_state_local = bank_state[3];
                bank_timer_local = bank_timer[3];
            end
            3'd4: begin
                bank_active_row_local = bank_active_row[4];
                bank_state_local = bank_state[4];
                bank_timer_local = bank_timer[4];
            end
            3'd5: begin
                bank_active_row_local = bank_active_row[5];
                bank_state_local = bank_state[5];
                bank_timer_local = bank_timer[5];
            end
            3'd6: begin
                bank_active_row_local = bank_active_row[6];
                bank_state_local = bank_state[6];
                bank_timer_local = bank_timer[6];
            end
            default: begin
                bank_active_row_local = bank_active_row[7];
                bank_state_local = bank_state[7];
                bank_timer_local = bank_timer[7];
            end
        endcase

        // Check if row matches open row
        row_match = (bank_active_row_local == pending_row);

        // Check if bank is ready based on state and timer
        case (bank_state_local)
            BANK_IDLE: begin
                case (pending_cmd_type)
                    CMD_ACT: bank_ready = (bank_timer_local == 8'd0);  // tRRD check
                    CMD_REF: bank_ready = (bank_timer_local == 8'd0);  // tRC check
                    default: bank_ready = 1'b0;  // Can't do RD/WR on idle bank
                endcase
            end
            BANK_ACTIVE: begin
                case (pending_cmd_type)
                    CMD_RD, CMD_WR: begin
                        case (row_match)
                            1'b1: bank_ready = (bank_timer_local == 8'd0);  // tRCD satisfied
                            1'b0: bank_ready = 1'b0;  // Need PRE first
                        endcase
                    end
                    CMD_PRE: bank_ready = (bank_timer_local == 8'd0);  // tRAS satisfied
                    default: bank_ready = 1'b0;
                endcase
            end
            BANK_PRECHARGING: begin
                case (pending_cmd_type)
                    CMD_ACT: bank_ready = (bank_timer_local == 8'd0);  // tRP satisfied
                    default: bank_ready = 1'b0;
                endcase
            end
            default: bank_ready = 1'b0;
        endcase
    end

    //=========================================================================
    // Block 3: Sequential - Command Pending Register
    // Latches incoming command when accepted
    // Uses case for state-based latching
    //=========================================================================
    always_ff @(posedge clk or negedge rst_n) begin
        case (rst_n)
            1'b0: begin
                pending_cmd_type <= 3'd0;
                pending_bank     <= 3'd0;
                pending_row      <= 15'd0;
                pending_valid    <= 1'b0;
                cmd_ready        <= 1'b1;
            end
            1'b1: begin
                case (sched_state)
                    SCHED_IDLE: begin
                        // Accept new command when scheduler idle
                        case (cmd_valid)
                            1'b1: begin
                                pending_cmd_type <= arbitration_result;
                                pending_bank     <= bank_addr;
                                pending_row      <= row_addr;
                                pending_valid    <= 1'b1;
                                cmd_ready        <= 1'b0;
                            end
                            default: begin
                                pending_valid    <= 1'b0;
                                cmd_ready        <= 1'b1;
                                // Preserve existing values for other registers
                                pending_cmd_type <= pending_cmd_type;
                                pending_bank     <= pending_bank;
                                pending_row      <= pending_row;
                            end
                        endcase
                    end
                    SCHED_ISSUE: begin
                        // Command issued, clear pending
                        case (phy_cmd_accept)
                            1'b1: begin
                                pending_valid <= 1'b0;
                                cmd_ready     <= 1'b1;
                                // Preserve existing values for other registers
                                pending_cmd_type <= pending_cmd_type;
                                pending_bank     <= pending_bank;
                                pending_row      <= pending_row;
                            end
                            default: begin
                                pending_valid <= pending_valid;
                                cmd_ready     <= 1'b0;
                                // Preserve existing values for all registers
                                pending_cmd_type <= pending_cmd_type;
                                pending_bank     <= pending_bank;
                                pending_row      <= pending_row;
                            end
                        endcase
                    end
                    default: begin
                        // Keep pending during check/wait states
                        pending_valid <= pending_valid;
                        cmd_ready     <= 1'b0;
                        // Preserve existing values for all registers
                        pending_cmd_type <= pending_cmd_type;
                        pending_bank     <= pending_bank;
                        pending_row      <= pending_row;
                    end
                endcase
            end
        endcase
    end

    //=========================================================================
    // Block 4: Sequential - Scheduler FSM
    // Manages command issuance flow using case statements
    //=========================================================================
    always_ff @(posedge clk or negedge rst_n) begin
        case (rst_n)
            1'b0: begin
                sched_state   <= SCHED_IDLE;
                phy_cmd_type  <= 3'd0;
                phy_bank_addr <= 3'd0;
                phy_row_addr  <= 15'd0;
                phy_cmd_valid <= 1'b0;
            end
            1'b1: begin
                case (sched_state)
                    SCHED_IDLE: begin
                        phy_cmd_valid <= 1'b0;
                        case (pending_valid)
                            1'b1: sched_state <= SCHED_CHECK;
                            default: sched_state <= SCHED_IDLE;
                        endcase
                    end

                    SCHED_CHECK: begin
                        phy_cmd_valid <= 1'b0;
                        // Evaluate if command can be issued based on bank status
                        case (bank_ready)
                            1'b1: sched_state <= SCHED_ISSUE;
                            1'b0: begin
                                // Need to insert auto-precharge if row mismatch
                                case ({pending_cmd_type, bank_state_local, row_match})
                                    {CMD_RD, BANK_ACTIVE, 1'b0},
                                    {CMD_WR, BANK_ACTIVE, 1'b0}: begin
                                        // Auto-generate precharge command
                                        phy_cmd_type  <= CMD_PRE;
                                        phy_bank_addr <= pending_bank;
                                        phy_row_addr  <= 15'd0;
                                        phy_cmd_valid <= 1'b1;
                                        sched_state   <= SCHED_WAIT;
                                    end
                                    default: begin
                                        sched_state <= SCHED_WAIT;
                                    end
                                endcase
                            end
                        endcase
                    end

                    SCHED_ISSUE: begin
                        // Issue the pending command
                        case (pending_valid)
                            1'b1: begin
                                phy_cmd_type  <= pending_cmd_type;
                                phy_bank_addr <= pending_bank;
                                phy_row_addr  <= pending_row;
                                phy_cmd_valid <= 1'b1;

                                case (phy_cmd_accept)
                                    1'b1: sched_state <= SCHED_IDLE;
                                    default: sched_state <= SCHED_ISSUE;
                                endcase
                            end
                            default: begin
                                sched_state <= SCHED_IDLE;
                            end
                        endcase
                    end

                    SCHED_WAIT: begin
                        // Wait for timing constraints
                        case (phy_cmd_accept)
                            1'b1: begin
                                phy_cmd_valid <= 1'b0;
                                sched_state   <= SCHED_IDLE;
                            end
                            default: begin
                                phy_cmd_valid <= phy_cmd_valid;
                                sched_state   <= SCHED_WAIT;
                            end
                        endcase
                    end

                    default: begin
                        sched_state <= SCHED_IDLE;
                    end
                endcase
            end
        endcase
    end

endmodule","module ddr3_cmd_scheduler_asserts  (input logic clk,
input logic rst_n,
input logic [2:0] cmd_type, input logic [2:0] bank_addr,
input logic [14:0] row_addr,
input logic cmd_valid,
input logic cmd_ready,
input logic [2:0] phy_cmd_type,
input logic [2:0] phy_bank_addr,
input logic [14:0] phy_row_addr,
input logic phy_cmd_valid,
input logic phy_cmd_accept,
input logic [7:0] bank_active_row [7:0], input logic [7:0] bank_state [7:0], input logic [7:0] bank_timer [7:0]);

    localparam CMD_ACT = 3'd0;
    localparam CMD_RD  = 3'd1;
    localparam CMD_WR  = 3'd2;
    localparam CMD_PRE = 3'd3;
    localparam CMD_REF = 3'd4;
    localparam CMD_ZQ  = 3'd5;

    localparam BANK_IDLE       = 3'd0;
    localparam BANK_ACTIVE     = 3'd1;
    localparam BANK_PRECHARGING = 3'd2;

    localparam SCHED_IDLE      = 2'd0;
    localparam SCHED_CHECK     = 2'd1;
    localparam SCHED_ISSUE     = 2'd2;
    localparam SCHED_WAIT      = 2'd3;

                logic [1:0]  sched_state;
    logic [2:0]  selected_bank;
    logic [2:0]  pending_cmd_type;
    logic [2:0]  pending_bank;
    logic [14:0] pending_row;
    logic        pending_valid;

    logic [2:0]  arbitration_result;
    logic        bank_match;
    logic        row_match;
    logic        bank_ready;
    logic [7:0]  bank_active_row_local;
    logic [7:0]  bank_state_local;
    logic [7:0]  bank_timer_local;

    

    coclbgeffpggkpmbambjikmbfopnkhmk: assert property (@(pending_valid, pending_bank, bank_addr) pending_valid && (pending_bank == bank_addr) |-> bank_match == 1'b1) else $error(""Error in immediate assert coclbgeffpggkpmbambjikmbfopnkhmk"");
fhgjedmiipebkpippghcmfkhdoolkjmj: assert property (@(pending_row, row_addr, bank_match) bank_match && (pending_row == row_addr) |-> row_match == 1'b1) else $error(""Error in immediate assert fhgjedmiipebkpippghcmfkhdoolkjmj"");




    property cgmmacblfkkjkkdaoeegloepifdcebba;
	@(negedge rst_n) cmd_ready == 1'b1;
endproperty
assert property (cgmmacblfkkjkkdaoeegloepifdcebba) else $error(""Error in asynchronous reset cgmmacblfkkjkkdaoeegloepifdcebba"");

property mbngmfckenaeklogaiajnlekhldhiplp;
	@(negedge rst_n) pending_cmd_type == 3'd0;
endproperty
assert property (mbngmfckenaeklogaiajnlekhldhiplp) else $error(""Error in asynchronous reset mbngmfckenaeklogaiajnlekhldhiplp"");

property mekjhfalgpgkkfnnafliieffaidlnkma;
	@(negedge rst_n) pending_bank == 3'd0;
endproperty
assert property (mekjhfalgpgkkfnnafliieffaidlnkma) else $error(""Error in asynchronous reset mekjhfalgpgkkfnnafliieffaidlnkma"");

property ecpglnfgnodikaolpbdnpelbfeldpheh;
	@(negedge rst_n) pending_row == 15'd0;
endproperty
assert property (ecpglnfgnodikaolpbdnpelbfeldpheh) else $error(""Error in asynchronous reset ecpglnfgnodikaolpbdnpelbfeldpheh"");

property ilboldgdapnokhhooekadohhfijojpnf;
	@(negedge rst_n) pending_valid == 1'b0;
endproperty
assert property (ilboldgdapnokhhooekadohhfijojpnf) else $error(""Error in asynchronous reset ilboldgdapnokhhooekadohhfijojpnf"");

property memjdjjbgankkmhfpjmbkdcdpeddijcf;
    @(posedge clk) disable iff(!rst_n) (sched_state == SCHED_IDLE && cmd_valid == 1'b1) |=> (cmd_ready == 1'b0);
endproperty
assert property (memjdjjbgankkmhfpjmbkdcdpeddijcf);

property dodobekbgpahkdpeafggnmkkbnanmead;
    @(posedge clk) disable iff(!rst_n) (sched_state == SCHED_IDLE && cmd_valid == 1'b1) |=> (pending_cmd_type == arbitration_result);
endproperty
assert property (dodobekbgpahkdpeafggnmkkbnanmead);

property coagpielkjikkcippeinbejgabbokhnf;
    @(posedge clk) disable iff(!rst_n) (sched_state == SCHED_IDLE && cmd_valid == 1'b1) |=> (pending_bank == bank_addr);
endproperty
assert property (coagpielkjikkcippeinbejgabbokhnf);

property biojkmnjbilgkdabpgpegmcicakkkmmp;
    @(posedge clk) disable iff(!rst_n) (sched_state == SCHED_IDLE && cmd_valid == 1'b1) |=> (pending_row == row_addr);
endproperty
assert property (biojkmnjbilgkdabpgpegmcicakkkmmp);

property ddhfjeigepggkeglamiblhpohiboafkb;
    @(posedge clk) disable iff(!rst_n) (sched_state == SCHED_IDLE && cmd_valid == 1'b1) |=> (pending_valid == 1'b1);
endproperty
assert property (ddhfjeigepggkeglamiblhpohiboafkb);

property focohpnbcoplkkaiofiilajpmfapkbig;
    @(posedge clk) disable iff(!rst_n) (sched_state == SCHED_ISSUE && phy_cmd_accept == 1'b1) |=> (cmd_ready == 1'b1);
endproperty
assert property (focohpnbcoplkkaiofiilajpmfapkbig);

property kallghbnffhpklpdbaacoffohibocnnn;
    @(posedge clk) disable iff(!rst_n) (sched_state == SCHED_ISSUE && phy_cmd_accept == 1'b1) |=> (pending_valid == 1'b0);
endproperty
assert property (kallghbnffhpklpdbaacoffohibocnnn);

property hfhfggpoamdfknmialicnpijmbbeniok;
    @(posedge clk) disable iff(!rst_n) (sched_state == SCHED_ISSUE && phy_cmd_accept == 1'b0) |=> (cmd_ready == 1'b0);
endproperty
assert property (hfhfggpoamdfknmialicnpijmbbeniok);

property elhbkbdgamaoklaloijieglnmifndlmc;
    @(posedge clk) disable iff(!rst_n) (sched_state == SCHED_ISSUE && phy_cmd_accept == 1'b0) |=> (pending_valid == pending_valid);
endproperty
assert property (elhbkbdgamaoklaloijieglnmifndlmc);

property mgbamjheibmmkhbdbdiedcekmjbjmbdp;
    @(posedge clk) disable iff(!rst_n) ((sched_state != SCHED_IDLE && sched_state != SCHED_ISSUE)) |=> (cmd_ready == 1'b0);
endproperty
assert property (mgbamjheibmmkhbdbdiedcekmjbjmbdp);

property cfpjcjifhofmkglopgiomjhpgcblmeal;
    @(posedge clk) disable iff(!rst_n) ((sched_state != SCHED_IDLE && sched_state != SCHED_ISSUE)) |=> (pending_valid == pending_valid);
endproperty
assert property (cfpjcjifhofmkglopgiomjhpgcblmeal);

property oepeibabknpckglmagmoknbabpilbpnl;
	@(negedge rst_n) sched_state == SCHED_IDLE;
endproperty
assert property (oepeibabknpckglmagmoknbabpilbpnl) else $error(""Error in asynchronous reset oepeibabknpckglmagmoknbabpilbpnl"");

property eipdeefbjcapkomnpcameajefnghemmj;
	@(negedge rst_n) phy_cmd_type == 3'd0;
endproperty
assert property (eipdeefbjcapkomnpcameajefnghemmj) else $error(""Error in asynchronous reset eipdeefbjcapkomnpcameajefnghemmj"");

property ocehpacpgkpakhffphofolckbijpkojm;
	@(negedge rst_n) phy_bank_addr == 3'd0;
endproperty
assert property (ocehpacpgkpakhffphofolckbijpkojm) else $error(""Error in asynchronous reset ocehpacpgkpakhffphofolckbijpkojm"");

property fejmmiihdmopkelcplfhbpcoehlcfolm;
	@(negedge rst_n) phy_row_addr == 15'd0;
endproperty
assert property (fejmmiihdmopkelcplfhbpcoehlcfolm) else $error(""Error in asynchronous reset fejmmiihdmopkelcplfhbpcoehlcfolm"");

property pejkdbhbfadckemgpemcbaafghjkfoed;
	@(negedge rst_n) phy_cmd_valid == 1'b0;
endproperty
assert property (pejkdbhbfadckemgpemcbaafghjkfoed) else $error(""Error in asynchronous reset pejkdbhbfadckemgpemcbaafghjkfoed"");

property eoagjnkjaffbkogkofeaficggklhgneh;
    @(posedge clk) disable iff(!rst_n) (sched_state == SCHED_IDLE && pending_valid == 1'b1) |=> (sched_state == SCHED_CHECK);
endproperty
assert property (eoagjnkjaffbkogkofeaficggklhgneh);

property baegnmfmnlikkoooablagmdidlkcbeon;
    @(posedge clk) disable iff(!rst_n) (sched_state == SCHED_IDLE && pending_valid == 1'b0) |=> (sched_state == SCHED_IDLE);
endproperty
assert property (baegnmfmnlikkoooablagmdidlkcbeon);

property ddkjlihmacgckbboakocpdgnpglaipkm;
    @(posedge clk) disable iff(!rst_n) (sched_state == SCHED_CHECK) |=> (phy_cmd_valid == 1'b0);
endproperty
assert property (ddkjlihmacgckbboakocpdgnpglaipkm);

property kajfphakdbaekpamboiljjjpbkhjcmgg;
    @(posedge clk) disable iff(!rst_n) (sched_state == SCHED_CHECK && bank_ready == 1'b1) |=> (sched_state == SCHED_ISSUE);
endproperty
assert property (kajfphakdbaekpamboiljjjpbkhjcmgg);

property iilpiicbefchkgompobahbpbddncambh;
    @(posedge clk) disable iff(!rst_n) (sched_state == SCHED_CHECK && bank_ready == 1'b0 && ({{pending_cmd_type, bank_state_local, row_match}} == {CMD_RD, BANK_ACTIVE, 1'b0} || {{pending_cmd_type, bank_state_local, row_match}} == {CMD_WR, BANK_ACTIVE, 1'b0})) |=> (sched_state = SCHED_WAIT);
endproperty
assert property (iilpiicbefchkgompobahbpbddncambh);

property llkgnbglpgfikleaohnmdolhgepnoijc;
    @(posedge clk) disable iff(!rst_n) (sched_state == SCHED_CHECK && bank_ready == 1'b0 && ({{pending_cmd_type, bank_state_local, row_match}} != {CMD_RD, BANK_ACTIVE, 1'b0} || {{pending_cmd_type, bank_state_local, row_match}} != {CMD_WR, BANK_ACTIVE, 1'b0})) |=> (sched_state = SCHED_WAIT);
endproperty
assert property (llkgnbglpgfikleaohnmdolhgepnoijc);

property bebbdnbamffjkimbomdafadlikmlngfb;
    @(posedge clk) disable iff(!rst_n) (pending_valid == 1'b1 && phy_cmd_accept == 1'b1) |=> (phy_cmd_valid = 1'b0);
endproperty
assert property (bebbdnbamffjkimbomdafadlikmlngfb);

property gpnlpiibjekikcddogokondegkjoakol;
    @(posedge clk) disable iff(!rst_n) (pending_valid == 1'b1 && phy_cmd_accept == 1'b1) |=> (sched_state = SCHED_IDLE);
endproperty
assert property (gpnlpiibjekikcddogokondegkjoakol);

property degbddmfakfpkchdadkofenhnlhhefei;
    @(posedge clk) disable iff(!rst_n) (pending_valid == 1'b1 && phy_cmd_accept == 1'b0) |=> (phy_cmd_valid = phy_cmd_valid);
endproperty
assert property (degbddmfakfpkchdadkofenhnlhhefei);

property hmgcbdgcjoackkoippegheecdhghkoom;
    @(posedge clk) disable iff(!rst_n) (pending_valid == 1'b0) |=> (sched_state = SCHED_IDLE);
endproperty
assert property (hmgcbdgcjoackkoippegheecdhghkoom);


endmodule","** Error: prueba.sv(179): Illegal assignment to 'sched_state' in SVA expression.
** Error (suppressible): prueba.sv(181): (vlog-1957) The sva directive is not sensitive to a clock. Unclocked directives are not supported.
** Error: prueba.sv(184): Illegal assignment to 'sched_state' in SVA expression.
** Error (suppressible): prueba.sv(186): (vlog-1957) The sva directive is not sensitive to a clock. Unclocked directives are not supported.
** Error: prueba.sv(189): (vlog-2110) Illegal reference to net ""phy_cmd_valid"".
** Error: prueba.sv(189): Illegal assignment to 'phy_cmd_valid' in SVA expression.
** Error (suppressible): prueba.sv(191): (vlog-1957) The sva directive is not sensitive to a clock. Unclocked directives are not supported.
** Error: prueba.sv(194): Illegal assignment to 'sched_state' in SVA expression.
** Error (suppressible): prueba.sv(196): (vlog-1957) The sva directive is not sensitive to a clock. Unclocked directives are not supported.
** Error: prueba.sv(199): (vlog-2110) Illegal reference to net ""phy_cmd_valid"".
** Error: prueba.sv(199): Illegal assignment to 'phy_cmd_valid' in SVA expression.
** Error (suppressible): prueba.sv(201): (vlog-1957) The sva directive is not sensitive to a clock. Unclocked directives are not supported.
** Error: prueba.sv(204): Illegal assignment to 'sched_state' in SVA expression.
** Error (suppressible): prueba.sv(206): (vlog-1957) The sva directive is not sensitive to a clock. Unclocked directives are not supported.",76.45241785049438,6439,3092
"module ethernet_packet_parser (
    input  logic        clk,
    input  logic        rst_n,

    // Input data stream
    input  logic        data_valid,
    input  logic [63:0] data_in,      // 64-bit wide data (8 bytes per cycle)
    input  logic        data_start,    // SOP (Start of Packet)
    input  logic        data_end,      // EOP (End of Packet)

    // Output parsed fields
    output logic [47:0] dest_mac,
    output logic [47:0] src_mac,
    output logic [15:0] ethertype,
    output logic [31:0] ipv4_src,
    output logic [31:0] ipv4_dst,
    output logic [15:0] tcp_src_port,
    output logic [15:0] tcp_dst_port,
    output logic [7:0]  ip_protocol,
    output logic        packet_valid,

    // Control outputs
    output logic        ipv4_detected,
    output logic        tcp_detected,
    output logic        udp_detected,
    output logic        vlan_detected,
    output logic        parsing_error
);

    // Block 1: Packet State Machine (Sequential)
    typedef enum logic [2:0] {
        WAIT_SOP   = 3'b000,
        MAC_DEST   = 3'b001,
        MAC_SRC    = 3'b010,
        VLAN_TAG   = 3'b011,
        ETHERTYPE  = 3'b100,
        IP_HEADER  = 3'b101,
        L4_HEADER  = 3'b110,
        PAYLOAD    = 3'b111
    } parse_state_t;

    parse_state_t current_state, next_state;
    logic [4:0] byte_offset;           // Byte position within current 64-bit word (0-7, but 5 bits to avoid overflow)
    logic [5:0] header_byte_count;     // Count of bytes processed in current header (up to 40 bytes for IP header)
    logic [47:0] temp_dest_mac;
    logic [47:0] temp_src_mac;
    logic [15:0] temp_ethertype;
    logic [31:0] temp_ipv4_src;
    logic [31:0] temp_ipv4_dst;
    logic [7:0]  temp_ip_protocol;
    logic [15:0] temp_tcp_src;
    logic [15:0] temp_tcp_dst;
    logic        has_vlan;

    always_ff @(posedge clk or negedge rst_n) begin
        case (rst_n)
            1'b0: current_state <= WAIT_SOP;
            1'b1: current_state <= next_state;
        endcase
    end

    // Block 2: Byte Position and Counters (Sequential)
    always_ff @(posedge clk or negedge rst_n) begin
        case (rst_n)
            1'b0: begin
                byte_offset <= 5'b0;
                header_byte_count <= 6'b0;
            end
            1'b1: begin
                case (current_state)
                    WAIT_SOP: begin
                        case (data_start)
                            1'b1: begin
                                byte_offset <= 5'b0;
                                header_byte_count <= 6'b0;
                            end
                            default: begin
                                byte_offset <= byte_offset;
                                header_byte_count <= header_byte_count;
                            end
                        endcase
                    end

                    MAC_DEST, MAC_SRC, VLAN_TAG, ETHERTYPE, IP_HEADER, L4_HEADER: begin
                        case (data_valid)
                            1'b1: begin
                                byte_offset <= byte_offset + 5'd8;
                                header_byte_count <= header_byte_count + 6'd8;
                            end
                            default: begin
                                byte_offset <= byte_offset;
                                header_byte_count <= header_byte_count;
                            end
                        endcase
                    end

                    default: begin
                        byte_offset <= byte_offset;
                        header_byte_count <= header_byte_count;
                    end
                endcase
            end
        endcase
    end

    // Block 3: State Transition Logic (Case-only Combinational)
    always_comb begin
        next_state = current_state;

        case (current_state)
            WAIT_SOP: begin
                case (data_start)
                    1'b1: next_state = MAC_DEST;
                    default: next_state = WAIT_SOP;
                endcase
            end

            MAC_DEST: begin
                case ({data_valid, (header_byte_count >= 6'd6)})
                    2'b11: next_state = MAC_SRC;
                    default: next_state = MAC_DEST;
                endcase
            end

            MAC_SRC: begin
                case ({data_valid, (header_byte_count >= 6'd12)})
                    2'b11: next_state = ETHERTYPE;
                    default: next_state = MAC_SRC;
                endcase
            end

            ETHERTYPE: begin
                case (data_valid)
                    1'b1: begin
                        case (temp_ethertype)
                            16'h8100: next_state = VLAN_TAG;  // VLAN tag detected
                            default: next_state = IP_HEADER;
                        endcase
                    end
                    default: next_state = ETHERTYPE;
                endcase
            end

            VLAN_TAG: begin
                case ({data_valid, (header_byte_count >= 6'd4)})
                    2'b11: next_state = ETHERTYPE;
                    default: next_state = VLAN_TAG;
                endcase
            end

            IP_HEADER: begin
                case ({data_valid, (header_byte_count >= 6'd20)})
                    2'b11: next_state = L4_HEADER;
                    default: next_state = IP_HEADER;
                endcase
            end

            L4_HEADER: begin
                case (data_valid)
                    1'b1: begin
                        case ({temp_ip_protocol, (header_byte_count >= 6'd4)})
                            {8'd6, 1'b1}: next_state = PAYLOAD;  // TCP
                            {8'd17, 1'b1}: next_state = PAYLOAD;  // UDP
                            default: next_state = L4_HEADER;
                        endcase
                    end
                    default: next_state = L4_HEADER;
                endcase
            end

            PAYLOAD: begin
                case (data_end)
                    1'b1: next_state = WAIT_SOP;
                    default: next_state = PAYLOAD;
                endcase
            end

            default: begin
                case (data_end)
                    1'b1: next_state = WAIT_SOP;
                    default: next_state = current_state;
                endcase
            end
        endcase
    end

    // Block 4: MAC Address Extraction (Combinational with Byte Alignment)
    always_comb begin
        temp_dest_mac = dest_mac;
        temp_src_mac = src_mac;

        case (current_state)
            MAC_DEST: begin
                case (byte_offset[2:0])  // Extract based on byte alignment (lower 3 bits only)
                    3'b000: begin
                        temp_dest_mac[47:40] = data_in[63:56];
                        temp_dest_mac[39:32] = data_in[55:48];
                        temp_dest_mac[31:24] = data_in[47:40];
                        temp_dest_mac[23:16] = data_in[39:32];
                        temp_dest_mac[15:8]  = data_in[31:24];
                        temp_dest_mac[7:0]   = data_in[23:16];
                    end
                    3'b001: begin
                        temp_dest_mac[47:40] = data_in[55:48];
                        temp_dest_mac[39:32] = data_in[47:40];
                        temp_dest_mac[31:24] = data_in[39:32];
                        temp_dest_mac[23:16] = data_in[31:24];
                        temp_dest_mac[15:8]  = data_in[23:16];
                        temp_dest_mac[7:0]   = data_in[15:8];
                    end
                    default: temp_dest_mac = temp_dest_mac;
                endcase
            end

            MAC_SRC: begin
                case (byte_offset[2:0])
                    3'b000: begin
                        temp_src_mac[47:40] = data_in[63:56];
                        temp_src_mac[39:32] = data_in[55:48];
                        temp_src_mac[31:24] = data_in[47:40];
                        temp_src_mac[23:16] = data_in[39:32];
                        temp_src_mac[15:8]  = data_in[31:24];
                        temp_src_mac[7:0]   = data_in[23:16];
                    end
                    3'b001: begin
                        temp_src_mac[47:40] = data_in[55:48];
                        temp_src_mac[39:32] = data_in[47:40];
                        temp_src_mac[31:24] = data_in[39:32];
                        temp_src_mac[23:16] = data_in[31:24];
                        temp_src_mac[15:8]  = data_in[23:16];
                        temp_src_mac[7:0]   = data_in[15:8];
                    end
                    default: temp_src_mac = temp_src_mac;
                endcase
            end

            default: begin
                temp_dest_mac = temp_dest_mac;
                temp_src_mac = temp_src_mac;
            end
        endcase
    end

    // Block 5: Ethertype and VLAN Detection (Sequential Register)
    always_ff @(posedge clk or negedge rst_n) begin
        case (rst_n)
            1'b0: begin
                temp_ethertype <= 16'b0;
                has_vlan <= 1'b0;
                vlan_detected <= 1'b0;
            end
            1'b1: begin
                case (current_state)
                    ETHERTYPE: begin
                        case (data_valid)
                            1'b1: begin
                                case (byte_offset[2:0])
                                    3'b000: begin
                                        temp_ethertype[15:8] <= data_in[63:56];
                                        temp_ethertype[7:0]  <= data_in[55:48];
                                    end
                                    3'b001: begin
                                        temp_ethertype[15:8] <= data_in[55:48];
                                        temp_ethertype[7:0]  <= data_in[47:40];
                                    end
                                    default: temp_ethertype <= temp_ethertype;
                                endcase
                            end
                            default: temp_ethertype <= temp_ethertype;
                        endcase

                        case (temp_ethertype)
                            16'h8100: begin
                                has_vlan <= 1'b1;
                                vlan_detected <= 1'b1;
                            end
                            default: begin
                                has_vlan <= has_vlan;
                                vlan_detected <= vlan_detected;
                            end
                        endcase
                    end

                    default: begin
                        temp_ethertype <= temp_ethertype;
                        has_vlan <= has_vlan;
                        vlan_detected <= vlan_detected;
                    end
                endcase
            end
        endcase
    end

    // Block 6: IPv4 Header Extraction (Sequential with Byte Selection)
    always_ff @(posedge clk or negedge rst_n) begin
        case (rst_n)
            1'b0: begin
                temp_ipv4_src <= 32'b0;
                temp_ipv4_dst <= 32'b0;
                temp_ip_protocol <= 8'b0;
                ipv4_detected <= 1'b0;
            end
            1'b1: begin
                case (current_state)
                    IP_HEADER: begin
                        case (header_byte_count)
                            6'd8: begin  // Protocol field at offset 9
                                case (byte_offset[2:0])
                                    3'b000: temp_ip_protocol <= data_in[55:48];
                                    3'b001: temp_ip_protocol <= data_in[47:40];
                                    default: temp_ip_protocol <= temp_ip_protocol;
                                endcase
                            end

                            6'd12: begin  // Source IP at offset 12
                                case (byte_offset[2:0])
                                    3'b000: begin
                                        temp_ipv4_src[31:24] <= data_in[63:56];
                                        temp_ipv4_src[23:16] <= data_in[55:48];
                                        temp_ipv4_src[15:8]  <= data_in[47:40];
                                        temp_ipv4_src[7:0]   <= data_in[39:32];
                                    end
                                    3'b001: begin
                                        temp_ipv4_src[31:24] <= data_in[55:48];
                                        temp_ipv4_src[23:16] <= data_in[47:40];
                                        temp_ipv4_src[15:8]  <= data_in[39:32];
                                        temp_ipv4_src[7:0]   <= data_in[31:24];
                                    end
                                    default: temp_ipv4_src <= temp_ipv4_src;
                                endcase
                            end

                            6'd16: begin  // Destination IP at offset 16
                                case (byte_offset[2:0])
                                    3'b000: begin
                                        temp_ipv4_dst[31:24] <= data_in[63:56];
                                        temp_ipv4_dst[23:16] <= data_in[55:48];
                                        temp_ipv4_dst[15:8]  <= data_in[47:40];
                                        temp_ipv4_dst[7:0]   <= data_in[39:32];
                                    end
                                    3'b001: begin
                                        temp_ipv4_dst[31:24] <= data_in[55:48];
                                        temp_ipv4_dst[23:16] <= data_in[47:40];
                                        temp_ipv4_dst[15:8]  <= data_in[39:32];
                                        temp_ipv4_dst[7:0]   <= data_in[31:24];
                                    end
                                    default: temp_ipv4_dst <= temp_ipv4_dst;
                                endcase
                            end

                            default: begin
                                temp_ipv4_src <= temp_ipv4_src;
                                temp_ipv4_dst <= temp_ipv4_dst;
                                temp_ip_protocol <= temp_ip_protocol;
                            end
                        endcase

                        case (temp_ethertype)
                            16'h0800: ipv4_detected <= 1'b1;
                            default: ipv4_detected <= ipv4_detected;
                        endcase
                    end

                    default: begin
                        temp_ipv4_src <= temp_ipv4_src;
                        temp_ipv4_dst <= temp_ipv4_dst;
                        temp_ip_protocol <= temp_ip_protocol;
                        ipv4_detected <= ipv4_detected;
                    end
                endcase
            end
        endcase
    end

    // Block 7: TCP/UDP Port Extraction (Sequential)
    always_ff @(posedge clk or negedge rst_n) begin
        case (rst_n)
            1'b0: begin
                temp_tcp_src <= 16'b0;
                temp_tcp_dst <= 16'b0;
                tcp_detected <= 1'b0;
                udp_detected <= 1'b0;
            end
            1'b1: begin
                case (current_state)
                    L4_HEADER: begin
                        case (header_byte_count)
                            6'd0: begin  // Source port at offset 0
                                case (byte_offset[2:0])
                                    3'b000: begin
                                        temp_tcp_src[15:8] <= data_in[63:56];
                                        temp_tcp_src[7:0]  <= data_in[55:48];
                                    end
                                    3'b001: begin
                                        temp_tcp_src[15:8] <= data_in[55:48];
                                        temp_tcp_src[7:0]  <= data_in[47:40];
                                    end
                                    default: temp_tcp_src <= temp_tcp_src;
                                endcase
                            end

                            6'd2: begin  // Destination port at offset 2
                                case (byte_offset[2:0])
                                    3'b000: begin
                                        temp_tcp_dst[15:8] <= data_in[63:56];
                                        temp_tcp_dst[7:0]  <= data_in[55:48];
                                    end
                                    3'b001: begin
                                        temp_tcp_dst[15:8] <= data_in[55:48];
                                        temp_tcp_dst[7:0]  <= data_in[47:40];
                                    end
                                    default: temp_tcp_dst <= temp_tcp_dst;
                                endcase
                            end

                            default: begin
                                temp_tcp_src <= temp_tcp_src;
                                temp_tcp_dst <= temp_tcp_dst;
                            end
                        endcase

                        case (temp_ip_protocol)
                            8'd6:  tcp_detected <= 1'b1;
                            8'd17: udp_detected <= 1'b1;
                            default: begin
                                tcp_detected <= tcp_detected;
                                udp_detected <= udp_detected;
                            end
                        endcase
                    end

                    default: begin
                        temp_tcp_src <= temp_tcp_src;
                        temp_tcp_dst <= temp_tcp_dst;
                        tcp_detected <= tcp_detected;
                        udp_detected <= udp_detected;
                    end
                endcase
            end
        endcase
    end

    // Block 8: Output Assignment and Error Detection (Case-only Combinational)
    always_comb begin
        dest_mac = temp_dest_mac;
        src_mac = temp_src_mac;
        ethertype = temp_ethertype;
        ipv4_src = temp_ipv4_src;
        ipv4_dst = temp_ipv4_dst;
        tcp_src_port = temp_tcp_src;
        tcp_dst_port = temp_tcp_dst;
        ip_protocol = temp_ip_protocol;
        packet_valid = 1'b0;
        parsing_error = 1'b0;

        case (current_state)
            PAYLOAD: begin
                case (data_end)
                    1'b1: packet_valid = 1'b1;
                    default: packet_valid = 1'b0;
                endcase
            end

            default: begin
                case (current_state == WAIT_SOP && data_end && !data_start)
                    1'b1: parsing_error = 1'b1;
                    default: parsing_error = 1'b0;
                endcase
            end
        endcase
    end

endmodule","module ethernet_packet_parser_asserts  (input logic clk,
input logic rst_n,
input logic data_valid,
input logic [63:0] data_in, input logic data_start, input logic data_end,
input logic [47:0] dest_mac,
input logic [47:0] src_mac,
input logic [15:0] ethertype,
input logic [31:0] ipv4_src,
input logic [31:0] ipv4_dst,
input logic [15:0] tcp_src_port,
input logic [15:0] tcp_dst_port,
input logic [7:0] ip_protocol,
input logic packet_valid,
input logic ipv4_detected,
input logic tcp_detected,
input logic udp_detected,
input logic vlan_detected,
input logic parsing_error);

    typedef enum logic [2:0] {
        WAIT_SOP   = 3'b000,
        MAC_DEST   = 3'b001,
        MAC_SRC    = 3'b010,
        VLAN_TAG   = 3'b011,
        ETHERTYPE  = 3'b100,
        IP_HEADER  = 3'b101,
        L4_HEADER  = 3'b110,
        PAYLOAD    = 3'b111
    } parse_state_t;

    parse_state_t current_state, next_state;
    logic [4:0] byte_offset;               logic [5:0] header_byte_count;         logic [47:0] temp_dest_mac;
    logic [47:0] temp_src_mac;
    logic [15:0] temp_ethertype;
    logic [31:0] temp_ipv4_src;
    logic [31:0] temp_ipv4_dst;
    logic [7:0]  temp_ip_protocol;
    logic [15:0] temp_tcp_src;
    logic [15:0] temp_tcp_dst;
    logic        has_vlan;

    

    necfbgehfkegkjaganjniillldekbcne: assert property (@(byte_offset) true && byte_offset == 6'd0 |-> dest_mac == temp_dest_mac[47:0]) else $error(""Error in immediate assert necfbgehfkegkjaganjniillldekbcne"");
fkmboceoeoecklneoebggnfijefegekm: assert property (@(byte_offset) true && byte_offset == 6'd6 |-> src_mac == temp_src_mac[47:0]) else $error(""Error in immediate assert fkmboceoeoecklneoebggnfijefegekm"");
jfbofjkaccffkpbhpeglkdgfcfiioilb: assert property (@(byte_offset) true && byte_offset == 6'd12 |-> ethertype == temp_ethertype[15:0]) else $error(""Error in immediate assert jfbofjkaccffkpbhpeglkdgfcfiioilb"");
oicbggjepbgmkblpaiobglpmjlfejfbo: assert property (@(byte_offset) true && byte_offset == 6'd14 |-> ipv4_src == temp_ipv4_src[31:0]) else $error(""Error in immediate assert oicbggjepbgmkblpaiobglpmjlfejfbo"");
oggkgfonaamfkplobhanbfmjllbjbnfp: assert property (@(byte_offset) true && byte_offset == 6'd18 |-> ipv4_dst == temp_ipv4_dst[31:0]) else $error(""Error in immediate assert oggkgfonaamfkplobhanbfmjllbjbnfp"");
mafifkdiheppkjiaancpjhnbliejello: assert property (@(byte_offset) true && byte_offset == 6'd24 |-> tcp_src_port == temp_tcp_src[15:0]) else $error(""Error in immediate assert mafifkdiheppkjiaancpjhnbliejello"");
bimkbfkibeopkpiholglmhlibaohfonb: assert property (@(byte_offset) true && byte_offset == 6'd26 |-> tcp_dst_port == temp_tcp_dst[15:0]) else $error(""Error in immediate assert bimkbfkibeopkpiholglmhlibaohfonb"");

ppjnicjmobdikgncakkekkheojkppbic: assert property (@(byte_offset, current_state, data_in) current_state == MAC_DEST && byte_offset[2:0] == 3'b000 |-> dest_mac = {data_in[63], data_in[56], data_in[55], data_in[48], data_in[47], data_in[40], data_in[39], data_in[32], data_in[31], data_in[24], data_in[23], data_in[16], data_in[15], data_in[8], data_in[7]}) else $error(""Error in immediate assert ppjnicjmobdikgncakkekkheojkppbic"");
lgmchgiioffakbkjbjfcoebcdjokijmd: assert property (@(byte_offset, current_state, data_in) current_state == MAC_DEST && byte_offset[2:0] == 3'b001 |-> dest_mac = {data_in[56], data_in[55], data_in[48], data_in[47], data_in[40], data_in[39], data_in[32], data_in[31], data_in[24], data_in[23], data_in[16], data_in[15], data_in[8], data_in[7]}) else $error(""Error in immediate assert lgmchgiioffakbkjbjfcoebcdjokijmd"");
kieijlgcnmenknmmapbgkifdipdngkdb: assert property (@(byte_offset, current_state, data_in) current_state == MAC_SRC && byte_offset[2:0] == 3'b000 |-> src_mac = {data_in[63], data_in[56], data_in[55], data_in[48], data_in[47], data_in[40], data_in[39], data_in[32], data_in[31], data_in[24], data_in[23], data_in[16], data_in[15], data_in[8], data_in[7]}) else $error(""Error in immediate assert kieijlgcnmenknmmapbgkifdipdngkdb"");
kbimfnkbaogekpmgbeeeijkkgmkdeafa: assert property (@(byte_offset, current_state, data_in) current_state == MAC_SRC && byte_offset[2:0] == 3'b001 |-> src_mac = {data_in[56], data_in[55], data_in[48], data_in[47], data_in[40], data_in[39], data_in[32], data_in[31], data_in[24], data_in[23], data_in[16], data_in[15], data_in[8], data_in[7]}) else $error(""Error in immediate assert kbimfnkbaogekpmgbeeeijkkgmkdeafa"");

cinjbdicakaokeanpfoedpojdadcfibi: assert property (@(data_end, current_state) current_state == PAYLOAD && data_end |-> packet_valid == 1'b1) else $error(""Error in immediate assert cinjbdicakaokeanpfoedpojdadcfibi"");
komldnbccenakpkkoeikgbblinemmlcn: assert property (@(data_start, current_state) current_state == PAYLOAD && !data_start |-> packet_valid == 1'b0) else $error(""Error in immediate assert komldnbccenakpkkoeikgbblinemmlcn"");
ahkdgjdnolohkillbgfhobkohcbiomoh: assert property (@(data_end, data_start, current_state) current_state == WAIT_SOP && data_end && !data_start |-> parsing_error == 1'b1) else $error(""Error in immediate assert ahkdgjdnolohkillbgfhobkohcbiomoh"");
opopebliijackjfcahhjipphpilmkine: assert property (@(data_start, current_state) current_state == WAIT_SOP && !data_start |-> parsing_error == 1'b0) else $error(""Error in immediate assert opopebliijackjfcahhjipphpilmkine"");


    property hlaabajhgnddklgialhahdlmleehghbj;
    @(posedge clk) disable iff(!rst_n) (data_valid == 1'b1 && current_state == WAIT_SOP) |=> (byte_offset == $past(byte_offset) + 1);
endproperty
assert property (hlaabajhgnddklgialhahdlmleehghbj);

property pmgjgfgpjdngkmloacadpgjljmlojkac;
    @(posedge clk) disable iff(!rst_n) (current_state == MAC_DEST && byte_offset == 47'd0) |=> (temp_dest_mac[47:8] == data_in[63:24]);
endproperty
assert property (pmgjgfgpjdngkmloacadpgjljmlojkac);

property jnmpmajdkdddkcpbppfglncbnkmpadap;
    @(posedge clk) disable iff(!rst_n) (current_state == MAC_DEST && byte_offset == 47'd8) |=> (temp_dest_mac[47:0] == {$past(temp_dest_mac)[47:8], data_in[23:0]});
endproperty
assert property (jnmpmajdkdddkcpbppfglncbnkmpadap);

property ajliicdcnjkokfonagkhgolaecofmpdm;
    @(posedge clk) disable iff(!rst_n) (current_state == MAC_SRC && byte_offset == 47'd0) |=> (temp_src_mac[47:8] == data_in[63:24]);
endproperty
assert property (ajliicdcnjkokfonagkhgolaecofmpdm);

property dhbfdklhlejdkhjpadojdkdjhlhccjhm;
    @(posedge clk) disable iff(!rst_n) (current_state == MAC_SRC && byte_offset == 47'd8) |=> (temp_src_mac[47:0] == {$past(temp_src_mac)[47:8], data_in[23:0]});
endproperty
assert property (dhbfdklhlejdkhjpadojdkdjhlhccjhm);

property kiilcnhbkkbfkdgaagjbebgbehpfkane;
    @(posedge clk) disable iff(!rst_n) (current_state == ETHERTYPE && byte_offset == 5'd0) |=> (temp_ethertype = {data_in[63:48], data_in[23:0]});
endproperty
assert property (kiilcnhbkkbfkdgaagjbebgbehpfkane);

property hanepedcgahkklccojipjojfbddfnnnp;
    @(posedge clk) disable iff(!rst_n) (current_state == IP_HEADER && byte_offset == 5'd0) |=> (temp_ipv4_src[31:16] = {data_in[23:8], data_in[7:0]});
endproperty
assert property (hanepedcgahkklccojipjojfbddfnnnp);

property fmkcpncpfpofkophapaknhalmlcdnepd;
    @(posedge clk) disable iff(!rst_n) (current_state == IP_HEADER && byte_offset == 5'd1) |=> (temp_ipv4_src[31:0] = {temp_ipv4_src[31:16], data_in[23:8]});
endproperty
assert property (fmkcpncpfpofkophapaknhalmlcdnepd);

property ifbopagcdfkekgndbicglkppddboflgl;
    @(posedge clk) disable iff(!rst_n) (current_state == IP_HEADER && byte_offset == 5'd2) |=> (temp_ipv4_dst[31:16] = {data_in[7:0], data_in[23:8]});
endproperty
assert property (ifbopagcdfkekgndbicglkppddboflgl);

property jlambndfffjhkohbpklmhlnefcohipmk;
    @(posedge clk) disable iff(!rst_n) (current_state == IP_HEADER && byte_offset == 5'd3) |=> (temp_ipv4_dst[31:0] = {temp_ipv4_dst[31:16], data_in[23:8]});
endproperty
assert property (jlambndfffjhkohbpklmhlnefcohipmk);

property ddkfcfnjbegckgnjppancdaddahjfakp;
    @(posedge clk) disable iff(!rst_n) (current_state == L4_HEADER && byte_offset == 5'd0) |=> (temp_tcp_src = {data_in[7:0], data_in[23:8]});
endproperty
assert property (ddkfcfnjbegckgnjppancdaddahjfakp);

property agneinhhjmnlkkafamiabnagcbicdobi;
    @(posedge clk) disable iff(!rst_n) (current_state == L4_HEADER && byte_offset == 5'd1) |=> (temp_tcp_dst = {data_in[7:0], data_in[23:8]});
endproperty
assert property (agneinhhjmnlkkafamiabnagcbicdobi);

property apigmcdbkoedkmkmokhgbhniplalecno;
	@(negedge rst_n) byte_offset == 5'b0;
endproperty
assert property (apigmcdbkoedkmkmokhgbhniplalecno) else $error(""Error in asynchronous reset apigmcdbkoedkmkmokhgbhniplalecno"");

property aomgngefbaaikfokabhfecghgphhphjb;
    @(posedge clk) disable iff(!rst_n) (current_state == WAIT_SOP && data_start == 1'b1) |=> (byte_offset == $past(byte_offset) + 5'd8);
endproperty
assert property (aomgngefbaaikfokabhfecghgphhphjb);

property oebdpgpclbigkdfgonapmfajfphdljho;
    @(posedge clk) disable iff(!rst_n) (current_state != WAIT_SOP && data_valid == 1'b1) |=> (byte_offset == $past(byte_offset) + 5'd8);
endproperty
assert property (oebdpgpclbigkdfgonapmfajfphdljho);

property kbjfljoeeclckpbdbjbdgbggngjhhdoc;
	@(negedge rst_n) header_byte_count == 6'b0;
endproperty
assert property (kbjfljoeeclckpbdbjbdgbggngjhhdoc) else $error(""Error in asynchronous reset kbjfljoeeclckpbdbjbdgbggngjhhdoc"");

property nbcpcnlpnanokhmkbjjjkahickaoceoe;
    @(posedge clk) disable iff(!rst_n) (current_state == WAIT_SOP && data_start == 1'b1) |=> (header_byte_count == $past(header_byte_count) + 6'd8);
endproperty
assert property (nbcpcnlpnanokhmkbjjjkahickaoceoe);

property hjejcdogaiejkeccodcgmohobfmbidhm;
    @(posedge clk) disable iff(!rst_n) (current_state != WAIT_SOP && data_valid == 1'b1) |=> (header_byte_count == $past(header_byte_count) + 6'd8);
endproperty
assert property (hjejcdogaiejkeccodcgmohobfmbidhm);

property hdlljbbekofmkpogpbggcneplgjjbhjg;
    @(posedge clk) disable iff(!rst_n) (data_valid == 1'b1 && byte_offset[2:0] == 3'b000) |=> (temp_ethertype[15:8] == data_in[63:56]);
endproperty
assert property (hdlljbbekofmkpogpbggcneplgjjbhjg);

property fkgilpfdecjgkelmbmpiiomaahmjlmnf;
    @(posedge clk) disable iff(!rst_n) (data_valid == 1'b1 && byte_offset[2:0] == 3'b001) |=> (temp_ethertype[7:0] == data_in[55:48]);
endproperty
assert property (fkgilpfdecjgkelmbmpiiomaahmjlmnf);

property elbcohhffaibkmnebbeombhjglfapnhg;
    @(posedge clk) disable iff(!rst_n) (temp_ethertype == 16'h8100) |=> (has_vlan == 1'b1);
endproperty
assert property (elbcohhffaibkmnebbeombhjglfapnhg);

property jjmaolbembjokmpibajamjjdijcklidf;
    @(posedge clk) disable iff(!rst_n) (temp_ethertype == 16'h8100) |=> (vlan_detected == 1'b1);
endproperty
assert property (jjmaolbembjokmpibajamjjdijcklidf);

property omipefncpjlnkibepmooalhkjokjeleo;
    @(posedge clk) disable iff(!rst_n) (current_state == IP_HEADER && header_byte_count == 6'd8 && byte_offset[2:0] == 3'b000) |=> (temp_ip_protocol[7:4] == data_in[55:52]);
endproperty
assert property (omipefncpjlnkibepmooalhkjokjeleo);

property djmcamgfibepkckdoolnplmjkdifhfnn;
    @(posedge clk) disable iff(!rst_n) (current_state == IP_HEADER && header_byte_count == 6'd8 && byte_offset[2:0] == 3'b001) |=> (temp_ip_protocol[7:4] == data_in[51:48]);
endproperty
assert property (djmcamgfibepkckdoolnplmjkdifhfnn);

property hoebhnhjokmpkhdhodknfcafklobgjlo;
    @(posedge clk) disable iff(!rst_n) (current_state == IP_HEADER && header_byte_count == 6'd12 && byte_offset[2:0] == 3'b000) |=> (temp_ipv4_src[31:24] == data_in[63:56], temp_ipv4_src[23:16] == data_in[55:48], temp_ipv4_src[15:8] == data_in[47:40], temp_ipv4_src[7:0] == data_in[39:32]);
endproperty
assert property (hoebhnhjokmpkhdhodknfcafklobgjlo);

property kdeihfkipfljkggiallndacmbkpilnim;
    @(posedge clk) disable iff(!rst_n) (current_state == IP_HEADER && header_byte_count == 6'd12 && byte_offset[2:0] == 3'b001) |=> (temp_ipv4_src[31:24] == data_in[55:48], temp_ipv4_src[23:16] == data_in[47:40], temp_ipv4_src[15:8] == data_in[39:32], temp_ipv4_src[7:0] == data_in[31:24]);
endproperty
assert property (kdeihfkipfljkggiallndacmbkpilnim);

property dgkdeajpongikamjakocegjnjdhchcoi;
    @(posedge clk) disable iff(!rst_n) (current_state == IP_HEADER && header_byte_count == 6'd16 && byte_offset[2:0] == 3'b000) |=> (temp_ipv4_dst[31:24] == data_in[63:56], temp_ipv4_dst[23:16] == data_in[55:48], temp_ipv4_dst[15:8] == data_in[47:40], temp_ipv4_dst[7:0] == data_in[39:32]);
endproperty
assert property (dgkdeajpongikamjakocegjnjdhchcoi);

property gbmpihhihmgikpbjpmakaomjkpfcmgbb;
    @(posedge clk) disable iff(!rst_n) (current_state == IP_HEADER && header_byte_count == 6'd16 && byte_offset[2:0] == 3'b001) |=> (temp_ipv4_dst[31:24] == data_in[55:48], temp_ipv4_dst[23:16] == data_in[47:40], temp_ipv4_dst[15:8] == data_in[39:32], temp_ipv4_dst[7:0] == data_in[31:24]);
endproperty
assert property (gbmpihhihmgikpbjpmakaomjkpfcmgbb);

property kmoamccaakfhknljoggmgoaffcogihob;
    @(posedge clk) disable iff(!rst_n) (current_state == IP_HEADER && temp_ethertype == 16'h0800) |=> (ipv4_detected == 1'b1);
endproperty
assert property (kmoamccaakfhknljoggmgoaffcogihob);

property gnikemogganhklgiahmbmbhacnojiajj;
    @(posedge clk) disable iff(!rst_n) (current_state == L4_HEADER && header_byte_count == 6'd0 && byte_offset[2:0] == 3'b000) |=> (temp_tcp_src[15:8] == data_in[63:56]);
endproperty
assert property (gnikemogganhklgiahmbmbhacnojiajj);

property cbbmedmdeaebkdaoaninhnikeeomlckd;
    @(posedge clk) disable iff(!rst_n) (current_state == L4_HEADER && header_byte_count == 6'd0 && byte_offset[2:0] == 3'b001) |=> (temp_tcp_src[7:0] == data_in[55:48]);
endproperty
assert property (cbbmedmdeaebkdaoaninhnikeeomlckd);

property aiijjmkmgkhikjkapjommaealiekpeia;
    @(posedge clk) disable iff(!rst_n) (current_state == L4_HEADER && header_byte_count == 6'd2 && byte_offset[2:0] == 3'b000) |=> (temp_tcp_dst[15:8] == data_in[63:56]);
endproperty
assert property (aiijjmkmgkhikjkapjommaealiekpeia);

property kgeikohlkhgkkbpapenhchcgfpngdolo;
    @(posedge clk) disable iff(!rst_n) (current_state == L4_HEADER && header_byte_count == 6'd2 && byte_offset[2:0] == 3'b001) |=> (temp_tcp_dst[7:0] == data_in[55:48]);
endproperty
assert property (kgeikohlkhgkkbpapenhchcgfpngdolo);

property ajkbdbaokakjkmjfpcciicljbpnknoef;
    @(posedge clk) disable iff(!rst_n) (current_state == L4_HEADER && header_byte_count >= 6'd2 && temp_ip_protocol == 8'd6) |=> (tcp_detected == 1'b1);
endproperty
assert property (ajkbdbaokakjkmjfpcciicljbpnknoef);

property hhlegmfllndikjopplgajeomdboijhii;
    @(posedge clk) disable iff(!rst_n) (current_state == L4_HEADER && header_byte_count >= 6'd2 && temp_ip_protocol == 8'd17) |=> (udp_detected == 1'b1);
endproperty
assert property (hhlegmfllndikjopplgajeomdboijhii);

property pjmmphbpemddkjffamjhdfmpgibochpk;
    @(posedge clk) disable iff(!rst_n) (current_state == L4_HEADER && header_byte_count >= 6'd2 && byte_offset[2:0] == 3'b000) |=> (temp_tcp_src <= temp_tcp_src);
endproperty
assert property (pjmmphbpemddkjffamjhdfmpgibochpk);

property cokdfkpdcdeakloabefkdehnkiigefmj;
    @(posedge clk) disable iff(!rst_n) (current_state == L4_HEADER && header_byte_count >= 6'd2 && byte_offset[2:0] == 3'b001) |=> (temp_tcp_dst <= temp_tcp_dst);
endproperty
assert property (cokdfkpdcdeakloabefkdehnkiigefmj);

property leekbkgciehbkkpaopgihneebeilmimg;
    @(posedge clk) disable iff(!rst_n) (current_state != L4_HEADER || (current_state == L4_HEADER && header_byte_count < 6'd2)) |=> (tcp_detected = tcp_detected);
endproperty
assert property (leekbkgciehbkkpaopgihneebeilmimg);

property kmkhgnohlhghkboabnbhpndhkmfpdaej;
    @(posedge clk) disable iff(!rst_n) (current_state != L4_HEADER || (current_state == L4_HEADER && header_byte_count < 6'd2)) |=> (udp_detected = udp_detected);
endproperty
assert property (kmkhgnohlhghkboabnbhpndhkmfpdaej);


endmodule","** Error: (vlog-13069) prueba.sv(52): near ""="": syntax error, unexpected '=', expecting ++ or --.
** Error: (vlog-13069) prueba.sv(53): near ""="": syntax error, unexpected '=', expecting ++ or --.
** Error: (vlog-13069) prueba.sv(54): near ""="": syntax error, unexpected '=', expecting ++ or --.
** Error: (vlog-13069) prueba.sv(55): near ""="": syntax error, unexpected '=', expecting ++ or --.
** Error: (vlog-13069) prueba.sv(74): near ""["": syntax error, unexpected '[', expecting ',' or '}'.
** Error: (vlog-13069) prueba.sv(84): near ""["": syntax error, unexpected '[', expecting ',' or '}'.
** Error: (vlog-13069) prueba.sv(184): near ""=="": syntax error, unexpected ==.
** Error: (vlog-13069) prueba.sv(189): near ""=="": syntax error, unexpected ==.
** Error: (vlog-13069) prueba.sv(194): near ""=="": syntax error, unexpected ==.
** Error: (vlog-13069) prueba.sv(199): near ""=="": syntax error, unexpected ==.",119.3751106262207,12558,4847
