original_code,generated_code,iverilog_output,time(s),prompt_tkns,output_tkns
"module case_example1(input logic [1:0] a, output logic y);
    always_comb begin
        case(a)
            2'b00: y = 0;
            2'b01: y = 1;
            2'b10: y = 1;
            2'b11: y = 0;
            default: y = 0;
        endcase
    end
endmodule","property p_y_assign_00;
    @(posedge clk) (a == 2'b00) |-> (y == 0);
endproperty
assert property (p_y_assign_00);

property p_y_assign_01;
    @(posedge clk) (a == 2'b01) |-> (y == 1);
endproperty
assert property (p_y_assign_01);

property p_y_assign_10;
    @(posedge clk) (a == 2'b10) |-> (y == 1);
endproperty
assert property (p_y_assign_10);

property p_y_assign_11;
    @(posedge clk) (a == 2'b11) |-> (y == 0);
endproperty
assert property (p_y_assign_11);

property p_y_default_assign;
    @(posedge clk) ((a != 2'b00) && (a != 2'b01) && (a != 2'b10) && (a != 2'b11)) |-> (y == 0);
endproperty
assert property (p_y_default_assign);","** Error: prueba.sv(9): (vlog-2730) Undefined variable: 'clk'.
** Error (suppressible): prueba.sv(11): (vlog-1957) The sva directive is not sensitive to a clock. Unclocked directives are not supported.
** Error: prueba.sv(14): (vlog-2730) Undefined variable: 'clk'.
** Error (suppressible): prueba.sv(16): (vlog-1957) The sva directive is not sensitive to a clock. Unclocked directives are not supported.
** Error: prueba.sv(19): (vlog-2730) Undefined variable: 'clk'.
** Error (suppressible): prueba.sv(21): (vlog-1957) The sva directive is not sensitive to a clock. Unclocked directives are not supported.
** Error: prueba.sv(24): (vlog-2730) Undefined variable: 'clk'.
** Error (suppressible): prueba.sv(26): (vlog-1957) The sva directive is not sensitive to a clock. Unclocked directives are not supported.
** Error: prueba.sv(29): (vlog-2730) Undefined variable: 'clk'.
** Error (suppressible): prueba.sv(31): (vlog-1957) The sva directive is not sensitive to a clock. Unclocked directives are not supported.
** Error: prueba.sv(9): (vlog-2730) Undefined variable: 'clk'.",13.575202465057373,2510,394
"module case_example2(input logic [3:0] a, output logic [1:0] y);
    always_comb begin
        case(a)
            4'd0: y = 2'b00;
            4'd1: y = 2'b01;
            4'd2: y = 2'b10;
            default: y = 2'b11;
        endcase
    end
endmodule
","property p_y_assign_0;
    @(posedge clk) (a == 4'd0) |-> (y == 2'b00);
endproperty
assert property (p_y_assign_0);

property p_y_assign_1;
    @(posedge clk) (a == 4'd1) |-> (y == 2'b01);
endproperty
assert property (p_y_assign_1);

property p_y_assign_2;
    @(posedge clk) (a == 4'd2) |-> (y == 2'b10);
endproperty
assert property (p_y_assign_2);

property p_y_assign_default;
    @(posedge clk) (a != 4'd0 && a != 4'd1 && a != 4'd2) |-> (y == 2'b11);
endproperty
assert property (p_y_assign_default);","** Error: prueba.sv(9): (vlog-2730) Undefined variable: 'clk'.
** Error (suppressible): prueba.sv(11): (vlog-1957) The sva directive is not sensitive to a clock. Unclocked directives are not supported.
** Error: prueba.sv(14): (vlog-2730) Undefined variable: 'clk'.
** Error (suppressible): prueba.sv(16): (vlog-1957) The sva directive is not sensitive to a clock. Unclocked directives are not supported.
** Error: prueba.sv(19): (vlog-2730) Undefined variable: 'clk'.
** Error (suppressible): prueba.sv(21): (vlog-1957) The sva directive is not sensitive to a clock. Unclocked directives are not supported.
** Error: prueba.sv(24): (vlog-2730) Undefined variable: 'clk'.
** Error (suppressible): prueba.sv(26): (vlog-1957) The sva directive is not sensitive to a clock. Unclocked directives are not supported.
** Error: prueba.sv(9): (vlog-2730) Undefined variable: 'clk'.",5.111304044723511,2510,326
"module case2(input logic [2:0] sel, output logic z);
    always_comb begin
        case(sel)
            3'b000: z = 0;
            3'b001: z = 1;
            3'b010: z = 1;
            3'b011: z = 0;
            3'b100: z = 1;
            default: z = 0;
        endcase
    end
endmodule
","property p_z_assign_0;
    @(posedge clk) (sel == 3'b000) |-> (z == 0);
endproperty
assert property (p_z_assign_0);

property p_z_assign_1;
    @(posedge clk) (sel == 3'b001 || sel == 3'b010) |-> (z == 1);
endproperty
assert property (p_z_assign_1);

property p_z_assign_default;
    @(posedge clk) ((sel != 3'b000 && sel != 3'b001 && sel != 3'b010 && sel != 3'b011 && sel != 3'b100)) |-> (z == 0);
endproperty
assert property (p_z_assign_default);","** Error: prueba.sv(9): (vlog-2730) Undefined variable: 'clk'.
** Error (suppressible): prueba.sv(11): (vlog-1957) The sva directive is not sensitive to a clock. Unclocked directives are not supported.
** Error: prueba.sv(14): (vlog-2730) Undefined variable: 'clk'.
** Error (suppressible): prueba.sv(16): (vlog-1957) The sva directive is not sensitive to a clock. Unclocked directives are not supported.
** Error: prueba.sv(19): (vlog-2730) Undefined variable: 'clk'.
** Error (suppressible): prueba.sv(21): (vlog-1957) The sva directive is not sensitive to a clock. Unclocked directives are not supported.
** Error: prueba.sv(9): (vlog-2730) Undefined variable: 'clk'.",3.5929782390594482,2528,212
"module case3(input logic [1:0] sel, input logic a, b, c, d, output logic y);
    always_comb begin
        case(sel)
            2'b00: y = a;
            2'b01: y = b;
            2'b10: y = c;
            2'b11: y = d;
        endcase
    end
endmodule
","// Property for assigning 'a' to 'y' when sel is 2'b00
property p_y_assign_a;
    @(posedge clk) (sel == 2'b00) |-> (y == a);
endproperty
assert property (p_y_assign_a)
    else $error(""Assertion failed: y is not assigned 'a' when sel is 2'b00"");

// Property for assigning 'b' to 'y' when sel is 2'b01
property p_y_assign_b;
    @(posedge clk) (sel == 2'b01) |-> (y == b);
endproperty
assert property (p_y_assign_b)
    else $error(""Assertion failed: y is not assigned 'b' when sel is 2'b01"");

// Property for assigning 'c' to 'y' when sel is 2'b10
property p_y_assign_c;
    @(posedge clk) (sel == 2'b10) |-> (y == c);
endproperty
assert property (p_y_assign_c)
    else $error(""Assertion failed: y is not assigned 'c' when sel is 2'b10"");

// Property for assigning 'd' to 'y' when sel is 2'b11 or default case
property p_y_assign_default;
    @(posedge clk) (sel != 2'b00 && sel != 2'b01 && sel != 2'b10) |-> (y == d);
endproperty
assert property (p_y_assign_default)
    else $error(""Assertion failed: y is not assigned 'd' when sel is outside of 2'b00, 2'b01, or 2'b10"");","** Error: prueba.sv(10): (vlog-2730) Undefined variable: 'clk'.
** Error (suppressible): prueba.sv(12): (vlog-1957) The sva directive is not sensitive to a clock. Unclocked directives are not supported.
** Error: prueba.sv(17): (vlog-2730) Undefined variable: 'clk'.
** Error (suppressible): prueba.sv(19): (vlog-1957) The sva directive is not sensitive to a clock. Unclocked directives are not supported.
** Error: prueba.sv(24): (vlog-2730) Undefined variable: 'clk'.
** Error (suppressible): prueba.sv(26): (vlog-1957) The sva directive is not sensitive to a clock. Unclocked directives are not supported.
** Error: prueba.sv(31): (vlog-2730) Undefined variable: 'clk'.
** Error (suppressible): prueba.sv(33): (vlog-1957) The sva directive is not sensitive to a clock. Unclocked directives are not supported.
** Error: prueba.sv(10): (vlog-2730) Undefined variable: 'clk'.",7.8179612159729,2497,502
"module case4(input logic [3:0] in, output logic out);
    always_comb begin
        case(in)
            4'b0001: out = 1;
            4'b0010: out = 0;
            4'b0100: out = 1;
            4'b1000: out = 0;
            default: out = 0;
        endcase
    end
endmodule
","property p_out_assigned_1;
    @(posedge clk) (in == 4'b0001) |-> (out == 1);
endproperty
assert property (p_out_assigned_1);

property p_out_assigned_2;
    @(posedge clk) (in == 4'b0010) |-> (out == 0);
endproperty
assert property (p_out_assigned_2);

property p_out_assigned_3;
    @(posedge clk) (in == 4'b0100) |-> (out == 1);
endproperty
assert property (p_out_assigned_3);

property p_out_assigned_4;
    @(posedge clk) (in == 4'b1000) |-> (out == 0);
endproperty
assert property (p_out_assigned_4);

property p_out_default_assign;
    @(posedge clk) (in != 4'b0001 && in != 4'b0010 && in != 4'b0100 && in != 4'b1000) |-> (out == 0);
endproperty
assert property (p_out_default_assign);","** Error: prueba.sv(9): (vlog-2730) Undefined variable: 'clk'.
** Error (suppressible): prueba.sv(11): (vlog-1957) The sva directive is not sensitive to a clock. Unclocked directives are not supported.
** Error: prueba.sv(14): (vlog-2730) Undefined variable: 'clk'.
** Error (suppressible): prueba.sv(16): (vlog-1957) The sva directive is not sensitive to a clock. Unclocked directives are not supported.
** Error: prueba.sv(19): (vlog-2730) Undefined variable: 'clk'.
** Error (suppressible): prueba.sv(21): (vlog-1957) The sva directive is not sensitive to a clock. Unclocked directives are not supported.
** Error: prueba.sv(24): (vlog-2730) Undefined variable: 'clk'.
** Error (suppressible): prueba.sv(26): (vlog-1957) The sva directive is not sensitive to a clock. Unclocked directives are not supported.
** Error: prueba.sv(29): (vlog-2730) Undefined variable: 'clk'.
** Error (suppressible): prueba.sv(31): (vlog-1957) The sva directive is not sensitive to a clock. Unclocked directives are not supported.
** Error: prueba.sv(9): (vlog-2730) Undefined variable: 'clk'.",4.8813636302948,2518,304
"module case5(input logic [1:0] op, input logic [3:0] a, b, output logic [3:0] result);
    always_comb begin
        case(op)
            2'b00: result = a + b;
            2'b01: result = a - b;
            2'b10: result = a & b;
            2'b11: result = a | b;
        endcase
    end
endmodule
","// Internal function or variable declarations (if any) can be included here if needed.

property p_result_add;
    @(posedge clk) (op == 2'b00) |-> (result == a + b);
endproperty
assert property (p_result_add) else $error(""Assertion failed: result does not match expected value for op = 2'b00"");

property p_result_sub;
    @(posedge clk) (op == 2'b01) |-> (result == a - b);
endproperty
assert property (p_result_sub) else $error(""Assertion failed: result does not match expected value for op = 2'b01"");

property p_result_and;
    @(posedge clk) (op == 2'b10) |-> (result == a & b);
endproperty
assert property (p_result_and) else $error(""Assertion failed: result does not match expected value for op = 2'b10"");

property p_result_or;
    @(posedge clk) (op == 2'b11) |-> (result == a | b);
endproperty
assert property (p_result_or) else $error(""Assertion failed: result does not match expected value for op = 2'b11"");","** Error: prueba.sv(11): (vlog-2730) Undefined variable: 'clk'.
** Error (suppressible): prueba.sv(13): (vlog-1957) The sva directive is not sensitive to a clock. Unclocked directives are not supported.
** Error: prueba.sv(16): (vlog-2730) Undefined variable: 'clk'.
** Error (suppressible): prueba.sv(18): (vlog-1957) The sva directive is not sensitive to a clock. Unclocked directives are not supported.
** Error: prueba.sv(21): (vlog-2730) Undefined variable: 'clk'.
** Error (suppressible): prueba.sv(23): (vlog-1957) The sva directive is not sensitive to a clock. Unclocked directives are not supported.
** Error: prueba.sv(26): (vlog-2730) Undefined variable: 'clk'.
** Error (suppressible): prueba.sv(28): (vlog-1957) The sva directive is not sensitive to a clock. Unclocked directives are not supported.
** Error: prueba.sv(11): (vlog-2730) Undefined variable: 'clk'.",6.41407322883606,2505,405
"module case6(input logic [1:0] state, output logic [2:0] light);
    always_comb begin
        case(state)
            2'b00: light = 3'b100; // Red
            2'b01: light = 3'b010; // Yellow
            2'b10: light = 3'b001; // Green
            default: light = 3'b100;
        endcase
    end
endmodule
","property p_light_state00_assign;
    @(posedge clk) (state == 2'b00) |-> (light == 3'b100);
endproperty
assert property (p_light_state00_assign);

property p_light_state01_assign;
    @(posedge clk) (state == 2'b01) |-> (light == 3'b010);
endproperty
assert property (p_light_state01_assign);

property p_light_state10_assign;
    @(posedge clk) (state == 2'b10) |-> (light == 3'b001);
endproperty
assert property (p_light_state10_assign);

property p_light_default_assign;
    @(posedge clk) (state != 2'b00 && state != 2'b01 && state != 2'b10) |-> (light == 3'b100);
endproperty
assert property (p_light_default_assign);","** Error: prueba.sv(9): (vlog-2730) Undefined variable: 'clk'.
** Error (suppressible): prueba.sv(11): (vlog-1957) The sva directive is not sensitive to a clock. Unclocked directives are not supported.
** Error: prueba.sv(14): (vlog-2730) Undefined variable: 'clk'.
** Error (suppressible): prueba.sv(16): (vlog-1957) The sva directive is not sensitive to a clock. Unclocked directives are not supported.
** Error: prueba.sv(19): (vlog-2730) Undefined variable: 'clk'.
** Error (suppressible): prueba.sv(21): (vlog-1957) The sva directive is not sensitive to a clock. Unclocked directives are not supported.
** Error: prueba.sv(24): (vlog-2730) Undefined variable: 'clk'.
** Error (suppressible): prueba.sv(26): (vlog-1957) The sva directive is not sensitive to a clock. Unclocked directives are not supported.
** Error: prueba.sv(9): (vlog-2730) Undefined variable: 'clk'.",4.357556104660034,2520,260
"module case8(input logic [3:0] in, output logic [1:0] out);
    always_comb begin
        case(in)
            4'b0001: out = 2'b00;
            4'b0010: out = 2'b01;
            4'b0100: out = 2'b10;
            4'b1000: out = 2'b11;
            default: out = 2'b00;
        endcase
    end
endmodule
","property p_out_00_assign;
    @(posedge clk) (in == 4'b0001) |-> (out == 2'b00);
endproperty
assert property (p_out_00_assign);

property p_out_01_assign;
    @(posedge clk) (in == 4'b0010) |-> (out == 2'b01);
endproperty
assert property (p_out_01_assign);

property p_out_10_assign;
    @(posedge clk) (in == 4'b0100) |-> (out == 2'b10);
endproperty
assert property (p_out_10_assign);

property p_out_11_assign;
    @(posedge clk) (in == 4'b1000) |-> (out == 2'b11);
endproperty
assert property (p_out_11_assign);

property p_out_default_assign;
    @(posedge clk) (in != 4'b0001 && in != 4'b0010 && in != 4'b0100 && in != 4'b1000) |-> (out == 2'b00);
endproperty
assert property (p_out_default_assign);","** Error: prueba.sv(9): (vlog-2730) Undefined variable: 'clk'.
** Error (suppressible): prueba.sv(11): (vlog-1957) The sva directive is not sensitive to a clock. Unclocked directives are not supported.
** Error: prueba.sv(14): (vlog-2730) Undefined variable: 'clk'.
** Error (suppressible): prueba.sv(16): (vlog-1957) The sva directive is not sensitive to a clock. Unclocked directives are not supported.
** Error: prueba.sv(19): (vlog-2730) Undefined variable: 'clk'.
** Error (suppressible): prueba.sv(21): (vlog-1957) The sva directive is not sensitive to a clock. Unclocked directives are not supported.
** Error: prueba.sv(24): (vlog-2730) Undefined variable: 'clk'.
** Error (suppressible): prueba.sv(26): (vlog-1957) The sva directive is not sensitive to a clock. Unclocked directives are not supported.
** Error: prueba.sv(29): (vlog-2730) Undefined variable: 'clk'.
** Error (suppressible): prueba.sv(31): (vlog-1957) The sva directive is not sensitive to a clock. Unclocked directives are not supported.
** Error: prueba.sv(9): (vlog-2730) Undefined variable: 'clk'.",5.441035032272339,2538,332
"module case9(input logic [3:0] digit, output logic [6:0] seg);
    always_comb begin
        case(digit)
            4'd0: seg = 7'b0111111;
            4'd1: seg = 7'b0000110;
            4'd2: seg = 7'b1011011;
            4'd3: seg = 7'b1001111;
            4'd4: seg = 7'b1100110;
            4'd5: seg = 7'b1101101;
            4'd6: seg = 7'b1111101;
            4'd7: seg = 7'b0000111;
            4'd8: seg = 7'b1111111;
            4'd9: seg = 7'b1101111;
            default: seg = 7'b0000000;
        endcase
    end
endmodule
","property p_seg_digit_0_assign;
    @(posedge clk) (digit == 4'd0) |-> (seg == 7'b0111111);
endproperty
assert property (p_seg_digit_0_assign);

property p_seg_digit_1_assign;
    @(posedge clk) (digit == 4'd1) |-> (seg == 7'b0000110);
endproperty
assert property (p_seg_digit_1_assign);

property p_seg_digit_2_assign;
    @(posedge clk) (digit == 4'd2) |-> (seg == 7'b1011011);
endproperty
assert property (p_seg_digit_2_assign);

property p_seg_digit_3_assign;
    @(posedge clk) (digit == 4'd3) |-> (seg == 7'b1001111);
endproperty
assert property (p_seg_digit_3_assign);

property p_seg_digit_4_assign;
    @(posedge clk) (digit == 4'd4) |-> (seg == 7'b1100110);
endproperty
assert property (p_seg_digit_4_assign);

property p_seg_digit_5_assign;
    @(posedge clk) (digit == 4'd5) |-> (seg == 7'b1101101);
endproperty
assert property (p_seg_digit_5_assign);

property p_seg_digit_6_assign;
    @(posedge clk) (digit == 4'd6) |-> (seg == 7'b1111101);
endproperty
assert property (p_seg_digit_6_assign);

property p_seg_digit_7_assign;
    @(posedge clk) (digit == 4'd7) |-> (seg == 7'b0000111);
endproperty
assert property (p_seg_digit_7_assign);

property p_seg_digit_8_assign;
    @(posedge clk) (digit == 4'd8) |-> (seg == 7'b1111111);
endproperty
assert property (p_seg_digit_8_assign);

property p_seg_digit_9_assign;
    @(posedge clk) (digit == 4'd9) |-> (seg == 7'b1101111);
endproperty
assert property (p_seg_digit_9_assign);

property p_seg_default_assign;
    @(posedge clk) (digit != 4'd0 && digit != 4'd1 && digit != 4'd2 && digit != 4'd3 && digit != 4'd4 && digit != 4'd5 && digit != 4'd6 && digit != 4'd7 && digit != 4'd8 && digit != 4'd9) |-> (seg == 7'b0000000);
endproperty
assert property (p_seg_default_assign);","** Error: prueba.sv(9): (vlog-2730) Undefined variable: 'clk'.
** Error (suppressible): prueba.sv(11): (vlog-1957) The sva directive is not sensitive to a clock. Unclocked directives are not supported.
** Error: prueba.sv(14): (vlog-2730) Undefined variable: 'clk'.
** Error (suppressible): prueba.sv(16): (vlog-1957) The sva directive is not sensitive to a clock. Unclocked directives are not supported.
** Error: prueba.sv(19): (vlog-2730) Undefined variable: 'clk'.
** Error (suppressible): prueba.sv(21): (vlog-1957) The sva directive is not sensitive to a clock. Unclocked directives are not supported.
** Error: prueba.sv(24): (vlog-2730) Undefined variable: 'clk'.
** Error (suppressible): prueba.sv(26): (vlog-1957) The sva directive is not sensitive to a clock. Unclocked directives are not supported.
** Error: prueba.sv(29): (vlog-2730) Undefined variable: 'clk'.
** Error (suppressible): prueba.sv(31): (vlog-1957) The sva directive is not sensitive to a clock. Unclocked directives are not supported.
** Error: prueba.sv(34): (vlog-2730) Undefined variable: 'clk'.
** Error (suppressible): prueba.sv(36): (vlog-1957) The sva directive is not sensitive to a clock. Unclocked directives are not supported.
** Error: prueba.sv(39): (vlog-2730) Undefined variable: 'clk'.
** Error (suppressible): prueba.sv(41): (vlog-1957) The sva directive is not sensitive to a clock. Unclocked directives are not supported.
** Error: prueba.sv(44): (vlog-2730) Undefined variable: 'clk'.
** Error (suppressible): prueba.sv(46): (vlog-1957) The sva directive is not sensitive to a clock. Unclocked directives are not supported.
** Error: prueba.sv(49): (vlog-2730) Undefined variable: 'clk'.
** Error (suppressible): prueba.sv(51): (vlog-1957) The sva directive is not sensitive to a clock. Unclocked directives are not supported.
** Error: prueba.sv(54): (vlog-2730) Undefined variable: 'clk'.
** Error (suppressible): prueba.sv(56): (vlog-1957) The sva directive is not sensitive to a clock. Unclocked directives are not supported.
** Error: prueba.sv(59): (vlog-2730) Undefined variable: 'clk'.
** Error (suppressible): prueba.sv(61): (vlog-1957) The sva directive is not sensitive to a clock. Unclocked directives are not supported.
** Error: prueba.sv(9): (vlog-2730) Undefined variable: 'clk'.",12.74917221069336,2677,767
"module case10(input logic [2:0] pattern, output logic match);
    always_comb begin
        case(pattern)
            3'b101: match = 1;
            3'b010: match = 1;
            3'b111: match = 0;
            default: match = 0;
        endcase
    end
endmodule
","property p_match_101;
    @(posedge clk) (pattern == 3'b101) |-> (match == 1);
endproperty
assert property (p_match_101);

property p_match_010;
    @(posedge clk) (pattern == 3'b010) |-> (match == 1);
endproperty
assert property (p_match_010);

property p_match_111;
    @(posedge clk) (pattern == 3'b111) |-> (match == 0);
endproperty
assert property (p_match_111);

property p_match_default;
    @(posedge clk) (pattern != 3'b101 && pattern != 3'b010 && pattern != 3'b111) |-> (match == 0);
endproperty
assert property (p_match_default);","** Error: prueba.sv(9): (vlog-2730) Undefined variable: 'clk'.
** Error (suppressible): prueba.sv(11): (vlog-1957) The sva directive is not sensitive to a clock. Unclocked directives are not supported.
** Error: prueba.sv(14): (vlog-2730) Undefined variable: 'clk'.
** Error (suppressible): prueba.sv(16): (vlog-1957) The sva directive is not sensitive to a clock. Unclocked directives are not supported.
** Error: prueba.sv(19): (vlog-2730) Undefined variable: 'clk'.
** Error (suppressible): prueba.sv(21): (vlog-1957) The sva directive is not sensitive to a clock. Unclocked directives are not supported.
** Error: prueba.sv(24): (vlog-2730) Undefined variable: 'clk'.
** Error (suppressible): prueba.sv(26): (vlog-1957) The sva directive is not sensitive to a clock. Unclocked directives are not supported.
** Error: prueba.sv(9): (vlog-2730) Undefined variable: 'clk'.",3.746546983718872,2500,230
"module case11(input logic toggle, output logic state);
    always_comb begin
        case(toggle)
            1'b0: state = 0;
            1'b1: state = 1;
        endcase
    end
endmodule
","property p_state_assign_0;
    @(posedge clk) (toggle == 1'b0) |-> (state == 0);
endproperty
assert property (p_state_assign_0);

property p_state_assign_1;
    @(posedge clk) (toggle == 1'b1) |-> (state == 1);
endproperty
assert property (p_state_assign_1);","** Error: prueba.sv(9): (vlog-2730) Undefined variable: 'clk'.
** Error (suppressible): prueba.sv(11): (vlog-1957) The sva directive is not sensitive to a clock. Unclocked directives are not supported.
** Error: prueba.sv(14): (vlog-2730) Undefined variable: 'clk'.
** Error (suppressible): prueba.sv(16): (vlog-1957) The sva directive is not sensitive to a clock. Unclocked directives are not supported.
** Error: prueba.sv(9): (vlog-2730) Undefined variable: 'clk'.",1.8143069744110107,2473,106
"module case12(input logic [2:0] in, output logic [7:0] out);
    always_comb begin
        case(in)
            3'b000: out = 8'b00000001;
            3'b001: out = 8'b00000010;
            3'b010: out = 8'b00000100;
            3'b011: out = 8'b00001000;
            3'b100: out = 8'b00010000;
            3'b101: out = 8'b00100000;
            3'b110: out = 8'b01000000;
            3'b111: out = 8'b10000000;
        endcase
    end
endmodule
","property p_out_assign_000;
    @(posedge clk) (in == 3'b000) |-> (out == 8'b00000001);
endproperty
assert property (p_out_assign_000);

property p_out_assign_001;
    @(posedge clk) (in == 3'b001) |-> (out == 8'b00000010);
endproperty
assert property (p_out_assign_001);

property p_out_assign_010;
    @(posedge clk) (in == 3'b010) |-> (out == 8'b00000100);
endproperty
assert property (p_out_assign_010);

property p_out_assign_011;
    @(posedge clk) (in == 3'b011) |-> (out == 8'b00001000);
endproperty
assert property (p_out_assign_011);

property p_out_assign_100;
    @(posedge clk) (in == 3'b100) |-> (out == 8'b00010000);
endproperty
assert property (p_out_assign_100);

property p_out_assign_101;
    @(posedge clk) (in == 3'b101) |-> (out == 8'b00100000);
endproperty
assert property (p_out_assign_101);

property p_out_assign_110;
    @(posedge clk) (in == 3'b110) |-> (out == 8'b01000000);
endproperty
assert property (p_out_assign_110);

property p_out_assign_111;
    @(posedge clk) (in == 3'b111) |-> (out == 8'b10000000);
endproperty
assert property (p_out_assign_111);","** Error: prueba.sv(9): (vlog-2730) Undefined variable: 'clk'.
** Error (suppressible): prueba.sv(11): (vlog-1957) The sva directive is not sensitive to a clock. Unclocked directives are not supported.
** Error: prueba.sv(14): (vlog-2730) Undefined variable: 'clk'.
** Error (suppressible): prueba.sv(16): (vlog-1957) The sva directive is not sensitive to a clock. Unclocked directives are not supported.
** Error: prueba.sv(19): (vlog-2730) Undefined variable: 'clk'.
** Error (suppressible): prueba.sv(21): (vlog-1957) The sva directive is not sensitive to a clock. Unclocked directives are not supported.
** Error: prueba.sv(24): (vlog-2730) Undefined variable: 'clk'.
** Error (suppressible): prueba.sv(26): (vlog-1957) The sva directive is not sensitive to a clock. Unclocked directives are not supported.
** Error: prueba.sv(29): (vlog-2730) Undefined variable: 'clk'.
** Error (suppressible): prueba.sv(31): (vlog-1957) The sva directive is not sensitive to a clock. Unclocked directives are not supported.
** Error: prueba.sv(34): (vlog-2730) Undefined variable: 'clk'.
** Error (suppressible): prueba.sv(36): (vlog-1957) The sva directive is not sensitive to a clock. Unclocked directives are not supported.
** Error: prueba.sv(39): (vlog-2730) Undefined variable: 'clk'.
** Error (suppressible): prueba.sv(41): (vlog-1957) The sva directive is not sensitive to a clock. Unclocked directives are not supported.
** Error: prueba.sv(44): (vlog-2730) Undefined variable: 'clk'.
** Error (suppressible): prueba.sv(46): (vlog-1957) The sva directive is not sensitive to a clock. Unclocked directives are not supported.
** Error: prueba.sv(9): (vlog-2730) Undefined variable: 'clk'.",10.387094974517822,2641,624
"module case14(input logic [1:0] op, input logic [3:0] a, b, output logic [3:0] result);
    always_comb begin
        case(op)
            2'b00: result = a ^ b; // XOR
            2'b01: result = ~(a & b); // NAND
            2'b10: result = a | b; // OR
            2'b11: result = a & b; // AND
        endcase
    end
endmodule
","// Property for verifying the behavior of `result` based on `op`
property p_result_assignment;
    @(posedge clk) 
    (op == 2'b00) |-> (result == a ^ b);
endproperty
assert property (p_result_assignment) else $error(""Assertion failed: Property p_result_assignment"");

// Property for verifying the behavior of `result` based on `op`
property p_result_assignment2;
    @(posedge clk) 
    (op == 2'b01) |-> (result == ~(a & b));
endproperty
assert property (p_result_assignment2) else $error(""Assertion failed: Property p_result_assignment2"");

// Property for verifying the behavior of `result` based on `op`
property p_result_assignment3;
    @(posedge clk) 
    (op == 2'b10) |-> (result == a | b);
endproperty
assert property (p_result_assignment3) else $error(""Assertion failed: Property p_result_assignment3"");

// Property for verifying the behavior of `result` based on `op`
property p_result_assignment4;
    @(posedge clk) 
    (op == 2'b11) |-> (result == a & b);
endproperty
assert property (p_result_assignment4) else $error(""Assertion failed: Property p_result_assignment4"");","** Error: prueba.sv(10): (vlog-2730) Undefined variable: 'clk'.
** Error (suppressible): prueba.sv(13): (vlog-1957) The sva directive is not sensitive to a clock. Unclocked directives are not supported.
** Error: prueba.sv(17): (vlog-2730) Undefined variable: 'clk'.
** Error (suppressible): prueba.sv(20): (vlog-1957) The sva directive is not sensitive to a clock. Unclocked directives are not supported.
** Error: prueba.sv(24): (vlog-2730) Undefined variable: 'clk'.
** Error (suppressible): prueba.sv(27): (vlog-1957) The sva directive is not sensitive to a clock. Unclocked directives are not supported.
** Error: prueba.sv(31): (vlog-2730) Undefined variable: 'clk'.
** Error (suppressible): prueba.sv(34): (vlog-1957) The sva directive is not sensitive to a clock. Unclocked directives are not supported.
** Error: prueba.sv(10): (vlog-2730) Undefined variable: 'clk'.",6.736048221588135,2510,419
"module case15(input logic [3:0] num, output logic [1:0] mod3);
    always_comb begin
        case(num % 3)
            2'd0: mod3 = 2'b00;
            2'd1: mod3 = 2'b01;
            2'd2: mod3 = 2'b10;
        endcase
    end
endmodule
","property p_mod3_0_assign;
    @(posedge clk) (num % 3 == 0) |-> (mod3 == 2'b00);
endproperty
assert property (p_mod3_0_assign);

property p_mod3_1_assign;
    @(posedge clk) (num % 3 == 1) |-> (mod3 == 2'b01);
endproperty
assert property (p_mod3_1_assign);

property p_mod3_2_assign;
    @(posedge clk) (num % 3 == 2) |-> (mod3 == 2'b10);
endproperty
assert property (p_mod3_2_assign);","** Error: prueba.sv(9): (vlog-2730) Undefined variable: 'clk'.
** Error (suppressible): prueba.sv(11): (vlog-1957) The sva directive is not sensitive to a clock. Unclocked directives are not supported.
** Error: prueba.sv(14): (vlog-2730) Undefined variable: 'clk'.
** Error (suppressible): prueba.sv(16): (vlog-1957) The sva directive is not sensitive to a clock. Unclocked directives are not supported.
** Error: prueba.sv(19): (vlog-2730) Undefined variable: 'clk'.
** Error (suppressible): prueba.sv(21): (vlog-1957) The sva directive is not sensitive to a clock. Unclocked directives are not supported.
** Error: prueba.sv(9): (vlog-2730) Undefined variable: 'clk'.",2.9916605949401855,2503,177
"module case17(input logic [1:0] state, output logic [1:0] next);
    always_comb begin
        case(state)
            2'b00: next = 2'b01;
            2'b01: next = 2'b10;
            2'b10: next = 2'b11;
            2'b11: next = 2'b00;
            default: next = 2'b00; // safe default
        endcase
    end
endmodule
","property p_next_state_00;
    @(posedge clk) (state == 2'b00) |-> (next == 2'b01);
endproperty
assert property (p_next_state_00);

property p_next_state_01;
    @(posedge clk) (state == 2'b01) |-> (next == 2'b10);
endproperty
assert property (p_next_state_01);

property p_next_state_10;
    @(posedge clk) (state == 2'b10) |-> (next == 2'b11);
endproperty
assert property (p_next_state_10);

property p_next_state_11;
    @(posedge clk) (state == 2'b11) |-> (next == 2'b00);
endproperty
assert property (p_next_state_11);

property p_default_next_state;
    @(posedge clk) (state != 2'b00 && state != 2'b01 && state != 2'b10 && state != 2'b11) |-> (next == 2'b00);
endproperty
assert property (p_default_next_state);","** Error: prueba.sv(9): (vlog-2730) Undefined variable: 'clk'.
** Error (suppressible): prueba.sv(11): (vlog-1957) The sva directive is not sensitive to a clock. Unclocked directives are not supported.
** Error: prueba.sv(14): (vlog-2730) Undefined variable: 'clk'.
** Error (suppressible): prueba.sv(16): (vlog-1957) The sva directive is not sensitive to a clock. Unclocked directives are not supported.
** Error: prueba.sv(19): (vlog-2730) Undefined variable: 'clk'.
** Error (suppressible): prueba.sv(21): (vlog-1957) The sva directive is not sensitive to a clock. Unclocked directives are not supported.
** Error: prueba.sv(24): (vlog-2730) Undefined variable: 'clk'.
** Error (suppressible): prueba.sv(26): (vlog-1957) The sva directive is not sensitive to a clock. Unclocked directives are not supported.
** Error: prueba.sv(29): (vlog-2730) Undefined variable: 'clk'.
** Error (suppressible): prueba.sv(31): (vlog-1957) The sva directive is not sensitive to a clock. Unclocked directives are not supported.
** Error: prueba.sv(9): (vlog-2730) Undefined variable: 'clk'.",5.195850372314453,2531,316
"module case18(input logic [3:0] key, output logic [6:0] seg);
    always_comb begin
        case(key)
            4'd0: seg = 7'b0111111;
            4'd1: seg = 7'b0000110;
            4'd2: seg = 7'b1011011;
            4'd3: seg = 7'b1001111;
            default: seg = 7'b0000000;
        endcase
    end
endmodule
","// Properties for the case statement in always_comb block
property p_seg_0;
    @(posedge clk) (key == 4'd0) |-> (seg == 7'b0111111);
endproperty
assert property (p_seg_0) else $error(""Assertion failed for seg when key is 0"");

property p_seg_1;
    @(posedge clk) (key == 4'd1) |-> (seg == 7'b0000110);
endproperty
assert property (p_seg_1) else $error(""Assertion failed for seg when key is 1"");

property p_seg_2;
    @(posedge clk) (key == 4'd2) |-> (seg == 7'b1011011);
endproperty
assert property (p_seg_2) else $error(""Assertion failed for seg when key is 2"");

property p_seg_3;
    @(posedge clk) (key == 4'd3) |-> (seg == 7'b1001111);
endproperty
assert property (p_seg_3) else $error(""Assertion failed for seg when key is 3"");

property p_seg_default;
    @(posedge clk) (key != 4'd0 && key != 4'd1 && key != 4'd2 && key != 4'd3) |-> (seg == 7'b0000000);
endproperty
assert property (p_seg_default) else $error(""Assertion failed for seg when key is default"");","** Error: prueba.sv(10): (vlog-2730) Undefined variable: 'clk'.
** Error (suppressible): prueba.sv(12): (vlog-1957) The sva directive is not sensitive to a clock. Unclocked directives are not supported.
** Error: prueba.sv(15): (vlog-2730) Undefined variable: 'clk'.
** Error (suppressible): prueba.sv(17): (vlog-1957) The sva directive is not sensitive to a clock. Unclocked directives are not supported.
** Error: prueba.sv(20): (vlog-2730) Undefined variable: 'clk'.
** Error (suppressible): prueba.sv(22): (vlog-1957) The sva directive is not sensitive to a clock. Unclocked directives are not supported.
** Error: prueba.sv(25): (vlog-2730) Undefined variable: 'clk'.
** Error (suppressible): prueba.sv(27): (vlog-1957) The sva directive is not sensitive to a clock. Unclocked directives are not supported.
** Error: prueba.sv(30): (vlog-2730) Undefined variable: 'clk'.
** Error (suppressible): prueba.sv(32): (vlog-1957) The sva directive is not sensitive to a clock. Unclocked directives are not supported.
** Error: prueba.sv(10): (vlog-2730) Undefined variable: 'clk'.",7.54426646232605,2551,466
"module case21(input logic [1:0] counter, input logic reset, output logic [1:0] next_count);
    always_comb begin
        case({reset, counter})
            3'b100: next_count = 2'b00; // reset active
            3'b000: next_count = 2'b01;
            3'b001: next_count = 2'b10;
            3'b010: next_count = 2'b11;
            3'b011: next_count = 2'b00;
            default: next_count = 2'b00;
        endcase
    end
endmodule
","property p_next_count_reset;
    @(posedge clk) (reset == 1 && counter == 3'b100) |-> (next_count == 2'b00);
endproperty
assert property (p_next_count_reset);

property p_next_count_idle;
    @(posedge clk) (reset == 0 && counter == 3'b000) |-> (next_count == 2'b01);
endproperty
assert property (p_next_count_idle);

property p_next_count_run1;
    @(posedge clk) (reset == 0 && counter == 3'b001) |-> (next_count == 2'b10);
endproperty
assert property (p_next_count_run1);

property p_next_count_run2;
    @(posedge clk) (reset == 0 && counter == 3'b010) |-> (next_count == 2'b11);
endproperty
assert property (p_next_count_run2);

property p_next_count_run3;
    @(posedge clk) (reset == 0 && counter == 3'b011) |-> (next_count == 2'b00);
endproperty
assert property (p_next_count_run3);

property p_next_count_default;
    @(posedge clk) (reset != 1 && reset != 0) |-> (next_count == 2'b00);
endproperty
assert property (p_next_count_default);","** Error: prueba.sv(9): (vlog-2730) Undefined variable: 'clk'.
** Error (suppressible): prueba.sv(11): (vlog-1957) The sva directive is not sensitive to a clock. Unclocked directives are not supported.
** Error: prueba.sv(14): (vlog-2730) Undefined variable: 'clk'.
** Error (suppressible): prueba.sv(16): (vlog-1957) The sva directive is not sensitive to a clock. Unclocked directives are not supported.
** Error: prueba.sv(19): (vlog-2730) Undefined variable: 'clk'.
** Error (suppressible): prueba.sv(21): (vlog-1957) The sva directive is not sensitive to a clock. Unclocked directives are not supported.
** Error: prueba.sv(24): (vlog-2730) Undefined variable: 'clk'.
** Error (suppressible): prueba.sv(26): (vlog-1957) The sva directive is not sensitive to a clock. Unclocked directives are not supported.
** Error: prueba.sv(29): (vlog-2730) Undefined variable: 'clk'.
** Error (suppressible): prueba.sv(31): (vlog-1957) The sva directive is not sensitive to a clock. Unclocked directives are not supported.
** Error: prueba.sv(34): (vlog-2730) Undefined variable: 'clk'.
** Error (suppressible): prueba.sv(36): (vlog-1957) The sva directive is not sensitive to a clock. Unclocked directives are not supported.
** Error: prueba.sv(9): (vlog-2730) Undefined variable: 'clk'.",6.367397308349609,2567,385
"module case27(input logic [3:0] temp, output logic warning);
    always_comb begin
        case(temp)
            4'd0, 4'd1, 4'd2, 4'd3, 4'd4, 4'd5: warning = 0;
            4'd6, 4'd7, 4'd8, 4'd9, 4'd10: warning = 1;
            default: warning = 0;
        endcase
    end
endmodule
","property p_warning_low_range;
    @(posedge clk) (temp >= 4'd0 && temp <= 4'd5) |-> (warning == 0);
endproperty
assert property (p_warning_low_range) else $error(""Assertion failed: warning not set to 0 for low range"");

property p_warning_high_range;
    @(posedge clk) (temp >= 4'd6 && temp <= 4'd10) |-> (warning == 1);
endproperty
assert property (p_warning_high_range) else $error(""Assertion failed: warning not set to 1 for high range"");

property p_default_case;
    @(posedge clk) ((temp < 4'd0 || temp > 4'd10)) |-> (warning == 0);
endproperty
assert property (p_default_case) else $error(""Assertion failed: warning not set to 0 for default case"");","** Error: prueba.sv(9): (vlog-2730) Undefined variable: 'clk'.
** Error (suppressible): prueba.sv(11): (vlog-1957) The sva directive is not sensitive to a clock. Unclocked directives are not supported.
** Error: prueba.sv(14): (vlog-2730) Undefined variable: 'clk'.
** Error (suppressible): prueba.sv(16): (vlog-1957) The sva directive is not sensitive to a clock. Unclocked directives are not supported.
** Error: prueba.sv(19): (vlog-2730) Undefined variable: 'clk'.
** Error (suppressible): prueba.sv(21): (vlog-1957) The sva directive is not sensitive to a clock. Unclocked directives are not supported.
** Error: prueba.sv(9): (vlog-2730) Undefined variable: 'clk'.",5.500001907348633,2537,335
"module case31(input logic [3:0] value, output logic flag);
    always_comb begin
        case(value)
            4'd1, 4'd3, 4'd5, 4'd7: flag = 1; // odd numbers
            default: flag = 0;
        endcase
    end
endmodule
","// Property to verify that flag is set when value matches any of the specified cases
property p_flag_set;
    @(posedge clk) (value == 4'd1 || value == 4'd3 || value == 4'd5 || value == 4'd7) |-> (flag == 1);
endproperty
assert property (p_flag_set) else $error(""Flag is not set correctly based on the case statement"");

// Property to verify that flag is reset when value does not match any of the specified cases
property p_flag_reset;
    @(posedge clk) !(value == 4'd1 || value == 4'd3 || value == 4'd5 || value == 4'd7) |-> (flag == 0);
endproperty
assert property (p_flag_reset) else $error(""Flag is not reset correctly based on the case statement"");","** Error: prueba.sv(10): (vlog-2730) Undefined variable: 'clk'.
** Error (suppressible): prueba.sv(12): (vlog-1957) The sva directive is not sensitive to a clock. Unclocked directives are not supported.
** Error: prueba.sv(16): (vlog-2730) Undefined variable: 'clk'.
** Error (suppressible): prueba.sv(18): (vlog-1957) The sva directive is not sensitive to a clock. Unclocked directives are not supported.
** Error: prueba.sv(10): (vlog-2730) Undefined variable: 'clk'.",4.598958492279053,2489,286
"module case32(input logic [3:0] temp, output logic warning);
    always_comb begin
        case(temp)
            4'd0: warning = 0;
            4'd1: warning = 0;
            4'd2: warning = 0;
            4'd3: warning = 0;
            4'd4, 4'd5, 4'd6: warning = 1; // range 4 to 6
            default: warning = 0;
        endcase
    end
endmodule
","property p_warning_assign_0;
    @(posedge clk) (temp == 4'd0 || temp == 4'd1 || temp == 4'd2 || temp == 4'd3) |-> (warning == 0);
endproperty
assert property (p_warning_assign_0);

property p_warning_assign_4to6;
    @(posedge clk) (temp == 4'd4 || temp == 4'd5 || temp == 4'd6) |-> (warning == 1);
endproperty
assert property (p_warning_assign_4to6);

property p_warning_default_assign;
    @(posedge clk) ((temp != 4'd0 && temp != 4'd1 && temp != 4'd2 && temp != 4'd3 && !(temp == 4'd4 || temp == 4'd5 || temp == 4'd6))) |-> (warning == 0);
endproperty
assert property (p_warning_default_assign);","** Error: prueba.sv(9): (vlog-2730) Undefined variable: 'clk'.
** Error (suppressible): prueba.sv(11): (vlog-1957) The sva directive is not sensitive to a clock. Unclocked directives are not supported.
** Error: prueba.sv(14): (vlog-2730) Undefined variable: 'clk'.
** Error (suppressible): prueba.sv(16): (vlog-1957) The sva directive is not sensitive to a clock. Unclocked directives are not supported.
** Error: prueba.sv(19): (vlog-2730) Undefined variable: 'clk'.
** Error (suppressible): prueba.sv(21): (vlog-1957) The sva directive is not sensitive to a clock. Unclocked directives are not supported.
** Error: prueba.sv(9): (vlog-2730) Undefined variable: 'clk'.",4.189423084259033,2531,249
"module case34(input logic [3:0] level, output logic alarm);
    always_comb begin
        case(level)
            4'd0, 4'd1, 4'd2: alarm = 0;   // safe range
            4'd3, 4'd4, 4'd5, 4'd6: alarm = 1; // warning range
            4'd7, 4'd8, 4'd9, 4'd10: alarm = 1; // critical range
            default: alarm = 0;
        endcase
    end
endmodule
","property p_alarm_low_level;
    @(posedge clk) (level >= 4'd0 && level <= 4'd2) |-> (alarm == 0);
endproperty
assert property (p_alarm_low_level);

property p_alarm_medium_levels;
    @(posedge clk) (level >= 4'd3 && level <= 4'd6) |-> (alarm == 1);
endproperty
assert property (p_alarm_medium_levels);

property p_alarm_high_levels;
    @(posedge clk) (level >= 4'd7 && level <= 4'd10) |-> (alarm == 1);
endproperty
assert property (p_alarm_high_levels);

property p_alarm_default;
    @(posedge clk) ((level < 4'd0 || level > 4'd10) && level != 4'bx && level != 4'bz) |-> (alarm == 0);
endproperty
assert property (p_alarm_default);","** Error: prueba.sv(9): (vlog-2730) Undefined variable: 'clk'.
** Error (suppressible): prueba.sv(11): (vlog-1957) The sva directive is not sensitive to a clock. Unclocked directives are not supported.
** Error: prueba.sv(14): (vlog-2730) Undefined variable: 'clk'.
** Error (suppressible): prueba.sv(16): (vlog-1957) The sva directive is not sensitive to a clock. Unclocked directives are not supported.
** Error: prueba.sv(19): (vlog-2730) Undefined variable: 'clk'.
** Error (suppressible): prueba.sv(21): (vlog-1957) The sva directive is not sensitive to a clock. Unclocked directives are not supported.
** Error: prueba.sv(24): (vlog-2730) Undefined variable: 'clk'.
** Error (suppressible): prueba.sv(26): (vlog-1957) The sva directive is not sensitive to a clock. Unclocked directives are not supported.
** Error: prueba.sv(9): (vlog-2730) Undefined variable: 'clk'.",5.746869325637817,2546,351
"module case35(input logic [3:0] digit, output logic display);
    always_comb begin
        case(digit)
            4'd0, 4'd2, 4'd4, 4'd6, 4'd8: display = 1; // even numbers
            4'd1, 4'd3, 4'd5, 4'd7, 4'd9: display = 0; // odd numbers
            default: display = 0;
        endcase
    end
endmodule
","property p_display_even_assign;
    @(posedge clk) (digit inside {4'd0, 4'd2, 4'd4, 4'd6, 4'd8}) |-> (display == 1);
endproperty
assert property (p_display_even_assign);

property p_display_odd_assign;
    @(posedge clk) (digit inside {4'd1, 4'd3, 4'd5, 4'd7, 4'd9}) |-> (display == 0);
endproperty
assert property (p_display_odd_assign);

property p_default_display_assign;
    @(posedge clk) (!((digit inside {4'd0, 4'd2, 4'd4, 4'd6, 4'd8}) || (digit inside {4'd1, 4'd3, 4'd5, 4'd7, 4'd9}))) |-> (display == 0);
endproperty
assert property (p_default_display_assign);","** Error: prueba.sv(9): (vlog-2730) Undefined variable: 'clk'.
** Error (suppressible): prueba.sv(11): (vlog-1957) The sva directive is not sensitive to a clock. Unclocked directives are not supported.
** Error: prueba.sv(14): (vlog-2730) Undefined variable: 'clk'.
** Error (suppressible): prueba.sv(16): (vlog-1957) The sva directive is not sensitive to a clock. Unclocked directives are not supported.
** Error: prueba.sv(19): (vlog-2730) Undefined variable: 'clk'.
** Error (suppressible): prueba.sv(21): (vlog-1957) The sva directive is not sensitive to a clock. Unclocked directives are not supported.
** Error: prueba.sv(9): (vlog-2730) Undefined variable: 'clk'.",4.387871742248535,2532,264
"module case40(input logic [3:0] req, output logic [1:0] grant);
    always_comb begin
        case(req)
            4'd1, 4'd2: grant = 2'b00; // low priority
            4'd3, 4'd4, 4'd5: grant = 2'b01; // medium priority
            4'd6, 4'd7: grant = 2'b10; // high priority
            4'd8, 4'd9: grant = 2'b11; // highest priority
            default: grant = 2'b00;
        endcase
    end
endmodule
","// Properties for always_comb block with case statement
property p_grant_1;
    @(posedge clk) (req == 4'd1 || req == 4'd2) |-> (grant == 2'b00);
endproperty
assert property (p_grant_1) else $error(""Assertion failed: grant not assigned correctly for req = 1 or req = 2"");

property p_grant_3;
    @(posedge clk) (req == 4'd3 || req == 4'd4 || req == 4'd5) |-> (grant == 2'b01);
endproperty
assert property (p_grant_3) else $error(""Assertion failed: grant not assigned correctly for req = 3, 4 or 5"");

property p_grant_6;
    @(posedge clk) (req == 4'd6 || req == 4'd7) |-> (grant == 2'b10);
endproperty
assert property (p_grant_6) else $error(""Assertion failed: grant not assigned correctly for req = 6 or req = 7"");

property p_grant_8;
    @(posedge clk) (req == 4'd8 || req == 4'd9) |-> (grant == 2'b11);
endproperty
assert property (p_grant_8) else $error(""Assertion failed: grant not assigned correctly for req = 8 or req = 9"");

property p_grant_default;
    @(posedge clk) (req != 4'd1 && req != 4'd2 && req != 4'd3 && req != 4'd4 && req != 4'd5 && req != 4'd6 && req != 4'd7 && req != 4'd8 && req != 4'd9) |-> (grant == 2'b00);
endproperty
assert property (p_grant_default) else $error(""Assertion failed: grant not assigned correctly for default case"");","** Error: prueba.sv(10): (vlog-2730) Undefined variable: 'clk'.
** Error (suppressible): prueba.sv(12): (vlog-1957) The sva directive is not sensitive to a clock. Unclocked directives are not supported.
** Error: prueba.sv(15): (vlog-2730) Undefined variable: 'clk'.
** Error (suppressible): prueba.sv(17): (vlog-1957) The sva directive is not sensitive to a clock. Unclocked directives are not supported.
** Error: prueba.sv(20): (vlog-2730) Undefined variable: 'clk'.
** Error (suppressible): prueba.sv(22): (vlog-1957) The sva directive is not sensitive to a clock. Unclocked directives are not supported.
** Error: prueba.sv(25): (vlog-2730) Undefined variable: 'clk'.
** Error (suppressible): prueba.sv(27): (vlog-1957) The sva directive is not sensitive to a clock. Unclocked directives are not supported.
** Error: prueba.sv(30): (vlog-2730) Undefined variable: 'clk'.
** Error (suppressible): prueba.sv(32): (vlog-1957) The sva directive is not sensitive to a clock. Unclocked directives are not supported.
** Error: prueba.sv(10): (vlog-2730) Undefined variable: 'clk'.",9.315882205963135,2560,578
"module case41(input int temp, output logic warning);
    always_comb begin
        case(temp)
            0:10: warning = 0;   // safe
            11:20: warning = 1;  // moderate
            21:30: warning = 1;  // high
            default: warning = 1; // out of range
        endcase
    end
Endmodule","property p_warning_low_assign;
    @(posedge clk) (temp >= 0 && temp <= 10) |-> (warning == 0);
endproperty
assert property (p_warning_low_assign);

property p_warning_mid_assign;
    @(posedge clk) (temp >= 11 && temp <= 20) |-> (warning == 1);
endproperty
assert property (p_warning_mid_assign);

property p_warning_high_assign;
    @(posedge clk) (temp >= 21 && temp <= 30) |-> (warning == 1);
endproperty
assert property (p_warning_high_assign);

property p_warning_default_assign;
    @(posedge clk) (temp < 0 || temp > 30) |-> (warning == 1);
endproperty
assert property (p_warning_default_assign);","** Error: (vlog-13069) prueba.sv(8): near ""property"": syntax error, unexpected ""SystemVerilog keyword 'property'"".
** Error: prueba.sv(4): (vlog-13205) Syntax error found in the scope following 'Endmodule'. Is there a missing '::'?",3.6157453060150146,2500,220
"module case42(input int score, output logic [1:0] grade);
    always_comb begin
        case(score)
            0:49: grade = 2'b00;   // F
            50:69: grade = 2'b01;  // D-C
            70:89: grade = 2'b10;  // B
            90:100: grade = 2'b11; // A
            default: grade = 2'b00; // invalid
        endcase
    end
endmodule
","property p_grade_assign_low;
    @(posedge clk) (score >= 0 && score <= 49) |-> (grade == 2'b00);
endproperty
assert property (p_grade_assign_low) else $error(""Assertion failed: Grade not assigned correctly for scores between 0 and 49"");

property p_grade_assign_mid;
    @(posedge clk) (score >= 50 && score <= 69) |-> (grade == 2'b01);
endproperty
assert property (p_grade_assign_mid) else $error(""Assertion failed: Grade not assigned correctly for scores between 50 and 69"");

property p_grade_assign_high;
    @(posedge clk) (score >= 70 && score <= 89) |-> (grade == 2'b10);
endproperty
assert property (p_grade_assign_high) else $error(""Assertion failed: Grade not assigned correctly for scores between 70 and 89"");

property p_grade_assign_top;
    @(posedge clk) (score >= 90 && score <= 100) |-> (grade == 2'b11);
endproperty
assert property (p_grade_assign_top) else $error(""Assertion failed: Grade not assigned correctly for scores between 90 and 100"");

property p_default_grade;
    @(posedge clk) !(score >= 0 && score <= 100) |-> (grade == 2'b00);
endproperty
assert property (p_default_grade) else $error(""Assertion failed: Default grade not assigned correctly for scores outside the range 0 to 100"");","** Error: prueba.sv(9): (vlog-2730) Undefined variable: 'clk'.
** Error (suppressible): prueba.sv(11): (vlog-1957) The sva directive is not sensitive to a clock. Unclocked directives are not supported.
** Error: prueba.sv(14): (vlog-2730) Undefined variable: 'clk'.
** Error (suppressible): prueba.sv(16): (vlog-1957) The sva directive is not sensitive to a clock. Unclocked directives are not supported.
** Error: prueba.sv(19): (vlog-2730) Undefined variable: 'clk'.
** Error (suppressible): prueba.sv(21): (vlog-1957) The sva directive is not sensitive to a clock. Unclocked directives are not supported.
** Error: prueba.sv(24): (vlog-2730) Undefined variable: 'clk'.
** Error (suppressible): prueba.sv(26): (vlog-1957) The sva directive is not sensitive to a clock. Unclocked directives are not supported.
** Error: prueba.sv(29): (vlog-2730) Undefined variable: 'clk'.
** Error (suppressible): prueba.sv(31): (vlog-1957) The sva directive is not sensitive to a clock. Unclocked directives are not supported.
** Error: prueba.sv(9): (vlog-2730) Undefined variable: 'clk'.",6.553272485733032,2535,405
"module case43(input int temp, output logic [1:0] fan_speed);
    always_comb begin
        case(temp)
            0:25: fan_speed = 0;   // off
            26:50: fan_speed = 1;  // low
            51:75: fan_speed = 2;  // medium
            76:100: fan_speed = 3; // high
            default: fan_speed = 0;
        endcase
    end
endmodule
","property p_fan_speed_assign_low;
    @(posedge clk) (temp >= 0 && temp <= 25) |-> (fan_speed == 0);
endproperty
assert property (p_fan_speed_assign_low);

property p_fan_speed_assign_mid;
    @(posedge clk) (temp >= 26 && temp <= 50) |-> (fan_speed == 1);
endproperty
assert property (p_fan_speed_assign_mid);

property p_fan_speed_assign_high;
    @(posedge clk) (temp >= 51 && temp <= 75) |-> (fan_speed == 2);
endproperty
assert property (p_fan_speed_assign_high);

property p_fan_speed_assign_full;
    @(posedge clk) (temp >= 76 && temp <= 100) |-> (fan_speed == 3);
endproperty
assert property (p_fan_speed_assign_full);

property p_fan_speed_default_assign;
    @(posedge clk) (temp < 0 || temp > 100) |-> (fan_speed == 0);
endproperty
assert property (p_fan_speed_default_assign);","** Error: prueba.sv(9): (vlog-2730) Undefined variable: 'clk'.
** Error (suppressible): prueba.sv(11): (vlog-1957) The sva directive is not sensitive to a clock. Unclocked directives are not supported.
** Error: prueba.sv(14): (vlog-2730) Undefined variable: 'clk'.
** Error (suppressible): prueba.sv(16): (vlog-1957) The sva directive is not sensitive to a clock. Unclocked directives are not supported.
** Error: prueba.sv(19): (vlog-2730) Undefined variable: 'clk'.
** Error (suppressible): prueba.sv(21): (vlog-1957) The sva directive is not sensitive to a clock. Unclocked directives are not supported.
** Error: prueba.sv(24): (vlog-2730) Undefined variable: 'clk'.
** Error (suppressible): prueba.sv(26): (vlog-1957) The sva directive is not sensitive to a clock. Unclocked directives are not supported.
** Error: prueba.sv(29): (vlog-2730) Undefined variable: 'clk'.
** Error (suppressible): prueba.sv(31): (vlog-1957) The sva directive is not sensitive to a clock. Unclocked directives are not supported.
** Error: prueba.sv(9): (vlog-2730) Undefined variable: 'clk'.",5.046871662139893,2524,306
"module case44(input int load, output logic [2:0] power);
    always_comb begin
        case(load)
            0:10: power = 3'b001;   // very low
            11:20: power = 3'b010;  // low
            21:50: power = 3'b100;  // medium
            51:100: power = 3'b111; // high
            default: power = 3'b000;
        endcase
    end
endmodule
","// Properties for always_comb block with case statement

property p_power_load_0_10;
    @(posedge clk) (load >= 0 && load <= 10) |-> (power == 3'b001);
endproperty
assert property (p_power_load_0_10) else $error(""Assertion failed: power should be 3'b001 when load is between 0 and 10"");

property p_power_load_11_20;
    @(posedge clk) (load >= 11 && load <= 20) |-> (power == 3'b010);
endproperty
assert property (p_power_load_11_20) else $error(""Assertion failed: power should be 3'b010 when load is between 11 and 20"");

property p_power_load_21_50;
    @(posedge clk) (load >= 21 && load <= 50) |-> (power == 3'b100);
endproperty
assert property (p_power_load_21_50) else $error(""Assertion failed: power should be 3'b100 when load is between 21 and 50"");

property p_power_load_51_100;
    @(posedge clk) (load >= 51 && load <= 100) |-> (power == 3'b111);
endproperty
assert property (p_power_load_51_100) else $error(""Assertion failed: power should be 3'b111 when load is between 51 and 100"");

property p_power_default;
    @(posedge clk) (load < 0 || load > 100) |-> (power == 3'b000);
endproperty
assert property (p_power_default) else $error(""Assertion failed: power should be 3'b000 when load is outside the specified ranges"");","** Error: prueba.sv(11): (vlog-2730) Undefined variable: 'clk'.
** Error (suppressible): prueba.sv(13): (vlog-1957) The sva directive is not sensitive to a clock. Unclocked directives are not supported.
** Error: prueba.sv(16): (vlog-2730) Undefined variable: 'clk'.
** Error (suppressible): prueba.sv(18): (vlog-1957) The sva directive is not sensitive to a clock. Unclocked directives are not supported.
** Error: prueba.sv(21): (vlog-2730) Undefined variable: 'clk'.
** Error (suppressible): prueba.sv(23): (vlog-1957) The sva directive is not sensitive to a clock. Unclocked directives are not supported.
** Error: prueba.sv(26): (vlog-2730) Undefined variable: 'clk'.
** Error (suppressible): prueba.sv(28): (vlog-1957) The sva directive is not sensitive to a clock. Unclocked directives are not supported.
** Error: prueba.sv(31): (vlog-2730) Undefined variable: 'clk'.
** Error (suppressible): prueba.sv(33): (vlog-1957) The sva directive is not sensitive to a clock. Unclocked directives are not supported.
** Error: prueba.sv(11): (vlog-2730) Undefined variable: 'clk'.",9.315886497497559,2539,582
"module case48(input int hp, output logic [1:0] status);
    always_comb begin
        case(hp)
            0:25: status = 2'b00;   // critical
            26:50: status = 2'b01;  // weak
            51:75: status = 2'b10;  // healthy
            76:100: status = 2'b11; // full
            default: status = 2'b00;
        endcase
    end
endmodule
","property p_status_assign_low;
    @(posedge clk) (hp >= 0 && hp <= 25) |-> (status == 2'b00);
endproperty
assert property (p_status_assign_low);

property p_status_assign_mid;
    @(posedge clk) (hp >= 26 && hp <= 50) |-> (status == 2'b01);
endproperty
assert property (p_status_assign_mid);

property p_status_assign_high;
    @(posedge clk) (hp >= 51 && hp <= 75) |-> (status == 2'b10);
endproperty
assert property (p_status_assign_high);

property p_status_assign_full;
    @(posedge clk) (hp >= 76 && hp <= 100) |-> (status == 2'b11);
endproperty
assert property (p_status_assign_full);

property p_status_default_assign;
    @(posedge clk) (hp < 0 || hp > 100) |-> (status == 2'b00);
endproperty
assert property (p_status_default_assign);","** Error: prueba.sv(9): (vlog-2730) Undefined variable: 'clk'.
** Error (suppressible): prueba.sv(11): (vlog-1957) The sva directive is not sensitive to a clock. Unclocked directives are not supported.
** Error: prueba.sv(14): (vlog-2730) Undefined variable: 'clk'.
** Error (suppressible): prueba.sv(16): (vlog-1957) The sva directive is not sensitive to a clock. Unclocked directives are not supported.
** Error: prueba.sv(19): (vlog-2730) Undefined variable: 'clk'.
** Error (suppressible): prueba.sv(21): (vlog-1957) The sva directive is not sensitive to a clock. Unclocked directives are not supported.
** Error: prueba.sv(24): (vlog-2730) Undefined variable: 'clk'.
** Error (suppressible): prueba.sv(26): (vlog-1957) The sva directive is not sensitive to a clock. Unclocked directives are not supported.
** Error: prueba.sv(29): (vlog-2730) Undefined variable: 'clk'.
** Error (suppressible): prueba.sv(31): (vlog-1957) The sva directive is not sensitive to a clock. Unclocked directives are not supported.
** Error: prueba.sv(9): (vlog-2730) Undefined variable: 'clk'.",4.9022839069366455,2534,296
"module fsm51(
    input logic clk, reset,
    output logic state_out
);
    typedef enum logic [0:0] {S0, S1} state_t;
    state_t state, next_state;

    // Next-state logic
    always_comb begin
        case(state)
            S0: next_state = S1;
            S1: next_state = S0;
            default: next_state = S0;
        endcase
    end

    // State register
    always_ff @(posedge clk or posedge reset) begin
        if(reset)
            state <= S0;
        else
            state <= next_state;
    end

    // Output logic (Moore)
    assign state_out = (state == S1);
endmodule
","// Properties for always_ff @(posedge clk or posedge reset) begin
//     if(reset)
//         state <= S0;
//     else
//         state <= next_state;
// end

property p_state_reset;
    @(posedge clk) disable iff (reset)
    (!reset && state == $past(next_state)) |-> (state == S0);
endproperty
assert property (p_state_reset) else $error(""Assertion failed: State did not reset to S0."");

// Properties for always_comb begin
//     case(state)
//         S0: next_state = S1;
//         S1: next_state = S0;
//         default: next_state = S0;
//     endcase
// end

property p_state_S0;
    @(posedge clk) (state == S0) |-> (next_state == S1);
endproperty
assert property (p_state_S0) else $error(""Assertion failed: next state is not S1 when in state S0."");

property p_state_S1;
    @(posedge clk) (state == S1) |-> (next_state == S0);
endproperty
assert property (p_state_S1) else $error(""Assertion failed: next state is not S0 when in state S1."");

property p_default_state;
    @(posedge clk) ((state != S0) && (state != S1)) |-> (next_state == S0);
endproperty
assert property (p_default_state) else $error(""Assertion failed: next state is not S0 for default states."");",OK,7.660754203796387,2525,474
"module fsm52(
    input logic clk, reset, in_bit,
    output logic detected
);
    typedef enum logic [1:0] {IDLE, S1, S2} state_t;
    state_t state, next_state;

    always_comb begin
        case(state)
            IDLE: next_state = (in_bit) ? S1 : IDLE;
            S1:   next_state = (in_bit) ? S2 : IDLE;
            S2:   next_state = (in_bit) ? S2 : IDLE;
            default: next_state = IDLE;
        endcase
    end

    always_ff @(posedge clk or posedge reset) begin
        if(reset) state <= IDLE;
        else state <= next_state;
    end

    assign detected = (state == S2);
endmodule
","// Property for state transition based on in_bit input
property p_state_transition;
    @(posedge clk) disable iff (reset) 
        ((state == IDLE && next_state == (in_bit ? S1 : IDLE)) ||
         (state == S1   && next_state == (in_bit ? S2 : IDLE)) ||
         (state == S2   && next_state == (in_bit ? S2 : IDLE))) |-> ##[1:2] ((state == IDLE) && (next_state == (in_bit ? S1 : IDLE)));
endproperty
assert property (p_state_transition);

// Property for state initialization check after reset
property p_reset_check;
    @(posedge clk) reset |=> (state == IDLE);
endproperty
assert property (p_reset_check);",OK,6.116402864456177,2562,372
"module fsm53(
    input logic clk, reset,
    output logic [2:0] light
);
    typedef enum logic [1:0] {RED, GREEN, YELLOW} state_t;
    state_t state, next_state;

    always_comb begin
        case(state)
            RED:    next_state = GREEN;
            GREEN:  next_state = YELLOW;
            YELLOW: next_state = RED;
            default: next_state = RED;
        endcase
    end

    always_ff @(posedge clk or posedge reset) begin
        if(reset) state <= RED;
        else state <= next_state;
    end

    always_comb begin
        case(state)
            RED: light = 3'b100;
            GREEN: light = 3'b001;
            YELLOW: light = 3'b010;
            default: light = 3'b100;
        endcase
    end
endmodule
","property p_state_reset;
    @(posedge clk) reset |-> (state == RED);
endproperty
assert property (p_state_reset);

property p_next_state_red;
    @(posedge clk or posedge reset) disable iff (reset) (state == RED) |-> (next_state == GREEN);
endproperty
assert property (p_next_state_red);

property p_next_state_green;
    @(posedge clk or posedge reset) disable iff (reset) (state == GREEN) |-> (next_state == YELLOW);
endproperty
assert property (p_next_state_green);

property p_next_state_yellow;
    @(posedge clk or posedge reset) disable iff (reset) (state == YELLOW) |-> (next_state == RED);
endproperty
assert property (p_next_state_yellow);

property p_default_next_state;
    @(posedge clk or posedge reset) disable iff (reset) (state != RED && state != GREEN && state != YELLOW) |-> (next_state == RED);
endproperty
assert property (p_default_next_state);

property p_light_red;
    @(posedge clk) (state == RED) |-> (light == 3'b100);
endproperty
assert property (p_light_red);

property p_light_green;
    @(posedge clk) (state == GREEN) |-> (light == 3'b001);
endproperty
assert property (p_light_green);

property p_light_yellow;
    @(posedge clk) (state == YELLOW) |-> (light == 3'b010);
endproperty
assert property (p_light_yellow);

property p_default_light;
    @(posedge clk) ((state != RED && state != GREEN && state != YELLOW)) |-> (light == 3'b100);
endproperty
assert property (p_default_light);",OK,7.9289586544036865,2607,481
"module fsm54(
    input logic clk, reset,
    output logic [1:0] count
);
    typedef enum logic [1:0] {C0, C1, C2, C3} state_t;
    state_t state, next_state;

    always_comb begin
        case(state)
            C0: next_state = C1;
            C1: next_state = C2;
            C2: next_state = C3;
            C3: next_state = C0;
            default: next_state = C0;
        endcase
    end

    always_ff @(posedge clk or posedge reset) begin
        if(reset) state <= C0;
        else state <= next_state;
    end

    assign count = state;
endmodule
","property p_reset_check;
    @(posedge clk) disable iff (reset)
    reset |-> (state == C0);
endproperty
assert property (p_reset_check) else $error(""Reset check failed"");

property p_state_update;
    @(posedge clk) disable iff (!rst_n)
    (state == $past(next_state));
endproperty
assert property (p_state_update) else $error(""State update check failed"");

always_comb begin
    case (state)
        C0: assert(next_state == C1);
        C1: assert(next_state == C2);
        C2: assert(next_state == C3);
        C3: assert(next_state == C0);
        default: assert(next_state == C0);
    endcase
end",** Error: prueba.sv(20): (vlog-2730) Undefined variable: 'rst_n'.,5.6091084480285645,2545,338
"module fsm55(
    input logic clk, reset, code_entered,
    output logic unlock
);
    typedef enum logic [1:0] {LOCKED, WAIT, UNLOCKED} state_t;
    state_t state, next_state;

    always_comb begin
        case(state)
            LOCKED: next_state = code_entered ? WAIT : LOCKED;
            WAIT:   next_state = code_entered ? UNLOCKED : LOCKED;
            UNLOCKED: next_state = LOCKED;
            default: next_state = LOCKED;
        endcase
    end

    always_ff @(posedge clk or posedge reset) begin
        if(reset) state <= LOCKED;
        else state <= next_state;
    end

    assign unlock = (state == UNLOCKED);
endmodule
","property p_reset_check;
    @(posedge clk) (reset == 1'b1) |-> (state == LOCKED);
endproperty
assert property (p_reset_check);

property p_next_state_assign;
    @(posedge clk or posedge reset) disable iff (reset)
    (state == $past(next_state));
endproperty
assert property (p_next_state_assign);

always_comb begin
    if (state == LOCKED && code_entered) assert(next_state == WAIT);
    else if (state == WAIT && code_entered) assert(next_state == UNLOCKED);
    else if (state == UNLOCKED && !code_entered) assert(next_state == LOCKED);
    else assert(next_state == LOCKED); // default case
end",OK,3.4357476234436035,2548,198
"module fsm56(
    input logic clk, reset, coin,
    output logic dispense
);
    typedef enum logic [1:0] {S0, S1, S2} state_t;
    state_t state, next_state;

    always_comb begin
        case(state)
            S0: next_state = coin ? S1 : S0;
            S1: next_state = coin ? S2 : S1;
            S2: next_state = S0;
            default: next_state = S0;
        endcase
    end

    always_ff @(posedge clk or posedge reset) begin
        if(reset) state <= S0;
        else state <= next_state;
    end

    assign dispense = (state == S2);
endmodule
","property p_reset_check;
    @(posedge clk) reset |-> (state == S0);
endproperty
assert property (p_reset_check);

property p_state_update;
    @(posedge clk) disable iff (reset)
    (state == $past(next_state));
endproperty
assert property (p_state_update);

property p_s0_to_s1;
    @(posedge clk) disable iff (reset)
    (state == S0 && coin) |=> (state == S1);
endproperty
assert property (p_s0_to_s1);

property p_s1_to_s2;
    @(posedge clk) disable iff (reset)
    (state == S1 && coin) |=> (state == S2);
endproperty
assert property (p_s1_to_s2);

property p_s2_to_s0;
    @(posedge clk) disable iff (reset)
    (state == S2) |=> (state == S0);
endproperty
assert property (p_s2_to_s0);

always_comb begin
    case(state)
        S0: assert((next_state == (coin ? S1 : S0)));
        S1: assert((next_state == (coin ? S2 : S1)));
        S2: assert((next_state == S0));
        default: assert((next_state == S0));
    endcase
end",OK,5.762263298034668,2543,353
"module fsm57(
    input logic clk, reset, start,
    output logic a, b
);
    typedef enum logic [1:0] {IDLE, STATE1, STATE2} state_t;
    state_t state, next_state;

    always_comb begin
        case(state)
            IDLE: next_state = start ? STATE1 : IDLE;
            STATE1: next_state = STATE2;
            STATE2: next_state = IDLE;
            default: next_state = IDLE;
        endcase
    end

    always_ff @(posedge clk or posedge reset) begin
        if(reset) state <= IDLE;
        else state <= next_state;
    end

    always_comb begin
        case(state)
            IDLE:   begin a=0; b=0; end
            STATE1: begin a=1; b=0; end
            STATE2: begin a=0; b=1; end
            default: begin a=0; b=0; end
        endcase
    end
endmodule
","property p_state_reset_check;
    @(posedge clk) (reset == 1'b1) |-> (state == IDLE);
endproperty
assert property (p_state_reset_check);

property p_next_state_idle_start;
    @(posedge clk or posedge reset) disable iff (reset)
    (state == IDLE) |-> ##1 (next_state == STATE1 && state == IDLE);
endproperty
assert property (p_next_state_idle_start);

property p_next_state_state1;
    @(posedge clk or posedge reset) disable iff (reset)
    (state == STATE1) |-> ##1 (next_state == STATE2 && state == STATE1);
endproperty
assert property (p_next_state_state1);

property p_next_state_state2;
    @(posedge clk or posedge reset) disable iff (reset)
    (state == STATE2) |-> ##1 (next_state == IDLE && state == STATE2);
endproperty
assert property (p_next_state_state2);

property p_default_state_idle;
    @(posedge clk or posedge reset) disable iff (reset)
    (state != IDLE && state != STATE1 && state != STATE2) |-> (next_state == IDLE);
endproperty
assert property (p_default_state_idle);

// Signals a and b assignments based on state
always_comb begin
    if (state == IDLE)   assert(a == 1'b0 && b == 1'b0);
    else if (state == STATE1) assert(a == 1'b1 && b == 1'b0);
    else if (state == STATE2) assert(a == 1'b0 && b == 1'b1);
end",OK,7.327169418334961,2616,438
"module fsm59(
    input logic clk, reset, trigger,
    output logic done
);
    typedef enum logic [1:0] {IDLE, BUSY, DONE} state_t;
    state_t state, next_state;
    logic [3:0] counter;

    always_comb begin
        case(state)
            IDLE:   next_state = trigger ? BUSY : IDLE;
            BUSY:   next_state = (counter==4'd10) ? DONE : BUSY;
            DONE:   next_state = IDLE;
            default: next_state = IDLE;
        endcase
    end

    always_ff @(posedge clk or posedge reset) begin
        if(reset) begin
            state <= IDLE;
            counter <= 0;
        end else begin
            state <= next_state;
            if(state==BUSY) counter <= counter+1;
            else counter <= 0;
        end
    end

    assign done = (state==DONE);
endmodule
","property p_reset_behavior;
    @(posedge clk) reset |-> (state == IDLE && counter == 0);
endproperty
assert property (p_reset_behavior);

property p_counter_increment;
    @(posedge clk) disable iff (reset) (state == BUSY) |-> ##[1:2] (counter == $past(counter + 1));
endproperty
assert property (p_counter_increment);

property p_counter_idle_zero;
    @(posedge clk) disable iff (reset) ((state != BUSY) && (next_state == IDLE)) |-> ##[0:1] (counter == 0);
endproperty
assert property (p_counter_idle_zero);

property p_trigger_busy;
    @(posedge clk) disable iff (reset) ((state == IDLE) && trigger) |-> ##[0:1] (state == BUSY);
endproperty
assert property (p_trigger_busy);

property p_counter_done;
    @(posedge clk) disable iff (reset) ((state == BUSY) && (counter == 4'd10)) |-> ##[0:1] (state == DONE);
endproperty
assert property (p_counter_done);

always_comb begin
    case(state)
        IDLE:   assert((next_state == BUSY && trigger) || next_state == IDLE);
        BUSY:   assert((next_state == DONE && counter == 4'd10) || next_state == BUSY);
        DONE:   assert(next_state == IDLE);
        default: assert(next_state == IDLE); // Ensures state doesn't enter an undefined encoding
    endcase
end",OK,7.152326345443726,2594,432
"module fsm60(
    input logic clk, reset, in_bit,
    output logic detected
);
    typedef enum logic [1:0] {S0, S1, S2} state_t;
    state_t state, next_state;

    always_comb begin
        case(state)
            S0: next_state = in_bit ? S1 : S0;
            S1: next_state = in_bit ? S2 : S0;
            S2: next_state = in_bit ? S2 : S0;
            default: next_state = S0;
        endcase
    end

    always_ff @(posedge clk or posedge reset) begin
        if(reset) state <= S0;
        else state <= next_state;
    end

    always_comb begin
        case({state, in_bit})
            {S2,1'b0}: detected = 1; // pattern detected
            default: detected = 0;
        endcase
    end
endmodule
","// Property for state machine behavior based on reset and clock
property p_state_reset;
    @(posedge clk or posedge reset) disable iff (reset)  // Ensure reset takes precedence if both events occur simultaneously
    (reset && $past(1'b0)) |-> (state == S0);  // State should be S0 after a reset event
endproperty
assert property (p_state_reset) else $error(""State not initialized to S0 upon reset"");

// Property for state transition logic based on in_bit input
property p_next_state;
    @(posedge clk) disable iff (!reset)  // Ensure normal operation unless reset is asserted
    (state == S0 && in_bit) |-> (next_state == S1);  // Transition from S0 to S1 if in_bit is true
endproperty
assert property (p_next_state) else $error(""Incorrect next state for S0 when in_bit is true"");

// Property for another transition based on state and in_bit
property p_another_transition;
    @(posedge clk) disable iff (!reset)  // Ensure normal operation unless reset is asserted
    (state == S1 && in_bit) |-> (next_state == S2);  // Transition from S1 to S2 if in_bit is true
endproperty
assert property (p_another_transition) else $error(""Incorrect next state for S1 when in_bit is true"");

// Property for handling the default case and its effect on detection signal
property p_default_state;
    @(posedge clk) disable iff (!reset)  // Ensure normal operation unless reset is asserted
    (state == S2 && !in_bit) |-> (detected == 0);  // Detection should be zero if state is S2 and in_bit is false
endproperty
assert property (p_default_state) else $error(""Detection signal not set to 0 for state S2 when in_bit is false"");

// Property for handling the default case for next_state logic
property p_default_next_state;
    @(posedge clk) disable iff (!reset)  // Ensure normal operation unless reset is asserted
    ((state != S0 && state != S1 && state != S2) || in_bit) |-> (next_state == S0);  // Default next state should be S0 if not explicitly handled by other cases
endproperty
assert property (p_default_next_state) else $error(""Default next state is not set to S0 for unhandled states and conditions"");",OK,11.455910205841064,2602,700
"module case61(
    input logic sel,
    input logic a, b,
    output logic y
);
    always_comb begin
        case(sel)
            1'b0: y = a;
            1'b1: y = b;
        endcase
    end
endmodule
","property p_y_a_assign;
    @(posedge clk) (sel == 1'b0) |-> (y == a);
endproperty
assert property (p_y_a_assign);

property p_y_b_assign;
    @(posedge clk) (sel == 1'b1) |-> (y == b);
endproperty
assert property (p_y_b_assign);","** Error: prueba.sv(11): (vlog-2730) Undefined variable: 'clk'.
** Error (suppressible): prueba.sv(13): (vlog-1957) The sva directive is not sensitive to a clock. Unclocked directives are not supported.
** Error: prueba.sv(16): (vlog-2730) Undefined variable: 'clk'.
** Error (suppressible): prueba.sv(18): (vlog-1957) The sva directive is not sensitive to a clock. Unclocked directives are not supported.
** Error: prueba.sv(11): (vlog-2730) Undefined variable: 'clk'.",1.8298933506011963,2471,104
"module case62(
    input logic [1:0] sel,
    input logic [3:0] data,
    output logic y
);
    always_comb begin
        case(sel)
            2'b00: y = data[0];
            2'b01: y = data[1];
            2'b10: y = data[2];
            2'b11: y = data[3];
        endcase
    end
endmodule
","property p_y_data0_assign; 
    @(posedge clk) (sel == 2'b00) |-> (y == data[0]); 
endproperty 
assert property (p_y_data0_assign); 

property p_y_data1_assign; 
    @(posedge clk) (sel == 2'b01) |-> (y == data[1]); 
endproperty 
assert property (p_y_data1_assign); 

property p_y_data2_assign; 
    @(posedge clk) (sel == 2'b10) |-> (y == data[2]); 
endproperty 
assert property (p_y_data2_assign); 

property p_y_data3_assign; 
    @(posedge clk) (sel == 2'b11) |-> (y == data[3]); 
endproperty 
assert property (p_y_data3_assign);","** Error: prueba.sv(11): (vlog-2730) Undefined variable: 'clk'.
** Error (suppressible): prueba.sv(13): (vlog-1957) The sva directive is not sensitive to a clock. Unclocked directives are not supported.
** Error: prueba.sv(16): (vlog-2730) Undefined variable: 'clk'.
** Error (suppressible): prueba.sv(18): (vlog-1957) The sva directive is not sensitive to a clock. Unclocked directives are not supported.
** Error: prueba.sv(21): (vlog-2730) Undefined variable: 'clk'.
** Error (suppressible): prueba.sv(23): (vlog-1957) The sva directive is not sensitive to a clock. Unclocked directives are not supported.
** Error: prueba.sv(26): (vlog-2730) Undefined variable: 'clk'.
** Error (suppressible): prueba.sv(28): (vlog-1957) The sva directive is not sensitive to a clock. Unclocked directives are not supported.
** Error: prueba.sv(11): (vlog-2730) Undefined variable: 'clk'.",3.9874701499938965,2505,238
"module case63(
    input logic [1:0] op,
    input logic [3:0] a, b,
    output logic [3:0] result
);
    always_comb begin
        case(op)
            2'b00: result = a + b;
            2'b01: result = a - b;
            2'b10: result = a & b;
            2'b11: result = a | b;
        endcase
    End
endmodule
","case (sel) 
    2'b00: y = a; 
    2'b01: y = b; 
    2'b10: y = c; 
    default: y = d; 
endcase","** Error: prueba.sv(13): (vlog-2730) Undefined variable: 'End'.
** Error: (vlog-13069) prueba.sv(17): near ""case"": syntax error, unexpected case.",6.078603982925415,2432,398
"module case64(
    input logic [3:0] req,
    output logic [1:0] grant
);
    always_comb begin
        case(req)
            4'b0001: grant = 2'b00;
            4'b0010: grant = 2'b01;
            4'b0100: grant = 2'b10;
            4'b1000: grant = 2'b11;
            default: grant = 2'b00;
        endcase
    end
endmodule
","property p_grant_assign_0001;
    @(posedge clk) (req == 4'b0001) |-> (grant == 2'b00);
endproperty
assert property (p_grant_assign_0001);

property p_grant_assign_0010;
    @(posedge clk) (req == 4'b0010) |-> (grant == 2'b01);
endproperty
assert property (p_grant_assign_0010);

property p_grant_assign_0100;
    @(posedge clk) (req == 4'b0100) |-> (grant == 2'b10);
endproperty
assert property (p_grant_assign_0100);

property p_grant_assign_1000;
    @(posedge clk) (req == 4'b1000) |-> (grant == 2'b11);
endproperty
assert property (p_grant_assign_1000);

property p_grant_default_assign;
    @(posedge clk) (req != 4'b0001 && req != 4'b0010 && req != 4'b0100 && req != 4'b1000) |-> (grant == 2'b00);
endproperty
assert property (p_grant_default_assign);","** Error: prueba.sv(10): (vlog-2730) Undefined variable: 'clk'.
** Error (suppressible): prueba.sv(12): (vlog-1957) The sva directive is not sensitive to a clock. Unclocked directives are not supported.
** Error: prueba.sv(15): (vlog-2730) Undefined variable: 'clk'.
** Error (suppressible): prueba.sv(17): (vlog-1957) The sva directive is not sensitive to a clock. Unclocked directives are not supported.
** Error: prueba.sv(20): (vlog-2730) Undefined variable: 'clk'.
** Error (suppressible): prueba.sv(22): (vlog-1957) The sva directive is not sensitive to a clock. Unclocked directives are not supported.
** Error: prueba.sv(25): (vlog-2730) Undefined variable: 'clk'.
** Error (suppressible): prueba.sv(27): (vlog-1957) The sva directive is not sensitive to a clock. Unclocked directives are not supported.
** Error: prueba.sv(30): (vlog-2730) Undefined variable: 'clk'.
** Error (suppressible): prueba.sv(32): (vlog-1957) The sva directive is not sensitive to a clock. Unclocked directives are not supported.
** Error: prueba.sv(10): (vlog-2730) Undefined variable: 'clk'.",5.753006458282471,2538,348
"module case65(
    input logic [3:0] val,
    output logic match
);
    always_comb begin
        case(val)
            4'd1, 4'd3, 4'd5, 4'd7: match = 1; // selected values
            default: match = 0;
        endcase
    end
endmodule
","property p_match_assign;
    @(posedge clk) (val == 4'd1 || val == 4'd3 || val == 4'd5 || val == 4'd7) |-> (match == 1);
endproperty
assert property (p_match_assign);

property p_default_match;
    @(posedge clk) !(val == 4'd1 || val == 4'd3 || val == 4'd5 || val == 4'd7) |-> (match == 0);
endproperty
assert property (p_default_match);","** Error: prueba.sv(10): (vlog-2730) Undefined variable: 'clk'.
** Error (suppressible): prueba.sv(12): (vlog-1957) The sva directive is not sensitive to a clock. Unclocked directives are not supported.
** Error: prueba.sv(15): (vlog-2730) Undefined variable: 'clk'.
** Error (suppressible): prueba.sv(17): (vlog-1957) The sva directive is not sensitive to a clock. Unclocked directives are not supported.
** Error: prueba.sv(10): (vlog-2730) Undefined variable: 'clk'.",2.477478504180908,2489,146
"module case67(
    input logic [1:0] gray,
    output logic [1:0] bin
);
    always_comb begin
        case(gray)
            2'b00: bin = 2'b00;
            2'b01: bin = 2'b01;
            2'b11: bin = 2'b10;
            2'b10: bin = 2'b11;
        endcase
    end
endmodule
","property p_bin_assign_00;
    @(posedge clk) (gray == 2'b00) |-> (bin == 2'b00);
endproperty
assert property (p_bin_assign_00);

property p_bin_assign_01;
    @(posedge clk) (gray == 2'b01) |-> (bin == 2'b01);
endproperty
assert property (p_bin_assign_01);

property p_bin_assign_11;
    @(posedge clk) (gray == 2'b11) |-> (bin == 2'b10);
endproperty
assert property (p_bin_assign_11);

property p_bin_assign_10;
    @(posedge clk) (gray == 2'b10) |-> (bin == 2'b11);
endproperty
assert property (p_bin_assign_10);","** Error: prueba.sv(10): (vlog-2730) Undefined variable: 'clk'.
** Error (suppressible): prueba.sv(12): (vlog-1957) The sva directive is not sensitive to a clock. Unclocked directives are not supported.
** Error: prueba.sv(15): (vlog-2730) Undefined variable: 'clk'.
** Error (suppressible): prueba.sv(17): (vlog-1957) The sva directive is not sensitive to a clock. Unclocked directives are not supported.
** Error: prueba.sv(20): (vlog-2730) Undefined variable: 'clk'.
** Error (suppressible): prueba.sv(22): (vlog-1957) The sva directive is not sensitive to a clock. Unclocked directives are not supported.
** Error: prueba.sv(25): (vlog-2730) Undefined variable: 'clk'.
** Error (suppressible): prueba.sv(27): (vlog-1957) The sva directive is not sensitive to a clock. Unclocked directives are not supported.
** Error: prueba.sv(10): (vlog-2730) Undefined variable: 'clk'.",4.790818214416504,2517,294
"module case68(
    input logic [3:0] num,
    output logic even
);
    always_comb begin
        case(num[0])
            1'b0: even = 1;
            1'b1: even = 0;
        endcase
    end
endmodule
","property p_even_assignment;
    @(posedge clk) (num[0] == 1'b0) |-> (even == 1);
endproperty
assert property (p_even_assignment);

property p_odd_assignment;
    @(posedge clk) (num[0] == 1'b1) |-> (even == 0);
endproperty
assert property (p_odd_assignment);","** Error: prueba.sv(10): (vlog-2730) Undefined variable: 'clk'.
** Error (suppressible): prueba.sv(12): (vlog-1957) The sva directive is not sensitive to a clock. Unclocked directives are not supported.
** Error: prueba.sv(15): (vlog-2730) Undefined variable: 'clk'.
** Error (suppressible): prueba.sv(17): (vlog-1957) The sva directive is not sensitive to a clock. Unclocked directives are not supported.
** Error: prueba.sv(10): (vlog-2730) Undefined variable: 'clk'.",1.8194782733917236,2475,104
"module case69(
    input logic [1:0] sel,
    output logic [3:0] leds
);
    always_comb begin
        case(sel)
            2'b00: leds = 4'b0001;
            2'b01: leds = 4'b0010;
            2'b10: leds = 4'b0100;
            2'b11: leds = 4'b1000;
        endcase
    end
endmodule
","property p_leds_00_assign;
    @(posedge clk) (sel == 2'b00) |-> (leds == 4'b0001);
endproperty
assert property (p_leds_00_assign);

property p_leds_01_assign;
    @(posedge clk) (sel == 2'b01) |-> (leds == 4'b0010);
endproperty
assert property (p_leds_01_assign);

property p_leds_10_assign;
    @(posedge clk) (sel == 2'b10) |-> (leds == 4'b0100);
endproperty
assert property (p_leds_10_assign);

property p_leds_11_assign;
    @(posedge clk) (sel == 2'b11) |-> (leds == 4'b1000);
endproperty
assert property (p_leds_11_assign);","** Error: prueba.sv(10): (vlog-2730) Undefined variable: 'clk'.
** Error (suppressible): prueba.sv(12): (vlog-1957) The sva directive is not sensitive to a clock. Unclocked directives are not supported.
** Error: prueba.sv(15): (vlog-2730) Undefined variable: 'clk'.
** Error (suppressible): prueba.sv(17): (vlog-1957) The sva directive is not sensitive to a clock. Unclocked directives are not supported.
** Error: prueba.sv(20): (vlog-2730) Undefined variable: 'clk'.
** Error (suppressible): prueba.sv(22): (vlog-1957) The sva directive is not sensitive to a clock. Unclocked directives are not supported.
** Error: prueba.sv(25): (vlog-2730) Undefined variable: 'clk'.
** Error (suppressible): prueba.sv(27): (vlog-1957) The sva directive is not sensitive to a clock. Unclocked directives are not supported.
** Error: prueba.sv(10): (vlog-2730) Undefined variable: 'clk'.",4.275480270385742,2525,254
"module case70(
    input logic [1:0] op,
    input logic [3:0] a, b,
    output logic [7:0] result
);
    always_comb begin
        case(op)
            2'b00: result = a + b;
            2'b01: result = a - b;
            2'b10: result = a * b;
            2'b11: result = a / (b != 0 ? b : 1);
        endcase
    end
endmodule
","property p_result_add;
    @(posedge clk) (op == 2'b00) |-> (result == a + b);
endproperty
assert property (p_result_add);

property p_result_sub;
    @(posedge clk) (op == 2'b01) |-> (result == a - b);
endproperty
assert property (p_result_sub);

property p_result_mul;
    @(posedge clk) (op == 2'b10) |-> (result == a * b);
endproperty
assert property (p_result_mul);

property p_result_div;
    @(posedge clk) (op == 2'b11) |-> (result == a / (b != 0 ? b : 1));
endproperty
assert property (p_result_div);","** Error: prueba.sv(11): (vlog-2730) Undefined variable: 'clk'.
** Error (suppressible): prueba.sv(13): (vlog-1957) The sva directive is not sensitive to a clock. Unclocked directives are not supported.
** Error: prueba.sv(16): (vlog-2730) Undefined variable: 'clk'.
** Error (suppressible): prueba.sv(18): (vlog-1957) The sva directive is not sensitive to a clock. Unclocked directives are not supported.
** Error: prueba.sv(21): (vlog-2730) Undefined variable: 'clk'.
** Error (suppressible): prueba.sv(23): (vlog-1957) The sva directive is not sensitive to a clock. Unclocked directives are not supported.
** Error: prueba.sv(26): (vlog-2730) Undefined variable: 'clk'.
** Error (suppressible): prueba.sv(28): (vlog-1957) The sva directive is not sensitive to a clock. Unclocked directives are not supported.
** Error: prueba.sv(11): (vlog-2730) Undefined variable: 'clk'.",3.8999223709106445,2514,234
"module seq_case71(
    input logic clk, reset,
    output logic [1:0] count
);
    always_ff @(posedge clk or posedge reset) begin
        if(reset)
            count <= 2'b00;
        else
            case(count)
                2'b00: count <= 2'b01;
                2'b01: count <= 2'b10;
                2'b10: count <= 2'b11;
                2'b11: count <= 2'b00;
                default: count <= 2'b00;
            endcase
    end
endmodule
","property p_count_reset;
    @(posedge clk or posedge reset) (reset) |-> (count == 2'b00);
endproperty
assert property (p_count_reset);

property p_count_transition_00;
    @(posedge clk) (count == 2'b00) |-> ##1 (count == 2'b01);
endproperty
assert property (p_count_transition_00);

property p_count_transition_01;
    @(posedge clk) (count == 2'b01) |-> ##1 (count == 2'b10);
endproperty
assert property (p_count_transition_01);

property p_count_transition_10;
    @(posedge clk) (count == 2'b10) |-> ##1 (count == 2'b11);
endproperty
assert property (p_count_transition_10);

property p_count_transition_11;
    @(posedge clk) (count == 2'b11) |-> ##1 (count == 2'b00);
endproperty
assert property (p_count_transition_11);

property p_count_default;
    @(posedge clk) (count != 2'b00 && count != 2'b01 && count != 2'b10 && count != 2'b11) |-> ##1 (count == 2'b00);
endproperty
assert property (p_count_default);",OK,6.137500762939453,2559,370
"module seq_case72(
    input logic clk, reset,
    output logic [1:0] state
);
    always_ff @(posedge clk or posedge reset) begin
        if(reset)
            state <= 2'b00;
        else
            case(state)
                2'b00: state <= 2'b01;
                2'b01: state <= 2'b10;
                2'b10: state <= 2'b00;
                default: state <= 2'b00;
            endcase
    end
endmodule
","// Properties and Assertions for the given SystemVerilog code

property p_state_reset;
    @(posedge clk) reset |-> (state == 2'b00);
endproperty
assert property (p_state_reset);

property p_state_transition_00;
    @(posedge clk) !reset && (state == 2'b00) |-> (next_state == 2'b01);
endproperty
assert property (p_state_transition_00);

property p_state_transition_01;
    @(posedge clk) !reset && (state == 2'b01) |-> (next_state == 2'b10);
endproperty
assert property (p_state_transition_01);

property p_state_transition_10;
    @(posedge clk) !reset && (state == 2'b10) |-> (next_state == 2'b00);
endproperty
assert property (p_state_transition_10);

// Assuming next_state is an internal signal representing the state transition for the case statement
property p_default_transition;
    @(posedge clk) !reset && (state != 2'b00 && state != 2'b01 && state != 2'b10) |-> (next_state == 2'b00);
endproperty
assert property (p_default_transition);",** Error: prueba.sv(17): (vlog-2730) Undefined variable: 'next_state'.,5.552095890045166,2542,340
"module seq_case73(
    input logic clk, reset, serial_in,
    output logic [3:0] q
);
    always_ff @(posedge clk or posedge reset) begin
        if(reset)
            q <= 4'b0000;
        else
            case(q)
                default: q <= {q[2:0], serial_in}; // shift left
            endcase
    end
endmodule
","// Properties
property p_q_reset;
    @(posedge clk or posedge reset) (reset) |-> (q == 4'b0000);
endproperty

property p_q_default_assign;
    @(posedge clk) disable iff (posedge reset)
    (!reset && q != $past(q)) |-> (q == {q[2:0], serial_in});
endproperty

// Assert Properties
assert property (p_q_reset);
assert property (p_q_default_assign);","** Error: (vlog-13069) prueba.sv(15): near ""posedge"": syntax error, unexpected posedge.",4.346490383148193,2498,268
"module seq_case74(
    input logic clk, reset, in_bit,
    output logic detected
);
    typedef enum logic [1:0] {S0, S1, S2} state_t;
    state_t state, next_state;

    always_comb begin
        case(state)
            S0: next_state = in_bit ? S1 : S0;
            S1: next_state = in_bit ? S2 : S0;
            S2: next_state = in_bit ? S2 : S0;
            default: next_state = S0;
        endcase
    end

    always_ff @(posedge clk or posedge reset) begin
        if(reset) state <= S0;
        else state <= next_state;
    end

    assign detected = (state == S2);
endmodule
","// Property and Assertion for State Transition based on state
property p_state_transition;
    @(posedge clk) disable iff (!rst_n)
    (state == $past(next_state));
endproperty
assert property (p_state_transition);

// Property and Assertion for Reset Handling
property p_reset_check;
    @(posedge clk) !rst_n |=> (state == S0);
endproperty
assert property (p_reset_check);

// Property and Assertion for State-based Action Execution
always_comb begin
    if (state == S0 && in_bit) assert(next_state == S1);
    else if (state == S1 && in_bit) assert(next_state == S2);
    else if (state == S2 && in_bit) assert(next_state == S2);
    else assert(next_state == S0);
end",** Error: prueba.sv(15): (vlog-2730) Undefined variable: 'rst_n'.,4.893281698226929,2554,293
"module seq_case75(
    input logic clk, reset, enable,
    output logic [3:0] count
);
    always_ff @(posedge clk or posedge reset) begin
        if(reset)
            count <= 4'b0000;
        else
            case(enable)
                1'b0: count <= count;      // hold
                1'b1: count <= count + 1;  // increment
                default: count <= 4'b0000;
            endcase
    end
endmodule
","property p_count_reset;
    @(posedge clk) reset |-> (count == 4'b0000);
endproperty
assert property (p_count_reset);

property p_count_enable_zero;
    @(posedge clk) disable iff (reset) (enable == 1'b0) |-> (count == $past(count));
endproperty
assert property (p_count_enable_zero);

property p_count_enable_one;
    @(posedge clk) disable iff (reset) (enable == 1'b1) |-> (count == $past(count) + 1);
endproperty
assert property (p_count_enable_one);",OK,2.9028286933898926,2522,168
"module seq_case76(
    input logic clk, reset, start,
    output logic a, b
);
    typedef enum logic [1:0] {IDLE, STATE1, STATE2} state_t;
    state_t state, next_state;

    always_comb begin
        case(state)
            IDLE: next_state = start ? STATE1 : IDLE;
            STATE1: next_state = STATE2;
            STATE2: next_state = IDLE;
            default: next_state = IDLE;
        endcase
    end

    always_ff @(posedge clk or posedge reset) begin
        if(reset) state <= IDLE;
        else state <= next_state;
    end

    always_ff @(posedge clk) begin
        case(state)
            IDLE: begin a<=0; b<=0; end
            STATE1: begin a<=1; b<=0; end
            STATE2: begin a<=0; b<=1; end
            default: begin a<=0; b<=0; end
        endcase
    end
endmodule
","// Properties for state machine behavior
property p_reset_check;
    @(posedge clk) (reset |-> ##1 state == IDLE);
endproperty
assert property (p_reset_check) else $error(""Reset check failed"");

property p_state_update;
    @(posedge clk) disable iff (!rst_n) (state == $past(next_state));
endproperty
assert property (p_state_update) else $error(""State update check failed"");

// Properties for signal assignments based on state
property p_idle_signals;
    @(posedge clk) (state == IDLE) |-> ##1 (a == 0 && b == 0);
endproperty
assert property (p_idle_signals) else $error(""IDLE state signals check failed"");

property p_state1_signals;
    @(posedge clk) (state == STATE1) |-> ##1 (a == 1 && b == 0);
endproperty
assert property (p_state1_signals) else $error(""STATE1 state signals check failed"");

property p_state2_signals;
    @(posedge clk) (state == STATE2) |-> ##1 (a == 0 && b == 1);
endproperty
assert property (p_state2_signals) else $error(""STATE2 state signals check failed"");

// Properties for next_state logic based on current state and inputs
property p_idle_next_state;
    @(posedge clk) disable iff (!rst_n) ((state == IDLE && start) |-> ##1 (next_state == STATE1));
endproperty
assert property (p_idle_next_state) else $error(""IDLE to STATE1 transition check failed"");

property p_state1_next_state;
    @(posedge clk) disable iff (!rst_n) ((state == STATE1) |-> ##1 (next_state == STATE2));
endproperty
assert property (p_state1_next_state) else $error(""STATE1 to STATE2 transition check failed"");

property p_state2_next_state;
    @(posedge clk) disable iff (!rst_n) ((state == STATE2) |-> ##1 (next_state == IDLE));
endproperty
assert property (p_state2_next_state) else $error(""STATE2 to IDLE transition check failed"");",** Error: prueba.sv(17): (vlog-2730) Undefined variable: 'rst_n'.,10.917816400527954,2620,670
"module seq_case79(
    input logic clk, reset, start,
    output logic x, y
);
    typedef enum logic [1:0] {IDLE, S1, S2} state_t;
    state_t state, next_state;

    always_comb begin
        case(state)
            IDLE: next_state = start ? S1 : IDLE;
            S1: next_state = S2;
            S2: next_state = IDLE;
            default: next_state = IDLE;
        endcase
    end

    always_ff @(posedge clk or posedge reset) begin
        if(reset) state <= IDLE;
        else state <= next_state;
    end

    always_ff @(posedge clk) begin
        case(state)
            IDLE: x<=0; y<=0;
            S1: x<=1; y<=0;
            S2: x<=0; y<=1;
            default: x<=0; y<=0;
        endcase
    end
endmodule
","// Properties for state machine transitions and assignments based on state
property p_state_transitions;
    @(posedge clk) disable iff (!rst_n)
        (state == $past(next_state));
endproperty
assert property (p_state_transitions);

// Property to check the reset behavior
property p_reset_behavior;
    @(posedge clk) !rst_n |=> (state == IDLE);
endproperty
assert property (p_reset_behavior);

// Properties for signal assignments based on state
property p_x_assign_IDLE;
    @(posedge clk) (state == IDLE) |-> (x == 0);
endproperty
assert property (p_x_assign_IDLE);

property p_y_assign_IDLE;
    @(posedge clk) (state == IDLE) |-> (y == 0);
endproperty
assert property (p_y_assign_IDLE);

property p_x_assign_S1;
    @(posedge clk) (state == S1) |-> (x == 1);
endproperty
assert property (p_x_assign_S1);

property p_y_assign_S1;
    @(posedge clk) (state == S1) |-> (y == 0);
endproperty
assert property (p_y_assign_S1);

property p_x_assign_S2;
    @(posedge clk) (state == S2) |-> (x == 0);
endproperty
assert property (p_x_assign_S2);

property p_y_assign_S2;
    @(posedge clk) (state == S2) |-> (y == 1);
endproperty
assert property (p_y_assign_S2);

// Property to check the next state logic based on start signal
property p_next_state_logic;
    @(posedge clk) disable iff (!rst_n)
        (state == IDLE && start) |=> (state == S1);
endproperty
assert property (p_next_state_logic);",** Error: prueba.sv(12): (vlog-2730) Undefined variable: 'rst_n'.,9.798292875289917,2612,606
"module seq_case80(
    input logic clk, reset, sensor,
    output logic alarm
);
    typedef enum logic [1:0] {SAFE, WARN, DANGER} state_t;
    state_t state, next_state;

    always_comb begin
        case(state)
            SAFE: next_state = sensor ? WARN : SAFE;
            WARN: next_state = sensor ? DANGER : SAFE;
            DANGER: next_state = SAFE;
            default: next_state = SAFE;
        endcase
    end

    always_ff @(posedge clk or posedge reset) begin
        if(reset) state <= SAFE;
        else state <= next_state;
    end

    always_ff @(posedge clk) begin
        case(state)
            SAFE: alarm <= 0;
            WARN: alarm <= 0;
            DANGER: alarm <= 1;
            default: alarm <= 0;
        endcase
    end
endmodule
","property p_alarm_safe_assign;
    @(posedge clk or posedge reset) disable iff (reset) 
    (state == SAFE) |-> (alarm == 0);
endproperty
assert property (p_alarm_safe_assign);

property p_alarm_warn_assign;
    @(posedge clk or posedge reset) disable iff (reset) 
    (state == WARN) |-> (alarm == 0);
endproperty
assert property (p_alarm_warn_assign);

property p_alarm_danger_assign;
    @(posedge clk or posedge reset) disable iff (reset) 
    (state == DANGER) |-> (alarm == 1);
endproperty
assert property (p_alarm_danger_assign);

property p_default_alarm_assign;
    @(posedge clk or posedge reset) disable iff (reset) 
    (state != SAFE && state != WARN && state != DANGER) |-> (alarm == 0);
endproperty
assert property (p_default_alarm_assign);

property p_next_state_safe_assign;
    @(posedge clk or posedge reset) disable iff (reset) 
    (state == SAFE) |-> ##1 (next_state == sensor ? WARN : SAFE);
endproperty
assert property (p_next_state_safe_assign);

property p_next_state_warn_assign;
    @(posedge clk or posedge reset) disable iff (reset) 
    (state == WARN) |-> ##1 (next_state == sensor ? DANGER : SAFE);
endproperty
assert property (p_next_state_warn_assign);

property p_next_state_danger_assign;
    @(posedge clk or posedge reset) disable iff (reset) 
    (state == DANGER) |-> ##1 (next_state == SAFE);
endproperty
assert property (p_next_state_danger_assign);

property p_default_next_state_assign;
    @(posedge clk or posedge reset) disable iff (reset) 
    (state != SAFE && state != WARN && state != DANGER) |-> ##1 (next_state == SAFE);
endproperty
assert property (p_default_next_state_assign);",OK,10.4972562789917,2608,645
"module nested_case_1(input logic [1:0] op, func, input logic [7:0] a,b, output logic [7:0] y);
always_comb begin
  case(op)
    2'b00: begin
      case(func)
        2'b00: y = a + b;
        2'b01: y = a - b;
        default: y = 0;
      endcase
    end
    2'b01: y = a & b;
    default: y = 8'h00;
  endcase
end
endmodule","// Property for operation 2'b00 with func selection
property p_op00_func;
    @(posedge clk) (op == 2'b00) |-> ##1 ((func == 2'b00 && y == a + b) || (func != 2'b00 && y == 0));
endproperty
assert property (p_op00_func) else $error(""Assertion failed: p_op00_func"");

// Property for operation 2'b01 with func selection
property p_op01;
    @(posedge clk) (op == 2'b01) |-> ##1 (y == a & b);
endproperty
assert property (p_op01) else $error(""Assertion failed: p_op01"");

// Property for default operation
property p_default;
    @(posedge clk) !(op == 2'b00 || op == 2'b01) |-> ##1 (y == 8'h00);
endproperty
assert property (p_default) else $error(""Assertion failed: p_default"");","** Error: prueba.sv(10): (vlog-2730) Undefined variable: 'clk'.
** Error (suppressible): prueba.sv(12): (vlog-1957) The sva directive is not sensitive to a clock. Unclocked directives are not supported.
** Error: prueba.sv(16): (vlog-2730) Undefined variable: 'clk'.
** Error (suppressible): prueba.sv(18): (vlog-1957) The sva directive is not sensitive to a clock. Unclocked directives are not supported.
** Error: prueba.sv(22): (vlog-2730) Undefined variable: 'clk'.
** Error (suppressible): prueba.sv(24): (vlog-1957) The sva directive is not sensitive to a clock. Unclocked directives are not supported.
** Error: prueba.sv(10): (vlog-2730) Undefined variable: 'clk'.",6.809767007827759,2534,420
"module nested_case_2(input logic [2:0] mode, sel, output logic [3:0] y);
always_comb begin
  case(mode)
    3'b000: begin
      case(sel)
        3'b000: y = 1;
        3'b001: y = 2;
        default: y = 0;
      endcase
    end
    3'b001: y = 4;
    default: y = 0;
  endcase
end
endmodule
","property p_y_assignment_000;
  @(posedge clk) (mode == 3'b000 && sel == 3'b000) |-> (y == 1);
endproperty
assert property (p_y_assignment_000);

property p_y_assignment_default;
  @(posedge clk) (mode != 3'b000 && mode != 3'b001) |-> (y == 0);
endproperty
assert property (p_y_assignment_default);

property p_y_assignment_001;
  @(posedge clk) (mode == 3'b001) |-> (y == 4);
endproperty
assert property (p_y_assignment_001);","** Error: prueba.sv(9): (vlog-2730) Undefined variable: 'clk'.
** Error (suppressible): prueba.sv(11): (vlog-1957) The sva directive is not sensitive to a clock. Unclocked directives are not supported.
** Error: prueba.sv(14): (vlog-2730) Undefined variable: 'clk'.
** Error (suppressible): prueba.sv(16): (vlog-1957) The sva directive is not sensitive to a clock. Unclocked directives are not supported.
** Error: prueba.sv(19): (vlog-2730) Undefined variable: 'clk'.
** Error (suppressible): prueba.sv(21): (vlog-1957) The sva directive is not sensitive to a clock. Unclocked directives are not supported.
** Error: prueba.sv(9): (vlog-2730) Undefined variable: 'clk'.",3.2947165966033936,2531,190
"module nested_case_3(input logic [1:0] a,b,c, output logic y);
always_comb begin
  case(a)
    2'b00: begin
      case(b)
        2'b00: y = c[0];
        2'b01: y = c[1];
        default: y = 0;
      endcase
    end
    default: y = 1;
  endcase
end
endmodule
","// Internal variables and functions used inside the code
logic [0:0] b_width; // Assuming c[0] and c[1] are part of a vector with width 1
assign b_width = (b == 2'b00 || b == 2'b01) ? 1 : 0; // Width determination for y based on b

// Properties:
property p_y_c0_assign;
    @(posedge clk) (a == 2'b00 && b == 2'b00) |-> (y == c[0]);
endproperty
assert property (p_y_c0_assign);

property p_y_c1_assign;
    @(posedge clk) (a == 2'b00 && b == 2'b01) |-> (y == c[1]);
endproperty
assert property (p_y_c1_assign);

property p_y_default_assign;
    @(posedge clk) (a != 2'b00 || (a == 2'b00 && b_width == 0)) |-> (y == 0);
endproperty
assert property (p_y_default_assign);

property p_y_global_default_assign;
    @(posedge clk) (a != 2'b00) |-> (y == 1);
endproperty
assert property (p_y_global_default_assign);","** Error: prueba.sv(14): (vlog-2730) Undefined variable: 'clk'.
** Error (suppressible): prueba.sv(16): (vlog-1957) The sva directive is not sensitive to a clock. Unclocked directives are not supported.
** Error: prueba.sv(19): (vlog-2730) Undefined variable: 'clk'.
** Error (suppressible): prueba.sv(21): (vlog-1957) The sva directive is not sensitive to a clock. Unclocked directives are not supported.
** Error: prueba.sv(24): (vlog-2730) Undefined variable: 'clk'.
** Error (suppressible): prueba.sv(26): (vlog-1957) The sva directive is not sensitive to a clock. Unclocked directives are not supported.
** Error: prueba.sv(29): (vlog-2730) Undefined variable: 'clk'.
** Error (suppressible): prueba.sv(31): (vlog-1957) The sva directive is not sensitive to a clock. Unclocked directives are not supported.
** Error: prueba.sv(14): (vlog-2730) Undefined variable: 'clk'.",6.974349737167358,2516,441
"module nested_case_4(input logic [3:0] op, input logic [1:0] sub, output logic [3:0] y);
always_comb begin
  case(op)
    4'h0: begin
      case(sub)
        2'b00: y = 4'h1;
        2'b01: y = 4'h2;
        default: y = 4'h0;
      endcase
    end
    4'h1: y = 4'hF;
    default: y = 0;
  endcase
end
endmodule
","property p_y_assign_0;
    @(posedge clk) (op == 4'h0 && sub == 2'b00) |-> (y == 4'h1);
endproperty
assert property (p_y_assign_0);

property p_y_assign_1;
    @(posedge clk) (op == 4'h0 && sub == 2'b01) |-> (y == 4'h2);
endproperty
assert property (p_y_assign_1);

property p_y_default;
    @(posedge clk) ((op != 4'h0 || sub != 2'b00) && (op != 4'h0 || sub != 2'b01)) |-> (y == 4'h0);
endproperty
assert property (p_y_default);

property p_y_assign_F;
    @(posedge clk) (op == 4'h1) |-> (y == 4'hF);
endproperty
assert property (p_y_assign_F);

property p_y_default_2;
    @(posedge clk) (op != 4'h0 && op != 4'h1) |-> (y == 0);
endproperty
assert property (p_y_default_2);","** Error: prueba.sv(9): (vlog-2730) Undefined variable: 'clk'.
** Error (suppressible): prueba.sv(11): (vlog-1957) The sva directive is not sensitive to a clock. Unclocked directives are not supported.
** Error: prueba.sv(14): (vlog-2730) Undefined variable: 'clk'.
** Error (suppressible): prueba.sv(16): (vlog-1957) The sva directive is not sensitive to a clock. Unclocked directives are not supported.
** Error: prueba.sv(19): (vlog-2730) Undefined variable: 'clk'.
** Error (suppressible): prueba.sv(21): (vlog-1957) The sva directive is not sensitive to a clock. Unclocked directives are not supported.
** Error: prueba.sv(24): (vlog-2730) Undefined variable: 'clk'.
** Error (suppressible): prueba.sv(26): (vlog-1957) The sva directive is not sensitive to a clock. Unclocked directives are not supported.
** Error: prueba.sv(29): (vlog-2730) Undefined variable: 'clk'.
** Error (suppressible): prueba.sv(31): (vlog-1957) The sva directive is not sensitive to a clock. Unclocked directives are not supported.
** Error: prueba.sv(9): (vlog-2730) Undefined variable: 'clk'.",5.205578565597534,2537,318
"module nested_case_5(input logic [1:0] s1,s2, output logic y);
always_comb begin
  case(s1)
    2'b00: begin
      case(s2)
        2'b00: y = 1;
        2'b01: y = 0;
        default: y = 0;
      endcase
    end
    2'b01: y = 1;
    default: y = 0;
  endcase
end
endmodule
","property p_y_assign_s1_00_s2_00;
    @(posedge clk) (s1 == 2'b00 && s2 == 2'b00) |-> (y == 1);
endproperty
assert property (p_y_assign_s1_00_s2_00);

property p_y_assign_s1_01;
    @(posedge clk) (s1 == 2'b01) |-> (y == 1);
endproperty
assert property (p_y_assign_s1_01);

property p_y_default_assign;
    @(posedge clk) (s1 != 2'b00 && s1 != 2'b01) |-> (y == 0);
endproperty
assert property (p_y_default_assign);","** Error: prueba.sv(9): (vlog-2730) Undefined variable: 'clk'.
** Error (suppressible): prueba.sv(11): (vlog-1957) The sva directive is not sensitive to a clock. Unclocked directives are not supported.
** Error: prueba.sv(14): (vlog-2730) Undefined variable: 'clk'.
** Error (suppressible): prueba.sv(16): (vlog-1957) The sva directive is not sensitive to a clock. Unclocked directives are not supported.
** Error: prueba.sv(19): (vlog-2730) Undefined variable: 'clk'.
** Error (suppressible): prueba.sv(21): (vlog-1957) The sva directive is not sensitive to a clock. Unclocked directives are not supported.
** Error: prueba.sv(9): (vlog-2730) Undefined variable: 'clk'.",3.57666277885437,2529,210
"module nested_case_6(input logic [2:0] a,b, output logic [2:0] y);
always_comb begin
  case(a)
    3'b001: begin
      case(b)
        3'b001: y = 3'b111;
        3'b010: y = 3'b000;
        default: y = 3'b001;
      endcase
    end
    default: y = 0;
  endcase
end
endmodule
","// Internal variables and functions used inside the code
logic [2:0] a;
logic [2:0] b;
logic [2:0] y;

always_comb begin
  if (a == 3'b001) begin
    case(b)
      3'b001: y = 3'b111;
      3'b010: y = 3'b000;
      default: y = 3'b001;
    endcase
  end else begin
    y = 3'b000; // Default value initialization
  end
end

// Properties
property p_y_specific_assign;
  @(posedge clk) (a == 3'b001 && b == 3'b001) |-> (y == 3'b111);
endproperty
assert property (p_y_specific_assign);

property p_y_other_assign;
  @(posedge clk) (a == 3'b001 && b == 3'b010) |-> (y == 3'b000);
endproperty
assert property (p_y_other_assign);

property p_y_default_assign;
  @(posedge clk) (a == 3'b001 && (b != 3'b001 && b != 3'b010)) |-> (y == 3'b001);
endproperty
assert property (p_y_default_assign);

property p_y_default_case;
  @(posedge clk) (a != 3'b001) |-> (y == 3'b000);
endproperty
assert property (p_y_default_case);","** Error (suppressible): prueba.sv(9): (vlog-2388) 'a' already declared in this scope (nested_case_6_testing) at prueba.sv(2).
** Error (suppressible): prueba.sv(10): (vlog-2388) 'b' already declared in this scope (nested_case_6_testing) at prueba.sv(2).
** Error (suppressible): prueba.sv(11): (vlog-2388) 'y' already declared in this scope (nested_case_6_testing) at prueba.sv(2).",7.8439061641693115,2532,492
"module nested_case_7(input logic [1:0] a,b,c, output logic [1:0] y);
always_comb begin
  case(a)
    2'b00: begin
      case(b)
        2'b00: y = c;
        default: y = 2'b00;
      endcase
    end
    default: y = 2'b11;
  endcase
end
endmodule
","property p_y_c_assign;
@(posedge clk) (a == 2'b00 && b == 2'b00) |-> (y == c);
endproperty
assert property (p_y_c_assign);

property p_y_default_assign;
@(posedge clk) (a != 2'b00 || b != 2'b00) |-> (y == 2'b11);
endproperty
assert property (p_y_default_assign);","** Error: prueba.sv(9): (vlog-2730) Undefined variable: 'clk'.
** Error (suppressible): prueba.sv(11): (vlog-1957) The sva directive is not sensitive to a clock. Unclocked directives are not supported.
** Error: prueba.sv(14): (vlog-2730) Undefined variable: 'clk'.
** Error (suppressible): prueba.sv(16): (vlog-1957) The sva directive is not sensitive to a clock. Unclocked directives are not supported.
** Error: prueba.sv(9): (vlog-2730) Undefined variable: 'clk'.",2.306157112121582,2508,129
"module nested_case_8(input logic [3:0] a, input logic [1:0] b, output logic y);
always_comb begin
  case(a)
    4'hA: begin
      case(b)
        2'b00: y = 1;
        default: y = 0;
      endcase
    end
    default: y = 0;
  endcase
end
endmodule
","// Internal variables and functions used inside the code
logic a, b;
logic [3:0] y;

always_comb begin
    if (a == 4'hA) begin
        case(b)
            2'b00: y = 1;
            default: y = 0;
        endcase
    end else begin
        y = 0;
    end
end

// Properties
property p_y_a_assign;
    @(posedge clk) (a == 4'hA) |-> ##1 (y == 1);
endproperty
assert property (p_y_a_assign) else $error(""Assertion failed: y is not assigned correctly when a == 4'hA"");

// Assertions for the default behavior
property p_default_behavior;
    @(posedge clk) (!($isunknown(a)) && (a != 4'hA)) |-> ##1 (y == 0);
endproperty
assert property (p_default_behavior) else $error(""Assertion failed: y is not defaulted to 0 when a != 4'hA"");","** Error (suppressible): prueba.sv(9): (vlog-2388) 'a' already declared in this scope (nested_case_8_testing) at prueba.sv(2).
** Error (suppressible): prueba.sv(9): (vlog-2388) 'b' already declared in this scope (nested_case_8_testing) at prueba.sv(2).
** Error (suppressible): prueba.sv(10): (vlog-2388) 'y' already declared in this scope (nested_case_8_testing) at prueba.sv(2).",6.105554580688477,2500,384
"module nested_case_9(input logic [1:0] x,y, output logic z);
always_comb begin
  case(x)
    2'b01: begin
      case(y)
        2'b10: z = 1;
        default: z = 0;
      endcase
    end
    default: z = 0;
  endcase
end
endmodule
","property p_z_assignment;
  @(posedge clk) (x == 2'b01 && y == 2'b10) |-> (z == 1);
endproperty
assert property (p_z_assignment);

property p_default_z_assignment;
  @(posedge clk) ((x != 2'b01) || (y != 2'b10)) |-> (z == 0);
endproperty
assert property (p_default_z_assignment);","** Error: prueba.sv(9): (vlog-2730) Undefined variable: 'clk'.
** Error (suppressible): prueba.sv(11): (vlog-1957) The sva directive is not sensitive to a clock. Unclocked directives are not supported.
** Error: prueba.sv(14): (vlog-2730) Undefined variable: 'clk'.
** Error (suppressible): prueba.sv(16): (vlog-1957) The sva directive is not sensitive to a clock. Unclocked directives are not supported.
** Error: prueba.sv(9): (vlog-2730) Undefined variable: 'clk'.",2.186624050140381,2501,124
"module nested_case_10(input logic [2:0] a,b, output logic y);
always_comb begin
  case(a)
    3'b100: begin
      case(b)
        3'b001: y = 1;
        default: y = 0;
      endcase
    end
    default: y = 0;
  endcase
end
endmodule
","// Internal variables and functions used inside the code
logic a;
logic b;
logic y;
logic is_100;
logic is_default;

always_comb begin : case_block
  if (a == 3'b100) begin
    is_100 = 1;
  end else begin
    is_100 = 0;
  end
end

always_comb begin : nested_case_block
  y = 0; // Default value
  if (a == 3'b100) begin
    case(b)
      3'b001: y = 1;
      default: y = 0;
    endcase
  end else begin
    is_default = 1; // Default value assignment for y when a != 3'b100
  end
end

// Properties
property p_y_assigned_when_a_is_100_and_b_is_001;
  @(posedge clk) (a == 3'b100 && b == 3'b001) |-> (y == 1);
endproperty
assert property (p_y_assigned_when_a_is_100_and_b_is_001)
else $error(""Assertion failed: y is not assigned to 1 when a is 3'b100 and b is 3'b001"");

property p_y_default_when_a_is_not_100;
  @(posedge clk) (a != 3'b100) |-> (y == 0);
endproperty
assert property (p_y_default_when_a_is_not_100)
else $error(""Assertion failed: y is not default to 0 when a is not 3'b100"");

property p_y_default_assignment;
  @(posedge clk) (!is_100 && !is_default) |-> (y == 0);
endproperty
assert property (p_y_default_assignment)
else $error(""Assertion failed: y is not default to 0 when neither a == 3'b100 nor b specific case matches"");","** Error (suppressible): prueba.sv(9): (vlog-2388) 'a' already declared in this scope (nested_case_10_testing) at prueba.sv(2).
** Error (suppressible): prueba.sv(10): (vlog-2388) 'b' already declared in this scope (nested_case_10_testing) at prueba.sv(2).
** Error (suppressible): prueba.sv(11): (vlog-2388) 'y' already declared in this scope (nested_case_10_testing) at prueba.sv(2).",9.518710374832153,2503,604
"module ff_case_1(input logic clk, rst, toggle, output logic state);
always_ff @(posedge clk or posedge rst) begin
  if (rst) state <= 0;
  else begin
    case(state)
      1'b0: if (toggle) state <= 1;
      1'b1: if (toggle) state <= 0;
    endcase
  end
end
endmodule
","property p_reset_state;
    @(posedge clk) rst |=> (state == 1'b0);
endproperty
assert property (p_reset_state);

property p_toggle_from_zero;
    @(posedge clk) disable iff (rst) (state == 1'b0 && toggle) |-> ##1 (state == 1'b1);
endproperty
assert property (p_toggle_from_zero);

property p_toggle_from_one;
    @(posedge clk) disable iff (rst) (state == 1'b1 && toggle) |-> ##1 (state == 1'b0);
endproperty
assert property (p_toggle_from_one);",OK,2.9616446495056152,2508,172
"module ff_case_2(input logic clk, rst, start, done, output logic [1:0] state);
always_ff @(posedge clk or posedge rst) begin
  if (rst) state <= 2'b00;
  else begin
    case(state)
      2'b00: if (start) state <= 2'b01;
      2'b01: if (done)  state <= 2'b00;
      default: state <= 2'b00;
    endcase
  end
end
endmodule
","property p_reset_state;
    @(posedge clk) rst |=> (state == 2'b00);
endproperty
assert property (p_reset_state);

property p_state_transition_start;
    @(posedge clk) !rst && (state == 2'b00) |-> ##1 (state == 2'b01);
endproperty
assert property (p_state_transition_start);

property p_state_transition_done;
    @(posedge clk) !rst && (state == 2'b01) |-> ##1 (state == 2'b00);
endproperty
assert property (p_state_transition_done);

property p_default_state;
    @(posedge clk) (!rst || (state != 2'b00 && state != 2'b01)) |=> (state == 2'b00);
endproperty
assert property (p_default_state);",OK,6.335921287536621,2536,388
"module ff_case_3(input logic clk, rst, err, output logic bad);
always_ff @(posedge clk or posedge rst) begin
  if (rst) bad <= 0;
  else begin
    case(bad)
      1'b0: if (err) bad <= 1;
      1'b1: bad <= 1;
    endcase
  end
end
endmodule
","// Properties for always_ff @(posedge clk or posedge rst) begin
// if (rst) bad <= 0;
// else begin
//   case(bad)
//     1'b0: if (err) bad <= 1;
//     1'b1: bad <= 1;
//   endcase
// end
// end

property p_bad_reset;
    @(posedge clk or posedge rst) disable iff (rst)
    (!rst || ($past(rst, 1) && $past(bad, 1) == 0)) |-> ##1 (bad == 1);
endproperty
assert property (p_bad_reset) else $error(""Property p_bad_reset failed: bad is not set to 1 after reset or if err was not high when bad was 0"");

property p_bad_err_high;
    @(posedge clk) disable iff (rst)
    ($past(rst, 1) && $past(bad, 1) == 0 && $past(err, 1)) |-> ##1 (bad == 1);
endproperty
assert property (p_bad_err_high) else $error(""Property p_bad_err_high failed: bad is not set to 1 when err is high and bad was initially 0"");

property p_bad_maintain;
    @(posedge clk or posedge rst) disable iff (rst)
    (!rst || ($past(rst, 1) && $past(bad, 1) == 0 && !$past(err, 1))) |-> ##1 (bad == $past(bad));
endproperty
assert property (p_bad_maintain) else $error(""Property p_bad_maintain failed: bad is not maintained at its previous value if err was not high when reset or rst transitioned to high"");",OK,7.898812770843506,2504,502
"module ff_case_4(input logic clk, rst, input logic [1:0] mode, output logic [3:0] cnt);
always_ff @(posedge clk or posedge rst) begin
  if (rst) cnt <= 0;
  else begin
    case(mode)
      2'b00: cnt <= cnt;
      2'b01: cnt <= cnt + 1;
      2'b10: cnt <= cnt - 1;
      default: cnt <= 0;
    endcase
  end
end
endmodule
","property p_cnt_reset;
    @(posedge clk) rst |-> (cnt == 0);
endproperty
assert property (p_cnt_reset);

property p_cnt_mode00_assign;
    @(posedge clk) !rst && (mode == 2'b00) |-> (cnt == $past(cnt));
endproperty
assert property (p_cnt_mode00_assign);

property p_cnt_mode01_increment;
    @(posedge clk) !rst && (mode == 2'b01) |-> (cnt == $past(cnt) + 1);
endproperty
assert property (p_cnt_mode01_increment);

property p_cnt_mode10_decrement;
    @(posedge clk) !rst && (mode == 2'b10) |-> (cnt == $past(cnt) - 1);
endproperty
assert property (p_cnt_mode10_decrement);

property p_cnt_default_assign;
    @(posedge clk) !rst && (mode != 2'b00 && mode != 2'b01 && mode != 2'b10) |-> (cnt == 0);
endproperty
assert property (p_cnt_default_assign);",OK,5.003973484039307,2527,307
"module ff_case_5(input logic clk, rst, load, input logic [7:0] d, output logic [7:0] q);
always_ff @(posedge clk or posedge rst) begin
  if (rst) q <= 0;
  else begin
    case(load)
      1'b0: q <= q;
      1'b1: q <= d;
    endcase
  end
end
endmodule
","property p_q_reset;
    @(posedge clk) rst |-> (q == 0);
endproperty
assert property (p_q_reset) else $error(""Assertion failed: q is not reset to 0 when rst is asserted"");

property p_q_load_assign;
    @(posedge clk) !rst && (load == 1'b1) |-> ##1 (q == d);
endproperty
assert property (p_q_load_assign) else $error(""Assertion failed: q is not assigned the value of d when load is asserted"");

property p_q_no_load;
    @(posedge clk) !rst && (load == 1'b0) |-> ##1 (q == $past(q));
endproperty
assert property (p_q_no_load) else $error(""Assertion failed: q is not held at its previous value when load is not asserted"");",OK,6.490066766738892,2498,409
"module ff_case_6(input logic clk, rst, timer, output logic [1:0] light);
always_ff @(posedge clk or posedge rst) begin
  if (rst) light <= 2'b00;
  else begin
    case(light)
      2'b00: if (timer) light <= 2'b01;
      2'b01: if (timer) light <= 2'b10;
      2'b10: if (timer) light <= 2'b00;
      default: light <= 2'b00;
    endcase
  end
end
endmodule
","// Properties and Assertions for the provided case statement

property p_light_reset;
    @(posedge clk) (rst == 1) |-> (light == 2'b00);
endproperty
assert property (p_light_reset);

property p_light_timer_transition_00;
    @(posedge clk) (light == 2'b00 && timer == 1) |-> ##[1:2] (light == 2'b01);
endproperty
assert property (p_light_timer_transition_00);

property p_light_timer_transition_01;
    @(posedge clk) (light == 2'b01 && timer == 1) |-> ##[1:2] (light == 2'b10);
endproperty
assert property (p_light_timer_transition_01);

property p_light_timer_transition_10;
    @(posedge clk) (light == 2'b10 && timer == 1) |-> ##[1:2] (light == 2'b00);
endproperty
assert property (p_light_timer_transition_10);

property p_light_default;
    @(posedge clk) ((light != 2'b00 && light != 2'b01 && light != 2'b10) || rst == 1) |-> (light == 2'b00);
endproperty
assert property (p_light_default);",OK,5.870121955871582,2556,357
"module ff_case_7(input logic clk, rst, stall, output logic [1:0] state);
always_ff @(posedge clk or posedge rst) begin
  if (rst) state <= 2'b00;
  else begin
    case(state)
      2'b00: state <= stall ? 2'b00 : 2'b01;
      2'b01: state <= stall ? 2'b01 : 2'b10;
      2'b10: state <= 2'b00;
      default: state <= 2'b00;
    endcase
  end
end
endmodule
","// Properties for always_ff @(posedge clk or posedge rst) begin
// if (rst) state <= 2'b00;
// else begin
//   case(state)
//     2'b00: state <= stall ? 2'b00 : 2'b01;
//     2'b01: state <= stall ? 2'b01 : 2'b10;
//     2'b10: state <= 2'b00;
//     default: state <= 2'b00;
//   endcase
// end

property p_state_reset;
    @(posedge clk) (rst == 1) |-> (state == 2'b00);
endproperty
assert property (p_state_reset);

property p_state_stall_00;
    @(posedge clk) ((state == 2'b00) && (stall == 1)) |-> (state == 2'b00);
endproperty
assert property (p_state_stall_00);

property p_state_no_stall_00;
    @(posedge clk) ((state == 2'b00) && (stall == 0)) |-> (state == 2'b01);
endproperty
assert property (p_state_no_stall_00);

property p_state_stall_01;
    @(posedge clk) ((state == 2'b01) && (stall == 1)) |-> (state == 2'b01);
endproperty
assert property (p_state_stall_01);

property p_state_no_stall_01;
    @(posedge clk) ((state == 2'b01) && (stall == 0)) |-> (state == 2'b10);
endproperty
assert property (p_state_no_stall_01);

property p_state_default;
    @(posedge clk) ((state != 2'b00) && (state != 2'b01) && (state != 2'b10)) |-> (state == 2'b00);
endproperty
assert property (p_state_default);",OK,9.665488243103027,2562,603
"module ff_case_8(input logic clk, rst, en, input logic [3:0] d, output logic [3:0] q);
always_ff @(posedge clk or posedge rst) begin
  if (rst) q <= 0;
  else begin
    case(en)
      1'b1: q <= d;
      1'b0: q <= q;
    endcase
  end
end
endmodule
","property p_q_reset;
    @(posedge clk) (rst == 1) |-> (q == 0);
endproperty
assert property (p_q_reset);

property p_q_en1_assign;
    @(posedge clk) (en == 1'b1 && rst == 0) |-> (q == d);
endproperty
assert property (p_q_en1_assign);

property p_q_en0_assign;
    @(posedge clk) (en == 1'b0 && rst == 0) |-> (q == $past(q));
endproperty
assert property (p_q_en0_assign);",OK,2.766947031021118,2498,166
"module ff_case_9(input logic clk, rst, inc, output logic [2:0] cnt);
always_ff @(posedge clk or posedge rst) begin
  if (rst) cnt <= 0;
  else begin
    case(cnt)
      3'b111: cnt <= cnt;
      default: if (inc) cnt <= cnt + 1;
    endcase
  end
end
endmodule
","property p_cnt_reset;
  @(posedge clk) rst |-> (cnt == 0);
endproperty
assert property (p_cnt_reset);

property p_cnt_increment;
  @(posedge clk) disable iff (rst) ((cnt == 3'b111) || (!inc)) |-> (cnt == $past(cnt));
endproperty
assert property (p_cnt_increment);",OK,1.875406265258789,2504,104
"module ff_case_10(input logic clk, rst, fail, output logic [1:0] state);
always_ff @(posedge clk or posedge rst) begin
  if (rst) state <= 2'b00;
  else begin
    case(state)
      2'b00: state <= 2'b01;
      2'b01: state <= fail ? 2'b10 : 2'b00;
      2'b10: state <= 2'b01;
      default: state <= 2'b00;
    endcase
  end
end
endmodule
","// Internal variables and functions used inside the code
logic [1:0] next_state;
always_comb begin : state_transition
    if (rst) 
        next_state = 2'b00;
    else begin
        case(state)
            2'b00: next_state = 2'b01;
            2'b01: next_state = fail ? 2'b10 : 2'b00;
            2'b10: next_state = 2'b01;
            default: next_state = 2'b00;
        endcase
    end
end

// Properties
property p_reset_state;
    @(posedge clk) !rst |=> (state == 2'b00);
endproperty
assert property (p_reset_state) else $error(""Reset state assertion failed"");

property p_state_transition_00;
    @(posedge clk) disable iff (!rst) (state == 2'b00) |-> ##1 (state == 2'b01);
endproperty
assert property (p_state_transition_00) else $error(""State transition from 2'b00 to 2'b01 assertion failed"");

property p_state_transition_01;
    @(posedge clk) disable iff (!rst) (state == 2'b01) |-> ##1 (next_state == (fail ? 2'b10 : 2'b00));
endproperty
assert property (p_state_transition_01) else $error(""State transition from 2'b01 assertion failed"");

property p_default_state;
    @(posedge clk) disable iff (!rst) ((state == 2'b10) || state == 2'b00) |-> ##1 (state == 2'b01);
endproperty
assert property (p_default_state) else $error(""Default state assertion failed"");",OK,8.622362613677979,2553,536
"module multi_case_1(input logic [1:0] sel, output logic en, valid);
always_comb begin
  case(sel)
    2'b00: begin en = 0; valid = 0; end
    2'b01: begin en = 1; valid = 0; end
    2'b10: begin en = 1; valid = 1; end
    default: begin en = 0; valid = 0; end
  endcase
end
endmodule","property p_en_assignment;
    @(posedge clk) (sel == 2'b00) |-> (en == 0);
endproperty
assert property (p_en_assignment)
    else begin : error_en_assignment
        $error(""Assertion failed: en is not assigned correctly under sel = 2'b00"");
    end
endassert

property p_valid_assignment;
    @(posedge clk) (sel == 2'b01 || sel == 2'b10) |-> (valid == 1);
endproperty
assert property (p_valid_assignment)
    else begin : error_valid_assignment
        $error(""Assertion failed: valid is not assigned correctly under sel = 2'b01 or sel = 2'b10"");
    end
endassert

property p_default_en_valid;
    @(posedge clk) (sel != 2'b00 && sel != 2'b01 && sel != 2'b10) |-> (en == 0 && valid == 0);
endproperty
assert property (p_default_en_valid)
    else begin : error_default_en_valid
        $error(""Assertion failed: en and valid are not assigned correctly under default condition"");
    end
endassert","** Error: (vlog-13069) prueba.sv(17): near ""property"": syntax error, unexpected ""SystemVerilog keyword 'property'"".
** Error: prueba.sv(15): (vlog-13205) Syntax error found in the scope following 'endassert'. Is there a missing '::'?",6.933225870132446,2524,431
"module multi_case_2(input logic [1:0] op, output logic we, mode);
always_comb begin
  case(op)
    2'b00: begin we = 0; mode = 0; end
    2'b01: begin we = 1; mode = 0; end
    2'b10: begin we = 1; mode = 1; end
    default: begin we = 0; mode = 0; end
  endcase
end
endmodule
","property p_we_assignment;
    @(posedge clk) (op == 2'b00) |-> (we == 0);
endproperty
assert property (p_we_assignment);

property p_mode_assignment;
    @(posedge clk) (op == 2'b00) |-> (mode == 0);
endproperty
assert property (p_mode_assignment);

property p_we_1_assignment;
    @(posedge clk) (op == 2'b01) |-> (we == 1);
endproperty
assert property (p_we_1_assignment);

property p_mode_1_assignment;
    @(posedge clk) (op == 2'b01) |-> (mode == 0);
endproperty
assert property (p_mode_1_assignment);

property p_we_2_assignment;
    @(posedge clk) (op == 2'b10) |-> (we == 1);
endproperty
assert property (p_we_2_assignment);

property p_mode_2_assignment;
    @(posedge clk) (op == 2'b10) |-> (mode == 1);
endproperty
assert property (p_mode_2_assignment);

property p_default_assignment;
    @(posedge clk) ((op != 2'b00) && (op != 2'b01) && (op != 2'b10)) |-> (we == 0) && (mode == 0);
endproperty
assert property (p_default_assignment);","** Error: prueba.sv(9): (vlog-2730) Undefined variable: 'clk'.
** Error (suppressible): prueba.sv(11): (vlog-1957) The sva directive is not sensitive to a clock. Unclocked directives are not supported.
** Error: prueba.sv(14): (vlog-2730) Undefined variable: 'clk'.
** Error (suppressible): prueba.sv(16): (vlog-1957) The sva directive is not sensitive to a clock. Unclocked directives are not supported.
** Error: prueba.sv(19): (vlog-2730) Undefined variable: 'clk'.
** Error (suppressible): prueba.sv(21): (vlog-1957) The sva directive is not sensitive to a clock. Unclocked directives are not supported.
** Error: prueba.sv(24): (vlog-2730) Undefined variable: 'clk'.
** Error (suppressible): prueba.sv(26): (vlog-1957) The sva directive is not sensitive to a clock. Unclocked directives are not supported.
** Error: prueba.sv(29): (vlog-2730) Undefined variable: 'clk'.
** Error (suppressible): prueba.sv(31): (vlog-1957) The sva directive is not sensitive to a clock. Unclocked directives are not supported.
** Error: prueba.sv(34): (vlog-2730) Undefined variable: 'clk'.
** Error (suppressible): prueba.sv(36): (vlog-1957) The sva directive is not sensitive to a clock. Unclocked directives are not supported.
** Error: prueba.sv(39): (vlog-2730) Undefined variable: 'clk'.
** Error (suppressible): prueba.sv(41): (vlog-1957) The sva directive is not sensitive to a clock. Unclocked directives are not supported.
** Error: prueba.sv(9): (vlog-2730) Undefined variable: 'clk'.",6.088674783706665,2524,380
"module multi_case_3(input logic [1:0] state, output logic ready, valid);
always_comb begin
  case(state)
    2'b00: begin ready = 1; valid = 0; end
    2'b01: begin ready = 0; valid = 1; end
    default: begin ready = 0; valid = 0; end
  endcase
end
endmodule
","property p_ready_state_00;
    @(posedge clk) (state == 2'b00) |-> (ready == 1);
endproperty
assert property (p_ready_state_00);

property p_valid_state_01;
    @(posedge clk) (state == 2'b01) |-> (valid == 1);
endproperty
assert property (p_valid_state_01);

property p_default_state;
    @(posedge clk) (state != 2'b00 && state != 2'b01) |-> (ready == 0 && valid == 0);
endproperty
assert property (p_default_state);","** Error: prueba.sv(9): (vlog-2730) Undefined variable: 'clk'.
** Error (suppressible): prueba.sv(11): (vlog-1957) The sva directive is not sensitive to a clock. Unclocked directives are not supported.
** Error: prueba.sv(14): (vlog-2730) Undefined variable: 'clk'.
** Error (suppressible): prueba.sv(16): (vlog-1957) The sva directive is not sensitive to a clock. Unclocked directives are not supported.
** Error: prueba.sv(19): (vlog-2730) Undefined variable: 'clk'.
** Error (suppressible): prueba.sv(21): (vlog-1957) The sva directive is not sensitive to a clock. Unclocked directives are not supported.
** Error: prueba.sv(9): (vlog-2730) Undefined variable: 'clk'.",2.9254841804504395,2504,173
"module multi_case_4(input logic [1:0] code, output logic err, halt);
always_comb begin
  case(code)
    2'b00: begin err = 0; halt = 0; end
    2'b01: begin err = 1; halt = 0; end
    2'b10: begin err = 1; halt = 1; end
    default: begin err = 0; halt = 0; end
  endcase
end
endmodule
","property p_err_assignment;
    @(posedge clk) (code == 2'b00) |-> (err == 0);
endproperty
assert property (p_err_assignment);

property p_halt_assignment;
    @(posedge clk) (code == 2'b10) |-> (halt == 1);
endproperty
assert property (p_halt_assignment);

property p_default_assignment;
    @(posedge clk) (code != 2'b00 && code != 2'b01 && code != 2'b10) |-> (err == 0 && halt == 0);
endproperty
assert property (p_default_assignment);","** Error: prueba.sv(9): (vlog-2730) Undefined variable: 'clk'.
** Error (suppressible): prueba.sv(11): (vlog-1957) The sva directive is not sensitive to a clock. Unclocked directives are not supported.
** Error: prueba.sv(14): (vlog-2730) Undefined variable: 'clk'.
** Error (suppressible): prueba.sv(16): (vlog-1957) The sva directive is not sensitive to a clock. Unclocked directives are not supported.
** Error: prueba.sv(19): (vlog-2730) Undefined variable: 'clk'.
** Error (suppressible): prueba.sv(21): (vlog-1957) The sva directive is not sensitive to a clock. Unclocked directives are not supported.
** Error: prueba.sv(9): (vlog-2730) Undefined variable: 'clk'.",2.9498934745788574,2524,170
"module multi_case_5(input logic [2:0] cmd, output logic rd, wr, busy);
always_comb begin
  case(cmd)
    3'b000: begin rd=0; wr=0; busy=0; end
    3'b001: begin rd=1; wr=0; busy=1; end
    3'b010: begin rd=0; wr=1; busy=1; end
    default: begin rd=0; wr=0; busy=0; end
  endcase
end
endmodule
","// Internal signals used in the case statement
logic rd, wr, busy;
reg [2:0] cmd;

always_comb begin
  // Default assignments
  rd = 0;
  wr = 0;
  busy = 0;
  
  // Case statement based on cmd
  case (cmd)
    3'b000: begin rd=0; wr=0; busy=0; end
    3'b001: begin rd=1; wr=0; busy=1; end
    3'b010: begin rd=0; wr=1; busy=1; end
    default: begin rd=0; wr=0; busy=0; end
  endcase
end

// Properties for each functional requirement in the case statement
property p_cmd_000_assign;
  @(posedge clk) (cmd == 3'b000) |-> (rd == 0 && wr == 0 && busy == 0);
endproperty
assert property (p_cmd_000_assign) else $error(""Error: cmd_000 assertion failed"");

property p_cmd_001_assign;
  @(posedge clk) (cmd == 3'b001) |-> (rd == 1 && wr == 0 && busy == 1);
endproperty
assert property (p_cmd_001_assign) else $error(""Error: cmd_001 assertion failed"");

property p_cmd_010_assign;
  @(posedge clk) (cmd == 3'b010) |-> (rd == 0 && wr == 1 && busy == 1);
endproperty
assert property (p_cmd_010_assign) else $error(""Error: cmd_010 assertion failed"");

property p_cmd_default_assign;
  @(posedge clk) (cmd != 3'b000 && cmd != 3'b001 && cmd != 3'b010) |-> (rd == 0 && wr == 0 && busy == 0);
endproperty
assert property (p_cmd_default_assign) else $error(""Error: cmd_default assertion failed"");","** Error (suppressible): prueba.sv(9): (vlog-2388) 'rd' already declared in this scope (multi_case_5_testing) at prueba.sv(2).
** Error (suppressible): prueba.sv(9): (vlog-2388) 'wr' already declared in this scope (multi_case_5_testing) at prueba.sv(2).
** Error (suppressible): prueba.sv(9): (vlog-2388) 'busy' already declared in this scope (multi_case_5_testing) at prueba.sv(2).
** Error (suppressible): prueba.sv(10): (vlog-2388) 'cmd' already declared in this scope (multi_case_5_testing) at prueba.sv(2).",9.778911352157593,2535,615
"module multi_case_6(input logic [1:0] pwr, output logic core_on, io_on);
always_comb begin
  case(pwr)
    2'b00: begin core_on=0; io_on=0; end
    2'b01: begin core_on=1; io_on=0; end
    2'b10: begin core_on=1; io_on=1; end
    default: begin core_on=0; io_on=0; end
  endcase
end
endmodule
","// Properties for always_comb block with case statement
property p_core_on_assignment_00;
    @(posedge clk) (pwr == 2'b00) |-> (core_on == 0);
endproperty
assert property (p_core_on_assignment_00)
    else $error(""Assertion failed: core_on is not assigned correctly when pwr is 2'b00"");

property p_core_on_assignment_01;
    @(posedge clk) (pwr == 2'b01) |-> (core_on == 1);
endproperty
assert property (p_core_on_assignment_01)
    else $error(""Assertion failed: core_on is not assigned correctly when pwr is 2'b01"");

property p_io_on_assignment_00;
    @(posedge clk) (pwr == 2'b00) |-> (io_on == 0);
endproperty
assert property (p_io_on_assignment_00)
    else $error(""Assertion failed: io_on is not assigned correctly when pwr is 2'b00"");

property p_io_on_assignment_10;
    @(posedge clk) (pwr == 2'b10) |-> (io_on == 1);
endproperty
assert property (p_io_on_assignment_10)
    else $error(""Assertion failed: io_on is not assigned correctly when pwr is 2'b10"");

property p_default_core_on;
    @(posedge clk) ((pwr != 2'b00) && (pwr != 2'b01) && (pwr != 2'b10)) |-> (core_on == 0);
endproperty
assert property (p_default_core_on)
    else $error(""Assertion failed: core_on is not assigned correctly when pwr is default"");

property p_default_io_on;
    @(posedge clk) ((pwr != 2'b00) && (pwr != 2'b01) && (pwr != 2'b10)) |-> (io_on == 0);
endproperty
assert property (p_default_io_on)
    else $error(""Assertion failed: io_on is not assigned correctly when pwr is default"");","** Error: prueba.sv(10): (vlog-2730) Undefined variable: 'clk'.
** Error (suppressible): prueba.sv(12): (vlog-1957) The sva directive is not sensitive to a clock. Unclocked directives are not supported.
** Error: prueba.sv(16): (vlog-2730) Undefined variable: 'clk'.
** Error (suppressible): prueba.sv(18): (vlog-1957) The sva directive is not sensitive to a clock. Unclocked directives are not supported.
** Error: prueba.sv(22): (vlog-2730) Undefined variable: 'clk'.
** Error (suppressible): prueba.sv(24): (vlog-1957) The sva directive is not sensitive to a clock. Unclocked directives are not supported.
** Error: prueba.sv(28): (vlog-2730) Undefined variable: 'clk'.
** Error (suppressible): prueba.sv(30): (vlog-1957) The sva directive is not sensitive to a clock. Unclocked directives are not supported.
** Error: prueba.sv(34): (vlog-2730) Undefined variable: 'clk'.
** Error (suppressible): prueba.sv(36): (vlog-1957) The sva directive is not sensitive to a clock. Unclocked directives are not supported.
** Error: prueba.sv(40): (vlog-2730) Undefined variable: 'clk'.
** Error (suppressible): prueba.sv(42): (vlog-1957) The sva directive is not sensitive to a clock. Unclocked directives are not supported.
** Error: prueba.sv(10): (vlog-2730) Undefined variable: 'clk'.",10.56376314163208,2533,664
"module multi_case_7(input logic [1:0] level, output logic full, empty);
always_comb begin
  case(level)
    2'b00: begin empty=1; full=0; end
    2'b11: begin empty=0; full=1; end
    default: begin empty=0; full=0; end
  endcase
end
endmodule
","property p_empty_assign;
  @(posedge clk) (level == 2'b00) |-> (empty == 1);
endproperty
assert property (p_empty_assign);

property p_full_assign;
  @(posedge clk) (level == 2'b11) |-> (full == 1);
endproperty
assert property (p_full_assign);

property p_default_assign;
  @(posedge clk) ((level != 2'b00) && (level != 2'b11)) |-> (empty == 0 && full == 0);
endproperty
assert property (p_default_assign);","** Error: prueba.sv(9): (vlog-2730) Undefined variable: 'clk'.
** Error (suppressible): prueba.sv(11): (vlog-1957) The sva directive is not sensitive to a clock. Unclocked directives are not supported.
** Error: prueba.sv(14): (vlog-2730) Undefined variable: 'clk'.
** Error (suppressible): prueba.sv(16): (vlog-1957) The sva directive is not sensitive to a clock. Unclocked directives are not supported.
** Error: prueba.sv(19): (vlog-2730) Undefined variable: 'clk'.
** Error (suppressible): prueba.sv(21): (vlog-1957) The sva directive is not sensitive to a clock. Unclocked directives are not supported.
** Error: prueba.sv(9): (vlog-2730) Undefined variable: 'clk'.",2.787909746170044,2498,163
"module multi_case_8(input logic [1:0] resp, output logic ok, retry, fail);
always_comb begin
  case(resp)
    2'b00: begin ok=1; retry=0; fail=0; end
    2'b01: begin ok=0; retry=1; fail=0; end
    2'b10: begin ok=0; retry=0; fail=1; end
    default: begin ok=0; retry=0; fail=0; end
  endcase
end
endmodule
","property p_ok_assign;
    @(posedge clk) (resp == 2'b00) |-> (ok == 1);
endproperty
assert property (p_ok_assign);

property p_retry_assign;
    @(posedge clk) (resp == 2'b01) |-> (retry == 1);
endproperty
assert property (p_retry_assign);

property p_fail_assign;
    @(posedge clk) (resp == 2'b10) |-> (fail == 1);
endproperty
assert property (p_fail_assign);

property p_default_assign;
    @(posedge clk) (resp != 2'b00 && resp != 2'b01 && resp != 2'b10) |-> (ok == 0 && retry == 0 && fail == 0);
endproperty
assert property (p_default_assign);","** Error: prueba.sv(9): (vlog-2730) Undefined variable: 'clk'.
** Error (suppressible): prueba.sv(11): (vlog-1957) The sva directive is not sensitive to a clock. Unclocked directives are not supported.
** Error: prueba.sv(14): (vlog-2730) Undefined variable: 'clk'.
** Error (suppressible): prueba.sv(16): (vlog-1957) The sva directive is not sensitive to a clock. Unclocked directives are not supported.
** Error: prueba.sv(19): (vlog-2730) Undefined variable: 'clk'.
** Error (suppressible): prueba.sv(21): (vlog-1957) The sva directive is not sensitive to a clock. Unclocked directives are not supported.
** Error: prueba.sv(24): (vlog-2730) Undefined variable: 'clk'.
** Error (suppressible): prueba.sv(26): (vlog-1957) The sva directive is not sensitive to a clock. Unclocked directives are not supported.
** Error: prueba.sv(9): (vlog-2730) Undefined variable: 'clk'.",5.447986602783203,2532,332
"module multi_case_9(input logic [1:0] st, output logic valid, dirty);
always_comb begin
  case(st)
    2'b00: begin valid=0; dirty=0; end
    2'b01: begin valid=1; dirty=0; end
    2'b10: begin valid=1; dirty=1; end
    default: begin valid=0; dirty=0; end
  endcase
end
endmodule
","property p_valid_assignment;
  @(posedge clk) (st == 2'b00) |-> (valid == 0);
endproperty
assert property (p_valid_assignment);

property p_dirty_assignment;
  @(posedge clk) (st == 2'b00) |-> (dirty == 0);
endproperty
assert property (p_dirty_assignment);

property p_valid_1_assignment;
  @(posedge clk) (st == 2'b01) |-> (valid == 1);
endproperty
assert property (p_valid_1_assignment);

property p_dirty_1_assignment;
  @(posedge clk) (st == 2'b01) |-> (dirty == 0);
endproperty
assert property (p_dirty_1_assignment);

property p_valid_2_assignment;
  @(posedge clk) (st == 2'b10) |-> (valid == 1);
endproperty
assert property (p_valid_2_assignment);

property p_dirty_2_assignment;
  @(posedge clk) (st == 2'b10) |-> (dirty == 1);
endproperty
assert property (p_dirty_2_assignment);

property p_default_assignment;
  @(posedge clk) ((st != 2'b00) && (st != 2'b01) && (st != 2'b10)) |-> (valid == 0) && (dirty == 0);
endproperty
assert property (p_default_assignment);","** Error: prueba.sv(9): (vlog-2730) Undefined variable: 'clk'.
** Error (suppressible): prueba.sv(11): (vlog-1957) The sva directive is not sensitive to a clock. Unclocked directives are not supported.
** Error: prueba.sv(14): (vlog-2730) Undefined variable: 'clk'.
** Error (suppressible): prueba.sv(16): (vlog-1957) The sva directive is not sensitive to a clock. Unclocked directives are not supported.
** Error: prueba.sv(19): (vlog-2730) Undefined variable: 'clk'.
** Error (suppressible): prueba.sv(21): (vlog-1957) The sva directive is not sensitive to a clock. Unclocked directives are not supported.
** Error: prueba.sv(24): (vlog-2730) Undefined variable: 'clk'.
** Error (suppressible): prueba.sv(26): (vlog-1957) The sva directive is not sensitive to a clock. Unclocked directives are not supported.
** Error: prueba.sv(29): (vlog-2730) Undefined variable: 'clk'.
** Error (suppressible): prueba.sv(31): (vlog-1957) The sva directive is not sensitive to a clock. Unclocked directives are not supported.
** Error: prueba.sv(34): (vlog-2730) Undefined variable: 'clk'.
** Error (suppressible): prueba.sv(36): (vlog-1957) The sva directive is not sensitive to a clock. Unclocked directives are not supported.
** Error: prueba.sv(39): (vlog-2730) Undefined variable: 'clk'.
** Error (suppressible): prueba.sv(41): (vlog-1957) The sva directive is not sensitive to a clock. Unclocked directives are not supported.
** Error: prueba.sv(9): (vlog-2730) Undefined variable: 'clk'.",6.086291313171387,2516,380
"module multi_case_10(input logic [1:0] g, output logic gnt0, gnt1);
always_comb begin
  case(g)
    2'b01: begin gnt0=1; gnt1=0; end
    2'b10: begin gnt0=0; gnt1=1; end
    default: begin gnt0=0; gnt1=0; end
  endcase
end
endmodule
","// Properties and Assertions for the case statement in always_comb block

property p_gnt0_when_g1;
    @(posedge clk) (g == 2'b01) |-> (gnt0 == 1);
endproperty
assert property (p_gnt0_when_g1) else $error(""Assertion failed: gnt0 is not granted when g is 2'b01"");

property p_gnt1_when_g2;
    @(posedge clk) (g == 2'b10) |-> (gnt1 == 1);
endproperty
assert property (p_gnt1_when_g2) else $error(""Assertion failed: gnt1 is not granted when g is 2'b10"");

property p_gnt0_default;
    @(posedge clk) ((g == 2'b00 || g == 2'b11) && (g != 2'b01)) |-> (gnt0 == 0);
endproperty
assert property (p_gnt0_default) else $error(""Assertion failed: gnt0 is not defaulted to 0 when g is not 2'b01 or 2'b10"");

property p_gnt1_default;
    @(posedge clk) ((g == 2'b00 || g == 2'b11) && (g != 2'b10)) |-> (gnt1 == 0);
endproperty
assert property (p_gnt1_default) else $error(""Assertion failed: gnt1 is not defaulted to 0 when g is not 2'b01 or 2'b10"");","** Error: prueba.sv(11): (vlog-2730) Undefined variable: 'clk'.
** Error (suppressible): prueba.sv(13): (vlog-1957) The sva directive is not sensitive to a clock. Unclocked directives are not supported.
** Error: prueba.sv(16): (vlog-2730) Undefined variable: 'clk'.
** Error (suppressible): prueba.sv(18): (vlog-1957) The sva directive is not sensitive to a clock. Unclocked directives are not supported.
** Error: prueba.sv(21): (vlog-2730) Undefined variable: 'clk'.
** Error (suppressible): prueba.sv(23): (vlog-1957) The sva directive is not sensitive to a clock. Unclocked directives are not supported.
** Error: prueba.sv(26): (vlog-2730) Undefined variable: 'clk'.
** Error (suppressible): prueba.sv(28): (vlog-1957) The sva directive is not sensitive to a clock. Unclocked directives are not supported.
** Error: prueba.sv(11): (vlog-2730) Undefined variable: 'clk'.",7.975061655044556,2510,504
"module slice_case_1(input logic [1:0] a, input logic b, output logic y);
always_comb begin
  case({a,b})
    3'b000: y = 0;
    3'b101: y = 1;
    default: y = 0;
  endcase
end
endmodule
","property p_y_assign_000;
  @(posedge clk) (a == 1'b0 && b == 1'b0) |-> (y == 1'b0);
endproperty
assert property (p_y_assign_000);

property p_y_assign_101;
  @(posedge clk) (a == 1'b1 && b == 1'b0) |-> (y == 1'b1);
endproperty
assert property (p_y_assign_101);

property p_y_default_assign;
  @(posedge clk) ((a != 1'b0 || b != 1'b0) && (a != 1'b1 || b != 1'b0)) |-> (y == 1'b0);
endproperty
assert property (p_y_default_assign);","** Error: prueba.sv(9): (vlog-2730) Undefined variable: 'clk'.
** Error (suppressible): prueba.sv(11): (vlog-1957) The sva directive is not sensitive to a clock. Unclocked directives are not supported.
** Error: prueba.sv(14): (vlog-2730) Undefined variable: 'clk'.
** Error (suppressible): prueba.sv(16): (vlog-1957) The sva directive is not sensitive to a clock. Unclocked directives are not supported.
** Error: prueba.sv(19): (vlog-2730) Undefined variable: 'clk'.
** Error (suppressible): prueba.sv(21): (vlog-1957) The sva directive is not sensitive to a clock. Unclocked directives are not supported.
** Error: prueba.sv(9): (vlog-2730) Undefined variable: 'clk'.",4.800036668777466,2487,302
"module slice_case_2(input logic [3:0] x, output logic y);
always_comb begin
  case({x[3:2],x[0]})
    3'b100: y = 1;
    3'b011: y = 0;
    default: y = 0;
  endcase
end
endmodule
","// Property for when x[3:2] == 2'b10 and x[0] == 1, y should be assigned to 1.
property p_y_assign_when_x_is_100;
    @(posedge clk) ({x[3:2], x[0]} == 3'b100) |-> (y == 1);
endproperty
assert property (p_y_assign_when_x_is_100) else $error(""Assertion failed: y is not assigned to 1 when x[3:2] == 2'b10 and x[0] == 1"");

// Property for when x[3:2] == 2'b01 and x[0] == 1, y should be assigned to 0.
property p_y_assign_when_x_is_011;
    @(posedge clk) ({x[3:2], x[0]} == 3'b011) |-> (y == 0);
endproperty
assert property (p_y_assign_when_x_is_011) else $error(""Assertion failed: y is not assigned to 0 when x[3:2] == 2'b01 and x[0] == 1"");

// Property for all other cases, y should be assigned to 0.
property p_y_default_assign;
    @(posedge clk) ({x[3:2], x[0]} != 3'b100 && {x[3:2], x[0]} != 3'b011) |-> (y == 0);
endproperty
assert property (p_y_default_assign) else $error(""Assertion failed: y is not assigned to default value 0 for all other cases"");","** Error: prueba.sv(10): (vlog-2730) Undefined variable: 'clk'.
** Error (suppressible): prueba.sv(12): (vlog-1957) The sva directive is not sensitive to a clock. Unclocked directives are not supported.
** Error: prueba.sv(16): (vlog-2730) Undefined variable: 'clk'.
** Error (suppressible): prueba.sv(18): (vlog-1957) The sva directive is not sensitive to a clock. Unclocked directives are not supported.
** Error: prueba.sv(22): (vlog-2730) Undefined variable: 'clk'.
** Error (suppressible): prueba.sv(24): (vlog-1957) The sva directive is not sensitive to a clock. Unclocked directives are not supported.
** Error: prueba.sv(10): (vlog-2730) Undefined variable: 'clk'.",7.777394533157349,2494,494
"module slice_case_3(input logic [1:0] a,b, output logic y);
always_comb begin
  case({a[1],b})
    3'b101: y = 1;
    default: y = 0;
  endcase
end
endmodule
","property p_y_assign_101;
    @(posedge clk) ({a[1], b} == 3'b101) |-> (y == 1);
endproperty
assert property (p_y_assign_101);

property p_y_default_assign;
    @(posedge clk) ({a[1], b} != 3'b101) |-> (y == 0);
endproperty
assert property (p_y_default_assign);","** Error: prueba.sv(9): (vlog-2730) Undefined variable: 'clk'.
** Error (suppressible): prueba.sv(11): (vlog-1957) The sva directive is not sensitive to a clock. Unclocked directives are not supported.
** Error: prueba.sv(14): (vlog-2730) Undefined variable: 'clk'.
** Error (suppressible): prueba.sv(16): (vlog-1957) The sva directive is not sensitive to a clock. Unclocked directives are not supported.
** Error: prueba.sv(9): (vlog-2730) Undefined variable: 'clk'.",2.1234734058380127,2475,124
"module slice_case_4(input logic [2:0] op, input logic z, output logic go);
always_comb begin
  case({op[1:0],z})
    3'b001: go = 1;
    3'b111: go = 1;
    default: go = 0;
  endcase
end
endmodule
","// Internal variables used in the code
logic [1:0] op_slice;
logic z_val;
logic go_val;

always_comb begin : case_behavior
  // Extract necessary parts of signals for clarity in assertions
  op_slice = op[1:0];
  z_val = z;
  go_val = go;
  
  // Default assignment
  go_val = 0;
  
  // Case statement behavior
  case ({op_slice, z_val})
    3'b001: go_val = 1;
    3'b111: go_val = 1;
    default: go_val = 0;
  endcase
end

// Assertions based on the case statement behavior
property p_go_when_conditions;
  @(posedge clk) ((op_slice == 2'b00 && z_val == 1) || (op_slice == 2'b11 && z_val == 1)) |-> (go_val == 1);
endproperty
assert property (p_go_when_conditions) else $error(""Assertion failed: go should be 1 when op_slice is 00 and z_val is 1 or when op_slice is 11 and z_val is 1"");

property p_default_go;
  @(posedge clk) (op_slice != 2'b00 && op_slice != 2'b11 && z_val != 1) |-> (go_val == 0);
endproperty
assert property (p_default_go) else $error(""Assertion failed: go should be defaulted to 0 when the conditions are not met"");","** Error: prueba.sv(32): (vlog-2730) Undefined variable: 'clk'.
** Error (suppressible): prueba.sv(34): (vlog-1957) The sva directive is not sensitive to a clock. Unclocked directives are not supported.
** Error: prueba.sv(37): (vlog-2730) Undefined variable: 'clk'.
** Error (suppressible): prueba.sv(39): (vlog-1957) The sva directive is not sensitive to a clock. Unclocked directives are not supported.
** Error: prueba.sv(32): (vlog-2730) Undefined variable: 'clk'.",8.382035255432129,2491,536
"module slice_case_5(input logic [7:0] addr, output logic hit);
always_comb begin
  case({addr[7],addr[2:0]})
    4'b1001: hit = 1;
    4'b1010: hit = 1;
    default: hit = 0;
  endcase
end
endmodule
","// Properties and Assertions for the provided case statement

property p_hit_1001;
  @(posedge clk) (addr[7] == 1'b1 && addr[2:0] == 3'b001) |-> (hit == 1);
endproperty
assert property (p_hit_1001);

property p_hit_1010;
  @(posedge clk) (addr[7] == 1'b1 && addr[2:0] == 3'b010) |-> (hit == 1);
endproperty
assert property (p_hit_1010);

property p_hit_default;
  @(posedge clk) ((addr[7] == 1'b1 && addr[2:0] != 3'b001 && addr[2:0] != 3'b010) || (addr[7] == 1'b0)) |-> (hit == 0);
endproperty
assert property (p_hit_default);","** Error: prueba.sv(11): (vlog-2730) Undefined variable: 'clk'.
** Error (suppressible): prueba.sv(13): (vlog-1957) The sva directive is not sensitive to a clock. Unclocked directives are not supported.
** Error: prueba.sv(16): (vlog-2730) Undefined variable: 'clk'.
** Error (suppressible): prueba.sv(18): (vlog-1957) The sva directive is not sensitive to a clock. Unclocked directives are not supported.
** Error: prueba.sv(21): (vlog-2730) Undefined variable: 'clk'.
** Error (suppressible): prueba.sv(23): (vlog-1957) The sva directive is not sensitive to a clock. Unclocked directives are not supported.
** Error: prueba.sv(11): (vlog-2730) Undefined variable: 'clk'.",4.043883562088013,2496,250
"module slice_case_6(input logic [3:0] ctrl, input logic en, output logic ok);
always_comb begin
  case({ctrl[3:2],en})
    3'b101: ok = 1;
    3'b011: ok = 1;
    default: ok = 0;
  endcase
end
endmodule
","property p_ok_assign_1;
  @(posedge clk) ({ctrl[3:2], en} == 3'b101) |-> (ok == 1);
endproperty
assert property (p_ok_assign_1);

property p_ok_assign_2;
  @(posedge clk) ({ctrl[3:2], en} == 3'b011) |-> (ok == 1);
endproperty
assert property (p_ok_assign_2);

property p_ok_default_assign;
  @(posedge clk) ({ctrl[3:2], en} != 3'b101 && {ctrl[3:2], en} != 3'b011) |-> (ok == 0);
endproperty
assert property (p_ok_default_assign);","** Error: prueba.sv(9): (vlog-2730) Undefined variable: 'clk'.
** Error (suppressible): prueba.sv(11): (vlog-1957) The sva directive is not sensitive to a clock. Unclocked directives are not supported.
** Error: prueba.sv(14): (vlog-2730) Undefined variable: 'clk'.
** Error (suppressible): prueba.sv(16): (vlog-1957) The sva directive is not sensitive to a clock. Unclocked directives are not supported.
** Error: prueba.sv(19): (vlog-2730) Undefined variable: 'clk'.
** Error (suppressible): prueba.sv(21): (vlog-1957) The sva directive is not sensitive to a clock. Unclocked directives are not supported.
** Error: prueba.sv(9): (vlog-2730) Undefined variable: 'clk'.",3.319627523422241,2491,201
"module slice_case_7(input logic [1:0] flags, input logic mode, output logic y);
always_comb begin
  case({flags,mode})
    3'b110: y = 1;
    3'b001: y = 1;
    default: y = 0;
  endcase
end
endmodule
","property p_y_assign_110;
    @(posedge clk) ({flags, mode} == 3'b110) |-> (y == 1);
endproperty
assert property (p_y_assign_110);

property p_y_assign_001;
    @(posedge clk) ({flags, mode} == 3'b001) |-> (y == 1);
endproperty
assert property (p_y_assign_001);

property p_y_default_assign;
    @(posedge clk) ({flags, mode} != 3'b110 && {flags, mode} != 3'b001) |-> (y == 0);
endproperty
assert property (p_y_default_assign);","** Error: prueba.sv(9): (vlog-2730) Undefined variable: 'clk'.
** Error (suppressible): prueba.sv(11): (vlog-1957) The sva directive is not sensitive to a clock. Unclocked directives are not supported.
** Error: prueba.sv(14): (vlog-2730) Undefined variable: 'clk'.
** Error (suppressible): prueba.sv(16): (vlog-1957) The sva directive is not sensitive to a clock. Unclocked directives are not supported.
** Error: prueba.sv(19): (vlog-2730) Undefined variable: 'clk'.
** Error (suppressible): prueba.sv(21): (vlog-1957) The sva directive is not sensitive to a clock. Unclocked directives are not supported.
** Error: prueba.sv(9): (vlog-2730) Undefined variable: 'clk'.",3.222288131713867,2487,193
"module slice_case_8(input logic [4:0] x, output logic y);
always_comb begin
  case({x[4],x[1:0]})
    3'b101: y = 1;
    3'b000: y = 0;
    default: y = 0;
  endcase
end
endmodule
","// Internal variable and function usage
logic [4:0] x; // Assuming 'x' is in scope
logic y;       // Output signal 'y'

always_comb begin
  case({x[4],x[1:0]})
    3'b101: y = 1;
    3'b000: y = 0;
    default: y = 0;
  endcase
end

// Properties and Assertions
property p_y_1_assign;
  @(posedge clk) (x[4] == 1 && x[1:0] == 3'b01) |-> (y == 1);
endproperty
assert property (p_y_1_assign) else $error(""Assertion failed: y should be 1 when {x[4],x[1:0]} is 3'b101"");

property p_y_0_assign;
  @(posedge clk) (x[4] == 0 && x[1:0] == 3'b00) |-> (y == 0);
endproperty
assert property (p_y_0_assign) else $error(""Assertion failed: y should be 0 when {x[4],x[1:0]} is 3'b000"");

property p_y_default_assign;
  @(posedge clk) (!($past(x[4]) == 1 && $past(x[1:0]) == 3'b01) && !($past(x[4]) == 0 && $past(x[1:0]) == 3'b00)) |-> (y == 0);
endproperty
assert property (p_y_default_assign) else $error(""Assertion failed: y should default to 0 when {x[4],x[1:0]} is not 3'b101 or 3'b000"");","** Error (suppressible): prueba.sv(9): (vlog-2388) 'x' already declared in this scope (slice_case_8_testing) at prueba.sv(2).
** Error (suppressible): prueba.sv(10): (vlog-2388) 'y' already declared in this scope (slice_case_8_testing) at prueba.sv(2).",8.15174126625061,2494,521
"module slice_case_9(input logic [2:0] bus, input logic err, output logic stop);
always_comb begin
  case({bus[2],err})
    2'b11: stop = 1;
    2'b01: stop = 0;
    default: stop = 0;
  endcase
end
endmodule
","// Property for asserting behavior when bus[2] and err are both high (1'b1)
property p_stop_high;
  @(posedge clk) disable iff (!rst_n) // Assuming rst_n is a reset signal
  ({bus[2],err} == 2'b11) |-> (stop == 1);
endproperty
assert property (p_stop_high)
  else begin : prop_fail_stop_high
    $display(""Assertion failed: stop should be high when bus[2] and err are both high."");
  end

// Property for asserting behavior when bus[2] is low and err is high (1'b1)
property p_stop_low;
  @(posedge clk) disable iff (!rst_n) // Assuming rst_n is a reset signal
  ({bus[2],err} == 2'b01) |-> (stop == 0);
endproperty
assert property (p_stop_low)
  else begin : prop_fail_stop_low
    $display(""Assertion failed: stop should be low when bus[2] is low and err is high."");
  end

// Property for asserting default behavior, which is to keep stop at 0 unless specified otherwise
property p_default_stop;
  @(posedge clk) disable iff (!rst_n) // Assuming rst_n is a reset signal
  (({bus[2],err} != 2'b11 && {bus[2],err} != 2'b01)) |-> (stop == 0);
endproperty
assert property (p_default_stop)
  else begin : prop_fail_default_stop
    $display(""Assertion failed: stop should default to low unless specified otherwise."");
  end","** Error: prueba.sv(10): (vlog-2730) Undefined variable: 'rst_n'.
** Error: prueba.sv(10): (vlog-2730) Undefined variable: 'clk'.",7.546693325042725,2487,483
"module slice_case_10(input logic [3:0] mode, output logic y);
always_comb begin
  case({mode[3],mode[0]})
    2'b10: y = 1;
    2'b01: y = 1;
    default: y = 0;
  endcase
end
endmodule
","property p_y_assign_1;
  @(posedge clk) ({mode[3], mode[0]} == 2'b10) |-> (y == 1);
endproperty
assert property (p_y_assign_1);

property p_y_assign_2;
  @(posedge clk) ({mode[3], mode[0]} == 2'b01) |-> (y == 1);
endproperty
assert property (p_y_assign_2);

property p_y_default_assign;
  @(posedge clk) ({mode[3], mode[0]} != 2'b10 && {mode[3], mode[0]} != 2'b01) |-> (y == 0);
endproperty
assert property (p_y_default_assign);","** Error: prueba.sv(9): (vlog-2730) Undefined variable: 'clk'.
** Error (suppressible): prueba.sv(11): (vlog-1957) The sva directive is not sensitive to a clock. Unclocked directives are not supported.
** Error: prueba.sv(14): (vlog-2730) Undefined variable: 'clk'.
** Error (suppressible): prueba.sv(16): (vlog-1957) The sva directive is not sensitive to a clock. Unclocked directives are not supported.
** Error: prueba.sv(19): (vlog-2730) Undefined variable: 'clk'.
** Error (suppressible): prueba.sv(21): (vlog-1957) The sva directive is not sensitive to a clock. Unclocked directives are not supported.
** Error: prueba.sv(9): (vlog-2730) Undefined variable: 'clk'.",3.276534080505371,2490,197
"module proto_case_1(input logic clk, rst, req, output logic gnt);
always_ff @(posedge clk or posedge rst) begin
  if (rst) gnt <= 0;
  else begin
    case(gnt)
      1'b0: if (req) gnt <= 1;
      1'b1: gnt <= 0;
    endcase
  end
end
endmodule
","property p_reset_behavior;
    @(posedge clk) rst |-> ##[1:2] (gnt == 1);
endproperty
assert property (p_reset_behavior);

property p_request_grant;
    @(posedge clk) !rst && (gnt == 0) && req |-> ##1 (gnt == 1);
endproperty
assert property (p_request_grant);

property p_granted_release;
    @(posedge clk) !rst && (gnt == 1) |-> ##[1:2] (gnt == 0);
endproperty
assert property (p_granted_release);",OK,2.837573528289795,2508,158
"module proto_case_2(input logic clk, rst, valid, output logic ready);
always_ff @(posedge clk or posedge rst) begin
  if (rst) ready <= 1;
  else begin
    case(ready)
      1'b1: if (valid) ready <= 0;
      1'b0: ready <= 1;
    endcase
  end
end
endmodule
","property p_ready_reset;
    @(posedge clk) rst |-> (ready == 1);
endproperty
assert property (p_ready_reset);

property p_ready_valid_transition;
    @(posedge clk) !rst && (ready == 1'b1) && valid |-> ##[1:2] (ready == 0);
endproperty
assert property (p_ready_valid_transition);

property p_ready_idle_state;
    @(posedge clk) !rst && (ready == 0) |-> (ready == 1);
endproperty
assert property (p_ready_idle_state);",OK,2.6352169513702393,2504,156
"module proto_case_3(input logic clk, rst, send, ack, output logic busy);
always_ff @(posedge clk or posedge rst) begin
  if (rst) busy <= 0;
  else begin
    case(busy)
      1'b0: if (send) busy <= 1;
      1'b1: if (ack) busy <= 0;
    endcase
  end
end
endmodule
","property p_busy_reset;
    @(posedge clk) rst |-> (busy == 0);
endproperty
assert property (p_busy_reset);

property p_busy_send_assign;
    @(posedge clk) !rst && (busy == 1'b0) && send |-> (busy == 1'b1);
endproperty
assert property (p_busy_send_assign);

property p_busy_ack_assign;
    @(posedge clk) !rst && (busy == 1'b1) && ack |-> (busy == 1'b0);
endproperty
assert property (p_busy_ack_assign);",OK,2.78778338432312,2508,161
"module proto_case_4(input logic clk, rst, give, take, output logic [1:0] credit);
always_ff @(posedge clk or posedge rst) begin
  if (rst) credit <= 2;
  else begin
    case({give,take})
      2'b10: credit <= credit + 1;
      2'b01: credit <= credit - 1;
      default: credit <= credit;
    endcase
  end
end
endmodule
","property p_credit_inc;
    @(posedge clk) (rst == 0 && {give, take} == 2'b10) |-> (credit == $past(credit + 1));
endproperty
assert property (p_credit_inc);

property p_credit_dec;
    @(posedge clk) (rst == 0 && {give, take} == 2'b01) |-> (credit == $past(credit - 1));
endproperty
assert property (p_credit_dec);

property p_credit_default;
    @(posedge clk) (rst == 0 && ({give, take} != 2'b10 && {give, take} != 2'b01)) |-> (credit == $past(credit));
endproperty
assert property (p_credit_default);",OK,3.403958559036255,2516,199
"module proto_case_5(input logic clk, rst, sop, eop, output logic in_pkt);
always_ff @(posedge clk or posedge rst) begin
  if (rst) in_pkt <= 0;
  else begin
    case(in_pkt)
      1'b0: if (sop) in_pkt <= 1;
      1'b1: if (eop) in_pkt <= 0;
    endcase
  end
end
endmodule
","// Properties for always_ff @(posedge clk or posedge rst) begin
//   if (rst) in_pkt <= 0;
//   else begin
//     case(in_pkt)
//       1'b0: if (sop) in_pkt <= 1;
//       1'b1: if (eop) in_pkt <= 0;
//     endcase
//   end
// end

property p_in_pkt_reset;
    @(posedge clk or posedge rst) (rst == 1) |-> (in_pkt == 0);
endproperty
assert property (p_in_pkt_reset) else $error(""Assertion failed: in_pkt not reset to 0 on rst assertion"");

property p_in_pkt_case_0;
    @(posedge clk) disable iff (rst == 1) ((in_pkt == 1'b0) && (sop == 1)) |-> ##1 (in_pkt == 1);
endproperty
assert property (p_in_pkt_case_0) else $error(""Assertion failed: in_pkt not set to 1 when sop asserted and in_pkt is 0"");

property p_in_pkt_case_1;
    @(posedge clk) disable iff (rst == 1) ((in_pkt == 1'b1) && (eop == 1)) |-> ##1 (in_pkt == 0);
endproperty
assert property (p_in_pkt_case_1) else $error(""Assertion failed: in_pkt not reset to 0 when eop asserted and in_pkt is 1"");",OK,8.916554689407349,2522,563
"module proto_case_6(input logic clk, rst, fail, output logic retry);
always_ff @(posedge clk or posedge rst) begin
  if (rst) retry <= 0;
  else begin
    case(retry)
      1'b0: if (fail) retry <= 1;
      1'b1: retry <= 0;
    endcase
  end
end
endmodule
","property p_retry_reset;
    @(posedge clk) (rst == 1'b1) |-> (retry == 0);
endproperty
assert property (p_retry_reset);

property p_retry_fail_transition;
    @(posedge clk) disable iff (rst == 1'b1)
    (retry == 1'b0 && fail == 1'b1) |-> ##1 (retry == 1'b1);
endproperty
assert property (p_retry_fail_transition);

property p_retry_reset_transition;
    @(posedge clk) disable iff (rst == 1'b1)
    (retry == 1'b1) |-> ##1 (retry == 0);
endproperty
assert property (p_retry_reset_transition);",OK,5.097115755081177,2504,321
"module proto_case_7(input logic clk, rst, lock_req, unlock, output logic locked);
always_ff @(posedge clk or posedge rst) begin
  if (rst) locked <= 0;
  else begin
    case(locked)
      1'b0: if (lock_req) locked <= 1;
      1'b1: if (unlock) locked <= 0;
    endcase
  end
end
endmodule
","property p_locked_reset;
  @(posedge clk) rst |=> (locked == 0);
endproperty
assert property (p_locked_reset);

property p_locked_lockreq;
  @(posedge clk) (!rst && locked == 1'b0 && lock_req) |-> ##1 (locked == 1'b1);
endproperty
assert property (p_locked_lockreq);

property p_locked_unlock;
  @(posedge clk) (!rst && locked == 1'b1 && unlock) |-> ##1 (locked == 1'b0);
endproperty
assert property (p_locked_unlock);",OK,2.722815752029419,2510,159
"module proto_case_8(input logic clk, rst, start, finish, output logic busy);
always_ff @(posedge clk or posedge rst) begin
  if (rst) busy <= 0;
  else begin
    case(busy)
      1'b0: if (start) busy <= 1;
      1'b1: if (finish) busy <= 0;
    endcase
  end
end
endmodule
","property p_busy_reset;
  @(posedge clk) rst |-> (busy == 0);
endproperty
assert property (p_busy_reset);

property p_busy_start_assign;
  @(posedge clk) !rst && (busy == 1'b0) && start |-> (busy == 1'b1);
endproperty
assert property (p_busy_start_assign);

property p_busy_finish_assign;
  @(posedge clk) !rst && (busy == 1'b1) && finish |-> (busy == 1'b0);
endproperty
assert property (p_busy_finish_assign);",OK,2.7827870845794678,2508,161
"module proto_case_9(input logic clk, rst, go, done, output logic active);
always_ff @(posedge clk or posedge rst) begin
  if (rst) active <= 0;
  else begin
    case(active)
      1'b0: if (go) active <= 1;
      1'b1: if (done) active <= 0;
    endcase
  end
end
endmodule
","property p_active_reset;
    @(posedge clk) (rst == 1) |-> (active == 0);
endproperty
assert property (p_active_reset);

property p_active_go;
    @(posedge clk) disable iff (rst) ((active == 1'b0 && go == 1) |-> ##1 (active == 1'b1));
endproperty
assert property (p_active_go);

property p_active_done;
    @(posedge clk) disable iff (rst) ((active == 1'b1 && done == 1) |-> ##1 (active == 1'b0));
endproperty
assert property (p_active_done);",OK,2.893373966217041,2508,171
"module router_fsm (
    input  logic clk,
    input  logic rst_n,
    input  logic [3:0] req,
    output logic [1:0] selected,
    output logic grant
);
    typedef enum logic [1:0] {IDLE, LOOKUP, FORWARD, DROP} state_t;
    state_t state;

    always_ff @(posedge clk or negedge rst_n) begin
        if (!rst_n) begin
            state <= IDLE;
            selected <= 2'b00;
            grant <= 1'b0;
        end else begin
            case (state)
                IDLE: begin
                    grant <= 1'b0;
                    if (req != 4'b0000)
                        state <= LOOKUP;
                end

                LOOKUP: begin
                    casez (req)
                        4'b1???: selected <= 2'd3;
                        4'b01??: selected <= 2'd2;
                        4'b001?: selected <= 2'd1;
                        4'b0001: selected <= 2'd0;
                        default: selected <= 2'd0;
                    endcase
                    state <= (req == 4'b0000) ? IDLE : FORWARD;
                end

                FORWARD: begin
                    grant <= 1'b1;
                    if (req[selected] == 1'b0)
                        state <= IDLE;
                end

                DROP: state <= IDLE;
            endcase
        end
    end
endmodule
","// Properties and Assertions for the provided SystemVerilog code

property p_grant_lowercase;
    @(posedge clk) disable iff (!rst_n) (state == FORWARD) |-> (grant == 1'b1);
endproperty
assert property (p_grant_lowercase);

property p_selected_assignment;
    @(posedge clk) disable iff (!rst_n) (state == LOOKUP) |-> ((req == 4'b1??? && selected == 2'd3) || 
                                                               (req == 4'b01?? && selected == 2'd2) || 
                                                               (req == 4'b001? && selected == 2'd1) || 
                                                               (req == 4'b0001 && selected == 2'd0));
endproperty
assert property (p_selected_assignment);

property p_state_transition;
    @(posedge clk) disable iff (!rst_n) !($isunknown(req)) |-> ((state == IDLE && req != 4'b0000) |=> (state == LOOKUP)) &&
                                                              ((state == LOOKUP) |-> ($past(state, 1) == FORWARD || $past(state, 1) == DROP));
endproperty
assert property (p_state_transition);

property p_grant_deassertion;
    @(posedge clk) disable iff (!rst_n) (state == IDLE && req != 4'b0000) |-> ##[1:2] ($past(state, 1) == FORWARD || $past(state, 1) == DROP) [*1] |-> (grant == 1'b0);
endproperty
assert property (p_grant_deassertion);","** Error: (vlog-13069) prueba.sv(29): near ""&&"": syntax error, unexpected &&, expecting ""SystemVerilog keyword 'endproperty'"".",7.266570568084717,2718,412
"module instr_decoder (
    input  logic [31:0] instr,
    output logic [3:0] alu_op,
    output logic writeback,
    output logic [2:0] opcode
);
    typedef enum logic [2:0] {ALU, LOAD, STORE, BRANCH, SYS} op_t;
    always_comb begin
        writeback = 0;
        alu_op = 0;
        opcode = instr[31:29];

        unique case (opcode)
            ALU: begin
                writeback = 1;
                case (instr[28:25])
                    4'h0: alu_op = 4'h1; // ADD
                    4'h1: alu_op = 4'h2; // SUB
                    4'h2: alu_op = 4'h3; // AND
                    default: alu_op = 4'hF; // illegal
                endcase
            end

            LOAD:  writeback = 1;
            STORE: writeback = 0;
            BRANCH: writeback = 0;
            SYS: writeback = 0;
        endcase
    end
endmodule
","property p_writeback_alu;
    @(posedge clk) (opcode == ALU) |-> (writeback == 1);
endproperty
assert property (p_writeback_alu);

property p_writeback_load;
    @(posedge clk) (opcode == LOAD) |-> (writeback == 1);
endproperty
assert property (p_writeback_load);

property p_writeback_store;
    @(posedge clk) (opcode == STORE) |-> (writeback == 0);
endproperty
assert property (p_writeback_store);

property p_writeback_branch;
    @(posedge clk) (opcode == BRANCH) |-> (writeback == 0);
endproperty
assert property (p_writeback_branch);

property p_writeback_sys;
    @(posedge clk) (opcode == SYS) |-> (writeback == 0);
endproperty
assert property (p_writeback_sys);

property p_alu_op_zero;
    @(posedge clk) (opcode == ALU && instr[28:25] == 4'h0) |-> (alu_op == 4'h1);
endproperty
assert property (p_alu_op_zero);

property p_alu_op_one;
    @(posedge clk) (opcode == ALU && instr[28:25] == 4'h1) |-> (alu_op == 4'h2);
endproperty
assert property (p_alu_op_one);

property p_alu_op_two;
    @(posedge clk) (opcode == ALU && instr[28:25] == 4'h2) |-> (alu_op == 4'h3);
endproperty
assert property (p_alu_op_two);

property p_alu_op_default;
    @(posedge clk) (opcode == ALU && (instr[28:25] != 4'h0 && instr[28:25] != 4'h1 && instr[28:25] != 4'h2)) |-> (alu_op == 4'hF);
endproperty
assert property (p_alu_op_default);","** Error: prueba.sv(12): (vlog-2730) Undefined variable: 'clk'.
** Error (suppressible): prueba.sv(14): (vlog-1957) The sva directive is not sensitive to a clock. Unclocked directives are not supported.
** Error: prueba.sv(17): (vlog-2730) Undefined variable: 'clk'.
** Error (suppressible): prueba.sv(19): (vlog-1957) The sva directive is not sensitive to a clock. Unclocked directives are not supported.
** Error: prueba.sv(22): (vlog-2730) Undefined variable: 'clk'.
** Error (suppressible): prueba.sv(24): (vlog-1957) The sva directive is not sensitive to a clock. Unclocked directives are not supported.
** Error: prueba.sv(27): (vlog-2730) Undefined variable: 'clk'.
** Error (suppressible): prueba.sv(29): (vlog-1957) The sva directive is not sensitive to a clock. Unclocked directives are not supported.
** Error: prueba.sv(32): (vlog-2730) Undefined variable: 'clk'.
** Error (suppressible): prueba.sv(34): (vlog-1957) The sva directive is not sensitive to a clock. Unclocked directives are not supported.
** Error: prueba.sv(37): (vlog-2730) Undefined variable: 'clk'.
** Error (suppressible): prueba.sv(39): (vlog-1957) The sva directive is not sensitive to a clock. Unclocked directives are not supported.
** Error: prueba.sv(42): (vlog-2730) Undefined variable: 'clk'.
** Error (suppressible): prueba.sv(44): (vlog-1957) The sva directive is not sensitive to a clock. Unclocked directives are not supported.
** Error: prueba.sv(47): (vlog-2730) Undefined variable: 'clk'.
** Error (suppressible): prueba.sv(49): (vlog-1957) The sva directive is not sensitive to a clock. Unclocked directives are not supported.
** Error: prueba.sv(52): (vlog-2730) Undefined variable: 'clk'.
** Error (suppressible): prueba.sv(54): (vlog-1957) The sva directive is not sensitive to a clock. Unclocked directives are not supported.
** Error: prueba.sv(12): (vlog-2730) Undefined variable: 'clk'.",8.931917667388916,2629,533
"module phy_link (
    input logic clk,
    input logic [3:0] mode,
    output logic [1:0] speed,
    output logic training
);
    always_ff @(posedge clk) begin
        casez (mode)
            4'b1???: speed <= 2'b11;   // Gen3
            4'b01??: speed <= 2'b10;   // Gen2
            4'b001?: speed <= 2'b01;   // Gen1
            4'b0001: speed <= 2'b00;   // Safe
        endcase
    end

    always_ff @(posedge clk)
        training <= (speed != 2'b00);
endmodule
","// Properties and Assertions for SystemVerilog Case Statement

property p_speed_11_assign;
    @(posedge clk) (mode == 4'b1???) |-> (speed == 2'b11);
endproperty
assert property (p_speed_11_assign);

property p_speed_10_assign;
    @(posedge clk) (mode == 4'b01??) |-> (speed == 2'b10);
endproperty
assert property (p_speed_10_assign);

property p_speed_01_assign;
    @(posedge clk) (mode == 4'b001?) |-> (speed == 2'b01);
endproperty
assert property (p_speed_01_assign);

property p_speed_00_assign;
    @(posedge clk) (mode == 4'b0001) |-> (speed == 2'b00);
endproperty
assert property (p_speed_00_assign);","** Error: prueba.sv(8): (vlog-2110) Illegal reference to net ""training"".",5.538410186767578,2531,336
"module mem_ctrl (
    input logic clk,
    input logic [1:0] cmd,
    input logic [1:0] burst,
    output logic ack,
    output logic err
);
    always_ff @(posedge clk) begin
        ack <= 0;
        err <= 0;
        case (cmd)
            2'b00: begin // READ
                case (burst)
                    2'b00, 2'b01: ack <= 1;
                    default: err <= 1;
                endcase
            end

            2'b01: begin // WRITE
                case (burst)
                    2'b00, 2'b10: ack <= 1;
                    default: err <= 1;
                endcase
            end

            default: err <= 1;
        endcase
    end
endmodule
","property p_ack_assignment;
    @(posedge clk) (cmd == 2'b00 && burst == 2'b00 || cmd == 2'b00 && burst == 2'b01) |-> ##1 (ack == 1);
endproperty
assert property (p_ack_assignment) else $error(""Assertion failed: ack is not assigned correctly for command and burst conditions"");

property p_err_assignment;
    @(posedge clk) ((cmd != 2'b00 && cmd != 2'b01) || (cmd == 2'b00 && burst == 2'b10 || cmd == 2'b00 && burst == 2'b11)) |-> ##1 (err == 1);
endproperty
assert property (p_err_assignment) else $error(""Assertion failed: err is not assigned correctly for command and burst conditions"");",OK,5.760921478271484,2581,338
"module dma_engine (
    input logic clk,
    input logic [1:0] size,
    output logic busy,
    output logic done
);
    typedef enum logic [1:0] {SMALL, MEDIUM, LARGE} size_t;

    always_ff @(posedge clk) begin
        case (size)
            SMALL: begin
                busy <= 1;
                done <= ##1 1;
            end

            MEDIUM: begin
                busy <= 1;
                done <= ##2 1;
            end

            LARGE: begin
                busy <= 1;
                done <= ##4 1;
            end
        endcase
    end
endmodule
","// Properties and Assertions for the provided case statement

property p_busy_small;
    @(posedge clk) (size == SMALL) |-> (busy == 1);
endproperty
assert property (p_busy_small);

property p_done_small;
    @(posedge clk) (size == SMALL) |-> (done == ##1 1);
endproperty
assert property (p_done_small);

property p_busy_medium;
    @(posedge clk) (size == MEDIUM) |-> (busy == 1);
endproperty
assert property (p_busy_medium);

property p_done_medium;
    @(posedge clk) (size == MEDIUM) |-> (done == ##2 1);
endproperty
assert property (p_done_medium);

property p_busy_large;
    @(posedge clk) (size == LARGE) |-> (busy == 1);
endproperty
assert property (p_busy_large);

property p_done_large;
    @(posedge clk) (size == LARGE) |-> (done == ##4 1);
endproperty
assert property (p_done_large);","** Error: (vlog-13069) prueba.sv(19): near ""##"": syntax error, unexpected ##.
** Error: (vlog-13069) prueba.sv(29): near ""##"": syntax error, unexpected ##.
** Error: (vlog-13069) prueba.sv(39): near ""##"": syntax error, unexpected ##.",4.635080814361572,2528,280
"module instr_decoder (
    input  logic [31:0] instr,
    output logic        is_branch,
    output logic        is_load,
    output logic        is_store,
    output logic        illegal
);

    logic [6:0] opcode;
    logic [2:0] funct3;
    logic [6:0] funct7;

    assign opcode = instr[6:0];
    assign funct3 = instr[14:12];
    assign funct7 = instr[31:25];

    always_comb begin
        is_branch = 1'b0;
        is_load   = 1'b0;
        is_store  = 1'b0;
        illegal   = 1'b0;

        unique case (opcode)
            7'b1100011: begin // BRANCH
                is_branch = 1'b1;
                unique case (funct3)
                    3'b000, // BEQ
                    3'b001, // BNE
                    3'b100, // BLT
                    3'b101, // BGE
                    3'b110, // BLTU
                    3'b111: ; // BGEU
                    default: illegal = 1'b1;
                endcase
            end

            7'b0000011: begin // LOAD
                is_load = 1'b1;
                unique case (funct3)
                    3'b000, // LB
                    3'b001, // LH
                    3'b010, // LW
                    3'b100, // LBU
                    3'b101: ; // LHU
                    default: illegal = 1'b1;
                endcase
            end

            7'b0100011: begin // STORE
                is_store = 1'b1;
                unique case (funct3)
                    3'b000, // SB
                    3'b001, // SH
                    3'b010: ; // SW
                    default: illegal = 1'b1;
                endcase
            end

            default: illegal = 1'b1;
        endcase
    end

endmodule
","property p_is_branch_assign;
    @(posedge clk) (opcode == 7'b1100011) |-> (is_branch == 1'b1);
endproperty
assert property (p_is_branch_assign);

property p_is_load_assign;
    @(posedge clk) (opcode == 7'b0000011) |-> (is_load == 1'b1);
endproperty
assert property (p_is_load_assign);

property p_is_store_assign;
    @(posedge clk) (opcode == 7'b0100011) |-> (is_store == 1'b1);
endproperty
assert property (p_is_store_assign);

property p_illegal_assign;
    @(posedge clk) ((opcode != 7'b1100011) && (opcode != 7'b0000011) && (opcode != 7'b0100011)) |-> (illegal == 1'b1);
endproperty
assert property (p_illegal_assign);","** Error: prueba.sv(18): (vlog-2730) Undefined variable: 'clk'.
** Error (suppressible): prueba.sv(20): (vlog-1957) The sva directive is not sensitive to a clock. Unclocked directives are not supported.
** Error: prueba.sv(23): (vlog-2730) Undefined variable: 'clk'.
** Error (suppressible): prueba.sv(25): (vlog-1957) The sva directive is not sensitive to a clock. Unclocked directives are not supported.
** Error: prueba.sv(28): (vlog-2730) Undefined variable: 'clk'.
** Error (suppressible): prueba.sv(30): (vlog-1957) The sva directive is not sensitive to a clock. Unclocked directives are not supported.
** Error: prueba.sv(33): (vlog-2730) Undefined variable: 'clk'.
** Error (suppressible): prueba.sv(35): (vlog-1957) The sva directive is not sensitive to a clock. Unclocked directives are not supported.
** Error: prueba.sv(18): (vlog-2730) Undefined variable: 'clk'.",5.60174036026001,2819,279
"module axi_read_fsm (
    input  logic        clk,
    input  logic        rst_n,
    input  logic        arvalid,
    input  logic        rready,
    input  logic        rlast,
    output logic        arready,
    output logic        rvalid
);

    typedef enum logic [2:0] {
        IDLE,
        ADDR_ACCEPT,
        DATA_WAIT,
        DATA_LAST,
        ERROR
    } state_t;

    state_t state, next_state;

    always_ff @(posedge clk or negedge rst_n) begin
        if (!rst_n)
            state <= IDLE;
        else
            state <= next_state;
    end

    always_comb begin
        arready   = 1'b0;
        rvalid    = 1'b0;
        next_state = state;

        priority case (state)
            IDLE: begin
                if (arvalid) begin
                    arready   = 1'b1;
                    next_state = ADDR_ACCEPT;
                end
            end

            ADDR_ACCEPT: begin
                next_state = DATA_WAIT;
            end

            DATA_WAIT: begin
                rvalid = 1'b1;
                if (rready && rlast)
                    next_state = DATA_LAST;
                else if (rready)
                    next_state = DATA_WAIT;
            end

            DATA_LAST: begin
                rvalid = 1'b1;
                if (rready)
                    next_state = IDLE;
            end

            default: begin
                next_state = ERROR;
            end
        endcase
    end

endmodule
","property p_arready_set_in_idle;
    @(posedge clk) disable iff (!rst_n) (state == IDLE && arvalid) |-> (arready == 1'b1);
endproperty
assert property (p_arready_set_in_idle);

property p_next_state_addr_accept;
    @(posedge clk) disable iff (!rst_n) (state == IDLE && arvalid) |-> (next_state == ADDR_ACCEPT);
endproperty
assert property (p_next_state_addr_accept);

property p_rvalid_set_in_data_wait;
    @(posedge clk) disable iff (!rst_n) (state == DATA_WAIT && rready) |-> (rvalid == 1'b1);
endproperty
assert property (p_rvalid_set_in_data_wait);

property p_next_state_data_last;
    @(posedge clk) disable iff (!rst_n) (state == DATA_WAIT && rready && !rlast) |-> (next_state == DATA_LAST);
endproperty
assert property (p_next_state_data_last);

property p_next_state_return_to_idle;
    @(posedge clk) disable iff (!rst_n) (state == DATA_LAST && rready) |-> (next_state == IDLE);
endproperty
assert property (p_next_state_return_to_idle);

property p_default_transition_error;
    @(posedge clk) disable iff (!rst_n) !(state inside {IDLE, ADDR_ACCEPT, DATA_WAIT, DATA_LAST}) |-> (next_state == ERROR);
endproperty
assert property (p_default_transition_error);",OK,7.3049702644348145,2702,414
"module packet_parser (
    input  logic [63:0] header,
    output logic        is_ipv4,
    output logic        is_ipv6,
    output logic        is_arp,
    output logic        unknown
);

    logic [15:0] ethertype;
    assign ethertype = header[15:0];

    always_comb begin
        is_ipv4  = 1'b0;
        is_ipv6  = 1'b0;
        is_arp   = 1'b0;
        unknown  = 1'b0;

        casez (ethertype)
            16'h0800: is_ipv4 = 1'b1; // IPv4
            16'h86DD: is_ipv6 = 1'b1; // IPv6
            16'h0806: is_arp  = 1'b1; // ARP

            16'h88??: begin
                // Vendor-specific or experimental
                unknown = 1'b1;
            end

            default: unknown = 1'b1;
        endcase
    end

endmodule
","property p_is_ipv4_assign;
    @(posedge clk) (ethertype == 16'h0800) |-> (is_ipv4 == 1'b1);
endproperty
assert property (p_is_ipv4_assign) else $error(""Assertion p_is_ipv4_assign failed: is_ipv4 not assigned correctly."");

property p_is_ipv6_assign;
    @(posedge clk) (ethertype == 16'h86DD) |-> (is_ipv6 == 1'b1);
endproperty
assert property (p_is_ipv6_assign) else $error(""Assertion p_is_ipv6_assign failed: is_ipv6 not assigned correctly."");

property p_is_arp_assign;
    @(posedge clk) (ethertype == 16'h0806) |-> (is_arp == 1'b1);
endproperty
assert property (p_is_arp_assign) else $error(""Assertion p_is_arp_assign failed: is_arp not assigned correctly."");

property p_unknown_default_assign;
    @(posedge clk) ((ethertype != 16'h0800) && (ethertype != 16'h86DD) && (ethertype != 16'h0806) && (ethertype[15:2] != 14'b10001000)) |-> (unknown == 1'b1);
endproperty
assert property (p_unknown_default_assign) else $error(""Assertion p_unknown_default_assign failed: unknown not assigned correctly."");","** Error: prueba.sv(14): (vlog-2730) Undefined variable: 'clk'.
** Error (suppressible): prueba.sv(16): (vlog-1957) The sva directive is not sensitive to a clock. Unclocked directives are not supported.
** Error: prueba.sv(19): (vlog-2730) Undefined variable: 'clk'.
** Error (suppressible): prueba.sv(21): (vlog-1957) The sva directive is not sensitive to a clock. Unclocked directives are not supported.
** Error: prueba.sv(24): (vlog-2730) Undefined variable: 'clk'.
** Error (suppressible): prueba.sv(26): (vlog-1957) The sva directive is not sensitive to a clock. Unclocked directives are not supported.
** Error: prueba.sv(29): (vlog-2730) Undefined variable: 'clk'.
** Error (suppressible): prueba.sv(31): (vlog-1957) The sva directive is not sensitive to a clock. Unclocked directives are not supported.
** Error: prueba.sv(14): (vlog-2730) Undefined variable: 'clk'.",7.916977882385254,2607,474
"module power_ctrl (
    input  logic [2:0] mode,
    output logic       clk_en,
    output logic       power_en,
    output logic       retention_en
);

    always_comb begin
        clk_en        = 1'b0;
        power_en      = 1'b0;
        retention_en  = 1'b0;

        unique case (mode)
            3'b000: begin // OFF
                power_en = 1'b0;
            end

            3'b001: begin // RETENTION
                power_en     = 1'b1;
                retention_en = 1'b1;
            end

            3'b010: begin // IDLE
                power_en = 1'b1;
                clk_en   = 1'b0;
            end

            3'b011: begin // ACTIVE
                power_en = 1'b1;
                clk_en   = 1'b1;
            end

            default: begin
                // Illegal mode ? safe shutdown
                power_en = 1'b0;
            end
        endcase
    end

endmodule
","property p_power_en_assignment_000;
    @(posedge clk) (mode == 3'b000) |-> (power_en == 1'b0);
endproperty
assert property (p_power_en_assignment_000);

property p_power_en_assignment_001;
    @(posedge clk) (mode == 3'b001) |-> (power_en == 1'b1 && retention_en == 1'b1);
endproperty
assert property (p_power_en_assignment_001);

property p_clk_en_assignment_010;
    @(posedge clk) (mode == 3'b010) |-> (power_en == 1'b1 && clk_en == 1'b0);
endproperty
assert property (p_clk_en_assignment_010);

property p_clk_en_assignment_011;
    @(posedge clk) (mode == 3'b011) |-> (power_en == 1'b1 && clk_en == 1'b1);
endproperty
assert property (p_clk_en_assignment_011);

property p_default_power_en;
    @(posedge clk) (mode != 3'b000 && mode != 3'b001 && mode != 3'b010 && mode != 3'b011) |-> (power_en == 1'b0);
endproperty
assert property (p_default_power_en);","** Error: prueba.sv(12): (vlog-2730) Undefined variable: 'clk'.
** Error (suppressible): prueba.sv(14): (vlog-1957) The sva directive is not sensitive to a clock. Unclocked directives are not supported.
** Error: prueba.sv(17): (vlog-2730) Undefined variable: 'clk'.
** Error (suppressible): prueba.sv(19): (vlog-1957) The sva directive is not sensitive to a clock. Unclocked directives are not supported.
** Error: prueba.sv(22): (vlog-2730) Undefined variable: 'clk'.
** Error (suppressible): prueba.sv(24): (vlog-1957) The sva directive is not sensitive to a clock. Unclocked directives are not supported.
** Error: prueba.sv(27): (vlog-2730) Undefined variable: 'clk'.
** Error (suppressible): prueba.sv(29): (vlog-1957) The sva directive is not sensitive to a clock. Unclocked directives are not supported.
** Error: prueba.sv(32): (vlog-2730) Undefined variable: 'clk'.
** Error (suppressible): prueba.sv(34): (vlog-1957) The sva directive is not sensitive to a clock. Unclocked directives are not supported.
** Error: prueba.sv(12): (vlog-2730) Undefined variable: 'clk'.",6.611207723617554,2652,383
"module scheduler_ctrl (
    input  logic [7:0] ctrl_word,
    output logic       high_prio,
    output logic       drop_pkt
);

    logic [3:0] class;
    logic [3:0] action;

    assign class  = ctrl_word[7:4];
    assign action = ctrl_word[3:0];

    always_comb begin
        high_prio = 1'b0;
        drop_pkt  = 1'b0;

        unique case (class)
            4'h0, 4'h1: begin
                case (action)
                    4'h0: high_prio = 1'b0;
                    4'h1: high_prio = 1'b1;
                    4'hF: drop_pkt  = 1'b1;
                    default: ;
                endcase
            end

            4'hA, 4'hB: begin
                casez (action)
                    4'b1???: high_prio = 1'b1;
                    4'b0???: drop_pkt  = 1'b1;
                    default: ;
                endcase
            end

            default: drop_pkt = 1'b1;
        endcase
    end

endmodule
","property p_high_prio_0_1;
    @(posedge clk) ((class == 4'h0 || class == 4'h1) && action == 4'h0) |-> (high_prio == 1'b0);
endproperty
assert property (p_high_prio_0_1);

property p_high_prio_1;
    @(posedge clk) ((class == 4'h0 || class == 4'h1) && action == 4'h1) |-> (high_prio == 1'b1);
endproperty
assert property (p_high_prio_1);

property p_drop_pkt_f;
    @(posedge clk) ((class == 4'h0 || class == 4'h1) && action == 4'hF) |-> (drop_pkt == 1'b1);
endproperty
assert property (p_drop_pkt_f);

property p_high_prio_a_b;
    @(posedge clk) ((class == 4'hA || class == 4'hB) && action[3:0] == 4'b1???) |-> (high_prio == 1'b1);
endproperty
assert property (p_high_prio_a_b);

property p_drop_pkt_default;
    @(posedge clk) ((class != 4'h0 && class != 4'h1 && class != 4'hA && class != 4'hB) || (class == 4'hA || class == 4'hB) && action[3:0] != 4'b1???) |-> (drop_pkt == 1'b1);
endproperty
assert property (p_drop_pkt_default);","** Error: (vlog-13069) prueba.sv(6): near ""class"": syntax error, unexpected class, expecting IDENTIFIER or TYPE_IDENTIFIER or NETTYPE_IDENTIFIER or '='.
** Error: (vlog-13069) prueba.sv(8): near ""class"": syntax error, unexpected class.
** Error: (vlog-13069) prueba.sv(14): near ""class"": syntax error, unexpected class.
** Error: (vlog-13069) prueba.sv(19): near ""class"": syntax error, unexpected class.
** Error: (vlog-13069) prueba.sv(24): near ""class"": syntax error, unexpected class.
** Error: (vlog-13069) prueba.sv(29): near ""class"": syntax error, unexpected class.
** Error: (vlog-13069) prueba.sv(34): near ""class"": syntax error, unexpected class.",7.416615962982178,2651,435
"module dma_channel_arbiter (
    input  logic [3:0] ch_req,
    output logic [1:0] grant,
    output logic       grant_valid
);

    always_comb begin
        grant       = 2'd0;
        grant_valid = 1'b0;

        priority case (1'b1)
            ch_req[0]: begin
                grant       = 2'd0;
                grant_valid = 1'b1;
            end
            ch_req[1]: begin
                grant       = 2'd1;
                grant_valid = 1'b1;
            end
            ch_req[2]: begin
                grant       = 2'd2;
                grant_valid = 1'b1;
            end
            ch_req[3]: begin
                grant       = 2'd3;
                grant_valid = 1'b1;
            end
            default: begin
                grant_valid = 1'b0;
            end
        endcase
    end

endmodule
","property p_grant_assign;
    @(posedge clk) (ch_req[0] || ch_req[1] || ch_req[2] || ch_req[3]) |-> (grant_valid == 1'b1);
endproperty
assert property (p_grant_assign);

property p_default_no_grant;
    @(posedge clk) (!ch_req[0] && !ch_req[1] && !ch_req[2] && !ch_req[3]) |-> (grant == 2'd0);
endproperty
assert property (p_default_no_grant);","** Error: prueba.sv(11): (vlog-2730) Undefined variable: 'clk'.
** Error (suppressible): prueba.sv(13): (vlog-1957) The sva directive is not sensitive to a clock. Unclocked directives are not supported.
** Error: prueba.sv(16): (vlog-2730) Undefined variable: 'clk'.
** Error (suppressible): prueba.sv(18): (vlog-1957) The sva directive is not sensitive to a clock. Unclocked directives are not supported.
** Error: prueba.sv(11): (vlog-2730) Undefined variable: 'clk'.",3.0633788108825684,2636,151
"module coherence_cmd_decode (
    input  logic [4:0] cmd,
    output logic       req_shared,
    output logic       req_exclusive,
    output logic       invalidate,
    output logic       illegal
);

    always_comb begin
        req_shared    = 1'b0;
        req_exclusive = 1'b0;
        invalidate    = 1'b0;
        illegal       = 1'b0;

        unique case (cmd)
            5'h00: req_shared    = 1'b1; // ReadShared
            5'h01: req_exclusive = 1'b1; // ReadExclusive
            5'h02: invalidate    = 1'b1; // Invalidate
            5'h03: begin                  // Upgrade
                req_exclusive = 1'b1;
                invalidate    = 1'b1;
            end
            5'h10, 5'h11: begin            // Probe responses
                // No action, metadata only
            end
            default: illegal = 1'b1;
        endcase
    end

endmodule
","property p_req_shared_assign;
    @(posedge clk) (cmd == 5'h00) |-> (req_shared == 1'b1);
endproperty
assert property (p_req_shared_assign);

property p_req_exclusive_assign;
    @(posedge clk) (cmd == 5'h01) |-> (req_exclusive == 1'b1);
endproperty
assert property (p_req_exclusive_assign);

property p_invalidate_assign;
    @(posedge clk) (cmd == 5'h02) |-> (invalidate == 1'b1);
endproperty
assert property (p_invalidate_assign);

property p_invalidate_exclusive_assign;
    @(posedge clk) (cmd == 5'h03) |-> (invalidate == 1'b1 && req_exclusive == 1'b1);
endproperty
assert property (p_invalidate_exclusive_assign);

property p_req_shared_exclusive_assign;
    @(posedge clk) ((cmd == 5'h10 || cmd == 5'h11) && $past(cmd != 5'h00 && cmd != 5'h01 && cmd != 5'h02 && cmd != 5'h03)) |-> (req_shared == 1'b0 && req_exclusive == 1'b0);
endproperty
assert property (p_req_shared_exclusive_assign);

property p_illegal_assign;
    @(posedge clk) (cmd != 5'h00 && cmd != 5'h01 && cmd != 5'h02 && cmd != 5'h03 && cmd != 5'h10 && cmd != 5'h11) |-> (illegal == 1'b1);
endproperty
assert property (p_illegal_assign);","** Error: prueba.sv(13): (vlog-2730) Undefined variable: 'clk'.
** Error (suppressible): prueba.sv(15): (vlog-1957) The sva directive is not sensitive to a clock. Unclocked directives are not supported.
** Error: prueba.sv(18): (vlog-2730) Undefined variable: 'clk'.
** Error (suppressible): prueba.sv(20): (vlog-1957) The sva directive is not sensitive to a clock. Unclocked directives are not supported.
** Error: prueba.sv(23): (vlog-2730) Undefined variable: 'clk'.
** Error (suppressible): prueba.sv(25): (vlog-1957) The sva directive is not sensitive to a clock. Unclocked directives are not supported.
** Error: prueba.sv(28): (vlog-2730) Undefined variable: 'clk'.
** Error (suppressible): prueba.sv(30): (vlog-1957) The sva directive is not sensitive to a clock. Unclocked directives are not supported.
** Error: prueba.sv(33): (vlog-2730) Undefined variable: 'clk'.
** Error (suppressible): prueba.sv(35): (vlog-1957) The sva directive is not sensitive to a clock. Unclocked directives are not supported.
** Error: prueba.sv(38): (vlog-2730) Undefined variable: 'clk'.
** Error (suppressible): prueba.sv(40): (vlog-1957) The sva directive is not sensitive to a clock. Unclocked directives are not supported.
** Error: prueba.sv(13): (vlog-2730) Undefined variable: 'clk'.",7.636420011520386,2622,455
"module pcie_tlp_decoder (
    input  logic [7:0] tlp_type,
    output logic       is_mem,
    output logic       is_cfg,
    output logic       is_msg,
    output logic       unsupported
);

    always_comb begin
        is_mem      = 1'b0;
        is_cfg      = 1'b0;
        is_msg      = 1'b0;
        unsupported = 1'b0;

        casez (tlp_type)
            8'b0000_000?: is_mem = 1'b1; // MemRd/MemWr
            8'b0000_10??: is_cfg = 1'b1; // CfgRd/CfgWr
            8'b0011_0???: is_msg = 1'b1; // Messages
            default: unsupported = 1'b1;
        endcase
    end

endmodule
","property p_is_mem_assign;
    @(posedge clk) (tlp_type == 8'b0000_000?) |-> (is_mem == 1'b1);
endproperty
assert property (p_is_mem_assign);

property p_is_cfg_assign;
    @(posedge clk) (tlp_type == 8'b0000_10??) |-> (is_cfg == 1'b1);
endproperty
assert property (p_is_cfg_assign);

property p_is_msg_assign;
    @(posedge clk) (tlp_type == 8'b0011_0???) |-> (is_msg == 1'b1);
endproperty
assert property (p_is_msg_assign);

property p_unsupported_assign;
    @(posedge clk) (tlp_type != 8'b0000_000? && tlp_type != 8'b0000_10?? && tlp_type != 8'b0011_0????) |-> (unsupported == 1'b1);
endproperty
assert property (p_unsupported_assign);","** Error: prueba.sv(13): (vlog-2730) Undefined variable: 'clk'.
** Error (suppressible): prueba.sv(15): (vlog-1957) The sva directive is not sensitive to a clock. Unclocked directives are not supported.
** Error: prueba.sv(18): (vlog-2730) Undefined variable: 'clk'.
** Error (suppressible): prueba.sv(20): (vlog-1957) The sva directive is not sensitive to a clock. Unclocked directives are not supported.
** Error: prueba.sv(23): (vlog-2730) Undefined variable: 'clk'.
** Error (suppressible): prueba.sv(25): (vlog-1957) The sva directive is not sensitive to a clock. Unclocked directives are not supported.
** Error: prueba.sv(28): (vlog-2730) Undefined variable: 'clk'.
** Error (suppressible): prueba.sv(30): (vlog-1957) The sva directive is not sensitive to a clock. Unclocked directives are not supported.
** Error: prueba.sv(13): (vlog-2730) Undefined variable: 'clk'.",5.095186710357666,2588,298
"module cdc_ctrl_fsm (
    input  logic clk,
    input  logic rst_n,
    input  logic req,
    input  logic ack,
    output logic req_sync
);

    typedef enum logic [1:0] {
        CDC_IDLE,
        CDC_REQ,
        CDC_WAIT_ACK,
        CDC_DONE
    } cdc_state_t;

    cdc_state_t state, next_state;

    always_ff @(posedge clk or negedge rst_n) begin
        if (!rst_n)
            state <= CDC_IDLE;
        else
            state <= next_state;
    end

    always_comb begin
        req_sync  = 1'b0;
        next_state = state;

        unique case (state)
            CDC_IDLE: begin
                if (req)
                    next_state = CDC_REQ;
            end

            CDC_REQ: begin
                req_sync = 1'b1;
                next_state = CDC_WAIT_ACK;
            end

            CDC_WAIT_ACK: begin
                req_sync = 1'b1;
                if (ack)
                    next_state = CDC_DONE;
            end

            CDC_DONE: begin
                if (!req)
                    next_state = CDC_IDLE;
            end

            default: next_state = CDC_IDLE;
        endcase
    end

endmodule
","property p_state_reset;
    @(posedge clk) !rst_n |=> (state == CDC_IDLE);
endproperty
assert property (p_state_reset);

property p_next_state_update;
    @(posedge clk) disable iff (!rst_n)
    (state == $past(next_state));
endproperty
assert property (p_next_state_update);

property p_req_sync_on_cdc_req;
    @(posedge clk) disable iff (!rst_n)
    (state == CDC_REQ) |-> (req_sync == 1'b1);
endproperty
assert property (p_req_sync_on_cdc_req);

property p_next_state_after_ack;
    @(posedge clk) disable iff (!rst_n)
    (state == CDC_WAIT_ACK && ack) |-> (next_state == CDC_DONE);
endproperty
assert property (p_next_state_after_ack);

property p_req_sync_off_when_done;
    @(posedge clk) disable iff (!rst_n)
    (state == CDC_DONE && !req) |-> (req_sync == 1'b0);
endproperty
assert property (p_req_sync_off_when_done);",OK,5.573074102401733,2660,312
"module irq_priority_resolver (
    input  logic [7:0] irq_pending,
    input  logic [7:0] irq_enable,
    output logic [2:0] irq_id,
    output logic       irq_valid
);

    logic [7:0] active_irq;
    assign active_irq = irq_pending & irq_enable;

    always_comb begin
        irq_id    = 3'd0;
        irq_valid = 1'b0;

        priority case (1'b1)
            active_irq[7]: begin irq_id = 3'd7; irq_valid = 1'b1; end
            active_irq[6]: begin irq_id = 3'd6; irq_valid = 1'b1; end
            active_irq[5]: begin irq_id = 3'd5; irq_valid = 1'b1; end
            active_irq[4]: begin irq_id = 3'd4; irq_valid = 1'b1; end
            active_irq[3]: begin irq_id = 3'd3; irq_valid = 1'b1; end
            active_irq[2]: begin irq_id = 3'd2; irq_valid = 1'b1; end
            active_irq[1]: begin irq_id = 3'd1; irq_valid = 1'b1; end
            active_irq[0]: begin irq_id = 3'd0; irq_valid = 1'b1; end
            default: irq_valid = 1'b0;
        endcase
    end

endmodule
","// Properties for always_comb block with priority case statement
property p_irq_id_assignment;
    @(posedge clk) disable iff (!reset_n) 
    (active_irq[7] && irq_valid == 1'b0) |-> (irq_id == 3'd7);
endproperty
assert property (p_irq_id_assignment) else $error(""IRQ ID not correctly assigned for active_irq[7]"");

property p_irq_valid_assignment;
    @(posedge clk) disable iff (!reset_n) 
    (active_irq[7] && irq_valid == 1'b0) |-> (irq_valid == 1'b1);
endproperty
assert property (p_irq_valid_assignment) else $error(""IRQ Valid not correctly assigned for active_irq[7]"");

property p_irq_id_assignment_6;
    @(posedge clk) disable iff (!reset_n) 
    (active_irq[6] && irq_valid == 1'b0) |-> (irq_id == 3'd6);
endproperty
assert property (p_irq_id_assignment_6) else $error(""IRQ ID not correctly assigned for active_irq[6]"");

property p_irq_valid_assignment_6;
    @(posedge clk) disable iff (!reset_n) 
    (active_irq[6] && irq_valid == 1'b0) |-> (irq_valid == 1'b1);
endproperty
assert property (p_irq_valid_assignment_6) else $error(""IRQ Valid not correctly assigned for active_irq[6]"");

property p_irq_id_assignment_5;
    @(posedge clk) disable iff (!reset_n) 
    (active_irq[5] && irq_valid == 1'b0) |-> (irq_id == 3'd5);
endproperty
assert property (p_irq_id_assignment_5) else $error(""IRQ ID not correctly assigned for active_irq[5]"");

property p_irq_valid_assignment_5;
    @(posedge clk) disable iff (!reset_n) 
    (active_irq[5] && irq_valid == 1'b0) |-> (irq_valid == 1'b1);
endproperty
assert property (p_irq_valid_assignment_5) else $error(""IRQ Valid not correctly assigned for active_irq[5]"");

property p_irq_id_assignment_4;
    @(posedge clk) disable iff (!reset_n) 
    (active_irq[4] && irq_valid == 1'b0) |-> (irq_id == 3'd4);
endproperty
assert property (p_irq_id_assignment_4) else $error(""IRQ ID not correctly assigned for active_irq[4]"");

property p_irq_valid_assignment_4;
    @(posedge clk) disable iff (!reset_n) 
    (active_irq[4] && irq_valid == 1'b0) |-> (irq_valid == 1'b1);
endproperty
assert property (p_irq_valid_assignment_4) else $error(""IRQ Valid not correctly assigned for active_irq[4]"");

property p_irq_id_assignment_3;
    @(posedge clk) disable iff (!reset_n) 
    (active_irq[3] && irq_valid == 1'b0) |-> (irq_id == 3'd3);
endproperty
assert property (p_irq_id_assignment_3) else $error(""IRQ ID not correctly assigned for active_irq[3]"");

property p_irq_valid_assignment_3;
    @(posedge clk) disable iff (!reset_n) 
    (active_irq[3] && irq_valid == 1'b0) |-> (irq_valid == 1'b1);
endproperty
assert property (p_irq_valid_assignment_3) else $error(""IRQ Valid not correctly assigned for active_irq[3]"");

property p_irq_id_assignment_2;
    @(posedge clk) disable iff (!reset_n) 
    (active_irq[2] && irq_valid == 1'b0) |-> (irq_id == 3'd2);
endproperty
assert property (p_irq_id_assignment_2) else $error(""IRQ ID not correctly assigned for active_irq[2]"");

property p_irq_valid_assignment_2;
    @(posedge clk) disable iff (!reset_n) 
    (active_irq[2] && irq_valid == 1'b0) |-> (irq_valid == 1'b1);
endproperty
assert property (p_irq_valid_assignment_2) else $error(""IRQ Valid not correctly assigned for active_irq[2]"");

property p_irq_id_assignment_1;
    @(posedge clk) disable iff (!reset_n) 
    (active_irq[1] && irq_valid == 1'b0) |-> (irq_id == 3'd1);
endproperty
assert property (p_irq_id_assignment_1) else $error(""IRQ ID not correctly assigned for active_irq[1]"");

property p_irq_valid_assignment_1;
    @(posedge clk) disable iff (!reset_n) 
    (active_irq[1] && irq_valid == 1'b0) |-> (irq_valid == 1'b1);
endproperty
assert property (p_irq_valid_assignment_1) else $error(""IRQ Valid not correctly assigned for active_irq[1]"");

property p_irq_id_assignment_0;
    @(posedge clk) disable iff (!reset_n) 
    (active_irq[0] && irq_valid == 1'b0) |-> (irq_id == 3'd0);
endproperty
assert property (p_irq_id_assignment_0) else $error(""IRQ ID not correctly assigned for active_irq[0]"");

property p_irq_valid_assignment_0;
    @(posedge clk) disable iff (!reset_n) 
    (active_irq[0] && irq_valid == 1'b0) |-> (irq_valid == 1'b1);
endproperty
assert property (p_irq_valid_assignment_0) else $error(""IRQ Valid not correctly assigned for active_irq[0]"");

property p_default_irq_valid;
    @(posedge clk) disable iff (!reset_n) 
    (!(active_irq[7] || active_irq[6] || active_irq[5] || active_irq[4] || active_irq[3] || active_irq[2] || active_irq[1] || active_irq[0]) && irq_valid == 1'b0) |-> (irq_valid == 1'b0);
endproperty
assert property (p_default_irq_valid) else $error(""IRQ Valid not correctly assigned for default case"");","** Error: prueba.sv(14): (vlog-2730) Undefined variable: 'reset_n'.
** Error: prueba.sv(14): (vlog-2730) Undefined variable: 'clk'.",29.466375827789307,2732,1764
"module mem_burst_ctrl (
    input  logic [1:0] burst_type,
    output logic [3:0] burst_len,
    output logic       burst_wrap
);

    always_comb begin
        burst_len  = 4'd0;
        burst_wrap = 1'b0;

        unique case (burst_type)
            2'b00: burst_len = 4'd1;   // Fixed
            2'b01: burst_len = 4'd4;   // INCR4
            2'b10: burst_len = 4'd8;   // INCR8
            2'b11: begin               // WRAP
                burst_len  = 4'd4;
                burst_wrap = 1'b1;
            end
            default: ;
        endcase
    end

endmodule
","property p_burst_len_assign;
    @(posedge clk) (burst_type == 2'b00) |-> (burst_len == 4'd1);
endproperty
assert property (p_burst_len_assign);

property p_burst_len_assign_2;
    @(posedge clk) (burst_type == 2'b01) |-> (burst_len == 4'd4);
endproperty
assert property (p_burst_len_assign_2);

property p_burst_len_assign_3;
    @(posedge clk) (burst_type == 2'b10) |-> (burst_len == 4'd8);
endproperty
assert property (p_burst_len_assign_3);

property p_burst_wrap_assign;
    @(posedge clk) (burst_type == 2'b11) |-> (burst_wrap == 1'b1);
endproperty
assert property (p_burst_wrap_assign);

property p_default_case;
    @(posedge clk) (burst_type != 2'b00 && burst_type != 2'b01 && burst_type != 2'b10 && burst_type != 2'b11) |-> ##1 (burst_len == 4'd0);
endproperty
assert property (p_default_case);","** Error: prueba.sv(11): (vlog-2730) Undefined variable: 'clk'.
** Error (suppressible): prueba.sv(13): (vlog-1957) The sva directive is not sensitive to a clock. Unclocked directives are not supported.
** Error: prueba.sv(16): (vlog-2730) Undefined variable: 'clk'.
** Error (suppressible): prueba.sv(18): (vlog-1957) The sva directive is not sensitive to a clock. Unclocked directives are not supported.
** Error: prueba.sv(21): (vlog-2730) Undefined variable: 'clk'.
** Error (suppressible): prueba.sv(23): (vlog-1957) The sva directive is not sensitive to a clock. Unclocked directives are not supported.
** Error: prueba.sv(26): (vlog-2730) Undefined variable: 'clk'.
** Error (suppressible): prueba.sv(28): (vlog-1957) The sva directive is not sensitive to a clock. Unclocked directives are not supported.
** Error: prueba.sv(31): (vlog-2730) Undefined variable: 'clk'.
** Error (suppressible): prueba.sv(33): (vlog-1957) The sva directive is not sensitive to a clock. Unclocked directives are not supported.
** Error: prueba.sv(11): (vlog-2730) Undefined variable: 'clk'.",12.396647214889526,2577,335
"module gpu_exec_select (
    input  logic [15:0] opcode,
    output logic        use_alu,
    output logic        use_fpu,
    output logic        use_ldst,
    output logic        illegal
);

    always_comb begin
        use_alu  = 1'b0;
        use_fpu  = 1'b0;
        use_ldst = 1'b0;
        illegal  = 1'b0;

        casez (opcode)
            16'b0001_????_????_????: use_alu  = 1'b1;
            16'b0010_????_????_????: use_fpu  = 1'b1;
            16'b0100_????_????_????: use_ldst = 1'b1;
            default: illegal = 1'b1;
        endcase
    end

endmodule
","property p_use_alu_assign;
    @(posedge clk) (opcode == 16'b0001_????_????_????) |-> (use_alu == 1'b1);
endproperty
assert property (p_use_alu_assign);

property p_use_fpu_assign;
    @(posedge clk) (opcode == 16'b0010_????_????_????) |-> (use_fpu == 1'b1);
endproperty
assert property (p_use_fpu_assign);

property p_use_ldst_assign;
    @(posedge clk) (opcode == 16'b0100_????_????_????) |-> (use_ldst == 1'b1);
endproperty
assert property (p_use_ldst_assign);

property p_illegal_assign;
    @(posedge clk) (opcode != 16'b0001_????_????_???? && opcode != 16'b0010_????_????_???? && opcode != 16'b0100_????_????_????) |-> (illegal == 1'b1);
endproperty
assert property (p_illegal_assign);","** Error: prueba.sv(13): (vlog-2730) Undefined variable: 'clk'.
** Error (suppressible): prueba.sv(15): (vlog-1957) The sva directive is not sensitive to a clock. Unclocked directives are not supported.
** Error: prueba.sv(18): (vlog-2730) Undefined variable: 'clk'.
** Error (suppressible): prueba.sv(20): (vlog-1957) The sva directive is not sensitive to a clock. Unclocked directives are not supported.
** Error: prueba.sv(23): (vlog-2730) Undefined variable: 'clk'.
** Error (suppressible): prueba.sv(25): (vlog-1957) The sva directive is not sensitive to a clock. Unclocked directives are not supported.
** Error: prueba.sv(28): (vlog-2730) Undefined variable: 'clk'.
** Error (suppressible): prueba.sv(30): (vlog-1957) The sva directive is not sensitive to a clock. Unclocked directives are not supported.
** Error: prueba.sv(13): (vlog-2730) Undefined variable: 'clk'.",5.246955394744873,2598,305
"module cpu_full_decoder (
    input  logic [31:0] instr,
    output logic        reg_write,
    output logic        mem_read,
    output logic        mem_write,
    output logic        branch,
    output logic        illegal
);

    logic [6:0] opcode;
    logic [2:0] funct3;
    logic [1:0] addr_mode;

    assign opcode    = instr[6:0];
    assign funct3    = instr[14:12];
    assign addr_mode = instr[21:20];

    always_comb begin
        reg_write = 1'b0;
        mem_read  = 1'b0;
        mem_write = 1'b0;
        branch    = 1'b0;
        illegal   = 1'b0;

        unique case (opcode)

            7'b0110011: begin // ALU register ops
                reg_write = 1'b1;
                unique case (funct3)
                    3'b000, 3'b111, 3'b110: ; // ADD/AND/OR
                    default: illegal = 1'b1;
                endcase
            end

            7'b0000011: begin // LOAD
                mem_read  = 1'b1;
                reg_write = 1'b1;
                unique case (funct3)
                    3'b010: begin // LW
                        case (addr_mode)
                            2'b00, 2'b01: ; // direct/indexed
                            2'b10: illegal = 1'b1;
                            default: illegal = 1'b1;
                        endcase
                    end
                    default: illegal = 1'b1;
                endcase
            end

            7'b0100011: begin // STORE
                mem_write = 1'b1;
                unique case (funct3)
                    3'b010: begin // SW
                        case (addr_mode)
                            2'b00: ;        // direct
                            2'b01: ;        // indexed
                            default: illegal = 1'b1;
                        endcase
                    end
                    default: illegal = 1'b1;
                endcase
            end

            7'b1100011: begin // BRANCH
                branch = 1'b1;
                unique case (funct3)
                    3'b000, 3'b001: ; // BEQ/BNE
                    default: illegal = 1'b1;
                endcase
            end

            default: illegal = 1'b1;
        endcase
    end

endmodule
","property p_reg_write_assign;
    @(posedge clk) (opcode == 7'b0110011) |-> (reg_write == 1'b1);
endproperty
assert property (p_reg_write_assign);

property p_mem_read_assign;
    @(posedge clk) (opcode == 7'b0000011 && funct3 == 3'b010) |-> (mem_read == 1'b1);
endproperty
assert property (p_mem_read_assign);

property p_mem_write_assign;
    @(posedge clk) (opcode == 7'b0100011 && funct3 == 3'b010) |-> (mem_write == 1'b1);
endproperty
assert property (p_mem_write_assign);

property p_branch_assign;
    @(posedge clk) (opcode == 7'b1100011 && funct3 == 3'b000) |-> (branch == 1'b1);
endproperty
assert property (p_branch_assign);

property p_illegal_assign;
    @(posedge clk) (opcode != 7'b0110011 && opcode != 7'b0000011 && opcode != 7'b0100011 && opcode != 7'b1100011) |-> (illegal == 1'b1);
endproperty
assert property (p_illegal_assign);","** Error: prueba.sv(19): (vlog-2730) Undefined variable: 'clk'.
** Error (suppressible): prueba.sv(21): (vlog-1957) The sva directive is not sensitive to a clock. Unclocked directives are not supported.
** Error: prueba.sv(24): (vlog-2730) Undefined variable: 'clk'.
** Error (suppressible): prueba.sv(26): (vlog-1957) The sva directive is not sensitive to a clock. Unclocked directives are not supported.
** Error: prueba.sv(29): (vlog-2730) Undefined variable: 'clk'.
** Error (suppressible): prueba.sv(31): (vlog-1957) The sva directive is not sensitive to a clock. Unclocked directives are not supported.
** Error: prueba.sv(34): (vlog-2730) Undefined variable: 'clk'.
** Error (suppressible): prueba.sv(36): (vlog-1957) The sva directive is not sensitive to a clock. Unclocked directives are not supported.
** Error: prueba.sv(39): (vlog-2730) Undefined variable: 'clk'.
** Error (suppressible): prueba.sv(41): (vlog-1957) The sva directive is not sensitive to a clock. Unclocked directives are not supported.
** Error: prueba.sv(19): (vlog-2730) Undefined variable: 'clk'.",7.5315845012664795,2927,380
"module packet_classifier (
    input  logic [31:0] hdr,
    output logic        fast_path,
    output logic        slow_path,
    output logic        drop
);

    logic [7:0] proto;
    logic [3:0] subtype;
    logic [2:0] qos;

    assign proto   = hdr[31:24];
    assign subtype = hdr[23:20];
    assign qos     = hdr[2:0];

    always_comb begin
        fast_path = 1'b0;
        slow_path = 1'b0;
        drop      = 1'b0;

        unique case (proto)
            8'h08: begin // IPv4
                case (subtype)
                    4'h0: begin // UDP
                        case (qos)
                            3'b000, 3'b001: fast_path = 1'b1;
                            3'b111: drop = 1'b1;
                            default: slow_path = 1'b1;
                        endcase
                    end

                    4'h1: begin // TCP
                        case (qos)
                            3'b000: fast_path = 1'b1;
                            default: slow_path = 1'b1;
                        endcase
                    end

                    default: slow_path = 1'b1;
                endcase
            end

            8'h86: begin // IPv6
                case (subtype)
                    4'h0, 4'h1: slow_path = 1'b1;
                    default: drop = 1'b1;
                endcase
            end

            default: drop = 1'b1;
        endcase
    end

endmodule
","property p_fast_path_assign;
    @(posedge clk) (proto == 8'h08 && subtype == 4'h0 && (qos == 3'b000 || qos == 3'b001)) |-> (fast_path == 1'b1);
endproperty
assert property (p_fast_path_assign) else $error(""Assertion failed: fast_path assignment incorrect"");

property p_slow_path_assign;
    @(posedge clk) ((proto == 8'h08 && subtype == 4'h0 && qos != 3'b000 && qos != 3'b001) || (proto == 8'h86 && subtype != 4'h0 && subtype != 4'h1)) |-> (slow_path == 1'b1);
endproperty
assert property (p_slow_path_assign) else $error(""Assertion failed: slow_path assignment incorrect"");

property p_drop_assign;
    @(posedge clk) ((proto == 8'h08 && subtype == 4'h0 && qos == 3'b111) || (proto == 8'h86)) |-> (drop == 1'b1);
endproperty
assert property (p_drop_assign) else $error(""Assertion failed: drop assignment incorrect"");","** Error: prueba.sv(17): (vlog-2730) Undefined variable: 'clk'.
** Error (suppressible): prueba.sv(19): (vlog-1957) The sva directive is not sensitive to a clock. Unclocked directives are not supported.
** Error: prueba.sv(22): (vlog-2730) Undefined variable: 'clk'.
** Error (suppressible): prueba.sv(24): (vlog-1957) The sva directive is not sensitive to a clock. Unclocked directives are not supported.
** Error: prueba.sv(27): (vlog-2730) Undefined variable: 'clk'.
** Error (suppressible): prueba.sv(29): (vlog-1957) The sva directive is not sensitive to a clock. Unclocked directives are not supported.
** Error: prueba.sv(17): (vlog-2730) Undefined variable: 'clk'.",5.979406833648682,2731,323
"module storage_cmd_proc (
    input  logic [7:0] cmd,
    input  logic [3:0] feature,
    input  logic [1:0] subop,
    output logic       exec,
    output logic       flush,
    output logic       error
);

    always_comb begin
        exec  = 1'b0;
        flush = 1'b0;
        error = 1'b0;

        unique case (cmd)
            8'h01: begin // READ
                case (feature)
                    4'h0, 4'h1: exec = 1'b1;
                    4'hF: begin
                        case (subop)
                            2'b00: exec = 1'b1;
                            default: error = 1'b1;
                        endcase
                    end
                    default: error = 1'b1;
                endcase
            end

            8'h02: begin // WRITE
                case (feature)
                    4'h0: exec = 1'b1;
                    4'hE: flush = 1'b1;
                    default: error = 1'b1;
                endcase
            end

            8'hFF: begin // FLUSH
                flush = 1'b1;
            end

            default: error = 1'b1;
        endcase
    end

endmodule
","// Internal signals and functions used inside the code
logic exec, flush, error;
logic [7:0] cmd;
logic [3:0] feature;
logic [1:0] subop;

property p_exec_feature_0_1;
    @(posedge clk) (cmd == 8'h01 && (feature == 4'h0 || feature == 4'h1)) |-> (exec == 1'b1);
endproperty
assert property (p_exec_feature_0_1) else $error(""Assertion failed: exec should be set to 1 when cmd is 8'h01 and feature is 4'h0 or 4'h1"");

property p_error_feature_default;
    @(posedge clk) (cmd == 8'h01 && !(feature == 4'h0 || feature == 4'h1) && feature != 4'hF) |-> (error == 1'b1);
endproperty
assert property (p_error_feature_default) else $error(""Assertion failed: error should be set to 1 when cmd is 8'h01 and feature is not 4'h0, 4'h1, or 4'hF"");

property p_exec_subop_00;
    @(posedge clk) (cmd == 8'h01 && feature == 4'hF && subop == 2'b00) |-> (exec == 1'b1);
endproperty
assert property (p_exec_subop_00) else $error(""Assertion failed: exec should be set to 1 when cmd is 8'h01, feature is 4'hF, and subop is 2'b00"");

property p_error_cmd_default;
    @(posedge clk) (cmd != 8'h01 && cmd != 8'h02 && cmd != 8'hFF) |-> (error == 1'b1);
endproperty
assert property (p_error_cmd_default) else $error(""Assertion failed: error should be set to 1 when cmd is not 8'h01, 8'h02, or 8'hFF"");

property p_flush_feature_E;
    @(posedge clk) (cmd == 8'h02 && feature == 4'hE) |-> (flush == 1'b1);
endproperty
assert property (p_flush_feature_E) else $error(""Assertion failed: flush should be set to 1 when cmd is 8'h02 and feature is 4'hE"");

property p_exec_cmd_02;
    @(posedge clk) (cmd == 8'h02 && feature == 4'h0) |-> (exec == 1'b1);
endproperty
assert property (p_exec_cmd_02) else $error(""Assertion failed: exec should be set to 1 when cmd is 8'h02 and feature is 4'h0"");

property p_flush_cmd_FF;
    @(posedge clk) (cmd == 8'hFF) |-> (flush == 1'b1);
endproperty
assert property (p_flush_cmd_FF) else $error(""Assertion failed: flush should be set to 1 when cmd is 8'hFF"");","** Error (suppressible): prueba.sv(14): (vlog-2388) 'exec' already declared in this scope (storage_cmd_proc_testing) at prueba.sv(5).
** Error (suppressible): prueba.sv(14): (vlog-2388) 'flush' already declared in this scope (storage_cmd_proc_testing) at prueba.sv(6).
** Error (suppressible): prueba.sv(14): (vlog-2388) 'error' already declared in this scope (storage_cmd_proc_testing) at prueba.sv(7).
** Error (suppressible): prueba.sv(15): (vlog-2388) 'cmd' already declared in this scope (storage_cmd_proc_testing) at prueba.sv(2).
** Error (suppressible): prueba.sv(16): (vlog-2388) 'feature' already declared in this scope (storage_cmd_proc_testing) at prueba.sv(3).
** Error (suppressible): prueba.sv(17): (vlog-2388) 'subop' already declared in this scope (storage_cmd_proc_testing) at prueba.sv(4).",14.50010085105896,2686,870
"module thermal_policy (
    input  logic [1:0] mode,
    input  logic [2:0] temp_level,
    output logic       throttle,
    output logic       shutdown
);

    always_comb begin
        throttle = 1'b0;
        shutdown = 1'b0;

        unique case (mode)
            2'b00: begin // Performance
                case (temp_level)
                    3'b000, 3'b001: ;
                    3'b010, 3'b011: throttle = 1'b1;
                    default: shutdown = 1'b1;
                endcase
            end

            2'b01: begin // Balanced
                case (temp_level)
                    3'b000: ;
                    3'b001, 3'b010: throttle = 1'b1;
                    default: shutdown = 1'b1;
                endcase
            end

            2'b10: begin // Power-save
                case (temp_level)
                    3'b000, 3'b001: throttle = 1'b1;
                    default: shutdown = 1'b1;
                endcase
            end

            default: shutdown = 1'b1;
        endcase
    end

endmodule
","property p_throttle_assign;
    @(posedge clk) ((mode == 2'b00 && (temp_level == 3'b000 || temp_level == 3'b001)) ||
                     (mode == 2'b01 && (temp_level == 3'b000 || temp_level == 3'b001 || temp_level == 3'b010)) ||
                     (mode == 2'b10 && (temp_level == 3'b000 || temp_level == 3'b001))) |-> (throttle == 1'b1);
endproperty
assert property (p_throttle_assign);

property p_shutdown_assign;
    @(posedge clk) ((mode == 2'b00 && !(temp_level == 3'b000 || temp_level == 3'b001)) ||
                     (mode == 2'b01 && !(temp_level == 3'b000 || temp_level == 3'b001 || temp_level == 3'b010)) ||
                     (mode == 2'b10 && !(temp_level == 3'b000 || temp_level == 3'b001))) |-> (shutdown == 1'b1);
endproperty
assert property (p_shutdown_assign);","** Error: prueba.sv(12): (vlog-2730) Undefined variable: 'clk'.
** Error (suppressible): prueba.sv(16): (vlog-1957) The sva directive is not sensitive to a clock. Unclocked directives are not supported.
** Error: prueba.sv(19): (vlog-2730) Undefined variable: 'clk'.
** Error (suppressible): prueba.sv(23): (vlog-1957) The sva directive is not sensitive to a clock. Unclocked directives are not supported.
** Error: prueba.sv(12): (vlog-2730) Undefined variable: 'clk'.",7.396504878997803,2696,423
"module interconnect_router (
    input  logic [3:0] master_id,
    input  logic [1:0] txn_type,
    input  logic [1:0] burst,
    output logic       route_fast,
    output logic       route_slow,
    output logic       reject
);

    always_comb begin
        route_fast = 1'b0;
        route_slow = 1'b0;
        reject     = 1'b0;

        unique case (master_id)
            4'h0, 4'h1: begin
                case (txn_type)
                    2'b00: route_fast = 1'b1; // read
                    2'b01: begin              // write
                        case (burst)
                            2'b00, 2'b01: route_fast = 1'b1;
                            default: route_slow = 1'b1;
                        endcase
                    end
                    default: reject = 1'b1;
                endcase
            end

            4'hF: begin
                case (txn_type)
                    2'b00: route_slow = 1'b1;
                    default: reject = 1'b1;
                endcase
            end

            default: reject = 1'b1;
        endcase
    end

endmodule
","property p_route_fast_assign;
    @(posedge clk) (master_id == 4'h0 || master_id == 4'h1) && txn_type == 2'b00 |-> (route_fast == 1'b1);
endproperty
assert property (p_route_fast_assign);

property p_route_slow_assign;
    @(posedge clk) (master_id == 4'h0 || master_id == 4'h1) && txn_type == 2'b01 && (burst == 2'b00 || burst == 2'b01) |-> (route_slow == 1'b1);
endproperty
assert property (p_route_slow_assign);

property p_reject_assign;
    @(posedge clk) ((master_id != 4'h0 && master_id != 4'h1 && master_id != 4'hF) || txn_type == 2'b01 && (burst != 2'b00 && burst != 2'b01)) |-> (reject == 1'b1);
endproperty
assert property (p_reject_assign);","** Error: prueba.sv(14): (vlog-2730) Undefined variable: 'clk'.
** Error (suppressible): prueba.sv(16): (vlog-1957) The sva directive is not sensitive to a clock. Unclocked directives are not supported.
** Error: prueba.sv(19): (vlog-2730) Undefined variable: 'clk'.
** Error (suppressible): prueba.sv(21): (vlog-1957) The sva directive is not sensitive to a clock. Unclocked directives are not supported.
** Error: prueba.sv(24): (vlog-2730) Undefined variable: 'clk'.
** Error (suppressible): prueba.sv(26): (vlog-1957) The sva directive is not sensitive to a clock. Unclocked directives are not supported.
** Error: prueba.sv(14): (vlog-2730) Undefined variable: 'clk'.",5.250643968582153,2676,287
"module obi_txn_decoder (
    input  logic        req,
    input  logic        we,
    input  logic [1:0]  prot,
    input  logic [1:0]  burst,
    output logic        allow,
    output logic        fault
);

    // prot[1] = privileged
    // prot[0] = secure

    always_comb begin
        allow = 1'b0;
        fault = 1'b0;

        if (req) begin
            unique case (we)
                1'b0: begin // READ
                    case (prot)
                        2'b00, 2'b01: begin
                            case (burst)
                                2'b00, 2'b01: allow = 1'b1;
                                default: fault = 1'b1;
                            endcase
                        end
                        default: fault = 1'b1;
                    endcase
                end

                1'b1: begin // WRITE
                    case (prot)
                        2'b10: begin // privileged non-secure
                            case (burst)
                                2'b00: allow = 1'b1;
                                default: fault = 1'b1;
                            endcase
                        end
                        default: fault = 1'b1;
                    endcase
                end

                default: fault = 1'b1;
            endcase
        end
    end

endmodule
","property p_allow_assign;
    @(posedge clk) (req && we == 1'b0 && prot == 2'b00 && burst == 2'b00) |-> (allow == 1'b1);
endproperty
assert property (p_allow_assign) else $error(""Assertion failed: allow not assigned correctly when req=1, we=0, prot=00, and burst=00"");

property p_fault_assign;
    @(posedge clk) (req && ((we == 1'b0 && (prot != 2'b00 && prot != 2'b01)) || (we == 1'b1 && prot != 2'b10))) |-> (fault == 1'b1);
endproperty
assert property (p_fault_assign) else $error(""Assertion failed: fault not assigned correctly when req=1, we!=0 or prot!=10"");

property p_allow_assign_prot01;
    @(posedge clk) (req && we == 1'b0 && prot == 2'b01 && burst != 2'b00 && burst != 2'b01) |-> (allow == 1'b1);
endproperty
assert property (p_allow_assign_prot01) else $error(""Assertion failed: allow not assigned correctly when req=1, we=0, prot=01, and burst!=00 or 01"");

property p_fault_assign_prot_default;
    @(posedge clk) (req && ((we == 1'b0 && prot != 2'b00 && prot != 2'b01) || (we == 1'b1 && prot != 2'b10))) |-> (fault == 1'b1);
endproperty
assert property (p_fault_assign_prot_default) else $error(""Assertion failed: fault not assigned correctly when req=1, we!=0 or prot!=10"");","** Error: prueba.sv(14): (vlog-2730) Undefined variable: 'clk'.
** Error (suppressible): prueba.sv(16): (vlog-1957) The sva directive is not sensitive to a clock. Unclocked directives are not supported.
** Error: prueba.sv(19): (vlog-2730) Undefined variable: 'clk'.
** Error (suppressible): prueba.sv(21): (vlog-1957) The sva directive is not sensitive to a clock. Unclocked directives are not supported.
** Error: prueba.sv(24): (vlog-2730) Undefined variable: 'clk'.
** Error (suppressible): prueba.sv(26): (vlog-1957) The sva directive is not sensitive to a clock. Unclocked directives are not supported.
** Error: prueba.sv(29): (vlog-2730) Undefined variable: 'clk'.
** Error (suppressible): prueba.sv(31): (vlog-1957) The sva directive is not sensitive to a clock. Unclocked directives are not supported.
** Error: prueba.sv(14): (vlog-2730) Undefined variable: 'clk'.",7.999889373779297,2675,464
"module alert_handler_ctrl (
    input  logic [1:0] alert_class,
    input  logic [1:0] esc_state,
    output logic       irq,
    output logic       nmi,
    output logic       reset_req
);

    always_comb begin
        irq       = 1'b0;
        nmi       = 1'b0;
        reset_req = 1'b0;

        unique case (alert_class)
            2'b00: begin // Class A
                case (esc_state)
                    2'b00: irq = 1'b1;
                    2'b01: nmi = 1'b1;
                    default: reset_req = 1'b1;
                endcase
            end

            2'b01: begin // Class B
                case (esc_state)
                    2'b00, 2'b01: nmi = 1'b1;
                    default: reset_req = 1'b1;
                endcase
            end

            2'b10: begin // Class C
                case (esc_state)
                    2'b00: nmi = 1'b1;
                    default: reset_req = 1'b1;
                endcase
            end

            default: reset_req = 1'b1;
        endcase
    end

endmodule
","property p_irq_assignment;
    @(posedge clk) (alert_class == 2'b00 && esc_state == 2'b00) |-> (irq == 1'b1);
endproperty
assert property (p_irq_assignment);

property p_nmi_assignment;
    @(posedge clk) (alert_class == 2'b00 && esc_state == 2'b01) |-> (nmi == 1'b1);
endproperty
assert property (p_nmi_assignment);

property p_reset_req_assignment;
    @(posedge clk) ((alert_class != 2'b00 && alert_class != 2'b01 && alert_class != 2'b10) || (alert_class == 2'b01 && esc_state == 2'b00) || (alert_class == 2'b01 && esc_state == 2'b01) || (alert_class == 2'b10 && esc_state == 2'b00)) |-> (reset_req == 1'b1);
endproperty
assert property (p_reset_req_assignment);","** Error: prueba.sv(13): (vlog-2730) Undefined variable: 'clk'.
** Error (suppressible): prueba.sv(15): (vlog-1957) The sva directive is not sensitive to a clock. Unclocked directives are not supported.
** Error: prueba.sv(18): (vlog-2730) Undefined variable: 'clk'.
** Error (suppressible): prueba.sv(20): (vlog-1957) The sva directive is not sensitive to a clock. Unclocked directives are not supported.
** Error: prueba.sv(23): (vlog-2730) Undefined variable: 'clk'.
** Error (suppressible): prueba.sv(25): (vlog-1957) The sva directive is not sensitive to a clock. Unclocked directives are not supported.
** Error: prueba.sv(13): (vlog-2730) Undefined variable: 'clk'.",5.2839014530181885,2692,287
"module lifecycle_gate (
    input  logic [2:0] lc_state,
    input  logic [1:0] transition,
    output logic       allow,
    output logic       violation
);

    always_comb begin
        allow     = 1'b0;
        violation = 1'b0;

        unique case (lc_state)
            3'b000: begin // TEST_UNLOCKED
                case (transition)
                    2'b00, 2'b01: allow = 1'b1;
                    default: violation = 1'b1;
                endcase
            end

            3'b001: begin // DEV
                case (transition)
                    2'b01: allow = 1'b1;
                    default: violation = 1'b1;
                endcase
            end

            3'b010: begin // PROD
                case (transition)
                    2'b10: allow = 1'b1;
                    default: violation = 1'b1;
                endcase
            end

            3'b111: begin // RMA
                case (transition)
                    2'b11: allow = 1'b1;
                    default: violation = 1'b1;
                endcase
            end

            default: violation = 1'b1;
        endcase
    end

endmodule
","property p_allow_assign;
    @(posedge clk) (lc_state == 3'b000 && (transition == 2'b00 || transition == 2'b01)) |-> (allow == 1'b1);
endproperty
assert property (p_allow_assign);

property p_violation_default;
    @(posedge clk) ((lc_state != 3'b000 && lc_state != 3'b001 && lc_state != 3'b010 && lc_state != 3'b111) || (transition == 2'b11)) |-> (violation == 1'b1);
endproperty
assert property (p_violation_default);

property p_allow_assign_specific;
    @(posedge clk) (lc_state == 3'b001 && transition == 2'b01) |-> (allow == 1'b1);
endproperty
assert property (p_allow_assign_specific);

property p_allow_assign_specific_2;
    @(posedge clk) (lc_state == 3'b010 && transition == 2'b10) |-> (allow == 1'b1);
endproperty
assert property (p_allow_assign_specific_2);

property p_allow_assign_specific_3;
    @(posedge clk) (lc_state == 3'b111 && transition == 2'b11) |-> (allow == 1'b1);
endproperty
assert property (p_allow_assign_specific_3);","** Error: prueba.sv(12): (vlog-2730) Undefined variable: 'clk'.
** Error (suppressible): prueba.sv(14): (vlog-1957) The sva directive is not sensitive to a clock. Unclocked directives are not supported.
** Error: prueba.sv(17): (vlog-2730) Undefined variable: 'clk'.
** Error (suppressible): prueba.sv(19): (vlog-1957) The sva directive is not sensitive to a clock. Unclocked directives are not supported.
** Error: prueba.sv(22): (vlog-2730) Undefined variable: 'clk'.
** Error (suppressible): prueba.sv(24): (vlog-1957) The sva directive is not sensitive to a clock. Unclocked directives are not supported.
** Error: prueba.sv(27): (vlog-2730) Undefined variable: 'clk'.
** Error (suppressible): prueba.sv(29): (vlog-1957) The sva directive is not sensitive to a clock. Unclocked directives are not supported.
** Error: prueba.sv(32): (vlog-2730) Undefined variable: 'clk'.
** Error (suppressible): prueba.sv(34): (vlog-1957) The sva directive is not sensitive to a clock. Unclocked directives are not supported.
** Error: prueba.sv(12): (vlog-2730) Undefined variable: 'clk'.",6.895927429199219,2700,387
"module tl_addr_router (
    input  logic [31:0] addr,
    input  logic [2:0]  opcode,
    output logic        route_rom,
    output logic        route_ram,
    output logic        deny
);

    logic [3:0] region;
    assign region = addr[31:28];

    always_comb begin
        route_rom = 1'b0;
        route_ram = 1'b0;
        deny      = 1'b0;

        unique case (region)
            4'h0: begin // ROM
                case (opcode)
                    3'b000: route_rom = 1'b1; // read
                    default: deny = 1'b1;
                endcase
            end

            4'h1, 4'h2: begin // RAM
                case (opcode)
                    3'b000, 3'b001: route_ram = 1'b1;
                    default: deny = 1'b1;
                endcase
            end

            default: deny = 1'b1;
        endcase
    end

endmodule
","property p_route_rom_assign;
    @(posedge clk) (region == 4'h0 && opcode == 3'b000) |-> (route_rom == 1'b1);
endproperty
assert property (p_route_rom_assign);

property p_deny_assign;
    @(posedge clk) ((region == 4'h0 && opcode != 3'b000) || (region == 4'h1 || region == 4'h2 && (opcode != 3'b000 && opcode != 3'b001))) |-> (deny == 1'b1);
endproperty
assert property (p_deny_assign);

property p_route_ram_assign;
    @(posedge clk) ((region == 4'h1 || region == 4'h2) && (opcode == 3'b000 || opcode == 3'b001)) |-> (route_ram == 1'b1);
endproperty
assert property (p_route_ram_assign);","** Error: prueba.sv(14): (vlog-2730) Undefined variable: 'clk'.
** Error (suppressible): prueba.sv(16): (vlog-1957) The sva directive is not sensitive to a clock. Unclocked directives are not supported.
** Error: prueba.sv(19): (vlog-2730) Undefined variable: 'clk'.
** Error (suppressible): prueba.sv(21): (vlog-1957) The sva directive is not sensitive to a clock. Unclocked directives are not supported.
** Error: prueba.sv(24): (vlog-2730) Undefined variable: 'clk'.
** Error (suppressible): prueba.sv(26): (vlog-1957) The sva directive is not sensitive to a clock. Unclocked directives are not supported.
** Error: prueba.sv(14): (vlog-2730) Undefined variable: 'clk'.",6.256109952926636,2618,359
"module reg_access_ctrl (
    input  logic [7:0]  periph_id,
    input  logic [7:0]  offset,
    input  logic        we,
    output logic        rd_en,
    output logic        wr_en,
    output logic        err
);

    always_comb begin
        rd_en = 1'b0;
        wr_en = 1'b0;
        err   = 1'b0;

        unique case (periph_id)
            8'h10: begin // UART
                case (offset)
                    8'h00, 8'h04: begin
                        case (we)
                            1'b0: rd_en = 1'b1;
                            1'b1: wr_en = 1'b1;
                        endcase
                    end
                    default: err = 1'b1;
                endcase
            end

            8'h20: begin // GPIO
                case (offset)
                    8'h00: wr_en = we;
                    8'h04: rd_en = ~we;
                    default: err = 1'b1;
                endcase
            end

            default: err = 1'b1;
        endcase
    end

endmodule
","// Properties for the provided SystemVerilog code
property p_rd_en_assignment;
    @(posedge clk) (periph_id == 8'h10 && offset == 8'h00 || periph_id == 8'h20 && offset == 8'h00) |-> (we == 1'b0) |-> (rd_en == 1'b1);
endproperty
assert property (p_rd_en_assignment) else $error(""Assertion failed: rd_en assignment does not match expected behavior"");

property p_wr_en_assignment;
    @(posedge clk) (periph_id == 8'h10 && offset == 8'h04 || periph_id == 8'h20 && offset == 8'h04) |-> (we == 1'b1) |-> (wr_en == 1'b1);
endproperty
assert property (p_wr_en_assignment) else $error(""Assertion failed: wr_en assignment does not match expected behavior"");

property p_err_assignment;
    @(posedge clk) (periph_id != 8'h10 || offset == 8'h00 && we == 1'b0 || offset == 8'h04 && we == 1'b1) |-> (err == 1'b0);
endproperty
assert property (p_err_assignment) else $error(""Assertion failed: err assignment does not match expected behavior"");","** Error: prueba.sv(15): (vlog-2730) Undefined variable: 'clk'.
** Error (suppressible): prueba.sv(17): (vlog-1957) The sva directive is not sensitive to a clock. Unclocked directives are not supported.
** Error: prueba.sv(20): (vlog-2730) Undefined variable: 'clk'.
** Error (suppressible): prueba.sv(22): (vlog-1957) The sva directive is not sensitive to a clock. Unclocked directives are not supported.
** Error: prueba.sv(25): (vlog-2730) Undefined variable: 'clk'.
** Error (suppressible): prueba.sv(27): (vlog-1957) The sva directive is not sensitive to a clock. Unclocked directives are not supported.
** Error: prueba.sv(15): (vlog-2730) Undefined variable: 'clk'.",6.291404485702515,2662,352
"module obi_err_resp (
    input  logic [1:0] err_src,
    input  logic       priv,
    output logic [1:0] resp
);

    always_comb begin
        resp = 2'b00;

        unique case (err_src)
            2'b00: resp = 2'b00; // OK

            2'b01: begin // Decode error
                case (priv)
                    1'b1: resp = 2'b10;
                    1'b0: resp = 2'b11;
                endcase
            end

            2'b10: begin // Permission error
                case (priv)
                    1'b1: resp = 2'b11;
                    default: resp = 2'b10;
                endcase
            end

            default: resp = 2'b11;
        endcase
    end

endmodule
","property p_resp_default_assign;
    @(posedge clk) (err_src == 2'b00 || err_src == 2'b01 || err_src == 2'b10) |-> (resp == 2'b11);
endproperty
assert property (p_resp_default_assign);

property p_resp_specific_assign;
    @(posedge clk) (err_src == 2'b00 && resp == 2'b00) |-> ##[1:2] (err_src == 2'b01 && priv == 1'b1 && resp == 2'b10) |-> ##[1:2] (err_src == 2'b01 && priv == 1'b0 && resp == 2'b11);
endproperty
assert property (p_resp_specific_assign);

property p_resp_other_assign;
    @(posedge clk) (err_src == 2'b10 && priv != 1'b1) |-> ##[1:2] (resp == 2'b10);
endproperty
assert property (p_resp_other_assign);","** Error: prueba.sv(11): (vlog-2730) Undefined variable: 'clk'.
** Error (suppressible): prueba.sv(13): (vlog-1957) The sva directive is not sensitive to a clock. Unclocked directives are not supported.
** Error: prueba.sv(16): (vlog-2730) Undefined variable: 'clk'.
** Error (suppressible): prueba.sv(18): (vlog-1957) The sva directive is not sensitive to a clock. Unclocked directives are not supported.
** Error: prueba.sv(21): (vlog-2730) Undefined variable: 'clk'.
** Error (suppressible): prueba.sv(23): (vlog-1957) The sva directive is not sensitive to a clock. Unclocked directives are not supported.
** Error: prueba.sv(11): (vlog-2730) Undefined variable: 'clk'.",4.923004865646362,2601,284
"module obi_addr_check (
    input  logic [31:0] addr,
    input  logic        we,
    input  logic        priv,
    output logic        grant,
    output logic        err
);

    logic [3:0] region;
    assign region = addr[31:28];

    always_comb begin
        grant = 1'b0;
        err   = 1'b0;

        unique case (region)
            4'h0: begin // Boot ROM
                case (we)
                    1'b0: grant = 1'b1; // read-only
                    default: err = 1'b1;
                endcase
            end

            4'h1: begin // Secure RAM
                case (priv)
                    1'b1: begin
                        case (we)
                            1'b0, 1'b1: grant = 1'b1;
                        endcase
                    end
                    default: err = 1'b1;
                endcase
            end

            4'h2: begin // MMIO
                case (we)
                    1'b0, 1'b1: grant = 1'b1;
                    default: err = 1'b1;
                endcase
            end

            default: err = 1'b1;
        endcase
    end

endmodule
","property p_grant_assign;
    @(posedge clk) (region == 4'h0 && we == 1'b0) |-> (grant == 1'b1);
endproperty
assert property (p_grant_assign);

property p_err_assign_default;
    @(posedge clk) ((region != 4'h0 && region != 4'h1 && region != 4'h2) || (region == 4'h1 && priv == 1'b1 && we == 1'b1)) |-> (err == 1'b1);
endproperty
assert property (p_err_assign_default);

property p_grant_assign_priv;
    @(posedge clk) (region == 4'h1 && priv == 1'b1 && we != 1'b1) |-> (grant == 1'b1);
endproperty
assert property (p_grant_assign_priv);

property p_err_assign_other;
    @(posedge clk) ((region == 4'h2 || region == 4'h3) && we != 1'b0) |-> (err == 1'b1);
endproperty
assert property (p_err_assign_other);","** Error: prueba.sv(14): (vlog-2730) Undefined variable: 'clk'.
** Error (suppressible): prueba.sv(16): (vlog-1957) The sva directive is not sensitive to a clock. Unclocked directives are not supported.
** Error: prueba.sv(19): (vlog-2730) Undefined variable: 'clk'.
** Error (suppressible): prueba.sv(21): (vlog-1957) The sva directive is not sensitive to a clock. Unclocked directives are not supported.
** Error: prueba.sv(24): (vlog-2730) Undefined variable: 'clk'.
** Error (suppressible): prueba.sv(26): (vlog-1957) The sva directive is not sensitive to a clock. Unclocked directives are not supported.
** Error: prueba.sv(29): (vlog-2730) Undefined variable: 'clk'.
** Error (suppressible): prueba.sv(31): (vlog-1957) The sva directive is not sensitive to a clock. Unclocked directives are not supported.
** Error: prueba.sv(14): (vlog-2730) Undefined variable: 'clk'.",5.4004740715026855,2664,297
"module rstmgr_policy (
    input  logic [2:0] reset_cause,
    input  logic [2:0] lc_state,
    output logic       cold_reset,
    output logic       warm_reset,
    output logic       escalate
);

    always_comb begin
        cold_reset = 1'b0;
        warm_reset = 1'b0;
        escalate   = 1'b0;

        unique case (reset_cause)
            3'b000: begin // Power-on
                case (lc_state)
                    3'b000, 3'b001: cold_reset = 1'b1;
                    default: escalate = 1'b1;
                endcase
            end

            3'b001: begin // Watchdog
                case (lc_state)
                    3'b001, 3'b010: warm_reset = 1'b1;
                    default: escalate = 1'b1;
                endcase
            end

            3'b010: begin // Security violation
                case (lc_state)
                    3'b010: warm_reset = 1'b1;
                    default: escalate = 1'b1;
                endcase
            end

            default: escalate = 1'b1;
        endcase
    end

endmodule
","property p_cold_reset_assign;
    @(posedge clk) (reset_cause == 3'b000 && lc_state inside {3'b000, 3'b001}) |-> (cold_reset == 1'b1);
endproperty
assert property (p_cold_reset_assign);

property p_warm_reset_assign;
    @(posedge clk) (reset_cause == 3'b001 && lc_state inside {3'b001, 3'b010}) |-> (warm_reset == 1'b1);
endproperty
assert property (p_warm_reset_assign);

property p_escalate_assign;
    @(posedge clk) ((reset_cause != 3'b000 && reset_cause != 3'b001 && reset_cause != 3'b010) || lc_state !inside {3'b000, 3'b001, 3'b010}) |-> (escalate == 1'b1);
endproperty
assert property (p_escalate_assign);","** Error: (vlog-13069) prueba.sv(23): near ""inside"": syntax error, unexpected ""SystemVerilog keyword 'inside'"".",5.095264673233032,2691,274
"module tlul_access_filter (
    input  logic [2:0] opcode,
    input  logic [2:0] param,
    input  logic [2:0] size,
    output logic       allow,
    output logic       error
);

    always_comb begin
        allow = 1'b0;
        error = 1'b0;

        unique case (opcode)
            3'b000: begin // Get
                case (size)
                    3'b000, 3'b001, 3'b010: allow = 1'b1;
                    default: error = 1'b1;
                endcase
            end

            3'b001: begin // PutFull
                case (param)
                    3'b000: begin
                        case (size)
                            3'b001, 3'b010: allow = 1'b1;
                            default: error = 1'b1;
                        endcase
                    end
                    default: error = 1'b1;
                endcase
            end

            3'b010: begin // PutPartial
                case (param)
                    3'b001: allow = 1'b1;
                    default: error = 1'b1;
                endcase
            end

            default: error = 1'b1;
        endcase
    end

endmodule
","// Properties and Assertions for the provided SystemVerilog case statement

property p_allow_assign;
    @(posedge clk) (opcode == 3'b000 && size inside [3'b000, 3'b001, 3'b010]) |-> (allow == 1'b1);
endproperty
assert property (p_allow_assign) else $error(""Assertion failed: allow should be 1 when opcode is 3'b000 and size is within [3'b000, 3'b001, 3'b010]"");

property p_error_assign;
    @(posedge clk) (opcode == 3'b001 && param != 3'b000 || opcode == 3'b010 && param != 3'b001 || opcode != {3'b000, 3'b001, 3'b010}) |-> (error == 1'b1);
endproperty
assert property (p_error_assign) else $error(""Assertion failed: error should be 1 when the conditions for opcode are not met"");

property p_allow_assign_2;
    @(posedge clk) (opcode == 3'b001 && param == 3'b000 && size inside [3'b001, 3'b010]) |-> (allow == 1'b1);
endproperty
assert property (p_allow_assign_2) else $error(""Assertion failed: allow should be 1 when opcode is 3'b001, param is 3'b000, and size is within [3'b001, 3'b010]"");","** Error: (vlog-13069) prueba.sv(15): near ""["": syntax error, unexpected '['.
** Error: (vlog-13069) prueba.sv(25): near ""["": syntax error, unexpected '['.",7.304286956787109,2700,414
"module otp_ctrl_decode (
    input  logic [3:0] cmd,
    input  logic [1:0] part,
    input  logic       write_en,
    output logic       exec,
    output logic       fault
);

    always_comb begin
        exec  = 1'b0;
        fault = 1'b0;

        unique case (cmd)
            4'h1: begin // READ
                case (part)
                    2'b00, 2'b01: exec = 1'b1;
                    default: fault = 1'b1;
                endcase
            end

            4'h2: begin // WRITE
                case (write_en)
                    1'b1: begin
                        case (part)
                            2'b01: exec = 1'b1;
                            default: fault = 1'b1;
                        endcase
                    end
                    default: fault = 1'b1;
                endcase
            end

            4'hF: begin // LOCK
                case (part)
                    2'b10: exec = 1'b1;
                    default: fault = 1'b1;
                endcase
            end

            default: fault = 1'b1;
        endcase
    end

endmodule
","property p_exec_assign;
    @(posedge clk) (cmd == 4'h1 && part inside {2'b00, 2'b01}) |-> (exec == 1'b1);
endproperty
assert property (p_exec_assign);

property p_fault_assign;
    @(posedge clk) ((cmd != 4'h1 && cmd != 4'h2 && cmd != 4'hF) || (part inside {2'b00, 2'b01} && cmd == 4'h1) || (write_en == 1'b1 && part != 2'b01 && cmd == 4'h2)) |-> (fault == 1'b1);
endproperty
assert property (p_fault_assign);","** Error: prueba.sv(13): (vlog-2730) Undefined variable: 'clk'.
** Error (suppressible): prueba.sv(15): (vlog-1957) The sva directive is not sensitive to a clock. Unclocked directives are not supported.
** Error: prueba.sv(18): (vlog-2730) Undefined variable: 'clk'.
** Error (suppressible): prueba.sv(20): (vlog-1957) The sva directive is not sensitive to a clock. Unclocked directives are not supported.
** Error: prueba.sv(13): (vlog-2730) Undefined variable: 'clk'.",3.7829041481018066,2675,192
"module alert_aggregator (
    input  logic [3:0] src,
    input  logic [1:0] sev,
    output logic       irq,
    output logic       nmi,
    output logic       fatal
);

    always_comb begin
        irq   = 1'b0;
        nmi   = 1'b0;
        fatal = 1'b0;

        unique case (src)
            4'h0, 4'h1: begin
                case (sev)
                    2'b00: irq = 1'b1;
                    2'b01: nmi = 1'b1;
                    default: fatal = 1'b1;
                endcase
            end

            4'hF: begin
                case (sev)
                    2'b10, 2'b11: fatal = 1'b1;
                    default: nmi = 1'b1;
                endcase
            end

            default: fatal = 1'b1;
        endcase
    end

endmodule
","property p_irq_assignment;
    @(posedge clk) (src == 4'h0 || src == 4'h1 && sev == 2'b00) |-> (irq == 1'b1);
endproperty
assert property (p_irq_assignment);

property p_nmi_assignment;
    @(posedge clk) (src == 4'h1 && sev == 2'b01) |-> (nmi == 1'b1);
endproperty
assert property (p_nmi_assignment);

property p_fatal_default_assign;
    @(posedge clk) ((src != 4'h0 && src != 4'h1 && src != 4'hF) || (src == 4'h0 || src == 4'h1) && sev != 2'b00 && sev != 2'b01) |-> (fatal == 1'b1);
endproperty
assert property (p_fatal_default_assign);

property p_nmi_alt_assignment;
    @(posedge clk) (src == 4'hF && sev == 2'b10 || sev == 2'b11) |-> (nmi == 1'b1);
endproperty
assert property (p_nmi_alt_assignment);","** Error: prueba.sv(13): (vlog-2730) Undefined variable: 'clk'.
** Error (suppressible): prueba.sv(15): (vlog-1957) The sva directive is not sensitive to a clock. Unclocked directives are not supported.
** Error: prueba.sv(18): (vlog-2730) Undefined variable: 'clk'.
** Error (suppressible): prueba.sv(20): (vlog-1957) The sva directive is not sensitive to a clock. Unclocked directives are not supported.
** Error: prueba.sv(23): (vlog-2730) Undefined variable: 'clk'.
** Error (suppressible): prueba.sv(25): (vlog-1957) The sva directive is not sensitive to a clock. Unclocked directives are not supported.
** Error: prueba.sv(28): (vlog-2730) Undefined variable: 'clk'.
** Error (suppressible): prueba.sv(30): (vlog-1957) The sva directive is not sensitive to a clock. Unclocked directives are not supported.
** Error: prueba.sv(13): (vlog-2730) Undefined variable: 'clk'.",5.588926076889038,2624,319
"module obi_write_resp (
    input  logic [1:0] result,
    input  logic       priv,
    output logic [1:0] resp
);

    always_comb begin
        resp = 2'b00;

        unique case (result)
            2'b00: resp = 2'b00; // OK

            2'b01: begin // Decode error
                case (priv)
                    1'b1: resp = 2'b10;
                    default: resp = 2'b11;
                endcase
            end

            2'b10: begin // Access error
                case (priv)
                    1'b1: resp = 2'b11;
                    default: resp = 2'b10;
                endcase
            end

            default: resp = 2'b11;
        endcase
    end

endmodule
","property p_resp_default_assign;
    @(posedge clk) (result == 2'b110 || result == 2'b101 || result == 2'b011) |-> (resp == 2'b11);
endproperty
assert property (p_resp_default_assign);

property p_resp_specific_assign;
    @(posedge clk) (result == 2'b00 && priv == 1'b0) |-> (resp == 2'b00);
endproperty
assert property (p_resp_specific_assign);

property p_resp_priv_case_assign;
    @(posedge clk) (result == 2'b01 && priv == 1'b1) |-> (resp == 2'b10);
endproperty
assert property (p_resp_priv_case_assign);

property p_resp_default_priv_assign;
    @(posedge clk) (result == 2'b01 && priv != 1'b1) |-> (resp == 2'b11);
endproperty
assert property (p_resp_default_priv_assign);

property p_resp_specific_priv_assign;
    @(posedge clk) (result == 2'b10 && priv == 1'b1) |-> (resp == 2'b11);
endproperty
assert property (p_resp_specific_priv_assign);

property p_resp_default_priv_neg_assign;
    @(posedge clk) (result == 2'b10 && priv != 1'b1) |-> (resp == 2'b10);
endproperty
assert property (p_resp_default_priv_neg_assign);","** Error: prueba.sv(11): (vlog-2730) Undefined variable: 'clk'.
** Error (suppressible): prueba.sv(13): (vlog-1957) The sva directive is not sensitive to a clock. Unclocked directives are not supported.
** Error: prueba.sv(16): (vlog-2730) Undefined variable: 'clk'.
** Error (suppressible): prueba.sv(18): (vlog-1957) The sva directive is not sensitive to a clock. Unclocked directives are not supported.
** Error: prueba.sv(21): (vlog-2730) Undefined variable: 'clk'.
** Error (suppressible): prueba.sv(23): (vlog-1957) The sva directive is not sensitive to a clock. Unclocked directives are not supported.
** Error: prueba.sv(26): (vlog-2730) Undefined variable: 'clk'.
** Error (suppressible): prueba.sv(28): (vlog-1957) The sva directive is not sensitive to a clock. Unclocked directives are not supported.
** Error: prueba.sv(31): (vlog-2730) Undefined variable: 'clk'.
** Error (suppressible): prueba.sv(33): (vlog-1957) The sva directive is not sensitive to a clock. Unclocked directives are not supported.
** Error: prueba.sv(36): (vlog-2730) Undefined variable: 'clk'.
** Error (suppressible): prueba.sv(38): (vlog-1957) The sva directive is not sensitive to a clock. Unclocked directives are not supported.
** Error: prueba.sv(11): (vlog-2730) Undefined variable: 'clk'.",6.99429988861084,2596,417
"module debug_access_gate (
    input  logic dbg_req,
    input  logic [2:0] lc_state,
    input  logic       priv,
    output logic       dbg_grant,
    output logic       violation
);

    always_comb begin
        dbg_grant = 1'b0;
        violation = 1'b0;

        if (dbg_req) begin
            unique case (lc_state)
                3'b000: begin // TEST
                    case (priv)
                        1'b1: dbg_grant = 1'b1;
                        default: violation = 1'b1;
                    endcase
                end

                3'b001: begin // DEV
                    dbg_grant = 1'b1;
                end

                default: violation = 1'b1;
            endcase
        end
    end

endmodule
","property p_dbg_grant_set_when_debug_request;
    @(posedge clk) dbg_req |-> (lc_state == 3'b001 ? dbg_grant : violation);
endproperty
assert property (p_dbg_grant_set_when_debug_request);

property p_violation_set_when_not_matching_states;
    @(posedge clk) dbg_req |-> (lc_state != 3'b001 && lc_state != 3'b000 ? violation : 1'b0);
endproperty
assert property (p_violation_set_when_not_matching_states);","** Error: prueba.sv(13): (vlog-2730) Undefined variable: 'clk'.
** Error (suppressible): prueba.sv(15): (vlog-1957) The sva directive is not sensitive to a clock. Unclocked directives are not supported.
** Error: prueba.sv(18): (vlog-2730) Undefined variable: 'clk'.
** Error (suppressible): prueba.sv(20): (vlog-1957) The sva directive is not sensitive to a clock. Unclocked directives are not supported.
** Error: prueba.sv(13): (vlog-2730) Undefined variable: 'clk'.",3.1486668586730957,2580,163
"module tlul_access_ctrl (
    input  logic        tl_i_a_valid,
    input  logic [2:0]  tl_i_a_opcode,
    input  logic [2:0]  tl_i_a_param,
    input  logic [2:0]  tl_i_a_size,
    output logic        tl_o_d_error,
    output logic        tl_o_d_valid
);

    always_comb begin
        tl_o_d_valid = 1'b0;
        tl_o_d_error = 1'b0;

        if (tl_i_a_valid) begin
            tl_o_d_valid = 1'b1;

            unique case (tl_i_a_opcode)
                3'b000: begin // Get
                    case (tl_i_a_size)
                        3'b000, 3'b001, 3'b010: ;
                        default: tl_o_d_error = 1'b1;
                    endcase
                end

                3'b001: begin // PutFullData
                    case (tl_i_a_param)
                        3'b000: begin
                            case (tl_i_a_size)
                                3'b001, 3'b010: ;
                                default: tl_o_d_error = 1'b1;
                            endcase
                        end
                        default: tl_o_d_error = 1'b1;
                    endcase
                end

                3'b010: begin // PutPartialData
                    case (tl_i_a_param)
                        3'b001: ;
                        default: tl_o_d_error = 1'b1;
                    endcase
                end

                default: tl_o_d_error = 1'b1;
            endcase
        end
    end

endmodule
","property p_tl_o_d_valid_assign;
    @(posedge clk) (tl_i_a_valid && tl_i_a_opcode == 3'b000 && tl_i_a_size inside {3'b000, 3'b001, 3'b010}) |-> (tl_o_d_valid == 1'b1);
endproperty
assert property (p_tl_o_d_valid_assign);

property p_tl_o_d_error_assign;
    @(posedge clk) (tl_i_a_valid && tl_i_a_opcode == 3'b000 && tl_i_a_size inside {3'b000, 3'b001, 3'b010}) |-> (tl_o_d_error == 1'b0);
endproperty
assert property (p_tl_o_d_error_assign);

property p_tl_o_d_valid_assign_2;
    @(posedge clk) (tl_i_a_valid && tl_i_a_opcode == 3'b001 && tl_i_a_param == 3'b000 && tl_i_a_size inside {3'b001, 3'b010}) |-> (tl_o_d_valid == 1'b1);
endproperty
assert property (p_tl_o_d_valid_assign_2);

property p_tl_o_d_error_assign_2;
    @(posedge clk) (tl_i_a_valid && tl_i_a_opcode == 3'b001 && tl_i_a_param == 3'b000 && tl_i_a_size inside {3'b001, 3'b010}) |-> (tl_o_d_error == 1'b0);
endproperty
assert property (p_tl_o_d_error_assign_2);

property p_tl_o_d_valid_assign_3;
    @(posedge clk) (tl_i_a_valid && tl_i_a_opcode == 3'b010 && tl_i_a_param == 3'b001) |-> (tl_o_d_valid == 1'b1);
endproperty
assert property (p_tl_o_d_valid_assign_3);

property p_tl_o_d_error_assign_3;
    @(posedge clk) (tl_i_a_valid && tl_i_a_opcode == 3'b010 && tl_i_a_param == 3'b001) |-> (tl_o_d_error == 1'b0);
endproperty
assert property (p_tl_o_d_error_assign_3);

property p_tl_o_d_valid_default;
    @(posedge clk) (!tl_i_a_valid || tl_i_a_opcode inside {3'b000, 3'b001, 3'b010}) |-> (tl_o_d_valid == 1'b0);
endproperty
assert property (p_tl_o_d_valid_default);

property p_tl_o_d_error_default;
    @(posedge clk) (!tl_i_a_valid || tl_i_a_opcode inside {3'b000, 3'b001, 3'b010}) |-> (tl_o_d_error == 1'b1);
endproperty
assert property (p_tl_o_d_error_default);","** Error: prueba.sv(14): (vlog-2730) Undefined variable: 'clk'.
** Error (suppressible): prueba.sv(16): (vlog-1957) The sva directive is not sensitive to a clock. Unclocked directives are not supported.
** Error: prueba.sv(19): (vlog-2730) Undefined variable: 'clk'.
** Error (suppressible): prueba.sv(21): (vlog-1957) The sva directive is not sensitive to a clock. Unclocked directives are not supported.
** Error: prueba.sv(24): (vlog-2730) Undefined variable: 'clk'.
** Error (suppressible): prueba.sv(26): (vlog-1957) The sva directive is not sensitive to a clock. Unclocked directives are not supported.
** Error: prueba.sv(29): (vlog-2730) Undefined variable: 'clk'.
** Error (suppressible): prueba.sv(31): (vlog-1957) The sva directive is not sensitive to a clock. Unclocked directives are not supported.
** Error: prueba.sv(34): (vlog-2730) Undefined variable: 'clk'.
** Error (suppressible): prueba.sv(36): (vlog-1957) The sva directive is not sensitive to a clock. Unclocked directives are not supported.
** Error: prueba.sv(39): (vlog-2730) Undefined variable: 'clk'.
** Error (suppressible): prueba.sv(41): (vlog-1957) The sva directive is not sensitive to a clock. Unclocked directives are not supported.
** Error: prueba.sv(44): (vlog-2730) Undefined variable: 'clk'.
** Error (suppressible): prueba.sv(46): (vlog-1957) The sva directive is not sensitive to a clock. Unclocked directives are not supported.
** Error: prueba.sv(49): (vlog-2730) Undefined variable: 'clk'.
** Error (suppressible): prueba.sv(51): (vlog-1957) The sva directive is not sensitive to a clock. Unclocked directives are not supported.
** Error: prueba.sv(14): (vlog-2730) Undefined variable: 'clk'.",15.242494106292725,2783,894
"module tlul_addr_decode (
    input  logic        tl_i_a_valid,
    input  logic [31:0] tl_i_a_address,
    input  logic [2:0]  tl_i_a_opcode,
    output logic        tl_o_d_error,
    output logic        rom_sel,
    output logic        ram_sel,
    output logic        mmio_sel
);

    logic [3:0] addr_region;
    assign addr_region = tl_i_a_address[31:28];

    always_comb begin
        rom_sel      = 1'b0;
        ram_sel      = 1'b0;
        mmio_sel     = 1'b0;
        tl_o_d_error = 1'b0;

        if (tl_i_a_valid) begin
            unique case (addr_region)
                4'h0: begin // ROM
                    case (tl_i_a_opcode)
                        3'b000: rom_sel = 1'b1;
                        default: tl_o_d_error = 1'b1;
                    endcase
                end

                4'h1, 4'h2: begin // RAM
                    case (tl_i_a_opcode)
                        3'b000, 3'b001, 3'b010: ram_sel = 1'b1;
                        default: tl_o_d_error = 1'b1;
                    endcase
                end

                4'h4: begin // MMIO
                    mmio_sel = 1'b1;
                end

                default: tl_o_d_error = 1'b1;
            endcase
        end
    end

endmodule
","property p_rom_sel_assign;
    @(posedge clk) (tl_i_a_valid && addr_region == 4'h0 && tl_i_a_opcode == 3'b000) |-> (rom_sel == 1'b1);
endproperty
assert property (p_rom_sel_assign);

property p_ram_sel_assign;
    @(posedge clk) (tl_i_a_valid && addr_region == 4'h1 || addr_region == 4'h2 && tl_i_a_opcode == 3'b000 || tl_i_a_opcode == 3'b001 || tl_i_a_opcode == 3'b010) |-> (ram_sel == 1'b1);
endproperty
assert property (p_ram_sel_assign);

property p_mmio_sel_assign;
    @(posedge clk) (tl_i_a_valid && addr_region == 4'h4) |-> (mmio_sel == 1'b1);
endproperty
assert property (p_mmio_sel_assign);

property p_default_error_assign;
    @(posedge clk) (!tl_i_a_valid || addr_region == 4'h3 || (addr_region >= 4'h5 && addr_region <= 4'hf)) |-> (tl_o_d_error == 1'b1);
endproperty
assert property (p_default_error_assign);","** Error: prueba.sv(16): (vlog-2730) Undefined variable: 'clk'.
** Error (suppressible): prueba.sv(18): (vlog-1957) The sva directive is not sensitive to a clock. Unclocked directives are not supported.
** Error: prueba.sv(21): (vlog-2730) Undefined variable: 'clk'.
** Error (suppressible): prueba.sv(23): (vlog-1957) The sva directive is not sensitive to a clock. Unclocked directives are not supported.
** Error: prueba.sv(26): (vlog-2730) Undefined variable: 'clk'.
** Error (suppressible): prueba.sv(28): (vlog-1957) The sva directive is not sensitive to a clock. Unclocked directives are not supported.
** Error: prueba.sv(31): (vlog-2730) Undefined variable: 'clk'.
** Error (suppressible): prueba.sv(33): (vlog-1957) The sva directive is not sensitive to a clock. Unclocked directives are not supported.
** Error: prueba.sv(16): (vlog-2730) Undefined variable: 'clk'.",6.748241424560547,2719,367
"module alert_handler_core (
    input  logic [1:0] alert_class_i,
    input  logic [1:0] esc_state_i,
    output logic       irq_o,
    output logic       nmi_o,
    output logic       reset_req_o
);

    always_comb begin
        irq_o       = 1'b0;
        nmi_o       = 1'b0;
        reset_req_o = 1'b0;

        unique case (alert_class_i)
            2'b00: begin // Class A
                case (esc_state_i)
                    2'b00: irq_o = 1'b1;
                    2'b01: nmi_o = 1'b1;
                    default: reset_req_o = 1'b1;
                endcase
            end

            2'b01: begin // Class B
                case (esc_state_i)
                    2'b00, 2'b01: nmi_o = 1'b1;
                    default: reset_req_o = 1'b1;
                endcase
            End

            default: reset_req_o = 1'b1;
        endcase
    end

endmodule
","module example_module (
    input logic clk,
    input logic [1:0] sel,
    output logic [7:0] y
);

always_comb begin : case_block
    case (sel)
        2'b00: y = 8'h0A; // Example values for demonstration
        2'b01: y = 8'h0B;
        2'b10: y = 8'h0C;
        default: y = 8'h0D;
    endcase
end : case_block

endmodule","** Error: prueba.sv(25): (vlog-2730) Undefined variable: 'End'.
** Error: (vlog-13069) prueba.sv(26): near ""default"": syntax error, unexpected default.
** Error: prueba.sv(45): End label 'case_block' not allowed with an unnamed block.
** Error: (vlog-13069) prueba.sv(49): near ""endmodule"": syntax error, unexpected endmodule.",7.580448865890503,2432,495
"module lc_ctrl_perm_check (
    input  logic [2:0] lc_state_i,
    input  logic [1:0] lc_transition_i,
    output logic       allow_o,
    output logic       violation_o
);

    always_comb begin
        allow_o     = 1'b0;
        violation_o = 1'b0;

        unique case (lc_state_i)
            3'b000: begin // TEST_UNLOCKED
                case (lc_transition_i)
                    2'b00, 2'b01: allow_o = 1'b1;
                    default: violation_o = 1'b1;
                endcase
            end

            3'b001: begin // DEV
                case (lc_transition_i)
                    2'b01: allow_o = 1'b1;
                    default: violation_o = 1'b1;
                endcase
            end

            3'b010: begin // PROD
                case (lc_transition_i)
                    2'b10: allow_o = 1'b1;
                    default: violation_o = 1'b1;
                endcase
            end

            default: violation_o = 1'b1;
        endcase
    end

endmodule
","property p_allow_o_assign;
    @(posedge clk) (lc_state_i == 3'b000 && (lc_transition_i == 2'b00 || lc_transition_i == 2'b01)) |-> (allow_o == 1'b1);
endproperty
assert property (p_allow_o_assign) else $error(""Assertion failed: allow_o not assigned correctly when lc_state_i is 3'b000 and lc_transition_i is 2'b00 or 2'b01"");

property p_violation_o_default;
    @(posedge clk) (lc_state_i != 3'b000 && lc_state_i != 3'b001 && lc_state_i != 3'b010) |-> (violation_o == 1'b1);
endproperty
assert property (p_violation_o_default) else $error(""Assertion failed: violation_o not assigned correctly when lc_state_i is not 3'b000, 3'b001, or 3'b010"");

property p_allow_o_assign_2;
    @(posedge clk) (lc_state_i == 3'b001 && lc_transition_i == 2'b01) |-> (allow_o == 1'b1);
endproperty
assert property (p_allow_o_assign_2) else $error(""Assertion failed: allow_o not assigned correctly when lc_state_i is 3'b001 and lc_transition_i is 2'b01"");

property p_violation_o_default_2;
    @(posedge clk) (lc_state_i != 3'b001 && lc_state_i != 3'b000 && lc_state_i != 3'b010) |-> (violation_o == 1'b1);
endproperty
assert property (p_violation_o_default_2) else $error(""Assertion failed: violation_o not assigned correctly when lc_state_i is not 3'b001, 3'b000, or 3'b010"");

property p_allow_o_assign_3;
    @(posedge clk) (lc_state_i == 3'b010 && lc_transition_i == 2'b10) |-> (allow_o == 1'b1);
endproperty
assert property (p_allow_o_assign_3) else $error(""Assertion failed: allow_o not assigned correctly when lc_state_i is 3'b010 and lc_transition_i is 2'b10"");

property p_violation_o_default_3;
    @(posedge clk) (lc_state_i != 3'b010 && lc_state_i != 3'b000 && lc_state_i != 3'b001) |-> (violation_o == 1'b1);
endproperty
assert property (p_violation_o_default_3) else $error(""Assertion failed: violation_o not assigned correctly when lc_state_i is not 3'b010, 3'b000, or 3'b001"");","** Error: prueba.sv(12): (vlog-2730) Undefined variable: 'clk'.
** Error (suppressible): prueba.sv(14): (vlog-1957) The sva directive is not sensitive to a clock. Unclocked directives are not supported.
** Error: prueba.sv(17): (vlog-2730) Undefined variable: 'clk'.
** Error (suppressible): prueba.sv(19): (vlog-1957) The sva directive is not sensitive to a clock. Unclocked directives are not supported.
** Error: prueba.sv(22): (vlog-2730) Undefined variable: 'clk'.
** Error (suppressible): prueba.sv(24): (vlog-1957) The sva directive is not sensitive to a clock. Unclocked directives are not supported.
** Error: prueba.sv(27): (vlog-2730) Undefined variable: 'clk'.
** Error (suppressible): prueba.sv(29): (vlog-1957) The sva directive is not sensitive to a clock. Unclocked directives are not supported.
** Error: prueba.sv(32): (vlog-2730) Undefined variable: 'clk'.
** Error (suppressible): prueba.sv(34): (vlog-1957) The sva directive is not sensitive to a clock. Unclocked directives are not supported.
** Error: prueba.sv(37): (vlog-2730) Undefined variable: 'clk'.
** Error (suppressible): prueba.sv(39): (vlog-1957) The sva directive is not sensitive to a clock. Unclocked directives are not supported.
** Error: prueba.sv(12): (vlog-2730) Undefined variable: 'clk'.",13.411896705627441,2680,802
"module obi_host_resp_gen (
    input  logic [1:0] obi_result_i,
    input  logic       obi_priv_i,
    output logic [1:0] obi_resp_o
);

    always_comb begin
        obi_resp_o = 2'b00;

        unique case (obi_result_i)
            2'b00: obi_resp_o = 2'b00; // OK

            2'b01: begin // Decode error
                case (obi_priv_i)
                    1'b1: obi_resp_o = 2'b10;
                    default: obi_resp_o = 2'b11;
                endcase
            end

            2'b10: begin // Access error
                case (obi_priv_i)
                    1'b1: obi_resp_o = 2'b11;
                    default: obi_resp_o = 2'b10;
                endcase
            end

            default: obi_resp_o = 2'b11;
        endcase
    end

endmodule
","property p_obi_resp_o_assign_00;
    @(posedge clk) (obi_result_i == 2'b00) |-> (obi_resp_o == 2'b00);
endproperty
assert property (p_obi_resp_o_assign_00);

property p_obi_resp_o_assign_01;
    @(posedge clk) (obi_result_i == 2'b01) |-> (obi_resp_o == 2'b11);
endproperty
assert property (p_obi_resp_o_assign_01);

property p_obi_resp_o_assign_01_priv;
    @(posedge clk) (obi_result_i == 2'b01 && obi_priv_i == 1'b1) |-> (obi_resp_o == 2'b10);
endproperty
assert property (p_obi_resp_o_assign_01_priv);

property p_obi_resp_o_assign_10;
    @(posedge clk) (obi_result_i == 2'b10) |-> (obi_resp_o == 2'b10);
endproperty
assert property (p_obi_resp_o_assign_10);

property p_obi_resp_o_assign_10_priv;
    @(posedge clk) (obi_result_i == 2'b10 && obi_priv_i == 1'b1) |-> (obi_resp_o == 2'b11);
endproperty
assert property (p_obi_resp_o_assign_10_priv);

property p_obi_resp_o_default;
    @(posedge clk) (obi_result_i != 2'b00 && obi_result_i != 2'b01 && obi_result_i != 2'b10) |-> (obi_resp_o == 2'b11);
endproperty
assert property (p_obi_resp_o_default);","** Error: prueba.sv(11): (vlog-2730) Undefined variable: 'clk'.
** Error (suppressible): prueba.sv(13): (vlog-1957) The sva directive is not sensitive to a clock. Unclocked directives are not supported.
** Error: prueba.sv(16): (vlog-2730) Undefined variable: 'clk'.
** Error (suppressible): prueba.sv(18): (vlog-1957) The sva directive is not sensitive to a clock. Unclocked directives are not supported.
** Error: prueba.sv(21): (vlog-2730) Undefined variable: 'clk'.
** Error (suppressible): prueba.sv(23): (vlog-1957) The sva directive is not sensitive to a clock. Unclocked directives are not supported.
** Error: prueba.sv(26): (vlog-2730) Undefined variable: 'clk'.
** Error (suppressible): prueba.sv(28): (vlog-1957) The sva directive is not sensitive to a clock. Unclocked directives are not supported.
** Error: prueba.sv(31): (vlog-2730) Undefined variable: 'clk'.
** Error (suppressible): prueba.sv(33): (vlog-1957) The sva directive is not sensitive to a clock. Unclocked directives are not supported.
** Error: prueba.sv(36): (vlog-2730) Undefined variable: 'clk'.
** Error (suppressible): prueba.sv(38): (vlog-1957) The sva directive is not sensitive to a clock. Unclocked directives are not supported.
** Error: prueba.sv(11): (vlog-2730) Undefined variable: 'clk'.",8.431365966796875,2643,500
"module reg_if_write_filter (
    input  logic        we_i,
    input  logic [11:0] addr_i,
    output logic        wr_en_o,
    output logic        err_o
);

    logic [7:0] reg_offset;
    assign reg_offset = addr_i[11:4];

    always_comb begin
        wr_en_o = 1'b0;
        err_o   = 1'b0;

        if (we_i) begin
            unique case (reg_offset)
                8'h00, 8'h04: wr_en_o = 1'b1;
                8'h10: err_o = 1'b1; // read-only
                default: err_o = 1'b1;
            endcase
        end
    end

endmodule
","property p_wr_en_assign;
    @(posedge clk) (we_i && reg_offset == 8'h00) |-> (wr_en_o == 1'b1);
endproperty
assert property (p_wr_en_assign);

property p_err_assign;
    @(posedge clk) (we_i && reg_offset == 8'h04) |-> (err_o == 1'b0);
endproperty
assert property (p_err_assign);

// Default case for err_o assertion
property p_default_err_assign;
    @(posedge clk) (we_i && !(reg_offset == 8'h00 || reg_offset == 8'h04)) |-> (err_o == 1'b1);
endproperty
assert property (p_default_err_assign);","** Error: prueba.sv(13): (vlog-2730) Undefined variable: 'clk'.
** Error (suppressible): prueba.sv(15): (vlog-1957) The sva directive is not sensitive to a clock. Unclocked directives are not supported.
** Error: prueba.sv(18): (vlog-2730) Undefined variable: 'clk'.
** Error (suppressible): prueba.sv(20): (vlog-1957) The sva directive is not sensitive to a clock. Unclocked directives are not supported.
** Error: prueba.sv(24): (vlog-2730) Undefined variable: 'clk'.
** Error (suppressible): prueba.sv(26): (vlog-1957) The sva directive is not sensitive to a clock. Unclocked directives are not supported.
** Error: prueba.sv(13): (vlog-2730) Undefined variable: 'clk'.",3.641328811645508,2551,211
"module tl_a_perm_check (
    input  logic        a_valid,
    input  logic [2:0]  a_opcode,
    input  logic [2:0]  a_param,
    input  logic [2:0]  a_size,
    output logic        deny
);

    always_comb begin
        deny = 1'b0;

        if (a_valid) begin
            unique case (a_opcode)
                3'b000: begin // Get
                    case (a_size)
                        3'b000, 3'b001, 3'b010: ;
                        default: deny = 1'b1;
                    endcase
                end

                3'b001: begin // PutFull
                    case (a_param)
                        3'b000: begin
                            case (a_size)
                                3'b001, 3'b010: ;
                                default: deny = 1'b1;
                            endcase
                        end
                        default: deny = 1'b1;
                    endcase
                end

                3'b010: begin // PutPartial
                    case (a_param)
                        3'b001: ;
                        default: deny = 1'b1;
                    endcase
                end

                default: deny = 1'b1;
            endcase
        end
    end

endmodule
","property p_deny_default_assign;
    @(posedge clk) (a_valid && a_opcode != 3'b000 && a_opcode != 3'b001 && a_opcode != 3'b010) |-> (deny == 1'b1);
endproperty
assert property (p_deny_default_assign);

property p_deny_size_case;
    @(posedge clk) (a_valid && a_opcode == 3'b000) |-> ##[1:2] ((a_size == 3'b000 || a_size == 3'b001 || a_size == 3'b010) ##1 -> (deny == 1'b0));
endproperty
assert property (p_deny_size_case);

property p_deny_param_default;
    @(posedge clk) (a_valid && a_opcode == 3'b001) |-> ((a_param != 3'b000) ##[1:2] -> (deny == 1'b1));
endproperty
assert property (p_deny_param_default);

property p_deny_size_nested;
    @(posedge clk) (a_valid && a_opcode == 3'b001 && a_param == 3'b000) |-> ((a_size == 3'b001 || a_size == 3'b010) ##[1:2] -> (deny == 1'b0));
endproperty
assert property (p_deny_size_nested);

property p_deny_param_specific;
    @(posedge clk) (a_valid && a_opcode == 3'b010) |-> ((a_param == 3'b001) ##[1:2] -> (deny == 1'b0));
endproperty
assert property (p_deny_param_specific);","** Error: (vlog-13069) prueba.sv(18): near ""->"": syntax error, unexpected -> .
** Error: (vlog-13069) prueba.sv(23): near ""->"": syntax error, unexpected -> .
** Error: (vlog-13069) prueba.sv(28): near ""->"": syntax error, unexpected -> .
** Error: (vlog-13069) prueba.sv(33): near ""->"": syntax error, unexpected -> .",8.11021375656128,2691,465
"module tl_d_resp_gen (
    input  logic        d_valid,
    input  logic [2:0]  d_opcode,
    input  logic        denied,
    output logic        d_error
);

    always_comb begin
        d_error = 1'b0;

        if (d_valid) begin
            unique case (d_opcode)
                3'b000, 3'b001: begin
                    case (denied)
                        1'b1: d_error = 1'b1;
                        default: ;
                    endcase
                end

                default: d_error = 1'b1;
            endcase
        end
    end

endmodule
","// Properties for always_comb block with d_error assignment based on d_valid and d_opcode conditions

property p_d_error_000;
    @(posedge clk) (d_valid && d_opcode == 3'b000) |-> (denied == 1'b1) |-> (d_error == 1'b1);
endproperty
assert property (p_d_error_000) else $error(""Assertion failed: d_error should be set to 1 when d_valid and d_opcode is 3'b000, and denied is 1"");

property p_d_error_001;
    @(posedge clk) (d_valid && d_opcode == 3'b001) |-> (denied == 1'b1) |-> (d_error == 1'b1);
endproperty
assert property (p_d_error_001) else $error(""Assertion failed: d_error should be set to 1 when d_valid and d_opcode is 3'b001, and denied is 1"");

property p_default_case;
    @(posedge clk) (d_valid && (d_opcode != 3'b000 && d_opcode != 3'b001)) |-> (d_error == 1'b1);
endproperty
assert property (p_default_case) else $error(""Assertion failed: d_error should be set to 1 when d_valid and d_opcode is not 3'b000 or 3'b001"");","** Error: prueba.sv(14): (vlog-2730) Undefined variable: 'clk'.
** Error (suppressible): prueba.sv(16): (vlog-1957) The sva directive is not sensitive to a clock. Unclocked directives are not supported.
** Error: prueba.sv(19): (vlog-2730) Undefined variable: 'clk'.
** Error (suppressible): prueba.sv(21): (vlog-1957) The sva directive is not sensitive to a clock. Unclocked directives are not supported.
** Error: prueba.sv(24): (vlog-2730) Undefined variable: 'clk'.
** Error (suppressible): prueba.sv(26): (vlog-1957) The sva directive is not sensitive to a clock. Unclocked directives are not supported.
** Error: prueba.sv(14): (vlog-2730) Undefined variable: 'clk'.",7.68257737159729,2544,476
"module axil_aw_decode (
    input  logic        awvalid,
    input  logic [31:0] awaddr,
    input  logic [2:0]  awprot,
    output logic        awready,
    output logic        awerror
);

    logic [3:0] region;
    assign region = awaddr[31:28];

    always_comb begin
        awready = 1'b0;
        awerror = 1'b0;

        if (awvalid) begin
            unique case (region)
                4'h0: begin // ROM
                    awerror = 1'b1;
                end

                4'h1: begin // RAM
                    case (awprot[1]) // privileged
                        1'b1: awready = 1'b1;
                        default: awerror = 1'b1;
                    endcase
                end

                4'h2: begin // MMIO
                    awready = 1'b1;
                end

                default: awerror = 1'b1;
            endcase
        end
    end

endmodule
","property p_awready_assign;
    @(posedge clk) (awvalid && region == 4'h2) |-> (awready == 1'b1);
endproperty
assert property (p_awready_assign);

property p_awerror_default_assign;
    @(posedge clk) (awvalid && !(region == 4'h0 && region == 4'h1 && region == 4'h2)) |-> (awerror == 1'b1);
endproperty
assert property (p_awerror_default_assign);

property p_awready_prot_check;
    @(posedge clk) (awvalid && region == 4'h1 && awprot[1] == 1'b1) |-> (awready == 1'b1);
endproperty
assert property (p_awready_prot_check);","** Error: prueba.sv(14): (vlog-2730) Undefined variable: 'clk'.
** Error (suppressible): prueba.sv(16): (vlog-1957) The sva directive is not sensitive to a clock. Unclocked directives are not supported.
** Error: prueba.sv(19): (vlog-2730) Undefined variable: 'clk'.
** Error (suppressible): prueba.sv(21): (vlog-1957) The sva directive is not sensitive to a clock. Unclocked directives are not supported.
** Error: prueba.sv(24): (vlog-2730) Undefined variable: 'clk'.
** Error (suppressible): prueba.sv(26): (vlog-1957) The sva directive is not sensitive to a clock. Unclocked directives are not supported.
** Error: prueba.sv(14): (vlog-2730) Undefined variable: 'clk'.",3.7747960090637207,2597,208
"module axil_r_resp (
    input  logic        rvalid,
    input  logic [1:0]  rresp,
    input  logic        secure,
    output logic        fault
);

    always_comb begin
        fault = 1'b0;

        if (rvalid) begin
            unique case (rresp)
                2'b00: ; // OKAY
                2'b10: begin // SLVERR
                    case (secure)
                        1'b0: fault = 1'b1;
                        default: ;
                    endcase
                end
                default: fault = 1'b1;
            endcase
        end
    end

endmodule
","property p_fault_assign_default;
    @(posedge clk) (!rvalid || (rresp == 2'b00 && secure != 1'b0)) |-> (fault == 1'b1);
endproperty
assert property (p_fault_assign_default);

property p_fault_assign_secure;
    @(posedge clk) (rvalid && rresp == 2'b10 && secure == 1'b0) |-> (fault == 1'b1);
endproperty
assert property (p_fault_assign_secure);","** Error: prueba.sv(12): (vlog-2730) Undefined variable: 'clk'.
** Error (suppressible): prueba.sv(14): (vlog-1957) The sva directive is not sensitive to a clock. Unclocked directives are not supported.
** Error: prueba.sv(17): (vlog-2730) Undefined variable: 'clk'.
** Error (suppressible): prueba.sv(19): (vlog-1957) The sva directive is not sensitive to a clock. Unclocked directives are not supported.
** Error: prueba.sv(12): (vlog-2730) Undefined variable: 'clk'.",2.5646355152130127,2537,139
"module wb_slave_decode (
    input  logic        wb_cyc_i,
    input  logic        wb_stb_i,
    input  logic        wb_we_i,
    input  logic [31:0] wb_adr_i,
    output logic        wb_ack_o,
    output logic        wb_err_o
);

    logic [3:0] region;
    assign region = wb_adr_i[31:28];

    always_comb begin
        wb_ack_o = 1'b0;
        wb_err_o = 1'b0;

        if (wb_cyc_i && wb_stb_i) begin
            unique case (region)
                4'h0: begin // ROM
                    case (wb_we_i)
                        1'b0: wb_ack_o = 1'b1;
                        default: wb_err_o = 1'b1;
                    endcase
                end

                4'h1: begin // RAM
                    wb_ack_o = 1'b1;
                end

                default: wb_err_o = 1'b1;
            endcase
        end
    end

endmodule
","property p_wb_ack_o_assign_0;
    @(posedge clk) (wb_cyc_i && wb_stb_i && region == 4'h0 && !wb_we_i) |-> (wb_ack_o == 1'b1);
endproperty
assert property (p_wb_ack_o_assign_0) else $error(""Assertion p_wb_ack_o_assign_0 failed"");

property p_wb_err_o_assign_default;
    @(posedge clk) (wb_cyc_i && wb_stb_i && region != 4'h0 && region != 4'h1) |-> (wb_err_o == 1'b1);
endproperty
assert property (p_wb_err_o_assign_default) else $error(""Assertion p_wb_err_o_assign_default failed"");

property p_wb_ack_o_assign_1;
    @(posedge clk) (wb_cyc_i && wb_stb_i && region == 4'h1) |-> (wb_ack_o == 1'b1);
endproperty
assert property (p_wb_ack_o_assign_1) else $error(""Assertion p_wb_ack_o_assign_1 failed"");","** Error: prueba.sv(15): (vlog-2730) Undefined variable: 'clk'.
** Error (suppressible): prueba.sv(17): (vlog-1957) The sva directive is not sensitive to a clock. Unclocked directives are not supported.
** Error: prueba.sv(20): (vlog-2730) Undefined variable: 'clk'.
** Error (suppressible): prueba.sv(22): (vlog-1957) The sva directive is not sensitive to a clock. Unclocked directives are not supported.
** Error: prueba.sv(25): (vlog-2730) Undefined variable: 'clk'.
** Error (suppressible): prueba.sv(27): (vlog-1957) The sva directive is not sensitive to a clock. Unclocked directives are not supported.
** Error: prueba.sv(15): (vlog-2730) Undefined variable: 'clk'.",6.890629053115845,2610,407
"module wb_err_policy (
    input  logic [1:0] err_src,
    output logic       retry,
    output logic       fatal
);

    always_comb begin
        retry = 1'b0;
        fatal = 1'b0;

        unique case (err_src)
            2'b00: ;
            2'b01: retry = 1'b1;
            2'b10: fatal = 1'b1;
            default: fatal = 1'b1;
        endcase
    end

endmodule
","// Internal variables used inside the code
logic retry;
logic fatal;

always_comb begin
    if (err_src == 2'b01) retry = 1'b1;
endproperty
assert property (@(posedge clk) err_src == 2'b01 |-> ##1 retry == 1'b1);

always_comb begin
    if (err_src == 2'b10) fatal = 1'b1;
endproperty
assert property (@(posedge clk) err_src == 2'b10 |-> ##1 fatal == 1'b1);

always_comb begin
    if (err_src != 2'b00 && err_src != 2'b01 && err_src != 2'b10) fatal = 1'b1;
endproperty
assert property (@(posedge clk) (err_src != 2'b00 && err_src != 2'b01 && err_src != 2'b10) |-> ##1 fatal == 1'b1);","** Error (suppressible): prueba.sv(11): (vlog-2388) 'retry' already declared in this scope (wb_err_policy_testing) at prueba.sv(3).
** Error (suppressible): prueba.sv(12): (vlog-2388) 'fatal' already declared in this scope (wb_err_policy_testing) at prueba.sv(4).
** Error: (vlog-13069) prueba.sv(16): near ""endproperty"": syntax error, unexpected ""SystemVerilog keyword 'endproperty'"".",6.414679765701294,2525,398
"module litex_csr_filter (
    input  logic        csr_we,
    input  logic [13:0] csr_addr,
    output logic        csr_wr_en,
    output logic        csr_err
);

    logic [7:0] csr_sel;
    assign csr_sel = csr_addr[13:6];

    always_comb begin
        csr_wr_en = 1'b0;
        csr_err   = 1'b0;

        if (csr_we) begin
            unique case (csr_sel)
                8'h00, 8'h01: csr_wr_en = 1'b1;
                8'h10: csr_err = 1'b1; // RO CSR
                default: csr_err = 1'b1;
            endcase
        end
    end

endmodule
","property p_csr_wr_en_assign;
    @(posedge clk) (csr_we && (csr_sel == 8'h00 || csr_sel == 8'h01)) |-> (csr_wr_en == 1'b1);
endproperty
assert property (p_csr_wr_en_assign);

property p_csr_err_assign;
    @(posedge clk) (csr_we && csr_sel == 8'h10) |-> (csr_err == 1'b1);
endproperty
assert property (p_csr_err_assign);

property p_csr_default_err;
    @(posedge clk) (csr_we && !(csr_sel == 8'h00 || csr_sel == 8'h01 || csr_sel == 8'h10)) |-> (csr_err == 1'b1);
endproperty
assert property (p_csr_default_err);","** Error: prueba.sv(13): (vlog-2730) Undefined variable: 'clk'.
** Error (suppressible): prueba.sv(15): (vlog-1957) The sva directive is not sensitive to a clock. Unclocked directives are not supported.
** Error: prueba.sv(18): (vlog-2730) Undefined variable: 'clk'.
** Error (suppressible): prueba.sv(20): (vlog-1957) The sva directive is not sensitive to a clock. Unclocked directives are not supported.
** Error: prueba.sv(23): (vlog-2730) Undefined variable: 'clk'.
** Error (suppressible): prueba.sv(25): (vlog-1957) The sva directive is not sensitive to a clock. Unclocked directives are not supported.
** Error: prueba.sv(13): (vlog-2730) Undefined variable: 'clk'.",4.310287237167358,2558,251
"module litex_bus_resp (
    input  logic valid,
    input  logic error,
    output logic ack,
    output logic err
);

    always_comb begin
        ack = 1'b0;
        err = 1'b0;

        if (valid) begin
            case (error)
                1'b0: ack = 1'b1;
                1'b1: err = 1'b1;
            endcase
        end
    end

endmodule
","always_comb begin
    ack = 1'b0;
    err = 1'b0;
    if (valid) begin
        case (error)
            1'b0: ack = 1'b1;
            1'b1: err = 1'b1;
        endcase
    end
end

// Properties:
property p_ack_when_valid_and_no_error;
    @(posedge clk) (valid && error == 1'b0) |-> (ack == 1'b1);
endproperty
assert property (p_ack_when_valid_and_no_error);

property p_err_when_valid_and_error;
    @(posedge clk) (valid && error == 1'b1) |-> (err == 1'b1);
endproperty
assert property (p_err_when_valid_and_error);","** Error: prueba.sv(12): (vlog-2110) Illegal reference to net ""ack"".
** Error: prueba.sv(13): (vlog-2110) Illegal reference to net ""err"".
** Error: prueba.sv(16): (vlog-2110) Illegal reference to net ""ack"".
** Error: prueba.sv(17): (vlog-2110) Illegal reference to net ""err"".
** Error: prueba.sv(24): (vlog-2730) Undefined variable: 'clk'.
** Error (suppressible): prueba.sv(26): (vlog-1957) The sva directive is not sensitive to a clock. Unclocked directives are not supported.
** Error: prueba.sv(29): (vlog-2730) Undefined variable: 'clk'.
** Error (suppressible): prueba.sv(31): (vlog-1957) The sva directive is not sensitive to a clock. Unclocked directives are not supported.
** Error: prueba.sv(24): (vlog-2730) Undefined variable: 'clk'.",5.526223421096802,2509,338
"module piton_l2_coh_ctrl (
    input  logic [2:0] msg_type_i,
    input  logic [1:0] line_state_i,
    output logic       send_data_o,
    output logic       invalidate_o,
    output logic       nack_o
);

    // msg_type:
    // 000 = ReadShared
    // 001 = ReadExclusive
    // 010 = Upgrade
    // 011 = Writeback

    // line_state:
    // 00 = Invalid
    // 01 = Shared
    // 10 = Exclusive
    // 11 = Modified

    always_comb begin
        send_data_o   = 1'b0;
        invalidate_o = 1'b0;
        nack_o        = 1'b0;

        unique case (msg_type_i)
            3'b000: begin // ReadShared
                case (line_state_i)
                    2'b00: send_data_o = 1'b1;
                    2'b01, 2'b10, 2'b11: send_data_o = 1'b1;
                    default: nack_o = 1'b1;
                endcase
            end

            3'b001: begin // ReadExclusive
                case (line_state_i)
                    2'b00: send_data_o = 1'b1;
                    2'b01: begin
                        send_data_o   = 1'b1;
                        invalidate_o = 1'b1;
                    end
                    2'b10, 2'b11: send_data_o = 1'b1;
                    default: nack_o = 1'b1;
                endcase
            end

            3'b010: begin // Upgrade
                case (line_state_i)
                    2'b01: invalidate_o = 1'b1;
                    default: nack_o = 1'b1;
                endcase
            end

            3'b011: begin // Writeback
                case (line_state_i)
                    2'b10, 2'b11: ;
                    default: nack_o = 1'b1;
                endcase
            end

            default: nack_o = 1'b1;
        endcase
    end

endmodule
","property p_send_data_assignment;
    @(posedge clk) (msg_type_i == 3'b000 && line_state_i == 2'b00) |-> (send_data_o == 1'b1);
endproperty
assert property (p_send_data_assignment) else $error(""Assertion failed: send_data_o assignment does not match expected behavior"");

property p_invalidate_assignment;
    @(posedge clk) (msg_type_i == 3'b001 && line_state_i == 2'b01) |-> (invalidate_o == 1'b1);
endproperty
assert property (p_invalidate_assignment) else $error(""Assertion failed: invalidate_o assignment does not match expected behavior"");

property p_send_data_valid;
    @(posedge clk) ((msg_type_i == 3'b000 && line_state_i == 2'b01) || (msg_type_i == 3'b000 && line_state_i == 2'b10) || (msg_type_i == 3'b000 && line_state_i == 2'b11)) |-> (send_data_o == 1'b1);
endproperty
assert property (p_send_data_valid) else $error(""Assertion failed: send_data_o assignment does not match expected behavior for valid states"");

property p_nack_assignment;
    @(posedge clk) ((msg_type_i != 3'b000 && msg_type_i != 3'b001 && msg_type_i != 3'b010 && msg_type_i != 3'b011) || (line_state_i == 2'b00 && msg_type_i == 3'b000) || (line_state_i == 2'b01 && msg_type_i == 3'b001) || (line_state_i == 2'b10 && msg_type_i == 3'b001) || (line_state_i == 2'b11 && msg_type_i == 3'b001)) |-> (nack_o == 1'b1);
endproperty
assert property (p_nack_assignment) else $error(""Assertion failed: nack_o assignment does not match expected behavior"");","** Error: prueba.sv(13): (vlog-2730) Undefined variable: 'clk'.
** Error (suppressible): prueba.sv(15): (vlog-1957) The sva directive is not sensitive to a clock. Unclocked directives are not supported.
** Error: prueba.sv(18): (vlog-2730) Undefined variable: 'clk'.
** Error (suppressible): prueba.sv(20): (vlog-1957) The sva directive is not sensitive to a clock. Unclocked directives are not supported.
** Error: prueba.sv(23): (vlog-2730) Undefined variable: 'clk'.
** Error (suppressible): prueba.sv(25): (vlog-1957) The sva directive is not sensitive to a clock. Unclocked directives are not supported.
** Error: prueba.sv(28): (vlog-2730) Undefined variable: 'clk'.
** Error (suppressible): prueba.sv(30): (vlog-1957) The sva directive is not sensitive to a clock. Unclocked directives are not supported.
** Error: prueba.sv(13): (vlog-2730) Undefined variable: 'clk'.",10.562685251235962,2856,583
"module piton_dir_state (
    input  logic [1:0] state_i,
    input  logic [2:0] event_i,
    output logic [1:0] state_o,
    output logic       error_o
);

    always_comb begin
        state_o = state_i;
        error_o = 1'b0;

        unique case (state_i)
            2'b00: begin // Invalid
                case (event_i)
                    3'b000: state_o = 2'b01; // ReadShared
                    3'b001: state_o = 2'b10; // ReadExclusive
                    default: error_o = 1'b1;
                endcase
            end

            2'b01: begin // Shared
                case (event_i)
                    3'b001: state_o = 2'b10;
                    3'b010: state_o = 2'b00; // Invalidate
                    default: ;
                endcase
            end

            2'b10: begin // Exclusive
                case (event_i)
                    3'b011: state_o = 2'b11; // Write
                    default: ;
                endcase
            end

            2'b11: begin // Modified
                case (event_i)
                    3'b100: state_o = 2'b00; // Writeback
                    default: ;
                endcase
            end

            default: error_o = 1'b1;
        endcase
    end

endmodule
","property p_state_transition_00;
    @(posedge clk) (state_i == 2'b00) |-> ##[1:2] (event_i == 3'b000 || event_i == 3'b001) |-> (state_o == 2'b01);
endproperty
assert property (p_state_transition_00) else $error(""Failed on state transition from 2'b00"");

property p_state_transition_01;
    @(posedge clk) (state_i == 2'b01) |-> ##[1:2] (event_i == 3'b001 || event_i == 3'b010) |-> (state_o == 2'b00);
endproperty
assert property (p_state_transition_01) else $error(""Failed on state transition from 2'b01"");

property p_state_transition_10;
    @(posedge clk) (state_i == 2'b10) |-> ##[1:2] (event_i == 3'b011) |-> (state_o == 2'b11);
endproperty
assert property (p_state_transition_10) else $error(""Failed on state transition from 2'b10"");

property p_state_default;
    @(posedge clk) (state_i inside {[2'b00:2'b11]}) && !((state_i == 2'b00 && (event_i != 3'b000 && event_i != 3'b001)) ||
    (state_i == 2'b01 && (event_i != 3'b001 && event_i != 3'b010)) ||
    (state_i == 2'b10 && (event_i != 3'b011)) ||
    (state_i == 2'b11 && (event_i != 3'b100))) |-> (error_o == 1'b1);
endproperty
assert property (p_state_default) else $error(""Failed on default state handling"");","** Error: prueba.sv(12): (vlog-2730) Undefined variable: 'clk'.
** Error (suppressible): prueba.sv(14): (vlog-1957) The sva directive is not sensitive to a clock. Unclocked directives are not supported.
** Error: prueba.sv(17): (vlog-2730) Undefined variable: 'clk'.
** Error (suppressible): prueba.sv(19): (vlog-1957) The sva directive is not sensitive to a clock. Unclocked directives are not supported.
** Error: prueba.sv(22): (vlog-2730) Undefined variable: 'clk'.
** Error (suppressible): prueba.sv(24): (vlog-1957) The sva directive is not sensitive to a clock. Unclocked directives are not supported.
** Error: prueba.sv(27): (vlog-2730) Undefined variable: 'clk'.
** Error (suppressible): prueba.sv(32): (vlog-1957) The sva directive is not sensitive to a clock. Unclocked directives are not supported.
** Error: prueba.sv(12): (vlog-2730) Undefined variable: 'clk'.",9.25335168838501,2742,530
"module chisel_priority_mux (
    input  logic [3:0] sel_i,
    input  logic [7:0] in0_i,
    input  logic [7:0] in1_i,
    input  logic [7:0] in2_i,
    input  logic [7:0] in3_i,
    output logic [7:0] out_o
);

    always_comb begin
        out_o = 8'h00;

        case (1'b1)
            sel_i[0]: out_o = in0_i;
            sel_i[1]: out_o = in1_i;
            sel_i[2]: out_o = in2_i;
            sel_i[3]: out_o = in3_i;
            default: out_o = 8'h00;
        endcase
    end

endmodule
","property p_out_assign_in0;
    @(posedge clk) (sel_i == 4'b0001) |-> (out_o == in0_i);
endproperty
assert property (p_out_assign_in0)
else $error(""Assertion failed: out_o does not match in0_i when sel_i is 1"");

property p_out_assign_in1;
    @(posedge clk) (sel_i == 4'b0010) |-> (out_o == in1_i);
endproperty
assert property (p_out_assign_in1)
else $error(""Assertion failed: out_o does not match in1_i when sel_i is 2"");

property p_out_assign_in2;
    @(posedge clk) (sel_i == 4'b0100) |-> (out_o == in2_i);
endproperty
assert property (p_out_assign_in2)
else $error(""Assertion failed: out_o does not match in2_i when sel_i is 4"");

property p_out_assign_in3;
    @(posedge clk) (sel_i == 4'b1000) |-> (out_o == in3_i);
endproperty
assert property (p_out_assign_in3)
else $error(""Assertion failed: out_o does not match in3_i when sel_i is 8"");

property p_out_default_assign;
    @(posedge clk) (sel_i != 4'b0001 && sel_i != 4'b0010 && sel_i != 4'b0100 && sel_i != 4'b1000) |-> (out_o == 8'h00);
endproperty
assert property (p_out_default_assign)
else $error(""Assertion failed: out_o does not default to 0x00 when sel_i is not a valid selection"");","** Error: prueba.sv(14): (vlog-2730) Undefined variable: 'clk'.
** Error (suppressible): prueba.sv(16): (vlog-1957) The sva directive is not sensitive to a clock. Unclocked directives are not supported.
** Error: prueba.sv(20): (vlog-2730) Undefined variable: 'clk'.
** Error (suppressible): prueba.sv(22): (vlog-1957) The sva directive is not sensitive to a clock. Unclocked directives are not supported.
** Error: prueba.sv(26): (vlog-2730) Undefined variable: 'clk'.
** Error (suppressible): prueba.sv(28): (vlog-1957) The sva directive is not sensitive to a clock. Unclocked directives are not supported.
** Error: prueba.sv(32): (vlog-2730) Undefined variable: 'clk'.
** Error (suppressible): prueba.sv(34): (vlog-1957) The sva directive is not sensitive to a clock. Unclocked directives are not supported.
** Error: prueba.sv(38): (vlog-2730) Undefined variable: 'clk'.
** Error (suppressible): prueba.sv(40): (vlog-1957) The sva directive is not sensitive to a clock. Unclocked directives are not supported.
** Error: prueba.sv(14): (vlog-2730) Undefined variable: 'clk'.",10.081935405731201,2548,629
"module chisel_fsm_ctrl (
    input  logic [3:0] state_i,
    input  logic       fire_i,
    output logic       advance_o,
    output logic       stall_o
);

    always_comb begin
        advance_o = 1'b0;
        stall_o   = 1'b0;

        unique case (state_i)
            4'd0: begin
                case (fire_i)
                    1'b1: advance_o = 1'b1;
                    default: stall_o = 1'b1;
                endcase
            end

            4'd1, 4'd2: begin
                case (fire_i)
                    1'b1: advance_o = 1'b1;
                    default: ;
                endcase
            end

            4'd15: stall_o = 1'b1;

            default: stall_o = 1'b1;
        endcase
    end

endmodule
","property p_advance_assigned;
    @(posedge clk) (state_i == 4'd0 && fire_i == 1'b1) |-> (advance_o == 1'b1);
endproperty
assert property (p_advance_assigned) else $error(""Assertion failed: advance_o not assigned correctly when state_i is 4'd0 and fire_i is 1'b1"");

property p_stall_default;
    @(posedge clk) ((state_i != 4'd0 && state_i != 4'd1 && state_i != 4'd2) || (state_i == 4'd15)) |-> (stall_o == 1'b1);
endproperty
assert property (p_stall_default) else $error(""Assertion failed: stall_o not default to 1'b1 when state_i is not valid for advance_o or specific condition"");

property p_advance_fire;
    @(posedge clk) ((state_i == 4'd1 || state_i == 4'd2) && fire_i == 1'b1) |-> (advance_o == 1'b1);
endproperty
assert property (p_advance_fire) else $error(""Assertion failed: advance_o not assigned correctly when state_i is either 4'd1 or 4'd2 and fire_i is 1'b1"");","** Error: prueba.sv(12): (vlog-2730) Undefined variable: 'clk'.
** Error (suppressible): prueba.sv(14): (vlog-1957) The sva directive is not sensitive to a clock. Unclocked directives are not supported.
** Error: prueba.sv(17): (vlog-2730) Undefined variable: 'clk'.
** Error (suppressible): prueba.sv(19): (vlog-1957) The sva directive is not sensitive to a clock. Unclocked directives are not supported.
** Error: prueba.sv(22): (vlog-2730) Undefined variable: 'clk'.
** Error (suppressible): prueba.sv(24): (vlog-1957) The sva directive is not sensitive to a clock. Unclocked directives are not supported.
** Error: prueba.sv(12): (vlog-2730) Undefined variable: 'clk'.",7.107857942581177,2614,421
"module axil_to_tlul_opcode (
    input  logic awvalid,
    input  logic arvalid,
    input  logic wvalid,
    output logic [2:0] tl_a_opcode_o,
    output logic       tl_a_valid_o
);

    always_comb begin
        tl_a_opcode_o = 3'b000;
        tl_a_valid_o  = 1'b0;

        unique case (1'b1)
            arvalid: begin
                tl_a_opcode_o = 3'b000; // Get
                tl_a_valid_o  = 1'b1;
            end

            awvalid && wvalid: begin
                tl_a_opcode_o = 3'b001; // PutFull
                tl_a_valid_o  = 1'b1;
            end

            default: ;
        endcase
    end

endmodule
","property p_tl_a_opcode_arvalid;
    @(posedge clk) (1'b1 == arvalid) |-> ##[0:$] tl_a_opcode_o == 3'b000 && tl_a_valid_o == 1'b1;
endproperty
assert property (p_tl_a_opcode_arvalid);

property p_tl_a_opcode_awvalid_wvalid;
    @(posedge clk) (1'b1 == awvalid && wvalid) |-> ##[0:$] tl_a_opcode_o == 3'b001 && tl_a_valid_o == 1'b1;
endproperty
assert property (p_tl_a_opcode_awvalid_wvalid);","** Error: prueba.sv(13): (vlog-2730) Undefined variable: 'clk'.
** Error (suppressible): prueba.sv(15): (vlog-1957) The sva directive is not sensitive to a clock. Unclocked directives are not supported.
** Error: prueba.sv(18): (vlog-2730) Undefined variable: 'clk'.
** Error (suppressible): prueba.sv(20): (vlog-1957) The sva directive is not sensitive to a clock. Unclocked directives are not supported.
** Error: prueba.sv(13): (vlog-2730) Undefined variable: 'clk'.",3.412707567214966,2586,185
"module tlul_to_obi_req (
    input  logic        tl_a_valid,
    input  logic [2:0]  tl_a_opcode,
    output logic        obi_req_o,
    output logic        obi_we_o
);

    always_comb begin
        obi_req_o = 1'b0;
        obi_we_o  = 1'b0;

        if (tl_a_valid) begin
            unique case (tl_a_opcode)
                3'b000: begin // Get
                    obi_req_o = 1'b1;
                    obi_we_o  = 1'b0;
                end

                3'b001, 3'b010: begin // Put
                    obi_req_o = 1'b1;
                    obi_we_o  = 1'b1;
                end

                default: ;
            endcase
        end
    end

endmodule
","property p_obi_req_assign;
    @(posedge clk) (tl_a_valid && tl_a_opcode == 3'b000) |-> (obi_req_o == 1'b1);
endproperty
assert property (p_obi_req_assign);

property p_obi_we_assign;
    @(posedge clk) (tl_a_valid && tl_a_opcode == 3'b001) |-> (obi_we_o == 1'b1);
endproperty
assert property (p_obi_we_assign);

property p_obi_we2_assign;
    @(posedge clk) (tl_a_valid && tl_a_opcode == 3'b010) |-> (obi_we_o == 1'b1);
endproperty
assert property (p_obi_we2_assign);

property p_obi_default_assign;
    @(posedge clk) (tl_a_valid && (tl_a_opcode != 3'b000 && tl_a_opcode != 3'b001 && tl_a_opcode != 3'b010)) |-> (obi_req_o == 1'b0);
endproperty
assert property (p_obi_default_assign);","** Error: prueba.sv(12): (vlog-2730) Undefined variable: 'clk'.
** Error (suppressible): prueba.sv(14): (vlog-1957) The sva directive is not sensitive to a clock. Unclocked directives are not supported.
** Error: prueba.sv(17): (vlog-2730) Undefined variable: 'clk'.
** Error (suppressible): prueba.sv(19): (vlog-1957) The sva directive is not sensitive to a clock. Unclocked directives are not supported.
** Error: prueba.sv(22): (vlog-2730) Undefined variable: 'clk'.
** Error (suppressible): prueba.sv(24): (vlog-1957) The sva directive is not sensitive to a clock. Unclocked directives are not supported.
** Error: prueba.sv(27): (vlog-2730) Undefined variable: 'clk'.
** Error (suppressible): prueba.sv(29): (vlog-1957) The sva directive is not sensitive to a clock. Unclocked directives are not supported.
** Error: prueba.sv(12): (vlog-2730) Undefined variable: 'clk'.",5.434417009353638,2602,313
"module obi_to_axil_resp (
    input  logic [1:0] obi_resp_i,
    output logic [1:0] axil_rresp_o,
    output logic [1:0] axil_bresp_o
);

    always_comb begin
        axil_rresp_o = 2'b00;
        axil_bresp_o = 2'b00;

        unique case (obi_resp_i)
            2'b00: begin
                axil_rresp_o = 2'b00;
                axil_bresp_o = 2'b00;
            end

            2'b10: begin
                axil_rresp_o = 2'b10;
                axil_bresp_o = 2'b10;
            end

            default: begin
                axil_rresp_o = 2'b11;
                axil_bresp_o = 2'b11;
            end
        endcase
    end

endmodule
","property p_axil_rresp_default_assign;
    @(posedge clk) (obi_resp_i != 2'b00 && obi_resp_i != 2'b10) |-> (axil_rresp_o == 2'b11);
endproperty
assert property (p_axil_rresp_default_assign);

property p_axil_bresp_default_assign;
    @(posedge clk) (obi_resp_i != 2'b00 && obi_resp_i != 2'b10) |-> (axil_bresp_o == 2'b11);
endproperty
assert property (p_axil_bresp_default_assign);","** Error: prueba.sv(11): (vlog-2730) Undefined variable: 'clk'.
** Error (suppressible): prueba.sv(13): (vlog-1957) The sva directive is not sensitive to a clock. Unclocked directives are not supported.
** Error: prueba.sv(16): (vlog-2730) Undefined variable: 'clk'.
** Error (suppressible): prueba.sv(18): (vlog-1957) The sva directive is not sensitive to a clock. Unclocked directives are not supported.
** Error: prueba.sv(11): (vlog-2730) Undefined variable: 'clk'.",3.441298007965088,2622,180
"module piton_l2_arbiter (
    input  logic [3:0] req_i,           // per-core request valid
    input  logic [1:0] line_state_i [3:0], // MESI state per core
    input  logic [2:0] msg_type_i [3:0],   // message type per core
    output logic [3:0] grant_o,
    output logic [3:0] nack_o
);

    always_comb begin
        grant_o = 4'b0000;
        nack_o  = 4'b0000;

        for (int i=0; i<4; i++) begin
            if (req_i[i]) begin
                unique case (msg_type_i[i])
                    3'b000: begin // ReadShared
                        unique case (line_state_i[i])
                            2'b00: grant_o[i] = 1'b1;
                            2'b01, 2'b10: grant_o[i] = 1'b1;
                            default: nack_o[i] = 1'b1;
                        endcase
                    end

                    3'b001: begin // ReadExclusive
                        unique case (line_state_i[i])
                            2'b00: grant_o[i] = 1'b1;
                            2'b01: begin
                                grant_o[i] = 1'b1;
                                // invalidate other sharers
                                for (int j=0; j<4; j++) if (j!=i) nack_o[j] = 1'b1;
                            end
                            2'b10, 2'b11: grant_o[i] = 1'b1;
                            default: nack_o[i] = 1'b1;
                        endcase
                    end

                    3'b010: begin // Upgrade
                        unique case (line_state_i[i])
                            2'b01: grant_o[i] = 1'b1;
                            default: nack_o[i] = 1'b1;
                        endcase
                    end

                    default: nack_o[i] = 1'b1;
                endcase
            end
        end
    end

endmodule
","property p_grant_assignment;
    @(posedge clk) disable iff (!rst_n)
    for (int i=0; i<4; i++) if (req_i[i]) begin
        case (msg_type_i[i])
            3'b000: begin 
                if (line_state_i[i] == 2'b00) assert(grant_o[i] == 1'b1);
                else if (line_state_i[i] == 2'b01 || line_state_i[i] == 2'b10) assert(grant_o[i] == 1'b1);
            end
            3'b001: begin 
                if (line_state_i[i] == 2'b00) assert(grant_o[i] == 1'b1);
                else if (line_state_i[i] == 2'b01) assert(grant_o[i] == 1'b1 && forall(j in [0:3]) (j!=i -> nack_o[j] == 1'b1));
                else if (line_state_i[i] == 2'b10 || line_state_i[i] == 2'b11) assert(grant_o[i] == 1'b1);
            end
            3'b010: begin 
                if (line_state_i[i] == 2'b01) assert(grant_o[i] == 1'b1);
            end
            default: assert(nack_o[i] == 1'b1);
        endcase
    end;
endproperty
assert property (p_grant_assignment);

property p_nack_assignment;
    @(posedge clk) disable iff (!rst_n)
    for (int i=0; i<4; i++) if (req_i[i]) begin
        case (msg_type_i[i])
            3'b000: begin 
                if (line_state_i[i] != 2'b00 && line_state_i[i] != 2'b01 && line_state_i[i] != 2'b10) assert(nack_o[i] == 1'b1);
            end
            3'b001: begin 
                if (line_state_i[i] != 2'b00 && line_state_i[i] != 2'b01 && line_state_i[i] != 2'b10 && line_state_i[i] != 2'b11) assert(nack_o[i] == 1'b1);
            end
            3'b010: begin 
                if (line_state_i[i] != 2'b01) assert(nack_o[i] == 1'b1);
            end
        endcase
    end;
endproperty
assert property (p_nack_assignment);","** Error: (vlog-13069) prueba.sv(14): near ""for"": syntax error, unexpected for.
** Error: prueba.sv(14): (vlog-13205) Syntax error found in the scope following 'i'. Is there a missing '::'?",13.111536502838135,2867,734
"module chisel_deep_fsm (
    input  logic [7:0] event_i,
    input  logic       ready_i,
    input  logic       valid_i,
    output logic       fire_o,
    output logic       stall_o
);

    logic [3:0] state;
    always_comb begin
        fire_o  = 1'b0;
        stall_o = 1'b0;

        unique case (state)
            4'd0: begin
                if (valid_i) begin
                    unique case (event_i[1:0])
                        2'b00: fire_o  = 1'b1;
                        2'b01: stall_o = 1'b1;
                        default: stall_o = 1'b1;
                    endcase
                end
            end

            4'd1: begin
                if (ready_i) begin
                    unique case (event_i[3:2])
                        2'b00: fire_o = 1'b1;
                        2'b01: stall_o = 1'b1;
                        default: stall_o = 1'b1;
                    endcase
                end
            end

            4'd2: begin
                unique case (event_i[5:4])
                    2'b00: fire_o = 1'b1;
                    2'b01: stall_o = 1'b1;
                    default: stall_o = 1'b1;
                endcase
            end

            4'd15: stall_o = 1'b1;

            default: stall_o = 1'b1;
        endcase
    end

endmodule
","// Properties and Assertions for the always_comb block with unique cases

property p_fire_o_on_valid;
    @(posedge clk) (state == 4'd0 && valid_i) |-> ##1 (event_i[1:0] == 2'b00) |-> (fire_o == 1'b1);
endproperty
assert property (p_fire_o_on_valid) else $error(""Assertion p_fire_o_on_valid failed"");

property p_stall_o_on_event;
    @(posedge clk) (state == 4'd0 && valid_i) |-> ##1 (event_i[1:0] == 2'b01 || event_i[1:0] == 2'bxx) |-> (stall_o == 1'b1);
endproperty
assert property (p_stall_o_on_event) else $error(""Assertion p_stall_o_on_event failed"");

property p_fire_o_on_ready;
    @(posedge clk) (state == 4'd1 && ready_i) |-> ##1 (event_i[3:2] == 2'b00) |-> (fire_o == 1'b1);
endproperty
assert property (p_fire_o_on_ready) else $error(""Assertion p_fire_o_on_ready failed"");

property p_stall_o_on_event_2;
    @(posedge clk) (state == 4'd1 && ready_i) |-> ##1 (event_i[3:2] == 2'b01 || event_i[3:2] == 2'bxx) |-> (stall_o == 1'b1);
endproperty
assert property (p_stall_o_on_event_2) else $error(""Assertion p_stall_o_on_event_2 failed"");

property p_fire_o_on_event;
    @(posedge clk) (state == 4'd2 && event_i[5:4] inside {2'b00, 2'bx}) |-> (fire_o == 1'b1);
endproperty
assert property (p_fire_o_on_event) else $error(""Assertion p_fire_o_on_event failed"");

property p_stall_o_on_event_3;
    @(posedge clk) (state == 4'd2 && event_i[5:4] inside {2'b01, 2'bx}) |-> (stall_o == 1'b1);
endproperty
assert property (p_stall_o_on_event_3) else $error(""Assertion p_stall_o_on_event_3 failed"");

property p_default_stall;
    @(posedge clk) (state != 4'd0 && state != 4'd1 && state != 4'd2 && state != 4'd15) |-> (stall_o == 1'b1);
endproperty
assert property (p_default_stall) else $error(""Assertion p_default_stall failed"");","** Error: prueba.sv(15): (vlog-2730) Undefined variable: 'clk'.
** Error (suppressible): prueba.sv(17): (vlog-1957) The sva directive is not sensitive to a clock. Unclocked directives are not supported.
** Error: prueba.sv(20): (vlog-2730) Undefined variable: 'clk'.
** Error (suppressible): prueba.sv(22): (vlog-1957) The sva directive is not sensitive to a clock. Unclocked directives are not supported.
** Error: prueba.sv(25): (vlog-2730) Undefined variable: 'clk'.
** Error (suppressible): prueba.sv(27): (vlog-1957) The sva directive is not sensitive to a clock. Unclocked directives are not supported.
** Error: prueba.sv(30): (vlog-2730) Undefined variable: 'clk'.
** Error (suppressible): prueba.sv(32): (vlog-1957) The sva directive is not sensitive to a clock. Unclocked directives are not supported.
** Error: prueba.sv(35): (vlog-2730) Undefined variable: 'clk'.
** Error (suppressible): prueba.sv(37): (vlog-1957) The sva directive is not sensitive to a clock. Unclocked directives are not supported.
** Error: prueba.sv(40): (vlog-2730) Undefined variable: 'clk'.
** Error (suppressible): prueba.sv(42): (vlog-1957) The sva directive is not sensitive to a clock. Unclocked directives are not supported.
** Error: prueba.sv(45): (vlog-2730) Undefined variable: 'clk'.
** Error (suppressible): prueba.sv(47): (vlog-1957) The sva directive is not sensitive to a clock. Unclocked directives are not supported.
** Error: prueba.sv(15): (vlog-2730) Undefined variable: 'clk'.",14.051701068878174,2766,827
"module axil_tl_obi_bridge (
    input  logic        awvalid_i,
    input  logic        arvalid_i,
    input  logic        wvalid_i,
    input  logic [31:0] awaddr_i,
    input  logic [2:0]  awprot_i,
    input  logic [2:0]  tl_opcode_i,
    input  logic [1:0]  obi_resp_i,
    output logic        tl_a_valid_o,
    output logic [2:0]  tl_a_opcode_o,
    output logic        obi_req_o,
    output logic        obi_we_o,
    output logic [1:0]  axil_rresp_o
);

    always_comb begin
        tl_a_valid_o   = 1'b0;
        tl_a_opcode_o  = 3'b000;
        obi_req_o      = 1'b0;
        obi_we_o       = 1'b0;
        axil_rresp_o   = 2'b00;

        // AXI ? TL
        unique case (1'b1)
            arvalid_i: begin
                tl_a_valid_o  = 1'b1;
                tl_a_opcode_o = 3'b000; // Get
            end

            awvalid_i && wvalid_i: begin
                tl_a_valid_o  = 1'b1;
                tl_a_opcode_o = 3'b001; // PutFull
            end

            default: ;
        endcase

        // TL ? OBI
        if (tl_a_valid_o) begin
            unique case (tl_a_opcode_o)
                3'b000: begin
                    obi_req_o = 1'b1;
                    obi_we_o  = 1'b0;
                end

                3'b001, 3'b010: begin
                    obi_req_o = 1'b1;
                    obi_we_o  = 1'b1;
                end

                default: ;
            endcase
        end

        // OBI ? AXI Response
        unique case (obi_resp_i)
            2'b00: axil_rresp_o = 2'b00; // OKAY
            2'b10: axil_rresp_o = 2'b10; // SLVERR
            default: axil_rresp_o = 2'b11; // DECERR
        endcase
    end

endmodule
","property p_tl_a_valid_assign;
    @(posedge clk) (1'b1 == 1'b1 && arvalid_i || awvalid_i && wvalid_i) |-> (tl_a_valid_o == 1'b1);
endproperty
assert property (p_tl_a_valid_assign);

property p_tl_a_opcode_assign;
    @(posedge clk) ((1'b1 == 1'b1 && arvalid_i || awvalid_i && wvalid_i) && tl_a_valid_o) |-> (tl_a_opcode_o == (arvalid_i ? 3'b000 : 3'b001));
endproperty
assert property (p_tl_a_opcode_assign);

property p_obi_req_assign;
    @(posedge clk) ((1'b1 == 1'b1 && arvalid_i || awvalid_i && wvalid_i) && tl_a_valid_o) |-> (obi_req_o == 1'b1);
endproperty
assert property (p_obi_req_assign);

property p_obi_we_assign;
    @(posedge clk) (((1'b1 == 1'b1 && arvalid_i || awvalid_i && wvalid_i) && tl_a_valid_o) && (tl_a_opcode_o == 3'b001 || tl_a_opcode_o == 3'b010)) |-> (obi_we_o == 1'b1);
endproperty
assert property (p_obi_we_assign);

property p_axil_rresp_assign;
    @(posedge clk) (tl_a_valid_o && (tl_a_opcode_o == 3'b000 || tl_a_opcode_o == 3'b001 || tl_a_opcode_o == 3'b010)) |-> ##[1:2] (obi_resp_i == 2'b00) |-> (axil_rresp_o == 2'b00);
    @(posedge clk) (tl_a_valid_o && (tl_a_opcode_o == 3'b000 || tl_a_opcode_o == 3'b001 || tl_a_opcode_o == 3'b010)) |-> ##[1:2] (obi_resp_i == 2'b10) |-> (axil_rresp_o == 2'b10);
    @(posedge clk) (tl_a_valid_o && (tl_a_opcode_o == 3'b000 || tl_a_opcode_o == 3'b001 || tl_a_opcode_o == 3'b010)) |-> ##[1:2] (obi_resp_i != 2'b00 && obi_resp_i != 2'b10) |-> (axil_rresp_o == 2'b11);
endproperty
assert property (p_axil_rresp_assign);","** Error: (vlog-13069) prueba.sv(41): near ""@"": syntax error, unexpected '@', expecting ""SystemVerilog keyword 'endproperty'"".",13.26127576828003,2860,754
"module sec_lc_gate (
    input  logic sec_req_i,
    input  logic [2:0] lc_state_i,
    input  logic [1:0] access_type_i,
    output logic allow_o,
    output logic violation_o
);

    always_comb begin
        allow_o     = 1'b0;
        violation_o = 1'b0;

        if (sec_req_i) begin
            unique case (lc_state_i)
                3'b000: begin // TEST
                    unique case (access_type_i)
                        2'b00: allow_o = 1'b1;
                        2'b01: violation_o = 1'b1;
                        default: violation_o = 1'b1;
                    endcase
                end

                3'b001: begin // DEV
                    unique case (access_type_i)
                        2'b00, 2'b01: allow_o = 1'b1;
                        default: violation_o = 1'b1;
                    endcase
                end

                3'b010: begin // PROD
                    unique case (access_type_i)
                        2'b01: allow_o = 1'b1;
                        default: violation_o = 1'b1;
                    endcase
                end

                default: violation_o = 1'b1;
            endcase
        end
    end

endmodule
","property p_allow_assign;
    @(posedge clk) (sec_req_i && lc_state_i == 3'b000 && access_type_i == 2'b00) |-> (allow_o == 1'b1);
endproperty
assert property (p_allow_assign);

property p_violation_assign;
    @(posedge clk) (sec_req_i && lc_state_i == 3'b000 && access_type_i != 2'b00) |-> (violation_o == 1'b1);
endproperty
assert property (p_violation_assign);

property p_allow_assign_lc001;
    @(posedge clk) (sec_req_i && lc_state_i == 3'b001 && (access_type_i == 2'b00 || access_type_i == 2'b01)) |-> (allow_o == 1'b1);
endproperty
assert property (p_allow_assign_lc001);

property p_violation_assign_lc001;
    @(posedge clk) (sec_req_i && lc_state_i == 3'b001 && !(access_type_i == 2'b00 || access_type_i == 2'b01)) |-> (violation_o == 1'b1);
endproperty
assert property (p_violation_assign_lc001);

property p_allow_assign_lc010;
    @(posedge clk) (sec_req_i && lc_state_i == 3'b010 && access_type_i == 2'b01) |-> (allow_o == 1'b1);
endproperty
assert property (p_allow_assign_lc010);

property p_violation_assign_default;
    @(posedge clk) (sec_req_i && lc_state_i != 3'b000 && lc_state_i != 3'b001 && lc_state_i != 3'b010) |-> (violation_o == 1'b1);
endproperty
assert property (p_violation_assign_default);","** Error: prueba.sv(13): (vlog-2730) Undefined variable: 'clk'.
** Error (suppressible): prueba.sv(15): (vlog-1957) The sva directive is not sensitive to a clock. Unclocked directives are not supported.
** Error: prueba.sv(18): (vlog-2730) Undefined variable: 'clk'.
** Error (suppressible): prueba.sv(20): (vlog-1957) The sva directive is not sensitive to a clock. Unclocked directives are not supported.
** Error: prueba.sv(23): (vlog-2730) Undefined variable: 'clk'.
** Error (suppressible): prueba.sv(25): (vlog-1957) The sva directive is not sensitive to a clock. Unclocked directives are not supported.
** Error: prueba.sv(28): (vlog-2730) Undefined variable: 'clk'.
** Error (suppressible): prueba.sv(30): (vlog-1957) The sva directive is not sensitive to a clock. Unclocked directives are not supported.
** Error: prueba.sv(33): (vlog-2730) Undefined variable: 'clk'.
** Error (suppressible): prueba.sv(35): (vlog-1957) The sva directive is not sensitive to a clock. Unclocked directives are not supported.
** Error: prueba.sv(38): (vlog-2730) Undefined variable: 'clk'.
** Error (suppressible): prueba.sv(40): (vlog-1957) The sva directive is not sensitive to a clock. Unclocked directives are not supported.
** Error: prueba.sv(13): (vlog-2730) Undefined variable: 'clk'.",10.668612718582153,2715,626
"module piton_l2_repl (
    input  logic [3:0] req_i,            // request from 4 cores
    input  logic [1:0] line_state_i [3:0], // MESI states per core
    input  logic [1:0] lru_i [3:0],     // LRU priority
    output logic [3:0] grant_o,
    output logic [3:0] evict_o,
    output logic [3:0] stall_o
);

    always_comb begin
        grant_o = 4'b0000;
        evict_o = 4'b0000;
        stall_o = 4'b0000;

        for (int i = 0; i < 4; i++) begin
            if (req_i[i]) begin
                unique case (line_state_i[i])
                    2'b00: grant_o[i] = 1'b1; // Invalid ? grant
                    2'b01: begin
                        unique case (lru_i[i])
                            2'b00: grant_o[i] = 1'b1;
                            2'b01: evict_o[i] = 1'b1;
                            default: stall_o[i] = 1'b1;
                        endcase
                    end
                    2'b10: begin
                        unique case (lru_i[i])
                            2'b00, 2'b01: grant_o[i] = 1'b1;
                            2'b10: evict_o[i] = 1'b1;
                            default: stall_o[i] = 1'b1;
                        endcase
                    end
                    2'b11: stall_o[i] = 1'b1;
                    default: stall_o[i] = 1'b1;
                endcase
            end
        end
    end
endmodule
","property p_grant_assign;
    @(posedge clk) (line_state_i == 2'b00 && req_i == 4'b1) |-> ##1 grant_o[0] == 1'b1;
endproperty
assert property (p_grant_assign);

property p_evict_assign;
    @(posedge clk) (line_state_i == 2'b01 && req_i != 4'b0 && lru_i == 2'b01) |-> ##1 evict_o[0] == 1'b1;
endproperty
assert property (p_evict_assign);

property p_stall_default;
    @(posedge clk) (line_state_i != 2'b00 && line_state_i != 2'b01 && req_i == 4'b1) |-> ##1 stall_o[0] == 1'b1;
endproperty
assert property (p_stall_default);","** Error: prueba.sv(14): (vlog-2730) Undefined variable: 'clk'.
** Error (suppressible): prueba.sv(16): (vlog-1957) The sva directive is not sensitive to a clock. Unclocked directives are not supported.
** Error: prueba.sv(19): (vlog-2730) Undefined variable: 'clk'.
** Error (suppressible): prueba.sv(21): (vlog-1957) The sva directive is not sensitive to a clock. Unclocked directives are not supported.
** Error: prueba.sv(24): (vlog-2730) Undefined variable: 'clk'.
** Error (suppressible): prueba.sv(26): (vlog-1957) The sva directive is not sensitive to a clock. Unclocked directives are not supported.
** Error: prueba.sv(14): (vlog-2730) Undefined variable: 'clk'.",4.922621726989746,2780,244
"module chisel_event_dispatch (
    input  logic [7:0] evt_i,
    input  logic [3:0] fsm_state_i,
    output logic       fire_o,
    output logic       stall_o,
    output logic       error_o
);

    always_comb begin
        fire_o  = 1'b0;
        stall_o = 1'b0;
        error_o = 1'b0;

        unique case (fsm_state_i)
            4'd0: begin
                unique case (evt_i[1:0])
                    2'b00: fire_o = 1'b1;
                    2'b01: stall_o = 1'b1;
                    default: error_o = 1'b1;
                endcase
            end

            4'd1: begin
                unique case (evt_i[3:2])
                    2'b00: fire_o = 1'b1;
                    2'b01: stall_o = 1'b1;
                    default: error_o = 1'b1;
                endcase
            end

            4'd2: begin
                unique case (evt_i[5:4])
                    2'b00: fire_o = 1'b1;
                    2'b01: stall_o = 1'b1;
                    default: error_o = 1'b1;
                endcase
            end

            4'd3: begin
                unique case (evt_i[7:6])
                    2'b00: fire_o = 1'b1;
                    2'b01: stall_o = 1'b1;
                    default: error_o = 1'b1;
                endcase
            end

            default: error_o = 1'b1;
        endcase
    end
endmodule
","property p_fire_o_assign;
    @(posedge clk) (fsm_state_i == 4'd0 && evt_i[1:0] == 2'b00) |-> (fire_o == 1'b1);
endproperty
assert property (p_fire_o_assign);

property p_stall_o_assign;
    @(posedge clk) (fsm_state_i == 4'd0 && evt_i[1:0] == 2'b01) |-> (stall_o == 1'b1);
endproperty
assert property (p_stall_o_assign);

property p_error_o_default;
    @(posedge clk) ((fsm_state_i == 4'd0 && evt_i[1:0] != 2'b00 && evt_i[1:0] != 2'b01) ||
                     (fsm_state_i == 4'd1 && evt_i[3:2] != 2'b00 && evt_i[3:2] != 2'b01) ||
                     (fsm_state_i == 4'd2 && evt_i[5:4] != 2'b00 && evt_i[5:4] != 2'b01) ||
                     (fsm_state_i == 4'd3 && evt_i[7:6] != 2'b00 && evt_i[7:6] != 2'b01)) |-> (error_o == 1'b1);
endproperty
assert property (p_error_o_default);

property p_fire_o_assign_alt;
    @(posedge clk) (fsm_state_i == 4'd1 && evt_i[3:2] == 2'b00) |-> (fire_o == 1'b1);
endproperty
assert property (p_fire_o_assign_alt);

property p_stall_o_assign_alt;
    @(posedge clk) (fsm_state_i == 4'd1 && evt_i[3:2] == 2'b01) |-> (stall_o == 1'b1);
endproperty
assert property (p_stall_o_assign_alt);

property p_error_o_default_alt;
    @(posedge clk) ((fsm_state_i == 4'd1 && evt_i[3:2] != 2'b00 && evt_i[3:2] != 2'b01) ||
                     (fsm_state_i == 4'd2 && evt_i[5:4] != 2'b00 && evt_i[5:4] != 2'b01) ||
                     (fsm_state_i == 4'd3 && evt_i[7:6] != 2'b00 && evt_i[7:6] != 2'b01)) |-> (error_o == 1'b1);
endproperty
assert property (p_error_o_default_alt);

property p_fire_o_assign_other;
    @(posedge clk) (fsm_state_i == 4'd2 && evt_i[5:4] == 2'b00) |-> (fire_o == 1'b1);
endproperty
assert property (p_fire_o_assign_other);

property p_stall_o_assign_other;
    @(posedge clk) (fsm_state_i == 4'd2 && evt_i[5:4] == 2'b01) |-> (stall_o == 1'b1);
endproperty
assert property (p_stall_o_assign_other);

property p_error_o_default_other;
    @(posedge clk) ((fsm_state_i == 4'd2 && evt_i[5:4] != 2'b00 && evt_i[5:4] != 2'b01) ||
                     (fsm_state_i == 4'd3 && evt_i[7:6] != 2'b00 && evt_i[7:6] != 2'b01)) |-> (error_o == 1'b1);
endproperty
assert property (p_error_o_default_other);

property p_fire_o_assign_final;
    @(posedge clk) (fsm_state_i == 4'd3 && evt_i[7:6] == 2'b00) |-> (fire_o == 1'b1);
endproperty
assert property (p_fire_o_assign_final);

property p_stall_o_assign_final;
    @(posedge clk) (fsm_state_i == 4'd3 && evt_i[7:6] == 2'b01) |-> (stall_o == 1'b1);
endproperty
assert property (p_stall_o_assign_final);

property p_error_o_default_final;
    @(posedge clk) ((fsm_state_i == 4'd3 && evt_i[7:6] != 2'b00 && evt_i[7:6] != 2'b01)) |-> (error_o == 1'b1);
endproperty
assert property (p_error_o_default_final);","** Error: prueba.sv(13): (vlog-2730) Undefined variable: 'clk'.
** Error (suppressible): prueba.sv(15): (vlog-1957) The sva directive is not sensitive to a clock. Unclocked directives are not supported.
** Error: prueba.sv(18): (vlog-2730) Undefined variable: 'clk'.
** Error (suppressible): prueba.sv(20): (vlog-1957) The sva directive is not sensitive to a clock. Unclocked directives are not supported.
** Error: prueba.sv(23): (vlog-2730) Undefined variable: 'clk'.
** Error (suppressible): prueba.sv(28): (vlog-1957) The sva directive is not sensitive to a clock. Unclocked directives are not supported.
** Error: prueba.sv(31): (vlog-2730) Undefined variable: 'clk'.
** Error (suppressible): prueba.sv(33): (vlog-1957) The sva directive is not sensitive to a clock. Unclocked directives are not supported.
** Error: prueba.sv(36): (vlog-2730) Undefined variable: 'clk'.
** Error (suppressible): prueba.sv(38): (vlog-1957) The sva directive is not sensitive to a clock. Unclocked directives are not supported.
** Error: prueba.sv(41): (vlog-2730) Undefined variable: 'clk'.
** Error (suppressible): prueba.sv(45): (vlog-1957) The sva directive is not sensitive to a clock. Unclocked directives are not supported.
** Error: prueba.sv(48): (vlog-2730) Undefined variable: 'clk'.
** Error (suppressible): prueba.sv(50): (vlog-1957) The sva directive is not sensitive to a clock. Unclocked directives are not supported.
** Error: prueba.sv(53): (vlog-2730) Undefined variable: 'clk'.
** Error (suppressible): prueba.sv(55): (vlog-1957) The sva directive is not sensitive to a clock. Unclocked directives are not supported.
** Error: prueba.sv(58): (vlog-2730) Undefined variable: 'clk'.
** Error (suppressible): prueba.sv(61): (vlog-1957) The sva directive is not sensitive to a clock. Unclocked directives are not supported.
** Error: prueba.sv(64): (vlog-2730) Undefined variable: 'clk'.
** Error (suppressible): prueba.sv(66): (vlog-1957) The sva directive is not sensitive to a clock. Unclocked directives are not supported.
** Error: prueba.sv(69): (vlog-2730) Undefined variable: 'clk'.
** Error (suppressible): prueba.sv(71): (vlog-1957) The sva directive is not sensitive to a clock. Unclocked directives are not supported.
** Error: prueba.sv(74): (vlog-2730) Undefined variable: 'clk'.
** Error (suppressible): prueba.sv(76): (vlog-1957) The sva directive is not sensitive to a clock. Unclocked directives are not supported.
** Error: prueba.sv(13): (vlog-2730) Undefined variable: 'clk'.",22.44068431854248,2818,1312
"module multi_proto_arbiter (
    input  logic tl_valid_i,
    input  logic axi_awvalid_i,
    input  logic axi_arvalid_i,
    input  logic obi_req_i,
    input  logic [2:0] tl_opcode_i,
    input  logic [1:0] obi_resp_i,
    output logic grant_o,
    output logic deny_o,
    output logic error_o
);

    always_comb begin
        grant_o = 1'b0;
        deny_o  = 1'b0;
        error_o = 1'b0;

        unique case (1'b1)
            tl_valid_i: begin
                unique case (tl_opcode_i)
                    3'b000: grant_o = 1'b1; // Get
                    3'b001, 3'b010: grant_o = 1'b1; // Put
                    default: deny_o = 1'b1;
                endcase
            end

            axi_awvalid_i || axi_arvalid_i: begin
                grant_o = 1'b1;
            end

            obi_req_i: begin
                unique case (obi_resp_i)
                    2'b00: grant_o = 1'b1;
                    2'b10: deny_o = 1'b1;
                    default: error_o = 1'b1;
                endcase
            end

            default: error_o = 1'b1;
        endcase
    end
endmodule
","property p_grant_on_valid_tl;
    @(posedge clk) tl_valid_i |-> (grant_o == 1'b1);
endproperty
assert property (p_grant_on_valid_tl);

property p_deny_on_opcode_error;
    @(posedge clk) deny_o |-> (tl_opcode_i inside {3'b001, 3'b010});
endproperty
assert property (p_deny_on_opcode_error);

property p_grant_on_axi_valid;
    @(posedge clk) (axi_awvalid_i || axi_arvalid_i) |-> (grant_o == 1'b1);
endproperty
assert property (p_grant_on_axi_valid);

property p_deny_on_obi_resp;
    @(posedge clk) deny_o |-> (obi_resp_i == 2'b10);
endproperty
assert property (p_deny_on_obi_resp);

property p_error_on_default;
    @(posedge clk) error_o |-> (!tl_valid_i && !(axi_awvalid_i || axi_arvalid_i) && !obi_req_i);
endproperty
assert property (p_error_on_default);","** Error: prueba.sv(17): (vlog-2730) Undefined variable: 'clk'.
** Error (suppressible): prueba.sv(19): (vlog-1957) The sva directive is not sensitive to a clock. Unclocked directives are not supported.
** Error: prueba.sv(22): (vlog-2730) Undefined variable: 'clk'.
** Error (suppressible): prueba.sv(24): (vlog-1957) The sva directive is not sensitive to a clock. Unclocked directives are not supported.
** Error: prueba.sv(27): (vlog-2730) Undefined variable: 'clk'.
** Error (suppressible): prueba.sv(29): (vlog-1957) The sva directive is not sensitive to a clock. Unclocked directives are not supported.
** Error: prueba.sv(32): (vlog-2730) Undefined variable: 'clk'.
** Error (suppressible): prueba.sv(34): (vlog-1957) The sva directive is not sensitive to a clock. Unclocked directives are not supported.
** Error: prueba.sv(37): (vlog-2730) Undefined variable: 'clk'.
** Error (suppressible): prueba.sv(39): (vlog-1957) The sva directive is not sensitive to a clock. Unclocked directives are not supported.
** Error: prueba.sv(17): (vlog-2730) Undefined variable: 'clk'.",12.50085163116455,2703,315
"module sec_lc_multi_gate (
    input  logic sec_req_i,
    input  logic [2:0] lc_state_i,
    input  logic [1:0] access_type_i,
    input  logic priv_i,
    output logic allow_o,
    output logic violation_o
);

    always_comb begin
        allow_o     = 1'b0;
        violation_o = 1'b0;

        if (sec_req_i) begin
            unique case (lc_state_i)
                3'b000: begin
                    unique case (access_type_i)
                        2'b00: begin
                            unique case (priv_i)
                                1'b1: allow_o = 1'b1;
                                default: violation_o = 1'b1;
                            endcase
                        end
                        2'b01: violation_o = 1'b1;
                        default: violation_o = 1'b1;
                    endcase
                end

                3'b001: begin
                    unique case (access_type_i)
                        2'b00, 2'b01: begin
                            unique case (priv_i)
                                1'b1: allow_o = 1'b1;
                                default: violation_o = 1'b1;
                            endcase
                        end
                        default: violation_o = 1'b1;
                    endcase
                end

                3'b010: begin
                    unique case (access_type_i)
                        2'b01: begin
                            unique case (priv_i)
                                1'b1: allow_o = 1'b1;
                                default: violation_o = 1'b1;
                            endcase
                        end
                        default: violation_o = 1'b1;
                    endcase
                end

                default: violation_o = 1'b1;
            endcase
        end
    end
endmodule
","property p_allow_assign;
    @(posedge clk) sec_req_i |-> (lc_state_i == 3'b000 && access_type_i == 2'b00 && priv_i == 1'b1) |-> (allow_o == 1'b1);
endproperty
assert property (p_allow_assign) else $error(""Assertion failed: allow_o should be assigned correctly based on lc_state_i, access_type_i, and priv_i when sec_req_i is asserted."");

property p_violation_default;
    @(posedge clk) sec_req_i |-> (lc_state_i != 3'b000 && !(lc_state_i == 3'b001 && access_type_i == 2'b00) && !(lc_state_i == 3'b001 && access_type_i == 2'b01) && !(lc_state_i == 3'b010 && access_type_i == 2'b01)) |-> (violation_o == 1'b1);
endproperty
assert property (p_violation_default) else $error(""Assertion failed: violation_o should be asserted when the conditions for allow_o are not met and sec_req_i is asserted."");","** Error: prueba.sv(14): (vlog-2730) Undefined variable: 'clk'.
** Error (suppressible): prueba.sv(16): (vlog-1957) The sva directive is not sensitive to a clock. Unclocked directives are not supported.
** Error: prueba.sv(19): (vlog-2730) Undefined variable: 'clk'.
** Error (suppressible): prueba.sv(21): (vlog-1957) The sva directive is not sensitive to a clock. Unclocked directives are not supported.
** Error: prueba.sv(14): (vlog-2730) Undefined variable: 'clk'.",6.240318536758423,2826,319
"module multi_core_cache_arb (
    input  logic [3:0] req_i,
    input  logic [1:0] line_state_i [3:0],
    input  logic [2:0] msg_type_i [3:0],
    input  logic priv_i [3:0],
    output logic [3:0] grant_o,
    output logic [3:0] nack_o
);

    always_comb begin
        grant_o = 4'b0000;
        nack_o  = 4'b0000;

        for (int i=0; i<4; i++) begin
            if (req_i[i]) begin
                unique case (line_state_i[i])
                    2'b00: begin
                        unique case (msg_type_i[i])
                            3'b000: begin
                                unique case (priv_i[i])
                                    1'b1: grant_o[i] = 1'b1;
                                    default: nack_o[i] = 1'b1;
                                endcase
                            end
                            3'b001: grant_o[i] = 1'b1;
                            default: nack_o[i] = 1'b1;
                        endcase
                    end
                    2'b01: begin
                        unique case (msg_type_i[i])
                            3'b010: grant_o[i] = 1'b1;
                            default: nack_o[i] = 1'b1;
                        endcase
                    end
                    2'b10, 2'b11: nack_o[i] = 1'b1;
                    default: nack_o[i] = 1'b1;
                endcase
            end
        end
    end
endmodule
","property p_grant_assign;
    @(posedge clk) (req_i != 4'b0000 && line_state_i == 2'b00 && msg_type_i == 3'b000 && priv_i == 1'b1) |-> (grant_o == 4'b0001);
endproperty
assert property (p_grant_assign);

property p_nack_default;
    @(posedge clk) (req_i != 4'b0000 && line_state_i != 2'b00 && msg_type_i != 3'b000 && msg_type_i != 3'b010 && line_state_i != 2'b01) |-> (nack_o == 4'b0001);
endproperty
assert property (p_nack_default);","** Error: prueba.sv(14): (vlog-2730) Undefined variable: 'clk'.
** Error (suppressible): prueba.sv(16): (vlog-1957) The sva directive is not sensitive to a clock. Unclocked directives are not supported.
** Error: prueba.sv(19): (vlog-2730) Undefined variable: 'clk'.
** Error (suppressible): prueba.sv(21): (vlog-1957) The sva directive is not sensitive to a clock. Unclocked directives are not supported.
** Error: prueba.sv(14): (vlog-2730) Undefined variable: 'clk'.",4.53093147277832,2772,218
"module piton_l2_evict_ctrl (
    input  logic [3:0] req_i,
    input  logic [1:0] line_state_i [3:0],
    input  logic [1:0] lru_i [3:0],
    input  logic priv_i [3:0],
    output logic [3:0] grant_o,
    output logic [3:0] evict_o,
    output logic [3:0] stall_o
);

    always_comb begin
        grant_o = 4'b0000;
        evict_o = 4'b0000;
        stall_o = 4'b0000;

        for (int i = 0; i < 4; i++) begin
            if (req_i[i]) begin
                unique case (line_state_i[i])
                    2'b00: begin
                        unique case (priv_i[i])
                            1'b1: grant_o[i] = 1'b1;
                            default: stall_o[i] = 1'b1;
                        endcase
                    end
                    2'b01: begin
                        unique case (lru_i[i])
                            2'b00: grant_o[i] = 1'b1;
                            2'b01: evict_o[i] = 1'b1;
                            default: stall_o[i] = 1'b1;
                        endcase
                    end
                    2'b10: begin
                        unique case (lru_i[i])
                            2'b00, 2'b01: grant_o[i] = 1'b1;
                            2'b10: evict_o[i] = 1'b1;
                            default: stall_o[i] = 1'b1;
                        endcase
                    end
                    2'b11: stall_o[i] = 1'b1;
                    default: stall_o[i] = 1'b1;
                endcase
            end
        end
    end
endmodule
","property p_grant_assignment;
    @(posedge clk) disable iff (!rst_n)
    (req_i == 4'b0000) |-> ##1 ($isunknown(line_state_i[0]) || line_state_i[0] == 2'b00 && priv_i[0] == 1'b1) |-> grant_o[0] == 1'b1;
endproperty
assert property (p_grant_assignment);

property p_evict_assignment;
    @(posedge clk) disable iff (!rst_n)
    (req_i == 4'b0000) |-> ##1 ($isunknown(line_state_i[0]) || line_state_i[0] == 2'b01 && lru_i[0] == 2'b00) |-> evict_o[0] == 1'b1;
endproperty
assert property (p_evict_assignment);

property p_stall_assignment;
    @(posedge clk) disable iff (!rst_n)
    (req_i == 4'b0000) |-> ##1 ($isunknown(line_state_i[0]) || line_state_i[0] != 2'b00 && line_state_i[0] != 2'b01) |-> stall_o[0] == 1'b1;
endproperty
assert property (p_stall_assignment);","** Error: prueba.sv(15): (vlog-2730) Undefined variable: 'rst_n'.
** Error: prueba.sv(15): (vlog-2730) Undefined variable: 'clk'.",6.722886323928833,2822,353
"module tl_axi_obi_bridge (
    input  logic tl_valid_i,
    input  logic [2:0] tl_opcode_i,
    input  logic axi_awvalid_i,
    input  logic axi_arvalid_i,
    input  logic [1:0] obi_resp_i,
    input  logic priv_i,
    output logic tl_a_valid_o,
    output logic [2:0] tl_a_opcode_o,
    output logic obi_req_o,
    output logic obi_we_o,
    output logic [1:0] axi_rresp_o
);

    always_comb begin
        tl_a_valid_o  = 1'b0;
        tl_a_opcode_o = 3'b000;
        obi_req_o     = 1'b0;
        obi_we_o      = 1'b0;
        axi_rresp_o   = 2'b00;

        // TL ? OBI
        if (tl_valid_i) begin
            unique case (tl_opcode_i)
                3'b000: begin
                    tl_a_valid_o  = 1'b1;
                    tl_a_opcode_o = 3'b000; // Get
                    obi_req_o     = 1'b1;
                    obi_we_o      = 1'b0;
                end
                3'b001, 3'b010: begin
                    tl_a_valid_o  = 1'b1;
                    tl_a_opcode_o = tl_opcode_i;
                    obi_req_o     = 1'b1;
                    obi_we_o      = 1'b1;
                end
                default: axi_rresp_o = 2'b11; // DECERR
            endcase
        end

        // AXI ? TL mapping
        unique case (1'b1)
            axi_arvalid_i: begin
                tl_a_valid_o  = 1'b1;
                tl_a_opcode_o = 3'b000; // Get
            end
            axi_awvalid_i: begin
                tl_a_valid_o  = 1'b1;
                tl_a_opcode_o = 3'b001; // PutFull
            end
        endcase

        // OBI ? AXI Response
        unique case (obi_resp_i)
            2'b00: axi_rresp_o = 2'b00; // OKAY
            2'b10: axi_rresp_o = 2'b10; // SLVERR
            default: axi_rresp_o = 2'b11; // DECERR
        endcase

        // Privilege enforcement
        if (!priv_i) begin
            axi_rresp_o = 2'b10;
            tl_a_valid_o = 1'b0;
            obi_req_o    = 1'b0;
        end
    end
endmodule
","property p_tl_a_valid_o_assign;
    @(posedge clk) (tl_valid_i && tl_opcode_i == 3'b000) |-> (tl_a_valid_o == 1'b1);
endproperty
assert property (p_tl_a_valid_o_assign);

property p_tl_a_opcode_o_assign;
    @(posedge clk) (tl_valid_i && tl_opcode_i == 3'b000) |-> (tl_a_opcode_o == 3'b000);
endproperty
assert property (p_tl_a_opcode_o_assign);

property p_obi_req_o_assign;
    @(posedge clk) (tl_valid_i && tl_opcode_i == 3'b000) |-> (obi_req_o == 1'b1);
endproperty
assert property (p_obi_req_o_assign);

property p_obi_we_o_assign;
    @(posedge clk) (tl_valid_i && tl_opcode_i == 3'b001) |-> (obi_we_o == 1'b1);
endproperty
assert property (p_obi_we_o_assign);

property p_axi_rresp_o_default;
    @(posedge clk) (!tl_valid_i && !(axi_arvalid_i || axi_awvalid_i)) |-> (axi_rresp_o == 2'b11);
endproperty
assert property (p_axi_rresp_o_default);

property p_axi_rresp_o_obi_resp_i;
    @(posedge clk) ((obi_resp_i == 2'b00 && !(tl_valid_i || axi_arvalid_i || axi_awvalid_i)) || (obi_resp_i == 2'b10 && !(tl_valid_i || axi_arvalid_i || axi_awvalid_i))) |-> (axi_rresp_o == obi_resp_i);
endproperty
assert property (p_axi_rresp_o_obi_resp_i);

property p_tl_a_valid_o_axi_arvalid_i;
    @(posedge clk) (axi_arvalid_i && !(tl_valid_i || axi_awvalid_i)) |-> (tl_a_valid_o == 1'b1);
endproperty
assert property (p_tl_a_valid_o_axi_arvalid_i);

property p_tl_a_opcode_o_axi_arvalid_i;
    @(posedge clk) (axi_arvalid_i && !(tl_valid_i || axi_awvalid_i)) |-> (tl_a_opcode_o == 3'b000);
endproperty
assert property (p_tl_a_opcode_o_axi_arvalid_i);

property p_tl_a_valid_o_axi_awvalid_i;
    @(posedge clk) (axi_awvalid_i && !(tl_valid_i || axi_arvalid_i)) |-> (tl_a_valid_o == 1'b1);
endproperty
assert property (p_tl_a_valid_o_axi_awvalid_i);

property p_tl_a_opcode_o_axi_awvalid_i;
    @(posedge clk) (axi_awvalid_i && !(tl_valid_i || axi_arvalid_i)) |-> (tl_a_opcode_o == 3'b001);
endproperty
assert property (p_tl_a_opcode_o_axi_awvalid_i);","** Error: prueba.sv(19): (vlog-2730) Undefined variable: 'clk'.
** Error (suppressible): prueba.sv(21): (vlog-1957) The sva directive is not sensitive to a clock. Unclocked directives are not supported.
** Error: prueba.sv(24): (vlog-2730) Undefined variable: 'clk'.
** Error (suppressible): prueba.sv(26): (vlog-1957) The sva directive is not sensitive to a clock. Unclocked directives are not supported.
** Error: prueba.sv(29): (vlog-2730) Undefined variable: 'clk'.
** Error (suppressible): prueba.sv(31): (vlog-1957) The sva directive is not sensitive to a clock. Unclocked directives are not supported.
** Error: prueba.sv(34): (vlog-2730) Undefined variable: 'clk'.
** Error (suppressible): prueba.sv(36): (vlog-1957) The sva directive is not sensitive to a clock. Unclocked directives are not supported.
** Error: prueba.sv(39): (vlog-2730) Undefined variable: 'clk'.
** Error (suppressible): prueba.sv(41): (vlog-1957) The sva directive is not sensitive to a clock. Unclocked directives are not supported.
** Error: prueba.sv(44): (vlog-2730) Undefined variable: 'clk'.
** Error (suppressible): prueba.sv(46): (vlog-1957) The sva directive is not sensitive to a clock. Unclocked directives are not supported.
** Error: prueba.sv(49): (vlog-2730) Undefined variable: 'clk'.
** Error (suppressible): prueba.sv(51): (vlog-1957) The sva directive is not sensitive to a clock. Unclocked directives are not supported.
** Error: prueba.sv(54): (vlog-2730) Undefined variable: 'clk'.
** Error (suppressible): prueba.sv(56): (vlog-1957) The sva directive is not sensitive to a clock. Unclocked directives are not supported.
** Error: prueba.sv(59): (vlog-2730) Undefined variable: 'clk'.
** Error (suppressible): prueba.sv(61): (vlog-1957) The sva directive is not sensitive to a clock. Unclocked directives are not supported.
** Error: prueba.sv(64): (vlog-2730) Undefined variable: 'clk'.
** Error (suppressible): prueba.sv(66): (vlog-1957) The sva directive is not sensitive to a clock. Unclocked directives are not supported.
** Error: prueba.sv(19): (vlog-2730) Undefined variable: 'clk'.",16.02431559562683,2990,889
"module multi_core_bus_arb (
    input  logic [3:0] req_i,
    input  logic [1:0] line_state_i [3:0],
    input  logic [2:0] msg_type_i [3:0],
    input  logic priv_i [3:0],
    output logic [3:0] grant_o,
    output logic [3:0] nack_o
);

    always_comb begin
        grant_o = 4'b0000;
        nack_o  = 4'b0000;

        for (int i=0; i<4; i++) begin
            if (req_i[i]) begin
                unique case (line_state_i[i])
                    2'b00: begin
                        unique case (msg_type_i[i])
                            3'b000: begin
                                unique case (priv_i[i])
                                    1'b1: grant_o[i] = 1'b1;
                                    default: nack_o[i] = 1'b1;
                                endcase
                            end
                            3'b001: grant_o[i] = 1'b1;
                            default: nack_o[i] = 1'b1;
                        endcase
                    end
                    2'b01: begin
                        unique case (msg_type_i[i])
                            3'b010: grant_o[i] = 1'b1;
                            default: nack_o[i] = 1'b1;
                        endcase
                    end
                    2'b10, 2'b11: nack_o[i] = 1'b1;
                    default: nack_o[i] = 1'b1;
                endcase
            end
        end
    end
endmodule
","property p_grant_assign;
    @(posedge clk) (req_i != 4'b0000 && line_state_i == 2'b00 && msg_type_i == 3'b000 && priv_i == 1'b1) |-> (grant_o[__index] == 1'b1);
endproperty
assert property (p_grant_assign);

property p_nack_default;
    @(posedge clk) (req_i != 4'b0000 && line_state_i == 2'b00 && msg_type_i == 3'b000 && priv_i != 1'b1) |-> (nack_o[__index] == 1'b1);
endproperty
assert property (p_nack_default);

property p_grant_msg_type;
    @(posedge clk) (req_i != 4'b0000 && line_state_i == 2'b00 && msg_type_i == 3'b001) |-> (grant_o[__index] == 1'b1);
endproperty
assert property (p_grant_msg_type);

property p_nack_other;
    @(posedge clk) (req_i != 4'b0000 && line_state_i == 2'b00 && (msg_type_i != 3'b000 && msg_type_i != 3'b001)) |-> (nack_o[__index] == 1'b1);
endproperty
assert property (p_nack_other);

property p_grant_msg_type_priv;
    @(posedge clk) (req_i != 4'b0000 && line_state_i == 2'b01 && msg_type_i == 3'b010) |-> (grant_o[__index] == 1'b1);
endproperty
assert property (p_grant_msg_type_priv);

property p_nack_state;
    @(posedge clk) (req_i != 4'b0000 && line_state_i == 2'b10 || line_state_i == 2'b11) |-> (nack_o[__index] == 1'b1);
endproperty
assert property (p_nack_state);","** Error: prueba.sv(14): (vlog-2730) Undefined variable: '__index'.
** Error: prueba.sv(14): (vlog-2730) Undefined variable: 'clk'.
** Error (suppressible): prueba.sv(16): (vlog-1957) The sva directive is not sensitive to a clock. Unclocked directives are not supported.
** Error: prueba.sv(19): (vlog-2730) Undefined variable: '__index'.
** Error: prueba.sv(19): (vlog-2730) Undefined variable: 'clk'.
** Error (suppressible): prueba.sv(21): (vlog-1957) The sva directive is not sensitive to a clock. Unclocked directives are not supported.
** Error: prueba.sv(24): (vlog-2730) Undefined variable: '__index'.
** Error: prueba.sv(24): (vlog-2730) Undefined variable: 'clk'.
** Error (suppressible): prueba.sv(26): (vlog-1957) The sva directive is not sensitive to a clock. Unclocked directives are not supported.
** Error: prueba.sv(29): (vlog-2730) Undefined variable: '__index'.
** Error: prueba.sv(29): (vlog-2730) Undefined variable: 'clk'.
** Error (suppressible): prueba.sv(31): (vlog-1957) The sva directive is not sensitive to a clock. Unclocked directives are not supported.
** Error: prueba.sv(34): (vlog-2730) Undefined variable: '__index'.
** Error: prueba.sv(34): (vlog-2730) Undefined variable: 'clk'.
** Error (suppressible): prueba.sv(36): (vlog-1957) The sva directive is not sensitive to a clock. Unclocked directives are not supported.
** Error: prueba.sv(39): (vlog-2730) Undefined variable: '__index'.
** Error: prueba.sv(39): (vlog-2730) Undefined variable: 'clk'.
** Error (suppressible): prueba.sv(41): (vlog-1957) The sva directive is not sensitive to a clock. Unclocked directives are not supported.
** Error: prueba.sv(14): (vlog-2730) Undefined variable: '__index'.
** Error: prueba.sv(14): (vlog-2730) Undefined variable: 'clk'.",10.250794410705566,2772,583
"module sec_lc_gate_4lvl (
    input  logic sec_req_i,
    input  logic [2:0] lc_state_i,
    input  logic [1:0] access_type_i,
    input  logic priv_i,
    output logic allow_o,
    output logic violation_o
);

    always_comb begin
        allow_o     = 1'b0;
        violation_o = 1'b0;

        if (sec_req_i) begin
            unique case (lc_state_i)
                3'b000: begin
                    unique case (access_type_i)
                        2'b00: begin
                            unique case (priv_i)
                                1'b1: allow_o = 1'b1;
                                default: violation_o = 1'b1;
                            endcase
                        end
                        2'b01: violation_o = 1'b1;
                        default: violation_o = 1'b1;
                    endcase
                end

                3'b001: begin
                    unique case (access_type_i)
                        2'b00, 2'b01: begin
                            unique case (priv_i)
                                1'b1: allow_o = 1'b1;
                                default: violation_o = 1'b1;
                            endcase
                        end
                        default: violation_o = 1'b1;
                    endcase
                end

                3'b010: begin
                    unique case (access_type_i)
                        2'b01: begin
                            unique case (priv_i)
                                1'b1: allow_o = 1'b1;
                                default: violation_o = 1'b1;
                            endcase
                        end
                        default: violation_o = 1'b1;
                    endcase
                end

                default: violation_o = 1'b1;
            endcase
        end
    end
endmodule
","property p_allow_assign;
    @(posedge clk) sec_req_i && (lc_state_i == 3'b000) && (access_type_i == 2'b00) && (priv_i == 1'b1) |-> ##[1:1] allow_o;
endproperty
assert property (p_allow_assign);

property p_violation_default;
    @(posedge clk) sec_req_i && (lc_state_i == 3'b000) && ((access_type_i != 2'b00) || (priv_i != 1'b1)) |-> ##[1:1] violation_o;
endproperty
assert property (p_violation_default);

property p_violation_sec_req;
    @(posedge clk) sec_req_i && ((lc_state_i == 3'b001) || (lc_state_i == 3'b010)) |-> ##[1:1] violation_o;
endproperty
assert property (p_violation_sec_req);

property p_allow_assign_2;
    @(posedge clk) sec_req_i && ((lc_state_i == 3'b001) || (lc_state_i == 3'b010)) && ((access_type_i == 2'b00) || (access_type_i == 2'b01)) && (priv_i == 1'b1) |-> ##[1:1] allow_o;
endproperty
assert property (p_allow_assign_2);

property p_violation_default_2;
    @(posedge clk) sec_req_i && ((lc_state_i == 3'b001) || (lc_state_i == 3'b010)) && ((access_type_i != 2'b00) && (access_type_i != 2'b01) || (priv_i != 1'b1)) |-> ##[1:1] violation_o;
endproperty
assert property (p_violation_default_2);","** Error: prueba.sv(14): (vlog-2730) Undefined variable: 'clk'.
** Error (suppressible): prueba.sv(16): (vlog-1957) The sva directive is not sensitive to a clock. Unclocked directives are not supported.
** Error: prueba.sv(19): (vlog-2730) Undefined variable: 'clk'.
** Error (suppressible): prueba.sv(21): (vlog-1957) The sva directive is not sensitive to a clock. Unclocked directives are not supported.
** Error: prueba.sv(24): (vlog-2730) Undefined variable: 'clk'.
** Error (suppressible): prueba.sv(26): (vlog-1957) The sva directive is not sensitive to a clock. Unclocked directives are not supported.
** Error: prueba.sv(29): (vlog-2730) Undefined variable: 'clk'.
** Error (suppressible): prueba.sv(31): (vlog-1957) The sva directive is not sensitive to a clock. Unclocked directives are not supported.
** Error: prueba.sv(34): (vlog-2730) Undefined variable: 'clk'.
** Error (suppressible): prueba.sv(36): (vlog-1957) The sva directive is not sensitive to a clock. Unclocked directives are not supported.
** Error: prueba.sv(14): (vlog-2730) Undefined variable: 'clk'.",9.431808948516846,2826,520
"module chisel_priority_mux_nested (
    input  logic [3:0] sel_i,
    input  logic [7:0] in0_i,
    input  logic [7:0] in1_i,
    input  logic [7:0] in2_i,
    input  logic [7:0] in3_i,
    input  logic event_i,
    output logic [7:0] out_o
);

    always_comb begin
        out_o = 8'h00;

        case (1'b1)
            sel_i[0]: begin
                unique case (event_i)
                    1'b1: out_o = in0_i;
                    default: out_o = 8'hFF;
                endcase
            end
            sel_i[1]: begin
                unique case (event_i)
                    1'b1: out_o = in1_i;
                    default: out_o = 8'hFF;
                endcase
            end
            sel_i[2]: begin
                unique case (event_i)
                    1'b1: out_o = in2_i;
                    default: out_o = 8'hFF;
                endcase
            end
            sel_i[3]: begin
                unique case (event_i)
                    1'b1: out_o = in3_i;
                    default: out_o = 8'hFF;
                endcase
            end
            default: out_o = 8'h00;
        endcase
    end
endmodule
","property p_out_o_assign_sel0;
    @(posedge clk) (1'b1 == sel_i[0]) |-> ##1 (out_o == in0_i);
endproperty
assert property (p_out_o_assign_sel0);

property p_out_o_assign_sel1;
    @(posedge clk) (1'b1 == sel_i[1]) |-> ##1 (out_o == in1_i);
endproperty
assert property (p_out_o_assign_sel1);

property p_out_o_assign_sel2;
    @(posedge clk) (1'b1 == sel_i[2]) |-> ##1 (out_o == in2_i);
endproperty
assert property (p_out_o_assign_sel2);

property p_out_o_assign_sel3;
    @(posedge clk) (1'b1 == sel_i[3]) |-> ##1 (out_o == in3_i);
endproperty
assert property (p_out_o_assign_sel3);

property p_out_o_default_assign;
    @(posedge clk) (!(|sel_i)) |-> (out_o == 8'h00);
endproperty
assert property (p_out_o_default_assign);","** Error: prueba.sv(15): (vlog-2730) Undefined variable: 'clk'.
** Error (suppressible): prueba.sv(17): (vlog-1957) The sva directive is not sensitive to a clock. Unclocked directives are not supported.
** Error: prueba.sv(20): (vlog-2730) Undefined variable: 'clk'.
** Error (suppressible): prueba.sv(22): (vlog-1957) The sva directive is not sensitive to a clock. Unclocked directives are not supported.
** Error: prueba.sv(25): (vlog-2730) Undefined variable: 'clk'.
** Error (suppressible): prueba.sv(27): (vlog-1957) The sva directive is not sensitive to a clock. Unclocked directives are not supported.
** Error: prueba.sv(30): (vlog-2730) Undefined variable: 'clk'.
** Error (suppressible): prueba.sv(32): (vlog-1957) The sva directive is not sensitive to a clock. Unclocked directives are not supported.
** Error: prueba.sv(35): (vlog-2730) Undefined variable: 'clk'.
** Error (suppressible): prueba.sv(37): (vlog-1957) The sva directive is not sensitive to a clock. Unclocked directives are not supported.
** Error: prueba.sv(15): (vlog-2730) Undefined variable: 'clk'.",5.895140647888184,2700,323
"module piton_l2_coh_evict (
    input  logic [3:0] req_i,
    input  logic [1:0] line_state_i [3:0],
    input  logic [1:0] lru_i [3:0],
    input  logic [2:0] msg_type_i [3:0],
    output logic [3:0] grant_o,
    output logic [3:0] evict_o,
    output logic [3:0] nack_o
);

    always_comb begin
        grant_o = 4'b0000;
        evict_o = 4'b0000;
        nack_o  = 4'b0000;

        for (int i = 0; i < 4; i++) begin
            if (req_i[i]) begin
                unique case (line_state_i[i])
                    2'b00: begin
                        unique case (msg_type_i[i])
                            3'b000: grant_o[i] = 1'b1;
                            3'b001: begin
                                unique case (lru_i[i])
                                    2'b00: grant_o[i] = 1'b1;
                                    2'b01: evict_o[i] = 1'b1;
                                    default: nack_o[i] = 1'b1;
                                endcase
                            end
                            default: nack_o[i] = 1'b1;
                        endcase
                    end
                    2'b01: begin
                        unique case (msg_type_i[i])
                            3'b010: grant_o[i] = 1'b1;
                            default: nack_o[i] = 1'b1;
                        endcase
                    end
                    2'b10, 2'b11: nack_o[i] = 1'b1;
                    default: nack_o[i] = 1'b1;
                endcase
            end
        end
    end
endmodule
","property p_grant_assign;
    @(posedge clk) (req_i != 4'b0000 && line_state_i == 2'b00 && msg_type_i == 3'b000) |-> (grant_o == {4{1'b1}});
endproperty
assert property (p_grant_assign);

property p_evict_assign;
    @(posedge clk) (req_i != 4'b0000 && line_state_i == 2'b00 && msg_type_i == 3'b001 && lru_i == 2'b01) |-> (evict_o == {4{1'b1}});
endproperty
assert property (p_evict_assign);

property p_nack_default;
    @(posedge clk) ((req_i != 4'b0000 && line_state_i == 2'b00 && msg_type_i == 3'b001 && lru_i != 2'b01) || (req_i != 4'b0000 && line_state_i == 2'b00 && msg_type_i != 3'b000 && msg_type_i != 3'b001) || (req_i == 4'b0000)) |-> (nack_o == {4{1'b1}});
endproperty
assert property (p_nack_default);","** Error: prueba.sv(15): (vlog-2730) Undefined variable: 'clk'.
** Error (suppressible): prueba.sv(17): (vlog-1957) The sva directive is not sensitive to a clock. Unclocked directives are not supported.
** Error: prueba.sv(20): (vlog-2730) Undefined variable: 'clk'.
** Error (suppressible): prueba.sv(22): (vlog-1957) The sva directive is not sensitive to a clock. Unclocked directives are not supported.
** Error: prueba.sv(25): (vlog-2730) Undefined variable: 'clk'.
** Error (suppressible): prueba.sv(27): (vlog-1957) The sva directive is not sensitive to a clock. Unclocked directives are not supported.
** Error: prueba.sv(15): (vlog-2730) Undefined variable: 'clk'.",6.932931184768677,2814,365
"module tl_axi_obi_bridge_sec (
    input  logic tl_valid_i,
    input  logic [2:0] tl_opcode_i,
    input  logic axi_awvalid_i,
    input  logic axi_arvalid_i,
    input  logic [1:0] obi_resp_i,
    input  logic priv_i,
    output logic tl_a_valid_o,
    output logic [2:0] tl_a_opcode_o,
    output logic obi_req_o,
    output logic obi_we_o,
    output logic [1:0] axi_rresp_o
);

    always_comb begin
        tl_a_valid_o  = 1'b0;
        tl_a_opcode_o = 3'b000;
        obi_req_o     = 1'b0;
        obi_we_o      = 1'b0;
        axi_rresp_o   = 2'b00;

        if (tl_valid_i) begin
            unique case (tl_opcode_i)
                3'b000: begin
                    tl_a_valid_o  = 1'b1;
                    tl_a_opcode_o = 3'b000; // Get
                    obi_req_o     = 1'b1;
                    obi_we_o      = 1'b0;
                end
                3'b001, 3'b010: begin
                    tl_a_valid_o  = 1'b1;
                    tl_a_opcode_o = tl_opcode_i;
                    obi_req_o     = 1'b1;
                    obi_we_o      = 1'b1;
                end
                default: axi_rresp_o = 2'b11;
            endcase
        end

        unique case (1'b1)
            axi_arvalid_i: begin
                tl_a_valid_o  = 1'b1;
                tl_a_opcode_o = 3'b000;
            end
            axi_awvalid_i: begin
                tl_a_valid_o  = 1'b1;
                tl_a_opcode_o = 3'b001;
            end
        endcase

        unique case (obi_resp_i)
            2'b00: axi_rresp_o = 2'b00;
            2'b10: axi_rresp_o = 2'b10;
            default: axi_rresp_o = 2'b11;
        endcase

        if (!priv_i) begin
            axi_rresp_o = 2'b10;
            tl_a_valid_o = 1'b0;
            obi_req_o    = 1'b0;
        end
    end
endmodule
","property p_tl_a_valid_o_assign;
    @(posedge clk) (tl_valid_i && tl_opcode_i == 3'b000) |-> (tl_a_valid_o == 1'b1);
endproperty
assert property (p_tl_a_valid_o_assign);

property p_tl_a_opcode_o_assign;
    @(posedge clk) (tl_valid_i && tl_opcode_i == 3'b000) |-> (tl_a_opcode_o == 3'b000);
endproperty
assert property (p_tl_a_opcode_o_assign);

property p_obi_req_o_assign;
    @(posedge clk) (tl_valid_i && tl_opcode_i == 3'b000) |-> (obi_req_o == 1'b1);
endproperty
assert property (p_obi_req_o_assign);

property p_obi_we_o_assign;
    @(posedge clk) (tl_valid_i && tl_opcode_i == 3'b001) |-> (obi_we_o == 1'b1);
endproperty
assert property (p_obi_we_o_assign);

property p_axi_rresp_o_default;
    @(posedge clk) (!tl_valid_i && !(axi_arvalid_i || axi_awvalid_i) && obi_resp_i != 2'b00) |-> (axi_rresp_o == 2'b11);
endproperty
assert property (p_axi_rresp_o_default);

property p_tl_a_valid_o_axi_arvalid_i;
    @(posedge clk) (axi_arvalid_i) |-> (tl_a_valid_o == 1'b1 && tl_a_opcode_o == 3'b000);
endproperty
assert property (p_tl_a_valid_o_axi_arvalid_i);

property p_tl_a_valid_o_axi_awvalid_i;
    @(posedge clk) (axi_awvalid_i) |-> (tl_a_valid_o == 1'b1 && tl_a_opcode_o == 3'b001);
endproperty
assert property (p_tl_a_valid_o_axi_awvalid_i);

property p_obi_req_o_obi_resp_i;
    @(posedge clk) (obi_resp_i != 2'b00 && !priv_i) |-> (obi_req_o == 1'b0);
endproperty
assert property (p_obi_req_o_obi_resp_i);","** Error: prueba.sv(19): (vlog-2730) Undefined variable: 'clk'.
** Error (suppressible): prueba.sv(21): (vlog-1957) The sva directive is not sensitive to a clock. Unclocked directives are not supported.
** Error: prueba.sv(24): (vlog-2730) Undefined variable: 'clk'.
** Error (suppressible): prueba.sv(26): (vlog-1957) The sva directive is not sensitive to a clock. Unclocked directives are not supported.
** Error: prueba.sv(29): (vlog-2730) Undefined variable: 'clk'.
** Error (suppressible): prueba.sv(31): (vlog-1957) The sva directive is not sensitive to a clock. Unclocked directives are not supported.
** Error: prueba.sv(34): (vlog-2730) Undefined variable: 'clk'.
** Error (suppressible): prueba.sv(36): (vlog-1957) The sva directive is not sensitive to a clock. Unclocked directives are not supported.
** Error: prueba.sv(39): (vlog-2730) Undefined variable: 'clk'.
** Error (suppressible): prueba.sv(41): (vlog-1957) The sva directive is not sensitive to a clock. Unclocked directives are not supported.
** Error: prueba.sv(44): (vlog-2730) Undefined variable: 'clk'.
** Error (suppressible): prueba.sv(46): (vlog-1957) The sva directive is not sensitive to a clock. Unclocked directives are not supported.
** Error: prueba.sv(49): (vlog-2730) Undefined variable: 'clk'.
** Error (suppressible): prueba.sv(51): (vlog-1957) The sva directive is not sensitive to a clock. Unclocked directives are not supported.
** Error: prueba.sv(54): (vlog-2730) Undefined variable: 'clk'.
** Error (suppressible): prueba.sv(56): (vlog-1957) The sva directive is not sensitive to a clock. Unclocked directives are not supported.
** Error: prueba.sv(19): (vlog-2730) Undefined variable: 'clk'.",12.47222113609314,2984,668
"module chisel_priority_fsm (
    input  logic [7:0] evt_i,
    input  logic [3:0] state_i,
    output logic fire_o,
    output logic stall_o,
    output logic error_o
);

    always_comb begin
        fire_o  = 1'b0;
        stall_o = 1'b0;
        error_o = 1'b0;

        unique case (state_i)
            4'd0: unique case (evt_i[1:0])
                      2'b00: fire_o = 1'b1;
                      2'b01: stall_o = 1'b1;
                      default: error_o = 1'b1;
                  endcase
            4'd1: unique case (evt_i[3:2])
                      2'b00: fire_o = 1'b1;
                      2'b01: stall_o = 1'b1;
                      default: error_o = 1'b1;
                  endcase
            4'd2: unique case (evt_i[5:4])
                      2'b00: fire_o = 1'b1;
                      2'b01: stall_o = 1'b1;
                      default: error_o = 1'b1;
                  endcase
            4'd3: unique case (evt_i[7:6])
                      2'b00: fire_o = 1'b1;
                      2'b01: stall_o = 1'b1;
                      default: error_o = 1'b1;
                  endcase
            default: error_o = 1'b1;
        endcase
    end
endmodule
","property p_fire_o_assign;
    @(posedge clk) (state_i == 4'd0 && evt_i[1:0] == 2'b00) |-> (fire_o == 1'b1);
endproperty
assert property (p_fire_o_assign) else $error(""Assertion p_fire_o_assign failed"");

property p_stall_o_assign;
    @(posedge clk) (state_i == 4'd0 && evt_i[1:0] == 2'b01) |-> (stall_o == 1'b1);
endproperty
assert property (p_stall_o_assign) else $error(""Assertion p_stall_o_assign failed"");

property p_error_o_default;
    @(posedge clk) ((state_i != 4'd0 && state_i != 4'd1 && state_i != 4'd2 && state_i != 4'd3) || (state_i == 4'd0 && evt_i[1:0] != 2'b00 && evt_i[1:0] != 2'b01)) |-> (error_o == 1'b1);
endproperty
assert property (p_error_o_default) else $error(""Assertion p_error_o_default failed"");

property p_fire_o_assign_alt;
    @(posedge clk) (state_i == 4'd1 && evt_i[3:2] == 2'b00) |-> (fire_o == 1'b1);
endproperty
assert property (p_fire_o_assign_alt) else $error(""Assertion p_fire_o_assign_alt failed"");

property p_stall_o_assign_alt;
    @(posedge clk) (state_i == 4'd1 && evt_i[3:2] == 2'b01) |-> (stall_o == 1'b1);
endproperty
assert property (p_stall_o_assign_alt) else $error(""Assertion p_stall_o_assign_alt failed"");

property p_error_o_default_alt;
    @(posedge clk) ((state_i != 4'd0 && state_i != 4'd1 && state_i != 4'd2 && state_i != 4'd3) || (state_i == 4'd1 && evt_i[3:2] != 2'b00 && evt_i[3:2] != 2'b01)) |-> (error_o == 1'b1);
endproperty
assert property (p_error_o_default_alt) else $error(""Assertion p_error_o_default_alt failed"");

property p_fire_o_assign_int;
    @(posedge clk) (state_i == 4'd2 && evt_i[5:4] == 2'b00) |-> (fire_o == 1'b1);
endproperty
assert property (p_fire_o_assign_int) else $error(""Assertion p_fire_o_assign_int failed"");

property p_stall_o_assign_int;
    @(posedge clk) (state_i == 4'd2 && evt_i[5:4] == 2'b01) |-> (stall_o == 1'b1);
endproperty
assert property (p_stall_o_assign_int) else $error(""Assertion p_stall_o_assign_int failed"");

property p_error_o_default_int;
    @(posedge clk) ((state_i != 4'd0 && state_i != 4'd1 && state_i != 4'd2 && state_i != 4'd3) || (state_i == 4'd2 && evt_i[5:4] != 2'b00 && evt_i[5:4] != 2'b01)) |-> (error_o == 1'b1);
endproperty
assert property (p_error_o_default_int) else $error(""Assertion p_error_o_default_int failed"");

property p_fire_o_assign_ext;
    @(posedge clk) (state_i == 4'd3 && evt_i[7:6] == 2'b00) |-> (fire_o == 1'b1);
endproperty
assert property (p_fire_o_assign_ext) else $error(""Assertion p_fire_o_assign_ext failed"");

property p_stall_o_assign_ext;
    @(posedge clk) (state_i == 4'd3 && evt_i[7:6] == 2'b01) |-> (stall_o == 1'b1);
endproperty
assert property (p_stall_o_assign_ext) else $error(""Assertion p_stall_o_assign_ext failed"");

property p_error_o_default_ext;
    @(posedge clk) ((state_i != 4'd0 && state_i != 4'd1 && state_i != 4'd2 && state_i != 4'd3) || (state_i == 4'd3 && evt_i[7:6] != 2'b00 && evt_i[7:6] != 2'b01)) |-> (error_o == 1'b1);
endproperty
assert property (p_error_o_default_ext) else $error(""Assertion p_error_o_default_ext failed"");","** Error: prueba.sv(13): (vlog-2730) Undefined variable: 'clk'.
** Error (suppressible): prueba.sv(15): (vlog-1957) The sva directive is not sensitive to a clock. Unclocked directives are not supported.
** Error: prueba.sv(18): (vlog-2730) Undefined variable: 'clk'.
** Error (suppressible): prueba.sv(20): (vlog-1957) The sva directive is not sensitive to a clock. Unclocked directives are not supported.
** Error: prueba.sv(23): (vlog-2730) Undefined variable: 'clk'.
** Error (suppressible): prueba.sv(25): (vlog-1957) The sva directive is not sensitive to a clock. Unclocked directives are not supported.
** Error: prueba.sv(28): (vlog-2730) Undefined variable: 'clk'.
** Error (suppressible): prueba.sv(30): (vlog-1957) The sva directive is not sensitive to a clock. Unclocked directives are not supported.
** Error: prueba.sv(33): (vlog-2730) Undefined variable: 'clk'.
** Error (suppressible): prueba.sv(35): (vlog-1957) The sva directive is not sensitive to a clock. Unclocked directives are not supported.
** Error: prueba.sv(38): (vlog-2730) Undefined variable: 'clk'.
** Error (suppressible): prueba.sv(40): (vlog-1957) The sva directive is not sensitive to a clock. Unclocked directives are not supported.
** Error: prueba.sv(43): (vlog-2730) Undefined variable: 'clk'.
** Error (suppressible): prueba.sv(45): (vlog-1957) The sva directive is not sensitive to a clock. Unclocked directives are not supported.
** Error: prueba.sv(48): (vlog-2730) Undefined variable: 'clk'.
** Error (suppressible): prueba.sv(50): (vlog-1957) The sva directive is not sensitive to a clock. Unclocked directives are not supported.
** Error: prueba.sv(53): (vlog-2730) Undefined variable: 'clk'.
** Error (suppressible): prueba.sv(55): (vlog-1957) The sva directive is not sensitive to a clock. Unclocked directives are not supported.
** Error: prueba.sv(58): (vlog-2730) Undefined variable: 'clk'.
** Error (suppressible): prueba.sv(60): (vlog-1957) The sva directive is not sensitive to a clock. Unclocked directives are not supported.
** Error: prueba.sv(63): (vlog-2730) Undefined variable: 'clk'.
** Error (suppressible): prueba.sv(65): (vlog-1957) The sva directive is not sensitive to a clock. Unclocked directives are not supported.
** Error: prueba.sv(68): (vlog-2730) Undefined variable: 'clk'.
** Error (suppressible): prueba.sv(70): (vlog-1957) The sva directive is not sensitive to a clock. Unclocked directives are not supported.
** Error: prueba.sv(13): (vlog-2730) Undefined variable: 'clk'.",24.37591028213501,2791,1435
"module sec_lc_gate_nested (
    input  logic sec_req_i,
    input  logic [2:0] lc_state_i,
    input  logic [1:0] access_type_i,
    input  logic priv_i,
    input  logic alert_i,
    output logic allow_o,
    output logic violation_o
);

    always_comb begin
        allow_o     = 1'b0;
        violation_o = 1'b0;

        if (sec_req_i) begin
            unique case (lc_state_i)
                3'b000: unique case (access_type_i)
                            2'b00: unique case (priv_i)
                                        1'b1: unique case (alert_i)
                                                    1'b0: allow_o = 1'b1;
                                                    default: violation_o = 1'b1;
                                                endcase
                                        default: violation_o = 1'b1;
                                    endcase
                            2'b01: violation_o = 1'b1;
                            default: violation_o = 1'b1;
                        endcase
                3'b001: unique case (access_type_i)
                            2'b00, 2'b01: unique case (priv_i)
                                              1'b1: allow_o = 1'b1;
                                              default: violation_o = 1'b1;
                                          endcase
                            default: violation_o = 1'b1;
                        endcase
                3'b010: unique case (access_type_i)
                            2'b01: unique case (priv_i)
                                      1'b1: allow_o = 1'b1;
                                      default: violation_o = 1'b1;
                                  endcase
                            default: violation_o = 1'b1;
                        endcase
                default: violation_o = 1'b1;
            endcase
        end
    end
endmodule
","property p_allow_o_assign;
    @(posedge clk) (sec_req_i && lc_state_i == 3'b000 && access_type_i == 2'b00 && priv_i == 1'b1 && alert_i == 1'b0) |-> (allow_o == 1'b1);
endproperty
assert property (p_allow_o_assign);

property p_violation_o_default;
    @(posedge clk) (sec_req_i && lc_state_i != 3'b000 && lc_state_i != 3'b001 && lc_state_i != 3'b010) |-> (violation_o == 1'b1);
endproperty
assert property (p_violation_o_default);

property p_allow_o_assign_2;
    @(posedge clk) (sec_req_i && lc_state_i == 3'b001 && (access_type_i == 2'b00 || access_type_i == 2'b01) && priv_i == 1'b1) |-> (allow_o == 1'b1);
endproperty
assert property (p_allow_o_assign_2);

property p_violation_o_default_2;
    @(posedge clk) (sec_req_i && lc_state_i != 3'b001 && lc_state_i != 3'b000 && lc_state_i != 3'b010) |-> (violation_o == 1'b1);
endproperty
assert property (p_violation_o_default_2);

property p_allow_o_assign_3;
    @(posedge clk) (sec_req_i && lc_state_i == 3'b010 && access_type_i == 2'b01 && priv_i == 1'b1) |-> (allow_o == 1'b1);
endproperty
assert property (p_allow_o_assign_3);

property p_violation_o_default_3;
    @(posedge clk) (sec_req_i && lc_state_i != 3'b010 && lc_state_i != 3'b001 && lc_state_i != 3'b000) |-> (violation_o == 1'b1);
endproperty
assert property (p_violation_o_default_3);

property p_violation_o_access;
    @(posedge clk) (sec_req_i && lc_state_i != 3'b000 && lc_state_i != 3'b001 && lc_state_i != 3'b010) |-> (violation_o == 1'b1);
endproperty
assert property (p_violation_o_access);","** Error: prueba.sv(15): (vlog-2730) Undefined variable: 'clk'.
** Error (suppressible): prueba.sv(17): (vlog-1957) The sva directive is not sensitive to a clock. Unclocked directives are not supported.
** Error: prueba.sv(20): (vlog-2730) Undefined variable: 'clk'.
** Error (suppressible): prueba.sv(22): (vlog-1957) The sva directive is not sensitive to a clock. Unclocked directives are not supported.
** Error: prueba.sv(25): (vlog-2730) Undefined variable: 'clk'.
** Error (suppressible): prueba.sv(27): (vlog-1957) The sva directive is not sensitive to a clock. Unclocked directives are not supported.
** Error: prueba.sv(30): (vlog-2730) Undefined variable: 'clk'.
** Error (suppressible): prueba.sv(32): (vlog-1957) The sva directive is not sensitive to a clock. Unclocked directives are not supported.
** Error: prueba.sv(35): (vlog-2730) Undefined variable: 'clk'.
** Error (suppressible): prueba.sv(37): (vlog-1957) The sva directive is not sensitive to a clock. Unclocked directives are not supported.
** Error: prueba.sv(40): (vlog-2730) Undefined variable: 'clk'.
** Error (suppressible): prueba.sv(42): (vlog-1957) The sva directive is not sensitive to a clock. Unclocked directives are not supported.
** Error: prueba.sv(45): (vlog-2730) Undefined variable: 'clk'.
** Error (suppressible): prueba.sv(47): (vlog-1957) The sva directive is not sensitive to a clock. Unclocked directives are not supported.
** Error: prueba.sv(15): (vlog-2730) Undefined variable: 'clk'.",19.13157629966736,2822,709
"module multi_core_bus_ctrl (
    input  logic [3:0] req_i,
    input  logic [1:0] line_state_i [3:0],
    input  logic [2:0] msg_type_i [3:0],
    input  logic priv_i [3:0],
    output logic [3:0] grant_o,
    output logic [3:0] nack_o
);

    always_comb begin
        grant_o = 4'b0000;
        nack_o  = 4'b0000;

        for (int i=0; i<4; i++) begin
            if (req_i[i]) begin
                unique case (line_state_i[i])
                    2'b00: unique case (msg_type_i[i])
                                3'b000: unique case (priv_i[i])
                                            1'b1: grant_o[i] = 1'b1;
                                            default: nack_o[i] = 1'b1;
                                        endcase
                                3'b001: grant_o[i] = 1'b1;
                                default: nack_o[i] = 1'b1;
                            endcase
                    2'b01: unique case (msg_type_i[i])
                                3'b010: grant_o[i] = 1'b1;
                                default: nack_o[i] = 1'b1;
                            endcase
                    2'b10, 2'b11: nack_o[i] = 1'b1;
                    default: nack_o[i] = 1'b1;
                endcase
            end
        end
    end
endmodule
","property p_grant_assign;
    @(posedge clk) (req_i != 4'b0000 && line_state_i == 2'b00 && msg_type_i == 3'b000 && priv_i == 1'b1) |-> (grant_o[index] == 1'b1);
endproperty
assert property (p_grant_assign);

property p_nack_default;
    @(posedge clk) (req_i != 4'b0000 && line_state_i inside {2'b01, 2'b10, 2'b11}) |-> (nack_o[index] == 1'b1);
endproperty
assert property (p_nack_default);

// Internal variables and functions used inside the code:
// - index is an integer variable that iterates over i from 0 to 3.
// - line_state_i, msg_type_i, priv_i are input signals.
// - grant_o, nack_o are output signals.","** Error: prueba.sv(14): (vlog-2730) Undefined variable: 'index'.
** Error: prueba.sv(14): (vlog-2730) Undefined variable: 'clk'.
** Error (suppressible): prueba.sv(16): (vlog-1957) The sva directive is not sensitive to a clock. Unclocked directives are not supported.
** Error: prueba.sv(19): (vlog-2730) Undefined variable: 'index'.
** Error: prueba.sv(19): (vlog-2730) Undefined variable: 'clk'.
** Error: prueba.sv(19): (vlog-2728) Inside operator requires a singular type.
** Error (suppressible): prueba.sv(21): (vlog-1957) The sva directive is not sensitive to a clock. Unclocked directives are not supported.
** Error: prueba.sv(14): (vlog-2730) Undefined variable: 'index'.
** Error: prueba.sv(14): (vlog-2730) Undefined variable: 'clk'.",5.106613397598267,2754,259
"module piton_l2_evict_coh (
    input  logic [3:0] req_i,
    input  logic [1:0] line_state_i [3:0],
    input  logic [1:0] lru_i [3:0],
    input  logic [2:0] msg_type_i [3:0],
    input  logic priv_i [3:0],
    output logic [3:0] grant_o,
    output logic [3:0] evict_o,
    output logic [3:0] nack_o
);

    always_comb begin
        grant_o = 4'b0000;
        evict_o = 4'b0000;
        nack_o  = 4'b0000;

        for (int i = 0; i < 4; i++) begin
            if (req_i[i]) begin
                unique case (line_state_i[i])
                    2'b00: unique case (msg_type_i[i])
                                3'b000: unique case (priv_i[i])
                                            1'b1: grant_o[i] = 1'b1;
                                            default: nack_o[i] = 1'b1;
                                        endcase
                                3'b001: evict_o[i] = 1'b1;
                                default: nack_o[i] = 1'b1;
                            endcase
                    2'b01: unique case (lru_i[i])
                                2'b00: grant_o[i] = 1'b1;
                                2'b01: evict_o[i] = 1'b1;
                                default: nack_o[i] = 1'b1;
                            endcase
                    2'b10, 2'b11: nack_o[i] = 1'b1;
                    default: nack_o[i] = 1'b1;
                endcase
            end
        end
    end
endmodule
","property p_grant_assign;
    @(posedge clk) (req_i != 4'b0000 && line_state_i == 2'b00 && msg_type_i == 3'b000 && priv_i == 1'b1) |-> (grant_o == 4'b0001);
endproperty
assert property (p_grant_assign);

property p_evict_assign;
    @(posedge clk) (req_i != 4'b0000 && line_state_i == 2'b01) |-> (evict_o == 4'b0010);
endproperty
assert property (p_evict_assign);

property p_nack_default;
    @(posedge clk) ((req_i != 4'b0000 && line_state_i == 2'b10) || (req_i != 4'b0000 && line_state_i == 2'b11) || (req_i == 4'b0000)) |-> (nack_o == 4'b1111);
endproperty
assert property (p_nack_default);","** Error: prueba.sv(16): (vlog-2730) Undefined variable: 'clk'.
** Error (suppressible): prueba.sv(18): (vlog-1957) The sva directive is not sensitive to a clock. Unclocked directives are not supported.
** Error: prueba.sv(21): (vlog-2730) Undefined variable: 'clk'.
** Error (suppressible): prueba.sv(23): (vlog-1957) The sva directive is not sensitive to a clock. Unclocked directives are not supported.
** Error: prueba.sv(26): (vlog-2730) Undefined variable: 'clk'.
** Error (suppressible): prueba.sv(28): (vlog-1957) The sva directive is not sensitive to a clock. Unclocked directives are not supported.
** Error: prueba.sv(16): (vlog-2730) Undefined variable: 'clk'.",5.732962369918823,2793,295
"module axi_tl_obi_sec (
    input  logic axi_awvalid_i,
    input  logic axi_arvalid_i,
    input  logic tl_valid_i,
    input  logic [2:0] tl_opcode_i,
    input  logic [1:0] obi_resp_i,
    input  logic priv_i,
    output logic tl_a_valid_o,
    output logic [2:0] tl_a_opcode_o,
    output logic obi_req_o,
    output logic obi_we_o,
    output logic [1:0] axi_rresp_o
);

    always_comb begin
        tl_a_valid_o  = 1'b0;
        tl_a_opcode_o = 3'b000;
        obi_req_o     = 1'b0;
        obi_we_o      = 1'b0;
        axi_rresp_o   = 2'b00;

        // TL ? OBI mapping
        if (tl_valid_i) begin
            unique case (tl_opcode_i)
                3'b000: begin
                    tl_a_valid_o  = 1'b1;
                    tl_a_opcode_o = 3'b000; // Get
                    obi_req_o     = 1'b1;
                    obi_we_o      = 1'b0;
                end
                3'b001, 3'b010: begin
                    tl_a_valid_o  = 1'b1;
                    tl_a_opcode_o = tl_opcode_i;
                    obi_req_o     = 1'b1;
                    obi_we_o      = 1'b1;
                end
                default: axi_rresp_o = 2'b11;
            endcase
        end

        // AXI ? TL mapping
        unique case (1'b1)
            axi_arvalid_i: begin
                tl_a_valid_o  = 1'b1;
                tl_a_opcode_o = 3'b000;
            end
            axi_awvalid_i: begin
                tl_a_valid_o  = 1'b1;
                tl_a_opcode_o = 3'b001;
            end
        endcase

        // OBI ? AXI response
        unique case (obi_r_
","// Input Case Statement
case (sel) 
    2'b00: y = a; 
    2'b01: y = b; 
    2'b10: y = c; 
    default: y = d; 
endcase 

// Properties:
property p_y_a_assign; 
    @(posedge clk) (sel == 2'b00) |-> (y == a); 
endproperty 
assert property (p_y_a_assign); 

property p_y_b_assign; 
    @(posedge clk) (sel == 2'b01) |-> (y == b); 
endproperty 
assert property (p_y_b_assign); 

property p_y_c_assign; 
    @(posedge clk) (sel == 2'b10) |-> (y == c); 
endproperty 
assert property (p_y_c_assign); 

property p_y_d_assign; 
    @(posedge clk) ((sel != 2'b00) && (sel != 2'b01) && (sel != 2'b10)) |-> (y == d); 
endproperty 
assert property (p_y_d_assign);","** Error: prueba.sv(47): (vlog-2730) Undefined variable: 'obi_r_'.
** Error: (vlog-13069) prueba.sv(52): near ""case"": syntax error, unexpected case, expecting ')'.
** Error: prueba.sv(61): (vlog-2730) Undefined variable: 'clk'.
** Error: (vlog-13069) prueba.sv(61): near ""("": syntax error, unexpected '('.
** Error: (vlog-13069) prueba.sv(66): near ""("": syntax error, unexpected '('.
** Error: (vlog-13069) prueba.sv(71): near ""("": syntax error, unexpected '('.
** Error: (vlog-13069) prueba.sv(76): near ""("": syntax error, unexpected '('.",5.850682735443115,2432,383
"module chisel_event_fsm (
    input  logic [7:0] evt_i,
    input  logic [3:0] state_i,
    output logic fire_o,
    output logic stall_o,
    output logic error_o
);

    always_comb begin
        fire_o  = 1'b0;
        stall_o = 1'b0;
        error_o = 1'b0;

        unique case (state_i)
            4'd0: unique case (evt_i[1:0])
                      2'b00: fire_o = 1'b1;
                      2'b01: stall_o = 1'b1;
                      default: error_o = 1'b1;
                  endcase
            4'd1: unique case (evt_i[3:2])
                      2'b00: fire_o = 1'b1;
                      2'b01: stall_o = 1'b1;
                      default: error_o = 1'b1;
                  endcase
            4'd2: unique case (evt_i[5:4])
                      2'b00: fire_o = 1'b1;
                      2'b01: stall_o = 1'b1;
                      default: error_o = 1'b1;
                  endcase
            4'd3: unique case (evt_i[7:6])
                      2'b00: fire_o = 1'b1;
                      2'b01: stall_o = 1'b1;
                      default: error_o = 1'b1;
                  endcase
            default: error_o = 1'b1;
        endcase
    end
endmodule
","property p_fire_o_assign;
    @(posedge clk) (state_i == 4'd0 && evt_i[1:0] == 2'b00) |-> (fire_o == 1'b1);
endproperty
assert property (p_fire_o_assign);

property p_stall_o_assign;
    @(posedge clk) (state_i == 4'd0 && evt_i[1:0] == 2'b01) |-> (stall_o == 1'b1);
endproperty
assert property (p_stall_o_assign);

property p_error_o_default;
    @(posedge clk) ((state_i != 4'd0 && state_i != 4'd1 && state_i != 4'd2 && state_i != 4'd3) || (evt_i[1:0] == 2'bxx)) |-> (error_o == 1'b1);
endproperty
assert property (p_error_o_default);

property p_fire_o_assign_alt;
    @(posedge clk) (state_i == 4'd1 && evt_i[3:2] == 2'b00) |-> (fire_o == 1'b1);
endproperty
assert property (p_fire_o_assign_alt);

property p_stall_o_assign_alt;
    @(posedge clk) (state_i == 4'd1 && evt_i[3:2] == 2'b01) |-> (stall_o == 1'b1);
endproperty
assert property (p_stall_o_assign_alt);

property p_error_o_default_alt;
    @(posedge clk) ((state_i != 4'd1 && state_i != 4'd0 && state_i != 4'd2 && state_i != 4'd3) || (evt_i[3:2] == 2'bxx)) |-> (error_o == 1'b1);
endproperty
assert property (p_error_o_default_alt);

property p_fire_o_assign_other;
    @(posedge clk) (state_i == 4'd2 && evt_i[5:4] == 2'b00) |-> (fire_o == 1'b1);
endproperty
assert property (p_fire_o_assign_other);

property p_stall_o_assign_other;
    @(posedge clk) (state_i == 4'd2 && evt_i[5:4] == 2'b01) |-> (stall_o == 1'b1);
endproperty
assert property (p_stall_o_assign_other);

property p_error_o_default_other;
    @(posedge clk) ((state_i != 4'd2 && state_i != 4'd0 && state_i != 4'd1 && state_i != 4'd3) || (evt_i[5:4] == 2'bxx)) |-> (error_o == 1'b1);
endproperty
assert property (p_error_o_default_other);

property p_fire_o_assign_final;
    @(posedge clk) (state_i == 4'd3 && evt_i[7:6] == 2'b00) |-> (fire_o == 1'b1);
endproperty
assert property (p_fire_o_assign_final);

property p_stall_o_assign_final;
    @(posedge clk) (state_i == 4'd3 && evt_i[7:6] == 2'b01) |-> (stall_o == 1'b1);
endproperty
assert property (p_stall_o_assign_final);

property p_error_o_default_final;
    @(posedge clk) ((state_i != 4'd3 && state_i != 4'd0 && state_i != 4'd1 && state_i != 4'd2) || (evt_i[7:6] == 2'bxx)) |-> (error_o == 1'b1);
endproperty
assert property (p_error_o_default_final);","** Error: prueba.sv(13): (vlog-2730) Undefined variable: 'clk'.
** Error (suppressible): prueba.sv(15): (vlog-1957) The sva directive is not sensitive to a clock. Unclocked directives are not supported.
** Error: prueba.sv(18): (vlog-2730) Undefined variable: 'clk'.
** Error (suppressible): prueba.sv(20): (vlog-1957) The sva directive is not sensitive to a clock. Unclocked directives are not supported.
** Error: prueba.sv(23): (vlog-2730) Undefined variable: 'clk'.
** Error (suppressible): prueba.sv(25): (vlog-1957) The sva directive is not sensitive to a clock. Unclocked directives are not supported.
** Error: prueba.sv(28): (vlog-2730) Undefined variable: 'clk'.
** Error (suppressible): prueba.sv(30): (vlog-1957) The sva directive is not sensitive to a clock. Unclocked directives are not supported.
** Error: prueba.sv(33): (vlog-2730) Undefined variable: 'clk'.
** Error (suppressible): prueba.sv(35): (vlog-1957) The sva directive is not sensitive to a clock. Unclocked directives are not supported.
** Error: prueba.sv(38): (vlog-2730) Undefined variable: 'clk'.
** Error (suppressible): prueba.sv(40): (vlog-1957) The sva directive is not sensitive to a clock. Unclocked directives are not supported.
** Error: prueba.sv(43): (vlog-2730) Undefined variable: 'clk'.
** Error (suppressible): prueba.sv(45): (vlog-1957) The sva directive is not sensitive to a clock. Unclocked directives are not supported.
** Error: prueba.sv(48): (vlog-2730) Undefined variable: 'clk'.
** Error (suppressible): prueba.sv(50): (vlog-1957) The sva directive is not sensitive to a clock. Unclocked directives are not supported.
** Error: prueba.sv(53): (vlog-2730) Undefined variable: 'clk'.
** Error (suppressible): prueba.sv(55): (vlog-1957) The sva directive is not sensitive to a clock. Unclocked directives are not supported.
** Error: prueba.sv(58): (vlog-2730) Undefined variable: 'clk'.
** Error (suppressible): prueba.sv(60): (vlog-1957) The sva directive is not sensitive to a clock. Unclocked directives are not supported.
** Error: prueba.sv(63): (vlog-2730) Undefined variable: 'clk'.
** Error (suppressible): prueba.sv(65): (vlog-1957) The sva directive is not sensitive to a clock. Unclocked directives are not supported.
** Error: prueba.sv(68): (vlog-2730) Undefined variable: 'clk'.
** Error (suppressible): prueba.sv(70): (vlog-1957) The sva directive is not sensitive to a clock. Unclocked directives are not supported.
** Error: prueba.sv(13): (vlog-2730) Undefined variable: 'clk'.",17.736345291137695,2791,1042
"module sec_lc_multi_lvl (
    input  logic sec_req_i,
    input  logic [2:0] lc_state_i,
    input  logic [1:0] access_type_i,
    input  logic priv_i,
    input  logic alert_i,
    output logic allow_o,
    output logic violation_o
);

    always_comb begin
        allow_o     = 1'b0;
        violation_o = 1'b0;

        if (sec_req_i) begin
            unique case (lc_state_i)
                3'b000: unique case (access_type_i)
                            2'b00: unique case (priv_i)
                                        1'b1: unique case (alert_i)
                                                    1'b0: allow_o = 1'b1;
                                                    default: violation_o = 1'b1;
                                                endcase
                                        default: violation_o = 1'b1;
                                    endcase
                            2'b01: violation_o = 1'b1;
                            default: violation_o = 1'b1;
                        endcase
                3'b001: unique case (access_type_i)
                            2'b00, 2'b01: unique case (priv_i)
                                              1'b1: allow_o = 1'b1;
                                              default: violation_o = 1'b1;
                                          endcase
                            default: violation_o = 1'b1;
                        endcase
                3'b010: unique case (access_type_i)
                            2'b01: unique case (priv_i)
                                      1'b1: allow_o = 1'b1;
                                      default: violation_o = 1'b1;
                                  endcase
                            default: violation_o = 1'b1;
                        endcase
                default: violation_o = 1'b1;
            endcase
        end
    end
endmodule
","property p_allow_assign;
    @(posedge clk) sec_req_i |-> (lc_state_i == 3'b000 && access_type_i == 2'b00 && priv_i == 1'b1 && alert_i == 1'b0) |-> (allow_o == 1'b1);
endproperty
assert property (p_allow_assign) else $error(""Assertion failed: allow_o should be assigned to 1 when sec_req_i is true and lc_state_i, access_type_i, priv_i, alert_i meet the conditions."");

property p_violation_assign;
    @(posedge clk) sec_req_i |-> (lc_state_i == 3'b000 && access_type_i == 2'b00 && priv_i != 1'b1 || lc_state_i == 3'b000 && access_type_i != 2'b00 || lc_state_i != 3'b000) |-> (violation_o == 1'b1);
endproperty
assert property (p_violation_assign) else $error(""Assertion failed: violation_o should be assigned to 1 when sec_req_i is true and lc_state_i, access_type_i, priv_i do not meet the conditions for allow_o."");

property p_allow_assign_2;
    @(posedge clk) sec_req_i |-> (lc_state_i == 3'b001 && (access_type_i == 2'b00 || access_type_i == 2'b01) && priv_i == 1'b1) |-> (allow_o == 1'b1);
endproperty
assert property (p_allow_assign_2) else $error(""Assertion failed: allow_o should be assigned to 1 when sec_req_i is true and lc_state_i, access_type_i, priv_i meet the conditions."");

property p_violation_assign_2;
    @(posedge clk) sec_req_i |-> (lc_state_i == 3'b001 && ((access_type_i != 2'b00 && access_type_i != 2'b01) || priv_i != 1'b1)) |-> (violation_o == 1'b1);
endproperty
assert property (p_violation_assign_2) else $error(""Assertion failed: violation_o should be assigned to 1 when sec_req_i is true and lc_state_i, access_type_i, priv_i do not meet the conditions for allow_o."");

property p_allow_assign_3;
    @(posedge clk) sec_req_i |-> (lc_state_i == 3'b010 && access_type_i == 2'b01 && priv_i == 1'b1) |-> (allow_o == 1'b1);
endproperty
assert property (p_allow_assign_3) else $error(""Assertion failed: allow_o should be assigned to 1 when sec_req_i is true and lc_state_i, access_type_i, priv_i meet the conditions."");

property p_violation_assign_3;
    @(posedge clk) sec_req_i |-> (lc_state_i == 3'b010 && (access_type_i != 2'b01 || priv_i != 1'b1)) |-> (violation_o == 1'b1);
endproperty
assert property (p_violation_assign_3) else $error(""Assertion failed: violation_o should be assigned to 1 when sec_req_i is true and lc_state_i, access_type_i, priv_i do not meet the conditions for allow_o."");

property p_default_violation;
    @(posedge clk) sec_req_i |-> (lc_state_i != 3'b000 && lc_state_i != 3'b001 && lc_state_i != 3'b010) |-> (violation_o == 1'b1);
endproperty
assert property (p_default_violation) else $error(""Assertion failed: violation_o should be assigned to 1 when sec_req_i is true and lc_state_i does not match any specific state."");","** Error: prueba.sv(15): (vlog-2730) Undefined variable: 'clk'.
** Error (suppressible): prueba.sv(17): (vlog-1957) The sva directive is not sensitive to a clock. Unclocked directives are not supported.
** Error: prueba.sv(20): (vlog-2730) Undefined variable: 'clk'.
** Error (suppressible): prueba.sv(22): (vlog-1957) The sva directive is not sensitive to a clock. Unclocked directives are not supported.
** Error: prueba.sv(25): (vlog-2730) Undefined variable: 'clk'.
** Error (suppressible): prueba.sv(27): (vlog-1957) The sva directive is not sensitive to a clock. Unclocked directives are not supported.
** Error: prueba.sv(30): (vlog-2730) Undefined variable: 'clk'.
** Error (suppressible): prueba.sv(32): (vlog-1957) The sva directive is not sensitive to a clock. Unclocked directives are not supported.
** Error: prueba.sv(35): (vlog-2730) Undefined variable: 'clk'.
** Error (suppressible): prueba.sv(37): (vlog-1957) The sva directive is not sensitive to a clock. Unclocked directives are not supported.
** Error: prueba.sv(40): (vlog-2730) Undefined variable: 'clk'.
** Error (suppressible): prueba.sv(42): (vlog-1957) The sva directive is not sensitive to a clock. Unclocked directives are not supported.
** Error: prueba.sv(45): (vlog-2730) Undefined variable: 'clk'.
** Error (suppressible): prueba.sv(47): (vlog-1957) The sva directive is not sensitive to a clock. Unclocked directives are not supported.
** Error: prueba.sv(15): (vlog-2730) Undefined variable: 'clk'.",18.007269144058228,2822,1053
"module multi_core_bus_arb (
    input  logic [3:0] req_i,
    input  logic [1:0] line_state_i [3:0],
    input  logic [2:0] msg_type_i [3:0],
    input  logic priv_i [3:0],
    output logic [3:0] grant_o,
    output logic [3:0] nack_o
);

    always_comb begin
        grant_o = 4'b0000;
        nack_o  = 4'b0000;

        for (int i=0; i<4; i++) begin
            if (req_i[i]) begin
                unique case (line_state_i[i])
                    2'b00: unique case (msg_type_i[i])
                                3'b000: unique case (priv_i[i])
                                            1'b1: grant_o[i] = 1'b1;
                                            default: nack_o[i] = 1'b1;
                                        endcase
                                3'b001: grant_o[i] = 1'b1;
                                default: nack_o[i] = 1'b1;
                            endcase
                    2'b01: unique case (msg_type_i[i])
                                3'b010: grant_o[i] = 1'b1;
                                default: nack_o[i] = 1'b1;
                            endcase
                    2'b10, 2'b11: nack_o[i] = 1'b1;
                    default: nack_o[i] = 1'b1;
                endcase
            end
        end
    end
endmodule
","property p_grant_assign;
    @(posedge clk) (req_i != 4'b0000 && line_state_i == 2'b00 && msg_type_i == 3'b000 && priv_i == 1'b1) |-> (grant_o[index] == 1'b1);
endproperty
assert property (p_grant_assign);

property p_nack_default;
    @(posedge clk) (req_i != 4'b0000 && line_state_i != 2'b00 && msg_type_i != 3'b000 && msg_type_i != 3'b010 && !(line_state_i == 2'b10 || line_state_i == 2'b11)) |-> (nack_o[index] == 1'b1);
endproperty
assert property (p_nack_default);","** Error: prueba.sv(14): (vlog-2730) Undefined variable: 'index'.
** Error: prueba.sv(14): (vlog-2730) Undefined variable: 'clk'.
** Error (suppressible): prueba.sv(16): (vlog-1957) The sva directive is not sensitive to a clock. Unclocked directives are not supported.
** Error: prueba.sv(19): (vlog-2730) Undefined variable: 'index'.
** Error: prueba.sv(19): (vlog-2730) Undefined variable: 'clk'.
** Error (suppressible): prueba.sv(21): (vlog-1957) The sva directive is not sensitive to a clock. Unclocked directives are not supported.
** Error: prueba.sv(14): (vlog-2730) Undefined variable: 'index'.
** Error: prueba.sv(14): (vlog-2730) Undefined variable: 'clk'.",4.627211332321167,2754,232
"module piton_l2_coh_evict_arb (
    input  logic [3:0] req_i,
    input  logic [1:0] line_state_i [3:0],
    input  logic [1:0] lru_i [3:0],
    input  logic [2:0] msg_type_i [3:0],
    input  logic priv_i [3:0],
    output logic [3:0] grant_o,
    output logic [3:0] evict_o,
    output logic [3:0] nack_o
);

    always_comb begin
        grant_o = 4'b0000;
        evict_o = 4'b0000;
        nack_o  = 4'b0000;

        for (int i = 0; i < 4; i++) begin
            if (req_i[i]) begin
                unique case (line_state_i[i])
                    2'b00: unique case (msg_type_i[i])
                                3'b000: unique case (priv_i[i])
                                            1'b1: grant_o[i] = 1'b1;
                                            default: nack_o[i] = 1'b1;
                                        endcase
                                3'b001: evict_o[i] = 1'b1;
                                default: nack_o[i] = 1'b1;
                            endcase
                    2'b01: unique case (lru_i[i])
                                2'b00: grant_o[i] = 1'b1;
                                2'b01: evict_o[i] = 1'b1;
                                default: nack_o[i] = 1'b1;
                            endcase
                    2'b10, 2'b11: nack_o[i] = 1'b1;
                    default: nack_o[i] = 1'b1;
                endcase
            end
        end
    end
endmodule
","property p_grant_assign;
    @(posedge clk) (line_state_i == 2'b00 && msg_type_i == 3'b000 && priv_i == 1'b1) |-> ##[1:4] grant_o == 1'b1;
endproperty
assert property (p_grant_assign);

property p_evict_assign;
    @(posedge clk) (line_state_i == 2'b01 && lru_i == 2'b00) |-> ##[1:4] evict_o == 1'b1;
endproperty
assert property (p_evict_assign);

property p_nack_default;
    @(posedge clk) (req_i != 4'b0000 && !(line_state_i == 2'b00 && msg_type_i == 3'b000 && priv_i == 1'b1)) |-> ##[1:4] nack_o == 1'b1;
endproperty
assert property (p_nack_default);","** Error: prueba.sv(16): (vlog-2730) Undefined variable: 'clk'.
** Error (suppressible): prueba.sv(18): (vlog-1957) The sva directive is not sensitive to a clock. Unclocked directives are not supported.
** Error: prueba.sv(21): (vlog-2730) Undefined variable: 'clk'.
** Error (suppressible): prueba.sv(23): (vlog-1957) The sva directive is not sensitive to a clock. Unclocked directives are not supported.
** Error: prueba.sv(26): (vlog-2730) Undefined variable: 'clk'.
** Error (suppressible): prueba.sv(28): (vlog-1957) The sva directive is not sensitive to a clock. Unclocked directives are not supported.
** Error: prueba.sv(16): (vlog-2730) Undefined variable: 'clk'.",5.324699878692627,2793,269
"module tl_axi_obi_bridge_err (
    input  logic tl_valid_i,
    input  logic [2:0] tl_opcode_i,
    input  logic axi_awvalid_i,
    input  logic axi_arvalid_i,
    input  logic [1:0] obi_resp_i,
    input  logic priv_i,
    output logic tl_a_valid_o,
    output logic [2:0] tl_a_opcode_o,
    output logic obi_req_o,
    output logic obi_we_o,
    output logic [1:0] axi_rresp_o
);

    always_comb begin
        tl_a_valid_o  = 1'b0;
        tl_a_opcode_o = 3'b000;
        obi_req_o     = 1'b0;
        obi_we_o      = 1'b0;
        axi_rresp_o   = 2'b00;

        // TL ? OBI mapping
        if (tl_valid_i) begin
            unique case (tl_opcode_i)
                3'b000: begin
                    tl_a_valid_o  = 1'b1;
                    tl_a_opcode_o = 3'b000; // Get
                    obi_req_o     = 1'b1;
                    obi_we_o      = 1'b0;
                end
                3'b001, 3'b010: begin
                    tl_a_valid_o  = 1'b1;
                    tl_a_opcode_o = tl_opcode_i;
                    obi_req_o     = 1'b1;
                    obi_we_o      = 1'b1;
                end
                default: axi_rresp_o = 2'b11; // DECERR
            endcase
        end

        // AXI ? TL mapping
        unique case (1'b1)
            axi_arvalid_i: begin
                tl_a_valid_o  = 1'b1;
                tl_a_opcode_o = 3'b000;
            end
            axi_awvalid_i: begin
                tl_a_valid_o  = 1'b1;
                tl_a_opcode_o = 3'b001;
            end
        endcase

        // OBI ? AXI Response
        unique case (obi_resp_i)
            2'b00: axi_rresp_o = 2'b00;
            2'b10: axi_rresp_o = 2'b10;
            default: axi_rresp_o = 2'b11;
        endcase

        // Privilege enforcement
        if (!priv_i) begin
            tl_a_valid_o = 1'b0;
            obi_req_o    = 1'b0;
            axi_rresp_o  = 2'b10;
        end
    end
endmodule
","property p_tl_a_valid_o_assign;
    @(posedge clk) (tl_valid_i && tl_opcode_i == 3'b000) |-> (tl_a_valid_o == 1'b1);
endproperty
assert property (p_tl_a_valid_o_assign);

property p_tl_a_opcode_o_assign;
    @(posedge clk) (tl_valid_i && tl_opcode_i == 3'b000) |-> (tl_a_opcode_o == 3'b000);
endproperty
assert property (p_tl_a_opcode_o_assign);

property p_obi_req_o_assign;
    @(posedge clk) (tl_valid_i && tl_opcode_i == 3'b000) |-> (obi_req_o == 1'b1);
endproperty
assert property (p_obi_req_o_assign);

property p_obi_we_o_assign;
    @(posedge clk) (tl_valid_i && tl_opcode_i == 3'b000) |-> (obi_we_o == 1'b0);
endproperty
assert property (p_obi_we_o_assign);

property p_axi_rresp_o_assign;
    @(posedge clk) (!tl_valid_i || !(tl_opcode_i == 3'b000 && tl_opcode_i != 3'b001 && tl_opcode_i != 3'b010)) |-> (axi_rresp_o == 2'b11);
endproperty
assert property (p_axi_rresp_o_assign);

property p_tl_a_valid_o_assign_2;
    @(posedge clk) (axi_arvalid_i || axi_awvalid_i) |-> (tl_a_valid_o == 1'b1);
endproperty
assert property (p_tl_a_valid_o_assign_2);

property p_tl_a_opcode_o_assign_2;
    @(posedge clk) (axi_arvalid_i && !axi_awvalid_i) |-> (tl_a_opcode_o == 3'b000);
endproperty
assert property (p_tl_a_opcode_o_assign_2);

property p_tl_a_opcode_o_assign_3;
    @(posedge clk) (axi_awvalid_i && !axi_arvalid_i) |-> (tl_a_opcode_o == 3'b001);
endproperty
assert property (p_tl_a_opcode_o_assign_3);

property p_obi_req_o_assign_2;
    @(posedge clk) (axi_arvalid_i || axi_awvalid_i) |-> (obi_req_o == 1'b1);
endproperty
assert property (p_obi_req_o_assign_2);

property p_obi_we_o_assign_2;
    @(posedge clk) (!axi_arvalid_i || axi_awvalid_i) |-> (obi_we_o == 1'b1);
endproperty
assert property (p_obi_we_o_assign_2);

property p_axi_rresp_o_assign_2;
    @(posedge clk) (!tl_valid_i || !(axi_arvalid_i || axi_awvalid_i)) |-> (axi_rresp_o == 2'b11);
endproperty
assert property (p_axi_rresp_o_assign_2);

property p_tl_a_valid_o_assign_3;
    @(posedge clk) (!priv_i) |-> (tl_a_valid_o == 1'b0);
endproperty
assert property (p_tl_a_valid_o_assign_3);

property p_obi_req_o_assign_3;
    @(posedge clk) (!priv_i) |-> (obi_req_o == 1'b0);
endproperty
assert property (p_obi_req_o_assign_3);

property p_axi_rresp_o_assign_3;
    @(posedge clk) (priv_i) |-> (axi_rresp_o == 2'b10);
endproperty
assert property (p_axi_rresp_o_assign_3);","** Error: prueba.sv(19): (vlog-2730) Undefined variable: 'clk'.
** Error (suppressible): prueba.sv(21): (vlog-1957) The sva directive is not sensitive to a clock. Unclocked directives are not supported.
** Error: prueba.sv(24): (vlog-2730) Undefined variable: 'clk'.
** Error (suppressible): prueba.sv(26): (vlog-1957) The sva directive is not sensitive to a clock. Unclocked directives are not supported.
** Error: prueba.sv(29): (vlog-2730) Undefined variable: 'clk'.
** Error (suppressible): prueba.sv(31): (vlog-1957) The sva directive is not sensitive to a clock. Unclocked directives are not supported.
** Error: prueba.sv(34): (vlog-2730) Undefined variable: 'clk'.
** Error (suppressible): prueba.sv(36): (vlog-1957) The sva directive is not sensitive to a clock. Unclocked directives are not supported.
** Error: prueba.sv(39): (vlog-2730) Undefined variable: 'clk'.
** Error (suppressible): prueba.sv(41): (vlog-1957) The sva directive is not sensitive to a clock. Unclocked directives are not supported.
** Error: prueba.sv(44): (vlog-2730) Undefined variable: 'clk'.
** Error (suppressible): prueba.sv(46): (vlog-1957) The sva directive is not sensitive to a clock. Unclocked directives are not supported.
** Error: prueba.sv(49): (vlog-2730) Undefined variable: 'clk'.
** Error (suppressible): prueba.sv(51): (vlog-1957) The sva directive is not sensitive to a clock. Unclocked directives are not supported.
** Error: prueba.sv(54): (vlog-2730) Undefined variable: 'clk'.
** Error (suppressible): prueba.sv(56): (vlog-1957) The sva directive is not sensitive to a clock. Unclocked directives are not supported.
** Error: prueba.sv(59): (vlog-2730) Undefined variable: 'clk'.
** Error (suppressible): prueba.sv(61): (vlog-1957) The sva directive is not sensitive to a clock. Unclocked directives are not supported.
** Error: prueba.sv(64): (vlog-2730) Undefined variable: 'clk'.
** Error (suppressible): prueba.sv(66): (vlog-1957) The sva directive is not sensitive to a clock. Unclocked directives are not supported.
** Error: prueba.sv(69): (vlog-2730) Undefined variable: 'clk'.
** Error (suppressible): prueba.sv(71): (vlog-1957) The sva directive is not sensitive to a clock. Unclocked directives are not supported.
** Error: prueba.sv(74): (vlog-2730) Undefined variable: 'clk'.
** Error (suppressible): prueba.sv(76): (vlog-1957) The sva directive is not sensitive to a clock. Unclocked directives are not supported.
** Error: prueba.sv(79): (vlog-2730) Undefined variable: 'clk'.
** Error (suppressible): prueba.sv(81): (vlog-1957) The sva directive is not sensitive to a clock. Unclocked directives are not supported.
** Error: prueba.sv(84): (vlog-2730) Undefined variable: 'clk'.
** Error (suppressible): prueba.sv(86): (vlog-1957) The sva directive is not sensitive to a clock. Unclocked directives are not supported.
** Error: prueba.sv(19): (vlog-2730) Undefined variable: 'clk'.",19.075258493423462,2986,1072
"module chisel_event_fsm_prio (
    input  logic [7:0] evt_i,
    input  logic [3:0] state_i,
    output logic fire_o,
    output logic stall_o,
    output logic error_o
);

    always_comb begin
        fire_o  = 1'b0;
        stall_o = 1'b0;
        error_o = 1'b0;

        unique case (state_i)
            4'd0: unique case (evt_i[1:0])
                      2'b00: fire_o = 1'b1;
                      2'b01: stall_o = 1'b1;
                      default: error_o = 1'b1;
                  endcase
            4'd1: unique case (evt_i[3:2])
                      2'b00: fire_o = 1'b1;
                      2'b01: stall_o = 1'b1;
                      default: error_o = 1'b1;
                  endcase
            4'd2: unique case (evt_i[5:4])
                      2'b00: fire_o = 1'b1;
                      2'b01: stall_o = 1'b1;
                      default: error_o = 1'b1;
                  endcase
            4'd3: unique case (evt_i[7:6])
                      2'b00: fire_o = 1'b1;
                      2'b01: stall_o = 1'b1;
                      default: error_o = 1'b1;
                  endcase
            default: error_o = 1'b1;
        endcase
    end
endmodule
","property p_fire_o_assign;
    @(posedge clk) (state_i == 4'd0 && evt_i[1:0] == 2'b00) |-> (fire_o == 1'b1);
endproperty
assert property (p_fire_o_assign);

property p_stall_o_assign;
    @(posedge clk) (state_i == 4'd0 && evt_i[1:0] == 2'b01) |-> (stall_o == 1'b1);
endproperty
assert property (p_stall_o_assign);

property p_error_o_default;
    @(posedge clk) ((state_i != 4'd0 && state_i != 4'd1 && state_i != 4'd2 && state_i != 4'd3) || (state_i == 4'd0 && evt_i[1:0] != 2'b00 && evt_i[1:0] != 2'b01)) |-> (error_o == 1'b1);
endproperty
assert property (p_error_o_default);

property p_fire_o_assign_alt;
    @(posedge clk) (state_i == 4'd1 && evt_i[3:2] == 2'b00) |-> (fire_o == 1'b1);
endproperty
assert property (p_fire_o_assign_alt);

property p_stall_o_assign_alt;
    @(posedge clk) (state_i == 4'd1 && evt_i[3:2] == 2'b01) |-> (stall_o == 1'b1);
endproperty
assert property (p_stall_o_assign_alt);

property p_error_o_default_alt;
    @(posedge clk) ((state_i != 4'd1 && state_i != 4'd0 && state_i != 4'd2 && state_i != 4'd3) || (state_i == 4'd1 && evt_i[3:2] != 2'b00 && evt_i[3:2] != 2'b01)) |-> (error_o == 1'b1);
endproperty
assert property (p_error_o_default_alt);

property p_fire_o_assign_int;
    @(posedge clk) (state_i == 4'd2 && evt_i[5:4] == 2'b00) |-> (fire_o == 1'b1);
endproperty
assert property (p_fire_o_assign_int);

property p_stall_o_assign_int;
    @(posedge clk) (state_i == 4'd2 && evt_i[5:4] == 2'b01) |-> (stall_o == 1'b1);
endproperty
assert property (p_stall_o_assign_int);

property p_error_o_default_int;
    @(posedge clk) ((state_i != 4'd2 && state_i != 4'd0 && state_i != 4'd1 && state_i != 4'd3) || (state_i == 4'd2 && evt_i[5:4] != 2'b00 && evt_i[5:4] != 2'b01)) |-> (error_o == 1'b1);
endproperty
assert property (p_error_o_default_int);

property p_fire_o_assign_ext;
    @(posedge clk) (state_i == 4'd3 && evt_i[7:6] == 2'b00) |-> (fire_o == 1'b1);
endproperty
assert property (p_fire_o_assign_ext);

property p_stall_o_assign_ext;
    @(posedge clk) (state_i == 4'd3 && evt_i[7:6] == 2'b01) |-> (stall_o == 1'b1);
endproperty
assert property (p_stall_o_assign_ext);

property p_error_o_default_ext;
    @(posedge clk) ((state_i != 4'd3 && state_i != 4'd0 && state_i != 4'd1 && state_i != 4'd2) || (state_i == 4'd3 && evt_i[7:6] != 2'b00 && evt_i[7:6] != 2'b01)) |-> (error_o == 1'b1);
endproperty
assert property (p_error_o_default_ext);","** Error: prueba.sv(13): (vlog-2730) Undefined variable: 'clk'.
** Error (suppressible): prueba.sv(15): (vlog-1957) The sva directive is not sensitive to a clock. Unclocked directives are not supported.
** Error: prueba.sv(18): (vlog-2730) Undefined variable: 'clk'.
** Error (suppressible): prueba.sv(20): (vlog-1957) The sva directive is not sensitive to a clock. Unclocked directives are not supported.
** Error: prueba.sv(23): (vlog-2730) Undefined variable: 'clk'.
** Error (suppressible): prueba.sv(25): (vlog-1957) The sva directive is not sensitive to a clock. Unclocked directives are not supported.
** Error: prueba.sv(28): (vlog-2730) Undefined variable: 'clk'.
** Error (suppressible): prueba.sv(30): (vlog-1957) The sva directive is not sensitive to a clock. Unclocked directives are not supported.
** Error: prueba.sv(33): (vlog-2730) Undefined variable: 'clk'.
** Error (suppressible): prueba.sv(35): (vlog-1957) The sva directive is not sensitive to a clock. Unclocked directives are not supported.
** Error: prueba.sv(38): (vlog-2730) Undefined variable: 'clk'.
** Error (suppressible): prueba.sv(40): (vlog-1957) The sva directive is not sensitive to a clock. Unclocked directives are not supported.
** Error: prueba.sv(43): (vlog-2730) Undefined variable: 'clk'.
** Error (suppressible): prueba.sv(45): (vlog-1957) The sva directive is not sensitive to a clock. Unclocked directives are not supported.
** Error: prueba.sv(48): (vlog-2730) Undefined variable: 'clk'.
** Error (suppressible): prueba.sv(50): (vlog-1957) The sva directive is not sensitive to a clock. Unclocked directives are not supported.
** Error: prueba.sv(53): (vlog-2730) Undefined variable: 'clk'.
** Error (suppressible): prueba.sv(55): (vlog-1957) The sva directive is not sensitive to a clock. Unclocked directives are not supported.
** Error: prueba.sv(58): (vlog-2730) Undefined variable: 'clk'.
** Error (suppressible): prueba.sv(60): (vlog-1957) The sva directive is not sensitive to a clock. Unclocked directives are not supported.
** Error: prueba.sv(63): (vlog-2730) Undefined variable: 'clk'.
** Error (suppressible): prueba.sv(65): (vlog-1957) The sva directive is not sensitive to a clock. Unclocked directives are not supported.
** Error: prueba.sv(68): (vlog-2730) Undefined variable: 'clk'.
** Error (suppressible): prueba.sv(70): (vlog-1957) The sva directive is not sensitive to a clock. Unclocked directives are not supported.
** Error: prueba.sv(13): (vlog-2730) Undefined variable: 'clk'.",19.53118896484375,2791,1150
"module sec_lc_gate_lvl (
    input  logic sec_req_i,
    input  logic [2:0] lc_state_i,
    input  logic [1:0] access_type_i,
    input  logic priv_i,
    input  logic alert_i,
    output logic allow_o,
    output logic violation_o
);

    always_comb begin
        allow_o     = 1'b0;
        violation_o = 1'b0;

        if (sec_req_i) begin
            unique case (lc_state_i)
                3'b000: unique case (access_type_i)
                            2'b00: unique case (priv_i)
                                        1'b1: unique case (alert_i)
                                                    1'b0: allow_o = 1'b1;
                                                    default: violation_o = 1'b1;
                                                endcase
                                        default: violation_o = 1'b1;
                                    endcase
                            2'b01: violation_o = 1'b1;
                            default: violation_o = 1'b1;
                        endcase
                3'b001: unique case (access_type_i)
                            2'b00, 2'b01: unique case (priv_i)
                                              1'b1: allow_o = 1'b1;
                                              default: violation_o = 1'b1;
                                          endcase
                            default: violation_o = 1'b1;
                        endcase
                3'b010: unique case (access_type_i)
                            2'b01: unique case (priv_i)
                                      1'b1: allow_o = 1'b1;
                                      default: violation_o = 1'b1;
                                  endcase
                            default: violation_o = 1'b1;
                        endcase
                default: violation_o = 1'b1;
            endcase
        end
    end
endmodule
","property p_allow_assign;
    @(posedge clk) sec_req_i |-> (lc_state_i == 3'b000 && access_type_i == 2'b00 && priv_i == 1'b1 && alert_i == 1'b0) |-> (allow_o == 1'b1);
endproperty
assert property (p_allow_assign);

property p_violation_default;
    @(posedge clk) sec_req_i |-> ((lc_state_i != 3'b000 && lc_state_i != 3'b001 && lc_state_i != 3'b010) || (access_type_i != 2'b00 && access_type_i != 2'b01) || priv_i != 1'b1 || alert_i == 1'b1) |-> (violation_o == 1'b1);
endproperty
assert property (p_violation_default);","** Error: prueba.sv(15): (vlog-2730) Undefined variable: 'clk'.
** Error (suppressible): prueba.sv(17): (vlog-1957) The sva directive is not sensitive to a clock. Unclocked directives are not supported.
** Error: prueba.sv(20): (vlog-2730) Undefined variable: 'clk'.
** Error (suppressible): prueba.sv(22): (vlog-1957) The sva directive is not sensitive to a clock. Unclocked directives are not supported.
** Error: prueba.sv(15): (vlog-2730) Undefined variable: 'clk'.",5.156507968902588,2822,247
"module multi_core_bus_ctrl_lvl (
    input  logic [3:0] req_i,
    input  logic [1:0] line_state_i [3:0],
    input  logic [2:0] msg_type_i [3:0],
    input  logic priv_i [3:0],
    output logic [3:0] grant_o,
    output logic [3:0] nack_o
);

    always_comb begin
        grant_o = 4'b0000;
        nack_o  = 4'b0000;

        for (int i=0; i<4; i++) begin
            if (req_i[i]) begin
                unique case (line_state_i[i])
                    2'b00: unique case (msg_type_i[i])
                                3'b000: unique case (priv_i[i])
                                            1'b1: grant_o[i] = 1'b1;
                                            default: nack_o[i] = 1'b1;
                                        endcase
                                3'b001: grant_o[i] = 1'b1;
                                default: nack_o[i] = 1'b1;
                            endcase
                    2'b01: unique case (msg_type_i[i])
                                3'b010: grant_o[i] = 1'b1;
                                default: nack_o[i] = 1'b1;
                            endcase
                    2'b10, 2'b11: nack_o[i] = 1'b1;
                    default: nack_o[i] = 1'b1;
                endcase
            end
        end
    end
endmodule
","property p_grant_assign;
    @(posedge clk) req_i != 4'b0000 |-> ##1 (line_state_i[0] == 2'b00 && msg_type_i[0] == 3'b000 && priv_i[0] == 1'b1) |-> grant_o[0] == 1'b1;
endproperty
assert property (p_grant_assign);

property p_nack_default;
    @(posedge clk) req_i != 4'b0000 |-> ##1 ((line_state_i[0] != 2'b00 || msg_type_i[0] != 3'b000 || priv_i[0] != 1'b1) && (line_state_i[0] != 2'b01 || msg_type_i[0] != 3'b010)) |-> nack_o[0] == 1'b1;
endproperty
assert property (p_nack_default);","** Error: prueba.sv(14): (vlog-2730) Undefined variable: 'clk'.
** Error (suppressible): prueba.sv(16): (vlog-1957) The sva directive is not sensitive to a clock. Unclocked directives are not supported.
** Error: prueba.sv(19): (vlog-2730) Undefined variable: 'clk'.
** Error (suppressible): prueba.sv(21): (vlog-1957) The sva directive is not sensitive to a clock. Unclocked directives are not supported.
** Error: prueba.sv(14): (vlog-2730) Undefined variable: 'clk'.",5.183962345123291,2754,258
"module piton_l2_evict_coh_priv (
    input  logic [3:0] req_i,
    input  logic [1:0] line_state_i [3:0],
    input  logic [1:0] lru_i [3:0],
    input  logic [2:0] msg_type_i [3:0],
    input  logic priv_i [3:0],
    output logic [3:0] grant_o,
    output logic [3:0] evict_o,
    output logic [3:0] nack_o
);

    always_comb begin
        grant_o = 4'b0000;
        evict_o = 4'b0000;
        nack_o  = 4'b0000;

        for (int i = 0; i < 4; i++) begin
            if (req_i[i]) begin
                unique case (line_state_i[i])
                    2'b00: unique case (msg_type_i[i])
                                3'b000: unique case (priv_i[i])
                                            1'b1: grant_o[i] = 1'b1;
                                            default: nack_o[i] = 1'b1;
                                        endcase
                                3'b001: evict_o[i] = 1'b1;
                                default: nack_o[i] = 1'b1;
                            endcase
                    2'b01: unique case (lru_i[i])
                                2'b00: grant_o[i] = 1'b1;
                                2'b01: evict_o[i] = 1'b1;
                                default: nack_o[i] = 1'b1;
                            endcase
                    2'b10, 2'b11: nack_o[i] = 1'b1;
                    default: nack_o[i] = 1'b1;
                endcase
            end
        end
    end
endmodule
","property p_grant_assignment;
    @(posedge clk) (req_i != 4'b0000 && line_state_i == 2'b00 && msg_type_i == 3'b000 && priv_i == 1'b1) |-> (grant_o[find_index(line_state_i, req_i)] == 1'b1);
endproperty
assert property (p_grant_assignment);

property p_evict_assignment;
    @(posedge clk) (req_i != 4'b0000 && line_state_i == 2'b01) |-> (evict_o[find_index(line_state_i, req_i)] == 1'b1);
endproperty
assert property (p_evict_assignment);

function int find_index(input logic [1:0] line_state_i, input logic req_i);
    for (int i = 0; i < 4; i++) begin
        if (req_i[i]) return i;
    end
endfunction","** Error: prueba.sv(16): (vlog-2730) Undefined variable: 'clk'.
** Error (suppressible): prueba.sv(16): (vlog-13215) Arg. 'line_state_i' of 'find_index':  Cannot assign an unpacked type 'reg[1:0] $[3:0]' to a packed type 'reg[1:0]'.
** Error (suppressible): prueba.sv(27): (vlog-13198) Illegal bit-select into scalar variable ""req_i"".
** Error (suppressible): prueba.sv(18): (vlog-1957) The sva directive is not sensitive to a clock. Unclocked directives are not supported.
** Error: prueba.sv(21): (vlog-2730) Undefined variable: 'clk'.
** Error (suppressible): prueba.sv(21): (vlog-13215) Arg. 'line_state_i' of 'find_index':  Cannot assign an unpacked type 'reg[1:0] $[3:0]' to a packed type 'reg[1:0]'.
** Error (suppressible): prueba.sv(23): (vlog-1957) The sva directive is not sensitive to a clock. Unclocked directives are not supported.
** Error: prueba.sv(16): (vlog-2730) Undefined variable: 'clk'.",5.2577080726623535,2793,265
"module tl_axi_obi_sec (
    input  logic tl_valid_i,
    input  logic [2:0] tl_opcode_i,
    input  logic axi_awvalid_i,
    input  logic axi_arvalid_i,
    input  logic [1:0] obi_resp_i,
    input  logic priv_i,
    output logic tl_a_valid_o,
    output logic [2:0] tl_a_opcode_o,
    output logic obi_req_o,
    output logic obi_we_o,
    output logic [1:0] axi_rresp_o
);

    always_comb begin
        tl_a_valid_o  = 1'b0;
        tl_a_opcode_o = 3'b000;
        obi_req_o     = 1'b0;
        obi_we_o      = 1'b0;
        axi_rresp_o   = 2'b00;

        if (tl_valid_i) begin
            unique case (tl_opcode_i)
                3'b000: begin
                    tl_a_valid_o  = 1'b1;
                    tl_a_opcode_o = 3'b000;
                    obi_req_o     = 1'b1;
                    obi_we_o      = 1'b0;
                end
                3'b001, 3'b010: begin
                    tl_a_valid_o  = 1'b1;
                    tl_a_opcode_o = tl_opcode_i;
                    obi_req_o     = 1'b1;
                    obi_we_o      = 1'b1;
                end
                default: axi_rresp_o = 2'b11;
            endcase
        end

        unique case (1'b1)
            axi_arvalid_i: begin
                tl_a_valid_o  = 1'b1;
                tl_a_opcode_o = 3'b000;
            end
            axi_awvalid_i: begin
                tl_a_valid_o  = 1'b1;
                tl_a_opcode_o = 3'b001;
            end
        endcase

        unique case (obi_resp_i)
            2'b00: axi_rresp_o = 2'b00;
            2'b10: axi_rresp_o = 2'b10;
            default: axi_rresp_o = 2'b11;
        endcase

        if (!priv_i) begin
            tl_a_valid_o = 1'b0;
            obi_req_o    = 1'b0;
            axi_rresp_o  = 2'b10;
        end
    end
endmodule
","property p_tl_a_valid_o_assign;
    @(posedge clk) (tl_valid_i && tl_opcode_i == 3'b000) |-> (tl_a_valid_o == 1'b1);
endproperty
assert property (p_tl_a_valid_o_assign);

property p_tl_a_opcode_o_assign;
    @(posedge clk) (tl_valid_i && tl_opcode_i == 3'b000) |-> (tl_a_opcode_o == 3'b000);
endproperty
assert property (p_tl_a_opcode_o_assign);

property p_obi_req_o_assign;
    @(posedge clk) (tl_valid_i && tl_opcode_i == 3'b000) |-> (obi_req_o == 1'b1);
endproperty
assert property (p_obi_req_o_assign);

property p_obi_we_o_assign;
    @(posedge clk) (tl_valid_i && tl_opcode_i == 3'b001 || tl_opcode_i == 3'b010) |-> (obi_we_o == 1'b1);
endproperty
assert property (p_obi_we_o_assign);

property p_axi_rresp_o_assign;
    @(posedge clk) (!tl_valid_i || (tl_opcode_i != 3'b000 && tl_opcode_i != 3'b001 && tl_opcode_i != 3'b010)) |-> (axi_rresp_o == 2'b11);
endproperty
assert property (p_axi_rresp_o_assign);

property p_tl_a_valid_o_from_axi;
    @(posedge clk) axi_arvalid_i |-> (tl_a_valid_o == 1'b1 && tl_a_opcode_o == 3'b000);
endproperty
assert property (p_tl_a_valid_o_from_axi);

property p_tl_a_valid_o_from_axi_aw;
    @(posedge clk) axi_awvalid_i |-> (tl_a_valid_o == 1'b1 && tl_a_opcode_o == 3'b001);
endproperty
assert property (p_tl_a_valid_o_from_axi_aw);

property p_obi_req_o_from_resp;
    @(posedge clk) obi_resp_i != 2'b00 |-> (obi_req_o == 1'b0);
endproperty
assert property (p_obi_req_o_from_resp);

property p_tl_a_valid_o_reset;
    @(posedge clk) !priv_i |-> (tl_a_valid_o == 1'b0 && obi_req_o == 1'b0 && axi_rresp_o == 2'b10);
endproperty
assert property (p_tl_a_valid_o_reset);","** Error: prueba.sv(19): (vlog-2730) Undefined variable: 'clk'.
** Error (suppressible): prueba.sv(21): (vlog-1957) The sva directive is not sensitive to a clock. Unclocked directives are not supported.
** Error: prueba.sv(24): (vlog-2730) Undefined variable: 'clk'.
** Error (suppressible): prueba.sv(26): (vlog-1957) The sva directive is not sensitive to a clock. Unclocked directives are not supported.
** Error: prueba.sv(29): (vlog-2730) Undefined variable: 'clk'.
** Error (suppressible): prueba.sv(31): (vlog-1957) The sva directive is not sensitive to a clock. Unclocked directives are not supported.
** Error: prueba.sv(34): (vlog-2730) Undefined variable: 'clk'.
** Error (suppressible): prueba.sv(36): (vlog-1957) The sva directive is not sensitive to a clock. Unclocked directives are not supported.
** Error: prueba.sv(39): (vlog-2730) Undefined variable: 'clk'.
** Error (suppressible): prueba.sv(41): (vlog-1957) The sva directive is not sensitive to a clock. Unclocked directives are not supported.
** Error: prueba.sv(44): (vlog-2730) Undefined variable: 'clk'.
** Error (suppressible): prueba.sv(46): (vlog-1957) The sva directive is not sensitive to a clock. Unclocked directives are not supported.
** Error: prueba.sv(49): (vlog-2730) Undefined variable: 'clk'.
** Error (suppressible): prueba.sv(51): (vlog-1957) The sva directive is not sensitive to a clock. Unclocked directives are not supported.
** Error: prueba.sv(54): (vlog-2730) Undefined variable: 'clk'.
** Error (suppressible): prueba.sv(56): (vlog-1957) The sva directive is not sensitive to a clock. Unclocked directives are not supported.
** Error: prueba.sv(59): (vlog-2730) Undefined variable: 'clk'.
** Error (suppressible): prueba.sv(61): (vlog-1957) The sva directive is not sensitive to a clock. Unclocked directives are not supported.
** Error: prueba.sv(19): (vlog-2730) Undefined variable: 'clk'.",13.931592226028442,2984,762
"module chisel_event_fsm_alert (
    input  logic [7:0] evt_i,
    input  logic [3:0] state_i,
    input  logic alert_i,
    output logic fire_o,
    output logic stall_o,
    output logic error_o
);

    always_comb begin
        fire_o  = 1'b0;
        stall_o = 1'b0;
        error_o = 1'b0;

        unique case (state_i)
            4'd0: unique case (evt_i[1:0])
                      2'b00: fire_o = alert_i ? 1'b0 : 1'b1;
                      2'b01: stall_o = 1'b1;
                      default: error_o = 1'b1;
                  endcase
            4'd1: unique case (evt_i[3:2])
                      2'b00: fire_o = alert_i ? 1'b0 : 1'b1;
                      2'b01: stall_o = 1'b1;
                      default: error_o = 1'b1;
                  endcase
            4'd2: unique case (evt_i[5:4])
                      2'b00: fire_o = alert_i ? 1'b0 : 1'b1;
                      2'b01: stall_o = 1'b1;
                      default: error_o = 1'b1;
                  endcase
            4'd3: unique case (evt_i[7:6])
                      2'b00: fire_o = alert_i ? 1'b0 : 1'b1;
                      2'b01: stall_o = 1'b1;
                      default: error_o = 1'b1;
                  endcase
            default: error_o = 1'b1;
        endcase
    end
endmodule
","property p_fire_o_assign;
    @(posedge clk) (state_i == 4'd0 && evt_i[1:0] == 2'b00 && !alert_i) |-> (fire_o == 1'b1);
endproperty
assert property (p_fire_o_assign);

property p_stall_o_assign;
    @(posedge clk) (state_i == 4'd1 && evt_i[3:2] == 2'b01) |-> (stall_o == 1'b1);
endproperty
assert property (p_stall_o_assign);

property p_error_o_default;
    @(posedge clk) ((state_i != 4'd0 && state_i != 4'd1 && state_i != 4'd2 && state_i != 4'd3) || (state_i == 4'd0 && evt_i[1:0] != 2'b00 && evt_i[1:0] != 2'b01) || (state_i == 4'd1 && evt_i[3:2] != 2'b00 && evt_i[3:2] != 2'b01) || (state_i == 4'd2 && evt_i[5:4] != 2'b00 && evt_i[5:4] != 2'b01) || (state_i == 4'd3 && evt_i[7:6] != 2'b00 && evt_i[7:6] != 2'b01)) |-> (error_o == 1'b1);
endproperty
assert property (p_error_o_default);","** Error: prueba.sv(14): (vlog-2730) Undefined variable: 'clk'.
** Error (suppressible): prueba.sv(16): (vlog-1957) The sva directive is not sensitive to a clock. Unclocked directives are not supported.
** Error: prueba.sv(19): (vlog-2730) Undefined variable: 'clk'.
** Error (suppressible): prueba.sv(21): (vlog-1957) The sva directive is not sensitive to a clock. Unclocked directives are not supported.
** Error: prueba.sv(24): (vlog-2730) Undefined variable: 'clk'.
** Error (suppressible): prueba.sv(26): (vlog-1957) The sva directive is not sensitive to a clock. Unclocked directives are not supported.
** Error: prueba.sv(14): (vlog-2730) Undefined variable: 'clk'.",7.873795747756958,2831,420
"module sec_lc_gate_alert (
    input  logic sec_req_i,
    input  logic [2:0] lc_state_i,
    input  logic [1:0] access_type_i,
    input  logic priv_i,
    input  logic alert_i,
    output logic allow_o,
    output logic violation_o
);

    always_comb begin
        allow_o     = 1'b0;
        violation_o = 1'b0;

        if (sec_req_i) begin
            unique case (lc_state_i)
                3'b000: unique case (access_type_i)
                            2'b00: unique case (priv_i)
                                        1'b1: allow_o = alert_i ? 1'b0 : 1'b1;
                                        default: violation_o = 1'b1;
                                    endcase
                            2'b01: violation_o = 1'b1;
                            default: violation_o = 1'b1;
                        endcase
                3'b001: unique case (access_type_i)
                            2'b00, 2'b01: unique case (priv_i)
                                              1'b1: allow_o = alert_i ? 1'b0 : 1'b1;
                                              default: violation_o = 1'b1;
                                          endcase
                            default: violation_o = 1'b1;
                        endcase
                3'b010: unique case (access_type_i)
                            2'b01: unique case (priv_i)
                                      1'b1: allow_o = alert_i ? 1'b0 : 1'b1;
                                      default: violation_o = 1'b1;
                                  endcase
                            default: violation_o = 1'b1;
                        endcase
                default: violation_o = 1'b1;
            endcase
        end
    end
endmodule
","property p_allow_o_assign;
    @(posedge clk) sec_req_i && (lc_state_i == 3'b000 && access_type_i == 2'b00 && priv_i == 1'b1 && !alert_i |-> allow_o == 1'b1);
endproperty
assert property (p_allow_o_assign) else $error(""Assertion p_allow_o_assign failed: allow_o assignment is incorrect"");

property p_violation_o_assign;
    @(posedge clk) sec_req_i && (lc_state_i == 3'b000 && access_type_i == 2'b00 && priv_i != 1'b1 |-> violation_o == 1'b1);
endproperty
assert property (p_violation_o_assign) else $error(""Assertion p_violation_o_assign failed: violation_o assignment is incorrect"");

property p_allow_o_2_assign;
    @(posedge clk) sec_req_i && (lc_state_i == 3'b001 && (access_type_i == 2'b00 || access_type_i == 2'b01) && priv_i == 1'b1 |-> allow_o == alert_i ? 1'b0 : 1'b1);
endproperty
assert property (p_allow_o_2_assign) else $error(""Assertion p_allow_o_2_assign failed: allow_o assignment is incorrect"");

property p_violation_o_2_assign;
    @(posedge clk) sec_req_i && (lc_state_i == 3'b001 && !(access_type_i == 2'b00 || access_type_i == 2'b01) |-> violation_o == 1'b1);
endproperty
assert property (p_violation_o_2_assign) else $error(""Assertion p_violation_o_2_assign failed: violation_o assignment is incorrect"");

property p_allow_o_3_assign;
    @(posedge clk) sec_req_i && (lc_state_i == 3'b010 && access_type_i == 2'b01 && priv_i == 1'b1 |-> allow_o == alert_i ? 1'b0 : 1'b1);
endproperty
assert property (p_allow_o_3_assign) else $error(""Assertion p_allow_o_3_assign failed: allow_o assignment is incorrect"");

property p_violation_o_3_assign;
    @(posedge clk) sec_req_i && (lc_state_i == 3'b010 && !(access_type_i == 2'b01) |-> violation_o == 1'b1);
endproperty
assert property (p_violation_o_3_assign) else $error(""Assertion p_violation_o_3_assign failed: violation_o assignment is incorrect"");

property p_violation_o_default_assign;
    @(posedge clk) sec_req_i && !(lc_state_i == 3'b000 || lc_state_i == 3'b001 || lc_state_i == 3'b010) |-> violation_o == 1'b1;
endproperty
assert property (p_violation_o_default_assign) else $error(""Assertion p_violation_o_default_assign failed: default violation_o assignment is incorrect"");","** Error: (vlog-13069) prueba.sv(15): near ""|->"": syntax error, unexpected |-> .
** Error: (vlog-13069) prueba.sv(20): near ""|->"": syntax error, unexpected |-> .
** Error: (vlog-13069) prueba.sv(25): near ""|->"": syntax error, unexpected |-> .
** Error: (vlog-13069) prueba.sv(30): near ""|->"": syntax error, unexpected |-> .
** Error: (vlog-13069) prueba.sv(35): near ""|->"": syntax error, unexpected |-> .
** Error: (vlog-13069) prueba.sv(40): near ""|->"": syntax error, unexpected |-> .",14.76060175895691,2820,855
"module multi_core_bus_arb_alert (
    input  logic [3:0] req_i,
    input  logic [1:0] line_state_i [3:0],
    input  logic [2:0] msg_type_i [3:0],
    input  logic priv_i [3:0],
    input  logic alert_i,
    output logic [3:0] grant_o,
    output logic [3:0] nack_o
);

    always_comb begin
        grant_o = 4'b0000;
        nack_o  = 4'b0000;

        for (int i=0; i<4; i++) begin
            if (req_i[i]) begin
                unique case (line_state_i[i])
                    2'b00: unique case (msg_type_i[i])
                                3'b000: unique case (priv_i[i])
                                            1'b1: grant_o[i] = alert_i ? 1'b0 : 1'b1;
                                            default: nack_o[i] = 1'b1;
                                        endcase
                                3'b001: grant_o[i] = alert_i ? 1'b0 : 1'b1;
                                default: nack_o[i] = 1'b1;
                            endcase
                    2'b01: unique case (msg_type_i[i])
                                3'b010: grant_o[i] = alert_i ? 1'b0 : 1'b1;
                                default: nack_o[i] = 1'b1;
                            endcase
                    2'b10, 2'b11: nack_o[i] = 1'b1;
                    default: nack_o[i] = 1'b1;
                endcase
            end
        end
    end
endmodule
","property p_grant_assignment;
    @(posedge clk) disable iff (!rst_n)
    (req_i != 4'b0000 && line_state_i == 2'b00 && msg_type_i == 3'b000 && priv_i == 1'b1 && alert_i) |-> ##[1:2] !grant_o[req_index];
endproperty
assert property (p_grant_assignment);

property p_nack_default;
    @(posedge clk) disable iff (!rst_n)
    (req_i != 4'b0000 && line_state_i == 2'b00 && msg_type_i != 3'b000 && !(line_state_i == 2'b01 && msg_type_i == 3'b010) && !(line_state_i == 2'b10 || line_state_i == 2'b11)) |-> ##[1:2] nack_o[req_index];
endproperty
assert property (p_nack_default);","** Error: prueba.sv(16): (vlog-2730) Undefined variable: 'req_index'.
** Error: prueba.sv(15): (vlog-2730) Undefined variable: 'rst_n'.
** Error: prueba.sv(15): (vlog-2730) Undefined variable: 'clk'.",5.341881990432739,2784,270
"module piton_l2_repl_priv (
    input  logic [3:0] req_i,
    input  logic [1:0] line_state_i [3:0],
    input  logic [1:0] lru_i [3:0],
    input  logic priv_i [3:0],
    output logic [3:0] grant_o,
    output logic [3:0] evict_o,
    output logic [3:0] stall_o
);

    always_comb begin
        grant_o = 4'b0000;
        evict_o = 4'b0000;
        stall_o = 4'b0000;

        for (int i = 0; i < 4; i++) begin
            if (req_i[i]) begin
                unique case (line_state_i[i])
                    2'b00: grant_o[i] = priv_i[i];
                    2'b01: unique case (lru_i[i])
                                2'b00: grant_o[i] = 1'b1;
                                2'b01: evict_o[i] = 1'b1;
                                default: stall_o[i] = 1'b1;
                            endcase
                    2'b10: evict_o[i] = 1'b1;
                    2'b11: stall_o[i] = 1'b1;
                    default: stall_o[i] = 1'b1;
                endcase
            end
        end
    end
endmodule
","property p_grant_assign;
    @(posedge clk) (req_i == 4'b0000) |-> ##[1:4] (grant_o == 4'b0000);
endproperty
assert property (p_grant_assign);

property p_evict_assign;
    @(posedge clk) (req_i == 4'b0000) |-> ##[1:4] (evict_o == 4'b0000);
endproperty
assert property (p_evict_assign);

property p_stall_assign;
    @(posedge clk) (req_i == 4'b0000) |-> ##[1:4] (stall_o == 4'b0000);
endproperty
assert property (p_stall_assign);

property p_grant_state_00;
    @(posedge clk) req_i != 4'b0000 |-> ##1 line_state_i[0] == 2'b00 |-> ##1 grant_o[0] == priv_i[0];
endproperty
assert property (p_grant_state_00);

property p_grant_state_01;
    @(posedge clk) req_i != 4'b0000 |-> ##1 line_state_i[0] == 2'b01 && lru_i[0] == 2'b00 |-> ##1 grant_o[0] == 1'b1;
endproperty
assert property (p_grant_state_01);

property p_evict_state_01;
    @(posedge clk) req_i != 4'b0000 |-> ##1 line_state_i[0] == 2'b01 && lru_i[0] == 2'b01 |-> ##1 evict_o[0] == 1'b1;
endproperty
assert property (p_evict_state_01);

property p_stall_default;
    @(posedge clk) req_i != 4'b0000 |=> ##1 line_state_i[0] inside {[2'b10:2'b11]} |-> ##1 stall_o[0] == 1'b1;
endproperty
assert property (p_stall_default);","** Error: prueba.sv(15): (vlog-2730) Undefined variable: 'clk'.
** Error (suppressible): prueba.sv(17): (vlog-1957) The sva directive is not sensitive to a clock. Unclocked directives are not supported.
** Error: prueba.sv(20): (vlog-2730) Undefined variable: 'clk'.
** Error (suppressible): prueba.sv(22): (vlog-1957) The sva directive is not sensitive to a clock. Unclocked directives are not supported.
** Error: prueba.sv(25): (vlog-2730) Undefined variable: 'clk'.
** Error (suppressible): prueba.sv(27): (vlog-1957) The sva directive is not sensitive to a clock. Unclocked directives are not supported.
** Error: prueba.sv(30): (vlog-2730) Undefined variable: 'clk'.
** Error (suppressible): prueba.sv(32): (vlog-1957) The sva directive is not sensitive to a clock. Unclocked directives are not supported.
** Error: prueba.sv(35): (vlog-2730) Undefined variable: 'clk'.
** Error (suppressible): prueba.sv(37): (vlog-1957) The sva directive is not sensitive to a clock. Unclocked directives are not supported.
** Error: prueba.sv(40): (vlog-2730) Undefined variable: 'clk'.
** Error (suppressible): prueba.sv(42): (vlog-1957) The sva directive is not sensitive to a clock. Unclocked directives are not supported.
** Error: prueba.sv(45): (vlog-2730) Undefined variable: 'clk'.
** Error (suppressible): prueba.sv(47): (vlog-1957) The sva directive is not sensitive to a clock. Unclocked directives are not supported.
** Error: prueba.sv(15): (vlog-2730) Undefined variable: 'clk'.",9.660568475723267,2700,570
"module axi_tl_bridge_fsm (
    input  logic axi_awvalid_i,
    input  logic axi_arvalid_i,
    input  logic tl_ready_i,
    input  logic [2:0] tl_opcode_i,
    output logic tl_valid_o,
    output logic [2:0] tl_a_opcode_o,
    output logic error_o
);

    always_comb begin
        tl_valid_o = 1'b0;
        tl_a_opcode_o = 3'b000;
        error_o = 1'b0;

        if (axi_awvalid_i) begin
            tl_valid_o = tl_ready_i;
            tl_a_opcode_o = 3'b001;
        end else if (axi_arvalid_i) begin
            tl_valid_o = tl_ready_i;
            tl_a_opcode_o = 3'b000;
        end else begin
            error_o = 1'b1;
        end
    end
endmodule
","property p_tl_valid_assign;
    @(posedge clk) (axi_awvalid_i || axi_arvalid_i) |-> (tl_valid_o == tl_ready_i);
endproperty
assert property (p_tl_valid_assign) else $error(""Assertion failed: tl_valid_o does not match tl_ready_i based on axi_awvalid_i or axi_arvalid_i"");

property p_tl_a_opcode_assign;
    @(posedge clk) (axi_awvalid_i && !axi_arvalid_i) |-> (tl_a_opcode_o == 3'b001);
endproperty
assert property (p_tl_a_opcode_assign) else $error(""Assertion failed: tl_a_opcode_o is not set to 3'b001 when axi_awvalid_i is asserted and axi_arvalid_i is not asserted"");

property p_tl_a_opcode_default;
    @(posedge clk) !(axi_awvalid_i || axi_arvalid_i) |-> (tl_a_opcode_o == 3'b000);
endproperty
assert property (p_tl_a_opcode_default) else $error(""Assertion failed: tl_a_opcode_o is not set to default value 3'b000 when neither axi_awvalid_i nor axi_arvalid_i are asserted"");

property p_error_assign;
    @(posedge clk) !axi_awvalid_i && !axi_arvalid_i |-> (error_o == 1'b1);
endproperty
assert property (p_error_assign) else $error(""Assertion failed: error_o is not asserted when neither axi_awvalid_i nor axi_arvalid_i are asserted"");","** Error: prueba.sv(15): (vlog-2730) Undefined variable: 'clk'.
** Error (suppressible): prueba.sv(17): (vlog-1957) The sva directive is not sensitive to a clock. Unclocked directives are not supported.
** Error: prueba.sv(20): (vlog-2730) Undefined variable: 'clk'.
** Error (suppressible): prueba.sv(22): (vlog-1957) The sva directive is not sensitive to a clock. Unclocked directives are not supported.
** Error: prueba.sv(25): (vlog-2730) Undefined variable: 'clk'.
** Error (suppressible): prueba.sv(27): (vlog-1957) The sva directive is not sensitive to a clock. Unclocked directives are not supported.
** Error: prueba.sv(30): (vlog-2730) Undefined variable: 'clk'.
** Error (suppressible): prueba.sv(32): (vlog-1957) The sva directive is not sensitive to a clock. Unclocked directives are not supported.
** Error: prueba.sv(15): (vlog-2730) Undefined variable: 'clk'.",8.457709550857544,2593,511
"module multi_core_cache_arb_lvl (
    input  logic [3:0] req_i,
    input  logic [1:0] line_state_i [3:0],
    input  logic [2:0] msg_type_i [3:0],
    input  logic priv_i [3:0],
    output logic [3:0] grant_o,
    output logic [3:0] nack_o
);

    always_comb begin
        grant_o = 4'b0000;
        nack_o  = 4'b0000;

        for (int i=0; i<4; i++) begin
            if (req_i[i]) begin
                unique case (line_state_i[i])
                    2'b00: unique case (msg_type_i[i])
                                3'b000: unique case (priv_i[i])
                                            1'b1: grant_o[i] = 1'b1;
                                            default: nack_o[i] = 1'b1;
                                        endcase
                                default: nack_o[i] = 1'b1;
                            endcase
                    2'b01: nack_o[i] = 1'b0;
                    2'b10,2'b11: nack_o[i] = 1'b1;
                    default: nack_o[i] = 1'b1;
                endcase
            end
        end
    end
endmodule
","property p_grant_assign;
    @(posedge clk) (line_state_i == 2'b00 && msg_type_i == 3'b000 && priv_i == 1'b1) |-> (grant_o[i] == 1'b1);
endproperty
assert property (p_grant_assign);

property p_nack_default;
    @(posedge clk) ((line_state_i != 2'b00 || msg_type_i != 3'b000 || priv_i != 1'b1) && req_i[i]) |-> (nack_o[i] == 1'b1);
endproperty
assert property (p_nack_default);

property p_nack_clear;
    @(posedge clk) (line_state_i == 2'b01 && req_i[i]) |-> (nack_o[i] == 1'b0);
endproperty
assert property (p_nack_clear);

property p_nack_set;
    @(posedge clk) ((line_state_i == 2'b10 || line_state_i == 2'b11) && req_i[i]) |-> (nack_o[i] == 1'b1);
endproperty
assert property (p_nack_set);","** Error: prueba.sv(14): (vlog-2730) Undefined variable: 'i'.
** Error: prueba.sv(14): (vlog-2730) Undefined variable: 'clk'.
** Error (suppressible): prueba.sv(16): (vlog-1957) The sva directive is not sensitive to a clock. Unclocked directives are not supported.
** Error: prueba.sv(19): (vlog-2730) Undefined variable: 'i'.
** Error: prueba.sv(19): (vlog-2730) Undefined variable: 'clk'.
** Error (suppressible): prueba.sv(21): (vlog-1957) The sva directive is not sensitive to a clock. Unclocked directives are not supported.
** Error: prueba.sv(24): (vlog-2730) Undefined variable: 'i'.
** Error: prueba.sv(24): (vlog-2730) Undefined variable: 'clk'.
** Error (suppressible): prueba.sv(26): (vlog-1957) The sva directive is not sensitive to a clock. Unclocked directives are not supported.
** Error: prueba.sv(29): (vlog-2730) Undefined variable: 'i'.
** Error: prueba.sv(29): (vlog-2730) Undefined variable: 'clk'.
** Error (suppressible): prueba.sv(31): (vlog-1957) The sva directive is not sensitive to a clock. Unclocked directives are not supported.
** Error: prueba.sv(14): (vlog-2730) Undefined variable: 'i'.
** Error: prueba.sv(14): (vlog-2730) Undefined variable: 'clk'.",6.020642995834351,2690,332
"module chisel_prio_mux_masked (
    input  logic [3:0] sel_i,
    input  logic [7:0] in0_i, in1_i, in2_i, in3_i,
    input  logic mask_i,
    output logic [7:0] out_o
);

    always_comb begin
        out_o = 8'h00;

        case (1'b1)
            sel_i[0]: out_o = mask_i ? 8'h00 : in0_i;
            sel_i[1]: out_o = mask_i ? 8'h00 : in1_i;
            sel_i[2]: out_o = mask_i ? 8'h00 : in2_i;
            sel_i[3]: out_o = mask_i ? 8'h00 : in3_i;
            default: out_o = 8'h00;
        endcase
    end
endmodule
","property p_out_assign;
    @(posedge clk) (sel_i == 1'b0 && mask_i) |-> (out_o == 8'h00);
endproperty
assert property (p_out_assign);

property p_out_assign2;
    @(posedge clk) (sel_i == 1'b1 && mask_i) |-> (out_o == 8'h00);
endproperty
assert property (p_out_assign2);

property p_out_assign3;
    @(posedge clk) (sel_i == 1'b10 && mask_i) |-> (out_o == 8'h00);
endproperty
assert property (p_out_assign3);

property p_out_assign4;
    @(posedge clk) (sel_i == 1'b11 && mask_i) |-> (out_o == 8'h00);
endproperty
assert property (p_out_assign4);

property p_default_assign;
    @(posedge clk) (!(sel_i[0] || sel_i[1] || sel_i[2] || sel_i[3]) && mask_i) |-> (out_o == 8'h00);
endproperty
assert property (p_default_assign);","** Error: prueba.sv(12): (vlog-2730) Undefined variable: 'clk'.
** Error (suppressible): prueba.sv(14): (vlog-1957) The sva directive is not sensitive to a clock. Unclocked directives are not supported.
** Error: prueba.sv(17): (vlog-2730) Undefined variable: 'clk'.
** Error (suppressible): prueba.sv(19): (vlog-1957) The sva directive is not sensitive to a clock. Unclocked directives are not supported.
** Error: prueba.sv(22): (vlog-2730) Undefined variable: 'clk'.
** Error (suppressible): prueba.sv(24): (vlog-1957) The sva directive is not sensitive to a clock. Unclocked directives are not supported.
** Error: prueba.sv(27): (vlog-2730) Undefined variable: 'clk'.
** Error (suppressible): prueba.sv(29): (vlog-1957) The sva directive is not sensitive to a clock. Unclocked directives are not supported.
** Error: prueba.sv(32): (vlog-2730) Undefined variable: 'clk'.
** Error (suppressible): prueba.sv(34): (vlog-1957) The sva directive is not sensitive to a clock. Unclocked directives are not supported.
** Error: prueba.sv(12): (vlog-2730) Undefined variable: 'clk'.",5.511772394180298,2592,322
"module sec_lc_gate_priv_mask (
    input  logic sec_req_i,
    input  logic [2:0] lc_state_i,
    input  logic [1:0] access_type_i,
    input  logic priv_i,
    input  logic mask_i,
    output logic allow_o,
    output logic violation_o
);

    always_comb begin
        allow_o = 1'b0;
        violation_o = 1'b0;

        if (sec_req_i) begin
            unique case (lc_state_i)
                3'b000: allow_o = (access_type_i==2'b00 && priv_i && !mask_i);
                3'b001: allow_o = ((access_type_i==2'b00 || access_type_i==2'b01) && priv_i && !mask_i);
                3'b010: allow_o = (access_type_i==2'b01 && priv_i && !mask_i);
                default: violation_o = 1'b1;
            endcase
        end
    end
endmodule
","property p_allow_o_assign_000;
    @(posedge clk) (sec_req_i && lc_state_i == 3'b000) |-> (allow_o == ((access_type_i==2'b00 && priv_i && !mask_i)));
endproperty
assert property (p_allow_o_assign_000);

property p_allow_o_assign_001;
    @(posedge clk) (sec_req_i && lc_state_i == 3'b001) |-> (allow_o == ((access_type_i==2'b00 || access_type_i==2'b01) && priv_i && !mask_i));
endproperty
assert property (p_allow_o_assign_001);

property p_allow_o_assign_010;
    @(posedge clk) (sec_req_i && lc_state_i == 3'b010) |-> (allow_o == (access_type_i==2'b01 && priv_i && !mask_i));
endproperty
assert property (p_allow_o_assign_010);

property p_violation_o_assign;
    @(posedge clk) (sec_req_i && (lc_state_i != 3'b000 && lc_state_i != 3'b001 && lc_state_i != 3'b010)) |-> (violation_o == 1'b1);
endproperty
assert property (p_violation_o_assign);","** Error: prueba.sv(15): (vlog-2730) Undefined variable: 'clk'.
** Error (suppressible): prueba.sv(17): (vlog-1957) The sva directive is not sensitive to a clock. Unclocked directives are not supported.
** Error: prueba.sv(20): (vlog-2730) Undefined variable: 'clk'.
** Error (suppressible): prueba.sv(22): (vlog-1957) The sva directive is not sensitive to a clock. Unclocked directives are not supported.
** Error: prueba.sv(25): (vlog-2730) Undefined variable: 'clk'.
** Error (suppressible): prueba.sv(27): (vlog-1957) The sva directive is not sensitive to a clock. Unclocked directives are not supported.
** Error: prueba.sv(30): (vlog-2730) Undefined variable: 'clk'.
** Error (suppressible): prueba.sv(32): (vlog-1957) The sva directive is not sensitive to a clock. Unclocked directives are not supported.
** Error: prueba.sv(15): (vlog-2730) Undefined variable: 'clk'.",8.568182706832886,2624,511
